account_id,customer_id,account_type,opening_date,status,credit_limit_eur,interest_rate_pct,opening_balance_eur
A000001,C00001,Current Account,2026-02-15,Active,0,0.0,4786.56
A000002,C00002,Current Account,2025-05-26,Active,0,0.0,1662.38
A000003,C00002,Credit Card,2025-04-29,Closed,5100,19.99,-1106.79
A000004,C00003,Current Account,2022-03-12,Active,0,0.0,1342.77
A000005,C00003,Savings Account,2025-01-11,Active,0,1.2,15205.65
A000006,C00003,Credit Card,2022-03-30,Active,5000,19.92,-975.34
A000007,C00004,Savings Account,2020-08-16,Active,0,0.83,14480.35
A000008,C00004,Credit Card,2022-07-23,Active,4600,15.82,-633.61
A000009,C00005,Current Account,2026-01-23,Closed,0,0.0,3511.73
A000010,C00005,Savings Account,2026-07-25,Active,0,1.13,27404.94
A000011,C00006,Current Account,2026-01-01,Active,0,0.0,2543.73
A000012,C00006,Savings Account,2023-07-25,Dormant,0,1.06,8857.86
A000013,C00007,Current Account,2024-08-12,Active,0,0.0,2896.0
A000014,C00008,Current Account,2025-10-01,Active,0,0.0,3522.1
A000015,C00008,Savings Account,2023-07-07,Active,0,1.66,6988.77
A000016,C00009,Current Account,2023-11-02,Active,0,0.0,3968.26
A000017,C00010,Current Account,2026-07-21,Active,0,0.0,2824.91
A000018,C00010,Savings Account,2026-07-27,Active,0,1.51,17954.57
A000019,C00011,Current Account,2025-11-14,Active,0,0.0,4016.3
A000020,C00012,Current Account,2025-08-03,Active,0,0.0,2031.82
A000021,C00013,Current Account,2025-06-11,Active,0,0.0,847.77
A000022,C00013,Savings Account,2024-10-12,Active,0,1.99,16129.92
A000023,C00014,Current Account,2024-11-28,Active,0,0.0,-500
A000024,C00015,Current Account,2022-11-07,Active,0,0.0,1464.31
A000025,C00016,Current Account,2025-02-05,Active,0,0.0,4362.81
A000026,C00017,Current Account,2024-03-06,Closed,0,0.0,4268.29
A000027,C00017,Savings Account,2025-02-27,Active,0,1.64,0
A000028,C00017,Credit Card,2025-03-11,Active,5400,17.02,-560.98
A000029,C00018,Savings Account,2026-05-25,Active,0,0.93,0
A000030,C00018,Current Account,2024-09-09,Active,0,0.0,2578.6
A000031,C00018,Credit Card,2023-08-09,Active,15000,20.68,-2394.6
A000032,C00019,Current Account,2024-07-08,Active,0,0.0,2132.59
A000033,C00020,Current Account,2022-09-13,Active,0,0.0,461.33
A000034,C00020,Savings Account,2024-10-04,Active,0,2.04,21585.87
A000035,C00021,Savings Account,2025-04-29,Active,0,0.8,9679.91
A000036,C00021,Current Account,2025-01-14,Active,0,0.0,1281.18
A000037,C00021,Credit Card,2025-11-04,Active,7100,21.19,-2894.9
A000038,C00022,Current Account,2025-08-01,Active,0,0.0,2968.92
A000039,C00022,Savings Account,2023-02-23,Active,0,1.66,10669.26
A000040,C00023,Current Account,2022-11-23,Active,0,0.0,4214.41
A000041,C00023,Credit Card,2020-09-03,Active,4000,18.77,-854.54
A000042,C00024,Current Account,2026-05-22,Active,0,0.0,2117.93
A000043,C00025,Current Account,2026-04-24,Dormant,0,0.0,2949.61
A000044,C00026,Savings Account,2023-11-12,Active,0,1.79,13264.85
A000045,C00026,Current Account,2022-01-06,Active,0,0.0,8397.17
A000046,C00026,Credit Card,2023-06-12,Active,15000,16.76,-4635.02
A000047,C00027,Current Account,2024-08-31,Active,0,0.0,8874.22
A000048,C00028,Current Account,2025-04-04,Active,0,0.0,4959.97
A000049,C00029,Current Account,2026-07-19,Active,0,0.0,4302.93
A000050,C00030,Current Account,2026-06-09,Closed,0,0.0,1112.19
A000051,C00031,Current Account,2025-09-24,Active,0,0.0,1605.52
A000052,C00032,Current Account,2024-05-15,Active,0,0.0,-172.68
A000053,C00032,Savings Account,2024-05-12,Active,0,1.7,12937.5
A000054,C00032,Credit Card,2025-09-14,Active,8800,21.0,-2110.94
A000055,C00033,Current Account,2022-06-12,Active,0,0.0,4423.21
A000056,C00033,Savings Account,2024-04-24,Active,0,1.99,12532.08
A000057,C00034,Savings Account,2022-01-16,Dormant,0,2.04,18229.06
A000058,C00034,Current Account,2024-10-04,Active,0,0.0,1080.3
A000059,C00035,Current Account,2026-03-27,Active,0,0.0,2563.27
A000060,C00035,Savings Account,2021-09-01,Active,0,1.95,0
A000061,C00036,Savings Account,2022-09-07,Active,0,1.11,0
A000062,C00037,Savings Account,2022-06-30,Active,0,0.91,11364.57
A000063,C00037,Current Account,2023-07-04,Active,0,0.0,4593.27
A000064,C00038,Savings Account,2024-10-19,Active,0,1.04,17404.94
A000065,C00038,Current Account,2024-10-02,Active,0,0.0,1701.5
A000066,C00039,Savings Account,2023-07-03,Active,0,1.22,21514.1
A000067,C00039,Current Account,2023-05-03,Active,0,0.0,4862.15
A000068,C00040,Current Account,2020-05-16,Dormant,0,0.0,2425.56
A000069,C00041,Current Account,2026-03-20,Active,0,0.0,5897.61
A000070,C00042,Savings Account,2026-05-03,Active,0,2.09,11824.67
A000071,C00043,Current Account,2020-11-05,Active,0,0.0,5548.77
A000072,C00044,Current Account,2026-07-23,Active,0,0.0,1216.99
A000073,C00044,Savings Account,2026-02-21,Active,0,1.04,7048.03
A000074,C00044,Credit Card,2026-06-16,Active,3100,16.57,-190.54
A000075,C00045,Current Account,2026-04-07,Active,0,0.0,771.1
A000076,C00045,Savings Account,2026-08-01,Active,0,1.21,18148.6
A000077,C00046,Savings Account,2026-07-17,Active,0,2.03,6632.98
A000078,C00046,Current Account,2023-10-05,Active,0,0.0,971.16
A000079,C00046,Credit Card,2022-01-22,Active,2400,21.12,-870.58
A000080,C00047,Savings Account,2025-06-17,Dormant,0,1.35,16114.55
A000081,C00048,Current Account,2025-07-14,Active,0,0.0,3030.65
A000082,C00048,Savings Account,2022-09-16,Closed,0,0.82,4097.57
A000083,C00049,Current Account,2025-08-10,Active,0,0.0,5364.95
A000084,C00049,Savings Account,2024-07-08,Active,0,1.5,0
A000085,C00049,Credit Card,2022-01-14,Active,15000,18.62,-3577.76
A000086,C00050,Current Account,2026-06-10,Active,0,0.0,5667.29
A000087,C00051,Savings Account,2025-09-14,Active,0,1.78,30388.65
A000088,C00051,Current Account,2026-02-03,Dormant,0,0.0,2189.17
A000089,C00051,Credit Card,2025-08-18,Active,4200,21.54,-254.31
A000090,C00052,Current Account,2023-03-04,Active,0,0.0,1573.91
A000091,C00053,Savings Account,2024-01-07,Dormant,0,0.92,13110.76
A000092,C00053,Current Account,2023-04-02,Active,0,0.0,1057.02
A000093,C00054,Savings Account,2026-05-19,Active,0,1.49,6531.62
A000094,C00055,Savings Account,2025-09-23,Active,0,1.2,7196.41
A000095,C00056,Current Account,2024-08-24,Active,0,0.0,3261.19
A000096,C00056,Credit Card,2025-07-30,Active,8200,19.1,-1538.04
A000097,C00057,Current Account,2020-09-05,Dormant,0,0.0,9155.68
A000098,C00058,Current Account,2024-10-12,Active,0,0.0,3924.5
A000099,C00059,Savings Account,2026-07-03,Active,0,1.35,23437.85
A000100,C00059,Credit Card,2026-07-09,Active,11500,18.58,-1701.41
A000101,C00060,Current Account,2025-11-26,Active,0,0.0,1933.97
A000102,C00061,Current Account,2025-01-21,Active,0,0.0,1374.88
A000103,C00061,Savings Account,2022-07-13,Active,0,2.06,14889.21
A000104,C00061,Credit Card,2025-06-24,Active,13200,17.58,-4004.85
A000105,C00062,Current Account,2024-03-08,Active,0,0.0,-500
A000106,C00062,Savings Account,2025-02-23,Active,0,1.65,8161.45
A000107,C00062,Credit Card,2024-10-30,Active,7400,19.06,-2168.12
A000108,C00063,Current Account,2022-01-15,Active,0,0.0,3220.25
A000109,C00064,Current Account,2026-02-28,Active,0,0.0,3439.96
A000110,C00065,Savings Account,2021-02-07,Active,0,2.15,8508.62
A000111,C00065,Credit Card,2024-06-04,Active,6900,20.73,-2116.09
A000112,C00066,Current Account,2023-06-29,Active,0,0.0,4903.04
A000113,C00067,Current Account,2025-10-16,Active,0,0.0,1530.26
A000114,C00067,Savings Account,2026-01-05,Active,0,1.86,6100.13
A000115,C00068,Savings Account,2025-01-06,Active,0,1.71,6499.36
A000116,C00069,Current Account,2026-02-13,Active,0,0.0,2427.87
A000117,C00070,Savings Account,2024-02-18,Active,0,1.13,11791.98
A000118,C00070,Credit Card,2023-09-30,Dormant,4100,19.81,-333.01
A000119,C00071,Current Account,2020-11-19,Active,0,0.0,2756.13
A000120,C00071,Savings Account,2023-09-11,Active,0,1.28,8994.96
A000121,C00072,Current Account,2026-05-15,Active,0,0.0,5198.0
A000122,C00073,Current Account,2025-08-20,Active,0,0.0,4820.47
A000123,C00074,Current Account,2023-03-18,Active,0,0.0,2482.48
A000124,C00074,Credit Card,2024-02-15,Active,10000,15.79,-3398.53
A000125,C00075,Current Account,2022-04-07,Active,0,0.0,1647.2
A000126,C00075,Savings Account,2020-03-29,Active,0,2.11,4568.49
A000127,C00076,Current Account,2025-02-08,Active,0,0.0,6893.42
A000128,C00077,Savings Account,2026-01-23,Active,0,1.14,21209.0
A000129,C00077,Credit Card,2026-07-12,Active,9100,16.43,0
A000130,C00078,Current Account,2026-03-18,Active,0,0.0,2446.77
A000131,C00079,Current Account,2024-04-22,Active,0,0.0,3001.55
A000132,C00079,Credit Card,2023-05-24,Active,14900,20.03,-3501.25
A000133,C00080,Current Account,2025-01-03,Active,0,0.0,655.39
A000134,C00080,Savings Account,2024-07-06,Active,0,1.21,9211.82
A000135,C00081,Savings Account,2026-07-18,Active,0,2.13,0
A000136,C00082,Current Account,2023-03-05,Active,0,0.0,1581.19
A000137,C00082,Savings Account,2024-10-09,Active,0,1.78,3102.98
A000138,C00083,Current Account,2025-03-10,Active,0,0.0,3659.39
A000139,C00084,Current Account,2024-12-10,Active,0,0.0,4484.67
A000140,C00085,Current Account,2024-09-08,Active,0,0.0,2507.19
A000141,C00086,Current Account,2026-05-24,Active,0,0.0,1588.62
A000142,C00086,Savings Account,2023-12-02,Active,0,1.14,0
A000143,C00087,Savings Account,2026-05-25,Active,0,1.27,10006.64
A000144,C00088,Current Account,2026-04-19,Active,0,0.0,8085.99
A000145,C00088,Savings Account,2025-04-03,Active,0,1.06,17769.27
A000146,C00088,Credit Card,2025-10-23,Active,11900,20.8,-2907.35
A000147,C00089,Current Account,2024-03-07,Dormant,0,0.0,2041.63
A000148,C00090,Current Account,2026-02-01,Active,0,0.0,521.14
A000149,C00091,Savings Account,2025-12-30,Active,0,1.23,0
A000150,C00091,Current Account,2023-07-18,Active,0,0.0,2677.65
A000151,C00092,Current Account,2026-05-27,Active,0,0.0,5320.15
A000152,C00092,Credit Card,2026-05-08,Dormant,9600,16.16,-2042.1
A000153,C00093,Current Account,2021-09-26,Active,0,0.0,350.61
A000154,C00094,Current Account,2024-09-27,Active,0,0.0,1729.9
A000155,C00094,Savings Account,2024-10-11,Active,0,1.64,12667.58
A000156,C00095,Savings Account,2024-08-27,Active,0,0.82,1300.6
A000157,C00095,Current Account,2025-08-24,Active,0,0.0,8887.12
A000158,C00095,Credit Card,2024-02-02,Active,9400,16.96,-244.78
A000159,C00096,Current Account,2026-01-20,Active,0,0.0,2936.85
A000160,C00097,Current Account,2025-08-14,Active,0,0.0,5756.48
A000161,C00098,Current Account,2025-09-27,Active,0,0.0,1649.5
A000162,C00099,Current Account,2023-02-04,Active,0,0.0,39.93
A000163,C00099,Savings Account,2022-04-25,Dormant,0,1.82,4237.61
A000164,C00100,Current Account,2024-06-24,Active,0,0.0,4897.01
A000165,C00100,Savings Account,2024-11-22,Active,0,1.67,4366.84
A000166,C00100,Credit Card,2025-10-05,Active,3700,19.21,-618.63
A000167,C00101,Savings Account,2026-07-15,Active,0,1.61,6581.53
A000168,C00102,Current Account,2024-06-09,Active,0,0.0,3374.42
A000169,C00103,Savings Account,2023-11-05,Active,0,1.19,0
A000170,C00104,Current Account,2025-12-23,Active,0,0.0,1836.21
A000171,C00104,Savings Account,2025-11-16,Active,0,0.83,20001.32
A000172,C00105,Current Account,2025-03-04,Active,0,0.0,1038.58
A000173,C00106,Savings Account,2025-09-25,Active,0,1.15,38788.29
A000174,C00106,Current Account,2026-05-28,Active,0,0.0,1130.31
A000175,C00107,Current Account,2021-02-20,Active,0,0.0,3060.55
A000176,C00108,Savings Account,2023-07-17,Active,0,1.45,9882.21
A000177,C00108,Current Account,2022-08-16,Active,0,0.0,904.66
A000178,C00109,Current Account,2025-01-10,Active,0,0.0,3464.29
A000179,C00109,Savings Account,2025-11-27,Dormant,0,2.07,13128.29
A000180,C00110,Current Account,2026-04-29,Active,0,0.0,3129.3
A000181,C00111,Current Account,2022-12-28,Active,0,0.0,2913.0
A000182,C00111,Savings Account,2022-02-06,Active,0,1.13,17791.85
A000183,C00112,Current Account,2025-10-29,Active,0,0.0,3757.7
A000184,C00113,Current Account,2025-03-03,Active,0,0.0,-44.41
A000185,C00113,Credit Card,2024-11-20,Active,8600,19.48,-1964.21
A000186,C00114,Current Account,2026-01-19,Active,0,0.0,3466.49
A000187,C00115,Current Account,2025-04-24,Active,0,0.0,1937.33
A000188,C00116,Current Account,2025-02-08,Active,0,0.0,2512.08
A000189,C00117,Current Account,2020-05-10,Closed,0,0.0,2371.62
A000190,C00118,Current Account,2021-11-06,Active,0,0.0,1340.18
A000191,C00118,Savings Account,2022-10-15,Active,0,1.79,4490.89
A000192,C00119,Savings Account,2022-11-14,Active,0,1.88,18797.37
A000193,C00119,Credit Card,2024-09-29,Active,11100,20.03,-2640.6
A000194,C00120,Current Account,2024-03-16,Active,0,0.0,-400.3
A000195,C00121,Savings Account,2023-04-23,Active,0,1.57,7500.03
A000196,C00122,Current Account,2022-06-26,Closed,0,0.0,993.35
A000197,C00123,Savings Account,2024-06-12,Active,0,1.54,1320.33
A000198,C00124,Current Account,2021-04-03,Active,0,0.0,3483.0
A000199,C00125,Savings Account,2025-06-11,Active,0,2.01,26851.68
A000200,C00126,Current Account,2026-01-29,Active,0,0.0,3957.61
A000201,C00127,Current Account,2025-04-02,Active,0,0.0,2285.71
A000202,C00128,Current Account,2026-06-09,Active,0,0.0,2696.94
A000203,C00128,Credit Card,2026-06-20,Active,13600,15.76,0
A000204,C00129,Current Account,2025-03-08,Active,0,0.0,4534.35
A000205,C00129,Credit Card,2025-03-24,Active,6800,17.34,-176.9
A000206,C00130,Current Account,2026-05-06,Active,0,0.0,3317.42
A000207,C00130,Savings Account,2025-07-03,Active,0,1.44,6320.56
A000208,C00130,Credit Card,2025-10-20,Active,10700,18.3,-1873.0
A000209,C00131,Current Account,2024-01-30,Active,0,0.0,5943.17
A000210,C00132,Current Account,2021-01-31,Closed,0,0.0,5194.86
A000211,C00132,Savings Account,2020-11-13,Active,0,1.15,10065.46
A000212,C00133,Savings Account,2024-05-12,Active,0,1.28,13470.12
A000213,C00134,Current Account,2026-02-17,Closed,0,0.0,5090.33
A000214,C00135,Current Account,2025-10-19,Active,0,0.0,254.46
A000215,C00136,Current Account,2025-04-22,Active,0,0.0,4789.39
A000216,C00136,Savings Account,2021-10-23,Active,0,1.66,14162.33
A000217,C00137,Savings Account,2025-05-14,Active,0,1.04,10210.55
A000218,C00137,Current Account,2025-12-24,Active,0,0.0,1116.08
A000219,C00138,Current Account,2026-07-10,Active,0,0.0,2120.8
A000220,C00139,Current Account,2025-10-08,Active,0,0.0,750.2
A000221,C00139,Savings Account,2025-04-19,Active,0,1.18,4076.8
A000222,C00140,Current Account,2020-05-08,Active,0,0.0,183.1
A000223,C00141,Current Account,2025-09-23,Active,0,0.0,2220.89
A000224,C00142,Savings Account,2020-06-03,Active,0,1.29,17703.02
A000225,C00143,Current Account,2022-04-23,Active,0,0.0,1286.25
A000226,C00143,Savings Account,2026-03-23,Active,0,0.96,8858.53
A000227,C00144,Current Account,2024-08-01,Active,0,0.0,-500
A000228,C00145,Current Account,2023-03-06,Active,0,0.0,825.02
A000229,C00146,Savings Account,2022-05-28,Dormant,0,1.93,43952.72
A000230,C00146,Current Account,2020-11-14,Active,0,0.0,6764.95
A000231,C00147,Current Account,2020-01-08,Active,0,0.0,4538.0
A000232,C00147,Credit Card,2025-12-24,Active,13600,18.22,-6277.38
A000233,C00148,Current Account,2025-06-23,Closed,0,0.0,2245.57
A000234,C00148,Savings Account,2026-06-14,Closed,0,1.39,10767.99
A000235,C00149,Savings Account,2026-02-13,Active,0,1.82,14279.51
A000236,C00149,Current Account,2024-06-17,Active,0,0.0,2235.11
A000237,C00150,Current Account,2025-10-27,Active,0,0.0,5727.05
A000238,C00150,Savings Account,2023-08-17,Closed,0,1.37,15324.5
A000239,C00151,Savings Account,2022-10-08,Active,0,1.65,11334.62
A000240,C00152,Current Account,2026-07-21,Active,0,0.0,3528.21
A000241,C00152,Savings Account,2026-07-16,Closed,0,1.2,1952.18
A000242,C00153,Current Account,2026-07-30,Active,0,0.0,8603.48
A000243,C00153,Savings Account,2026-07-14,Active,0,1.67,44085.39
A000244,C00154,Current Account,2024-02-07,Active,0,0.0,3850.71
A000245,C00154,Credit Card,2026-01-26,Closed,12000,21.32,-5087.23
A000246,C00155,Current Account,2020-10-26,Dormant,0,0.0,5239.87
A000247,C00155,Savings Account,2022-04-09,Active,0,1.03,7408.45
A000248,C00155,Credit Card,2021-04-14,Dormant,10900,20.09,-2176.79
A000249,C00156,Savings Account,2021-12-11,Dormant,0,1.93,34627.11
A000250,C00157,Savings Account,2026-01-05,Active,0,1.97,14808.89
A000251,C00157,Current Account,2025-12-06,Active,0,0.0,6664.57
A000252,C00158,Current Account,2026-02-21,Active,0,0.0,1454.17
A000253,C00159,Current Account,2025-05-13,Active,0,0.0,2428.95
A000254,C00159,Savings Account,2024-08-27,Active,0,1.69,33864.75
A000255,C00160,Current Account,2025-12-05,Active,0,0.0,4025.05
A000256,C00161,Current Account,2026-07-14,Active,0,0.0,9360.3
A000257,C00161,Credit Card,2023-12-16,Active,4700,16.54,-1480.94
A000258,C00162,Current Account,2025-01-16,Active,0,0.0,4223.19
A000259,C00162,Savings Account,2023-07-28,Active,0,1.84,14296.81
A000260,C00162,Credit Card,2022-06-03,Active,11700,19.35,-923.82
A000261,C00163,Current Account,2023-05-06,Active,0,0.0,4190.25
A000262,C00163,Savings Account,2024-05-21,Active,0,1.84,454.92
A000263,C00164,Savings Account,2023-05-09,Active,0,1.96,11011.37
A000264,C00164,Current Account,2026-04-04,Dormant,0,0.0,2153.21
A000265,C00165,Current Account,2026-05-29,Active,0,0.0,816.98
A000266,C00165,Savings Account,2026-02-05,Active,0,1.14,7473.93
A000267,C00166,Current Account,2024-05-10,Active,0,0.0,1014.04
A000268,C00167,Current Account,2026-05-15,Active,0,0.0,6346.92
A000269,C00167,Savings Account,2026-06-08,Active,0,0.81,13973.45
A000270,C00168,Current Account,2025-01-10,Active,0,0.0,2818.06
A000271,C00168,Savings Account,2022-08-11,Active,0,1.88,5655.86
A000272,C00169,Current Account,2026-03-10,Active,0,0.0,4394.44
A000273,C00169,Savings Account,2025-01-31,Active,0,0.95,25944.46
A000274,C00170,Savings Account,2023-12-13,Active,0,1.99,45245.13
A000275,C00171,Current Account,2023-09-08,Active,0,0.0,109.67
A000276,C00172,Current Account,2026-05-31,Active,0,0.0,5004.47
A000277,C00173,Savings Account,2023-12-06,Active,0,1.63,19232.43
A000278,C00174,Current Account,2025-04-27,Active,0,0.0,643.15
A000279,C00175,Current Account,2026-04-06,Active,0,0.0,2470.0
A000280,C00175,Savings Account,2023-06-20,Active,0,1.29,12653.87
A000281,C00176,Current Account,2025-06-17,Active,0,0.0,4427.9
A000282,C00177,Current Account,2025-10-07,Active,0,0.0,1107.45
A000283,C00178,Current Account,2025-09-15,Active,0,0.0,1256.69
A000284,C00178,Savings Account,2025-04-22,Active,0,0.86,5710.28
A000285,C00179,Current Account,2022-03-11,Dormant,0,0.0,3268.53
A000286,C00179,Credit Card,2020-10-10,Active,13300,17.21,-225.57
A000287,C00180,Current Account,2025-08-11,Active,0,0.0,4130.1
A000288,C00180,Savings Account,2024-11-09,Active,0,1.73,6235.4
A000289,C00180,Credit Card,2026-01-31,Active,3500,18.4,-86.34
A000290,C00181,Current Account,2022-03-20,Active,0,0.0,1758.92
A000291,C00182,Current Account,2026-05-20,Active,0,0.0,-500
A000292,C00182,Savings Account,2026-07-25,Active,0,2.08,14194.72
A000293,C00183,Savings Account,2023-12-05,Active,0,0.97,2516.9
A000294,C00184,Savings Account,2025-06-29,Active,0,1.95,7387.48
A000295,C00184,Current Account,2026-07-11,Active,0,0.0,2195.11
A000296,C00185,Current Account,2025-06-09,Active,0,0.0,2235.85
A000297,C00185,Savings Account,2025-07-30,Active,0,1.84,14024.2
A000298,C00185,Credit Card,2025-05-27,Active,6800,16.96,-1584.26
A000299,C00186,Current Account,2024-09-27,Active,0,0.0,4055.94
A000300,C00187,Savings Account,2023-11-09,Active,0,2.02,5602.92
A000301,C00187,Credit Card,2023-07-09,Active,4900,17.27,-1933.84
A000302,C00188,Current Account,2026-04-19,Active,0,0.0,4434.16
A000303,C00188,Savings Account,2024-04-15,Active,0,1.0,1276.35
A000304,C00189,Current Account,2022-04-16,Active,0,0.0,1102.37
A000305,C00190,Current Account,2026-04-16,Active,0,0.0,7220.19
A000306,C00190,Credit Card,2024-12-26,Active,8200,15.7,-342.09
A000307,C00191,Current Account,2025-09-17,Active,0,0.0,996.4
A000308,C00191,Credit Card,2025-03-31,Active,8700,19.61,-1849.53
A000309,C00192,Current Account,2023-10-27,Active,0,0.0,2051.56
A000310,C00192,Savings Account,2026-07-28,Active,0,1.94,6402.59
A000311,C00193,Savings Account,2021-07-20,Active,0,1.42,24159.61
A000312,C00193,Current Account,2025-11-28,Active,0,0.0,4395.96
A000313,C00193,Credit Card,2025-06-04,Dormant,6400,21.51,-32.79
A000314,C00194,Current Account,2025-07-06,Closed,0,0.0,3699.32
A000315,C00194,Savings Account,2025-02-16,Active,0,1.09,4522.22
A000316,C00195,Savings Account,2021-11-11,Active,0,2.01,14411.08
A000317,C00195,Credit Card,2023-07-27,Active,7700,16.74,0
A000318,C00196,Current Account,2021-09-25,Closed,0,0.0,3620.4
A000319,C00196,Savings Account,2026-04-02,Active,0,1.86,21949.92
A000320,C00197,Savings Account,2024-11-05,Dormant,0,1.79,8688.16
A000321,C00197,Current Account,2026-07-24,Active,0,0.0,1776.34
A000322,C00197,Credit Card,2025-07-06,Active,7000,16.67,-1206.4
A000323,C00198,Current Account,2024-01-24,Active,0,0.0,3889.04
A000324,C00199,Current Account,2024-10-09,Active,0,0.0,3465.33
A000325,C00200,Current Account,2026-02-09,Active,0,0.0,814.87
A000326,C00200,Savings Account,2024-06-06,Active,0,0.83,4754.99
A000327,C00201,Current Account,2024-12-30,Active,0,0.0,5377.34
A000328,C00201,Savings Account,2025-11-24,Active,0,1.23,14927.34
A000329,C00202,Savings Account,2022-10-07,Active,0,1.33,8496.46
A000330,C00203,Current Account,2024-09-07,Closed,0,0.0,4003.35
A000331,C00204,Savings Account,2024-11-28,Active,0,1.82,16472.56
A000332,C00204,Current Account,2022-12-02,Active,0,0.0,1268.71
A000333,C00205,Current Account,2021-07-26,Active,0,0.0,693.6
A000334,C00205,Savings Account,2022-05-25,Active,0,1.07,18385.85
A000335,C00206,Current Account,2026-02-02,Active,0,0.0,2704.74
A000336,C00206,Savings Account,2023-04-13,Active,0,1.59,2408.4
A000337,C00207,Current Account,2025-01-07,Active,0,0.0,4851.42
A000338,C00208,Savings Account,2025-04-28,Active,0,1.12,11174.63
A000339,C00209,Current Account,2024-09-13,Active,0,0.0,3514.88
A000340,C00210,Current Account,2021-06-13,Closed,0,0.0,-500
A000341,C00211,Current Account,2024-01-30,Active,0,0.0,3847.26
A000342,C00211,Savings Account,2023-07-25,Active,0,1.87,5540.86
A000343,C00212,Current Account,2022-04-19,Dormant,0,0.0,2840.73
A000344,C00213,Savings Account,2025-05-09,Active,0,1.52,16121.91
A000345,C00214,Current Account,2026-04-03,Active,0,0.0,408.9
A000346,C00214,Savings Account,2022-03-04,Active,0,2.04,9616.06
A000347,C00215,Current Account,2024-10-09,Closed,0,0.0,2755.36
A000348,C00216,Current Account,2025-06-30,Active,0,0.0,-500
A000349,C00216,Savings Account,2026-03-14,Dormant,0,0.96,1685.56
A000350,C00217,Savings Account,2025-12-08,Active,0,1.05,24864.16
A000351,C00218,Savings Account,2025-08-12,Active,0,0.97,23848.7
A000352,C00219,Current Account,2024-04-08,Active,0,0.0,2912.69
A000353,C00219,Savings Account,2022-09-10,Active,0,1.32,22917.13
A000354,C00220,Current Account,2024-12-12,Dormant,0,0.0,1505.51
A000355,C00220,Savings Account,2025-10-01,Active,0,1.81,3448.14
A000356,C00221,Current Account,2026-06-11,Active,0,0.0,1739.47
A000357,C00222,Current Account,2024-07-05,Active,0,0.0,4749.07
A000358,C00223,Current Account,2025-08-12,Active,0,0.0,5082.54
A000359,C00224,Current Account,2025-11-23,Active,0,0.0,7541.02
A000360,C00225,Savings Account,2024-07-10,Active,0,0.81,25745.79
A000361,C00226,Savings Account,2025-07-08,Active,0,1.99,25824.29
A000362,C00227,Savings Account,2025-06-12,Active,0,1.69,0
A000363,C00228,Current Account,2025-04-23,Active,0,0.0,8276.93
A000364,C00228,Savings Account,2025-07-17,Dormant,0,1.43,45930.07
A000365,C00229,Current Account,2025-09-09,Dormant,0,0.0,2865.45
A000366,C00230,Current Account,2026-06-09,Active,0,0.0,10951.12
A000367,C00230,Savings Account,2026-06-18,Closed,0,1.55,29842.93
A000368,C00231,Current Account,2025-04-27,Dormant,0,0.0,1836.06
A000369,C00231,Savings Account,2022-07-23,Active,0,2.12,3432.55
A000370,C00231,Credit Card,2025-05-15,Active,2500,19.17,-179.53
A000371,C00232,Current Account,2024-07-13,Active,0,0.0,1663.42
A000372,C00233,Current Account,2025-11-20,Active,0,0.0,2276.95
A000373,C00233,Savings Account,2023-08-31,Active,0,1.65,0
A000374,C00233,Credit Card,2021-06-08,Active,4900,16.89,0
A000375,C00234,Current Account,2026-04-23,Active,0,0.0,9060.7
A000376,C00235,Savings Account,2025-03-31,Active,0,1.68,32780.34
A000377,C00236,Current Account,2022-08-23,Active,0,0.0,2196.18
A000378,C00236,Savings Account,2021-03-20,Active,0,2.06,11233.21
A000379,C00237,Current Account,2025-10-28,Active,0,0.0,3557.96
A000380,C00237,Savings Account,2025-12-18,Active,0,1.75,15943.83
A000381,C00238,Current Account,2026-02-05,Active,0,0.0,446.34
A000382,C00238,Savings Account,2025-12-21,Active,0,1.64,15269.48
A000383,C00239,Current Account,2026-04-16,Active,0,0.0,-500
A000384,C00239,Savings Account,2026-06-02,Active,0,1.77,0
A000385,C00239,Credit Card,2025-12-14,Active,7500,16.92,0
A000386,C00240,Current Account,2023-08-17,Active,0,0.0,3533.78
A000387,C00240,Savings Account,2022-07-23,Active,0,1.3,3070.85
A000388,C00241,Current Account,2022-04-12,Active,0,0.0,4241.46
A000389,C00241,Savings Account,2022-04-05,Active,0,1.86,6487.42
A000390,C00242,Current Account,2026-07-10,Active,0,0.0,3663.07
A000391,C00243,Current Account,2026-02-21,Dormant,0,0.0,3098.31
A000392,C00243,Savings Account,2025-06-09,Active,0,1.95,4740.2
A000393,C00244,Current Account,2023-02-12,Active,0,0.0,6324.82
A000394,C00245,Current Account,2026-03-02,Active,0,0.0,2558.97
A000395,C00246,Current Account,2026-01-24,Dormant,0,0.0,730.03
A000396,C00247,Savings Account,2024-12-06,Closed,0,1.3,6396.0
A000397,C00247,Current Account,2025-07-28,Active,0,0.0,-500
A000398,C00248,Savings Account,2026-06-15,Active,0,1.35,580.18
A000399,C00249,Current Account,2022-07-13,Active,0,0.0,3572.73
A000400,C00249,Credit Card,2024-11-05,Active,3100,20.51,-563.63
A000401,C00250,Current Account,2024-11-08,Active,0,0.0,2583.48
A000402,C00251,Current Account,2025-01-13,Active,0,0.0,816.5
A000403,C00252,Savings Account,2023-12-07,Active,0,1.3,0
A000404,C00252,Credit Card,2024-05-10,Active,11700,21.76,-3330.37
A000405,C00253,Current Account,2026-03-26,Active,0,0.0,5509.06
A000406,C00253,Savings Account,2024-09-15,Active,0,1.14,11114.31
A000407,C00253,Credit Card,2026-04-01,Dormant,11000,20.56,-2730.74
A000408,C00254,Current Account,2024-05-29,Active,0,0.0,1420.22
A000409,C00255,Savings Account,2024-11-05,Active,0,1.81,29910.06
A000410,C00256,Current Account,2023-06-19,Closed,0,0.0,1147.25
A000411,C00256,Savings Account,2023-06-26,Active,0,1.93,21228.7
A000412,C00257,Current Account,2026-04-06,Dormant,0,0.0,2079.64
A000413,C00258,Current Account,2026-02-27,Active,0,0.0,1957.78
A000414,C00258,Savings Account,2024-10-04,Active,0,1.88,2082.82
A000415,C00258,Credit Card,2024-05-21,Active,2700,18.84,-915.34
A000416,C00259,Current Account,2024-03-16,Active,0,0.0,-36.53
A000417,C00260,Current Account,2026-04-25,Active,0,0.0,1076.14
A000418,C00260,Savings Account,2026-04-30,Active,0,0.98,6275.95
A000419,C00261,Current Account,2026-06-14,Active,0,0.0,3764.45
A000420,C00261,Savings Account,2025-06-06,Active,0,1.24,29596.95
A000421,C00262,Current Account,2022-09-18,Active,0,0.0,3153.12
A000422,C00263,Current Account,2020-11-12,Active,0,0.0,3569.5
A000423,C00263,Credit Card,2026-04-12,Active,8300,15.9,-165.27
A000424,C00264,Current Account,2026-03-02,Active,0,0.0,829.32
A000425,C00265,Current Account,2026-07-17,Active,0,0.0,4764.49
A000426,C00266,Current Account,2020-11-14,Active,0,0.0,6653.87
A000427,C00266,Credit Card,2020-02-09,Active,15000,19.06,-1805.37
A000428,C00267,Current Account,2022-12-11,Active,0,0.0,1219.75
A000429,C00268,Current Account,2023-04-17,Active,0,0.0,4419.06
A000430,C00268,Savings Account,2025-11-09,Active,0,0.83,14475.25
A000431,C00269,Current Account,2024-07-25,Closed,0,0.0,2781.27
A000432,C00269,Credit Card,2022-08-30,Active,9200,15.63,-247.51
A000433,C00270,Savings Account,2023-10-04,Active,0,1.37,0
A000434,C00270,Current Account,2024-04-28,Active,0,0.0,4096.03
A000435,C00271,Current Account,2023-08-06,Active,0,0.0,3330.8
A000436,C00271,Savings Account,2026-01-28,Active,0,1.68,5866.45
A000437,C00272,Savings Account,2025-05-19,Active,0,1.67,15934.71
A000438,C00272,Current Account,2020-08-22,Active,0,0.0,3303.92
A000439,C00273,Current Account,2024-02-08,Active,0,0.0,1439.32
A000440,C00274,Current Account,2025-10-06,Closed,0,0.0,3352.37
A000441,C00275,Savings Account,2024-11-11,Active,0,1.94,2343.28
A000442,C00276,Current Account,2025-06-18,Active,0,0.0,1474.27
A000443,C00276,Savings Account,2023-01-08,Active,0,1.06,8151.63
A000444,C00277,Current Account,2025-06-12,Active,0,0.0,2238.98
A000445,C00277,Credit Card,2023-04-28,Active,10600,15.75,-4060.34
A000446,C00278,Current Account,2023-03-21,Active,0,0.0,2144.42
A000447,C00278,Savings Account,2025-10-12,Active,0,1.52,22805.22
A000448,C00279,Current Account,2026-01-14,Active,0,0.0,3886.93
A000449,C00280,Savings Account,2024-10-20,Active,0,1.51,2875.47
A000450,C00280,Current Account,2024-07-29,Active,0,0.0,826.4
A000451,C00281,Savings Account,2024-10-09,Active,0,1.45,15268.26
A000452,C00281,Current Account,2023-01-10,Active,0,0.0,4993.75
A000453,C00282,Current Account,2021-01-27,Active,0,0.0,3242.77
A000454,C00282,Savings Account,2023-07-26,Active,0,1.56,5487.04
A000455,C00283,Savings Account,2023-06-23,Active,0,1.02,17272.61
A000456,C00283,Current Account,2021-05-29,Dormant,0,0.0,-333.07
A000457,C00284,Current Account,2026-02-21,Active,0,0.0,2559.01
A000458,C00284,Savings Account,2023-06-13,Active,0,1.64,16851.56
A000459,C00285,Current Account,2025-05-07,Active,0,0.0,2314.9
A000460,C00285,Savings Account,2026-01-21,Active,0,1.36,17456.1
A000461,C00285,Credit Card,2026-07-31,Active,2600,17.3,-1234.52
A000462,C00286,Savings Account,2020-01-08,Active,0,0.84,0
A000463,C00286,Current Account,2025-06-16,Active,0,0.0,2053.86
A000464,C00287,Savings Account,2026-06-08,Active,0,1.82,17605.47
A000465,C00287,Current Account,2026-05-01,Active,0,0.0,2527.62
A000466,C00288,Current Account,2025-07-26,Active,0,0.0,2295.94
A000467,C00288,Savings Account,2025-06-24,Active,0,1.79,16540.98
A000468,C00289,Current Account,2023-04-11,Active,0,0.0,5370.18
A000469,C00289,Credit Card,2025-05-19,Active,8500,17.5,-1060.81
A000470,C00290,Current Account,2021-12-24,Active,0,0.0,3581.12
A000471,C00290,Savings Account,2024-06-29,Active,0,1.99,15365.89
A000472,C00291,Current Account,2024-04-17,Active,0,0.0,1643.17
A000473,C00292,Savings Account,2025-03-30,Active,0,2.15,18359.16
A000474,C00292,Credit Card,2024-10-08,Active,6400,20.11,-1359.78
A000475,C00293,Current Account,2026-07-28,Active,0,0.0,1832.85
A000476,C00293,Savings Account,2026-04-01,Active,0,1.55,3913.05
A000477,C00294,Current Account,2024-08-27,Active,0,0.0,670.22
A000478,C00295,Current Account,2021-05-12,Active,0,0.0,3431.48
A000479,C00296,Current Account,2025-09-11,Active,0,0.0,1695.03
A000480,C00297,Savings Account,2026-07-27,Active,0,0.93,24724.79
A000481,C00298,Current Account,2022-08-12,Active,0,0.0,4505.48
A000482,C00299,Savings Account,2026-03-06,Active,0,2.12,9069.42
A000483,C00300,Savings Account,2024-12-04,Active,0,1.87,6608.01
A000484,C00300,Current Account,2023-09-15,Closed,0,0.0,3037.66
A000485,C00301,Current Account,2023-10-04,Active,0,0.0,2978.5
A000486,C00301,Savings Account,2023-06-11,Closed,0,0.89,22700.97
A000487,C00302,Current Account,2021-08-15,Active,0,0.0,2618.36
A000488,C00303,Current Account,2026-07-27,Active,0,0.0,532.84
A000489,C00304,Current Account,2021-01-04,Active,0,0.0,5432.49
A000490,C00305,Current Account,2021-05-03,Active,0,0.0,3221.61
A000491,C00306,Current Account,2025-01-08,Active,0,0.0,2156.35
A000492,C00307,Current Account,2023-12-25,Active,0,0.0,5197.51
A000493,C00307,Savings Account,2024-11-09,Active,0,1.22,0
A000494,C00308,Current Account,2026-04-26,Active,0,0.0,-500
A000495,C00308,Savings Account,2023-09-18,Active,0,1.75,7346.57
A000496,C00309,Current Account,2026-05-04,Active,0,0.0,239.23
A000497,C00309,Savings Account,2026-04-30,Dormant,0,1.23,8089.96
A000498,C00310,Current Account,2024-10-12,Active,0,0.0,1336.27
A000499,C00311,Savings Account,2026-06-06,Active,0,2.04,30216.53
A000500,C00312,Savings Account,2025-01-10,Active,0,1.28,12879.28
A000501,C00312,Current Account,2025-05-30,Active,0,0.0,1851.18
A000502,C00313,Current Account,2025-04-19,Active,0,0.0,-19.88
A000503,C00314,Current Account,2022-09-26,Active,0,0.0,309.0
A000504,C00314,Savings Account,2024-06-28,Active,0,0.96,14850.39
A000505,C00314,Credit Card,2024-07-21,Active,6900,19.55,-1775.05
A000506,C00315,Savings Account,2026-04-17,Active,0,2.1,16644.46
A000507,C00315,Credit Card,2025-07-19,Active,5500,16.34,0
A000508,C00316,Current Account,2024-11-05,Active,0,0.0,2893.39
A000509,C00316,Credit Card,2026-03-10,Active,9400,19.77,-662.6
A000510,C00317,Current Account,2024-06-23,Active,0,0.0,2231.34
A000511,C00318,Current Account,2023-05-24,Active,0,0.0,3887.5
A000512,C00319,Current Account,2023-08-14,Active,0,0.0,8587.67
A000513,C00319,Credit Card,2024-12-18,Closed,15000,16.21,-1987.13
A000514,C00320,Current Account,2024-05-13,Active,0,0.0,2352.59
A000515,C00320,Savings Account,2022-05-17,Active,0,1.23,5917.36
A000516,C00320,Credit Card,2022-12-10,Active,11400,21.02,-391.42
A000517,C00321,Current Account,2023-10-06,Active,0,0.0,871.58
A000518,C00321,Savings Account,2023-11-08,Active,0,1.52,19900.44
A000519,C00321,Credit Card,2026-04-26,Active,11600,16.2,-294.91
A000520,C00322,Current Account,2026-02-23,Active,0,0.0,5254.9
A000521,C00323,Current Account,2024-04-19,Active,0,0.0,2093.3
A000522,C00323,Savings Account,2022-05-10,Active,0,2.04,6409.46
A000523,C00324,Savings Account,2025-02-13,Closed,0,1.0,222.23
A000524,C00324,Current Account,2023-09-23,Active,0,0.0,4211.59
A000525,C00325,Savings Account,2024-02-26,Active,0,0.94,6729.52
A000526,C00325,Current Account,2024-11-16,Active,0,0.0,1475.17
A000527,C00326,Current Account,2023-03-01,Active,0,0.0,1596.2
A000528,C00326,Savings Account,2022-06-20,Active,0,1.01,11208.76
A000529,C00327,Savings Account,2025-11-22,Active,0,1.9,6223.52
A000530,C00327,Current Account,2025-11-12,Active,0,0.0,591.47
A000531,C00328,Current Account,2023-09-05,Active,0,0.0,2478.0
A000532,C00329,Current Account,2020-10-05,Active,0,0.0,67.24
A000533,C00330,Savings Account,2022-02-21,Active,0,1.53,2855.3
A000534,C00330,Current Account,2025-03-05,Active,0,0.0,4281.47
A000535,C00331,Current Account,2023-01-03,Active,0,0.0,2403.12
A000536,C00332,Current Account,2024-12-24,Dormant,0,0.0,3516.95
A000537,C00332,Credit Card,2021-11-08,Active,8500,18.5,-1834.17
A000538,C00333,Savings Account,2022-10-17,Active,0,0.96,4854.2
A000539,C00333,Credit Card,2024-12-23,Closed,7600,16.45,-1972.26
A000540,C00334,Current Account,2026-07-24,Active,0,0.0,3592.6
A000541,C00335,Savings Account,2024-06-23,Active,0,1.85,20868.48
A000542,C00336,Current Account,2026-02-01,Active,0,0.0,1055.81
A000543,C00336,Credit Card,2026-05-16,Active,3800,19.97,-669.28
A000544,C00337,Current Account,2026-06-24,Active,0,0.0,3684.38
A000545,C00337,Savings Account,2025-09-17,Active,0,1.17,0
A000546,C00337,Credit Card,2026-03-01,Dormant,4000,19.76,-696.76
A000547,C00338,Savings Account,2021-09-24,Dormant,0,2.18,27971.93
A000548,C00339,Current Account,2026-07-30,Active,0,0.0,1029.05
A000549,C00340,Savings Account,2025-10-16,Active,0,1.51,8212.97
A000550,C00340,Credit Card,2025-01-09,Active,9200,17.67,-1906.93
A000551,C00341,Current Account,2025-08-12,Closed,0,0.0,948.5
A000552,C00342,Current Account,2024-09-04,Active,0,0.0,6128.15
A000553,C00342,Savings Account,2025-01-12,Closed,0,1.01,22499.88
A000554,C00343,Savings Account,2025-05-09,Active,0,1.02,0
A000555,C00343,Credit Card,2025-06-11,Active,4400,19.66,-1325.96
A000556,C00344,Savings Account,2026-04-02,Active,0,1.76,0
A000557,C00344,Current Account,2026-02-10,Active,0,0.0,2461.7
A000558,C00344,Credit Card,2026-06-20,Active,5800,21.68,-1850.12
A000559,C00345,Current Account,2025-01-15,Active,0,0.0,200.48
A000560,C00346,Current Account,2024-08-27,Active,0,0.0,1283.42
A000561,C00346,Savings Account,2025-11-11,Active,0,1.45,4487.31
A000562,C00346,Credit Card,2026-06-27,Active,3800,17.41,-898.26
A000563,C00347,Savings Account,2025-05-10,Dormant,0,1.46,17782.32
A000564,C00348,Current Account,2025-04-25,Active,0,0.0,3329.54
A000565,C00348,Credit Card,2025-03-27,Active,4300,20.21,-832.08
A000566,C00349,Current Account,2025-12-02,Active,0,0.0,5571.84
A000567,C00350,Current Account,2020-07-15,Active,0,0.0,4961.67
A000568,C00351,Savings Account,2025-08-07,Dormant,0,0.96,18245.44
A000569,C00352,Current Account,2026-06-24,Closed,0,0.0,9337.99
A000570,C00352,Credit Card,2026-01-28,Active,9200,15.61,0
A000571,C00353,Current Account,2025-04-22,Dormant,0,0.0,718.11
A000572,C00353,Savings Account,2025-11-27,Active,0,1.07,2968.46
A000573,C00354,Current Account,2020-02-24,Active,0,0.0,6331.85
A000574,C00355,Savings Account,2025-10-03,Active,0,0.84,3468.76
A000575,C00356,Savings Account,2025-09-11,Active,0,1.57,15083.03
A000576,C00356,Current Account,2025-08-15,Active,0,0.0,1860.88
A000577,C00356,Credit Card,2025-02-09,Active,5900,19.81,-1194.21
A000578,C00357,Current Account,2025-06-02,Active,0,0.0,1938.29
A000579,C00357,Savings Account,2025-07-11,Active,0,1.66,5040.15
A000580,C00358,Savings Account,2025-04-23,Closed,0,1.43,15316.14
A000581,C00359,Savings Account,2023-05-14,Active,0,2.06,0
A000582,C00359,Credit Card,2023-12-31,Active,7700,17.79,-3230.37
A000583,C00360,Current Account,2025-11-12,Active,0,0.0,2233.77
A000584,C00360,Credit Card,2026-06-16,Active,5500,16.79,-837.03
A000585,C00361,Current Account,2025-10-09,Active,0,0.0,902.0
A000586,C00361,Savings Account,2025-05-17,Active,0,1.64,7834.04
A000587,C00362,Current Account,2022-11-29,Active,0,0.0,5775.71
A000588,C00362,Savings Account,2022-04-20,Active,0,1.18,2337.45
A000589,C00362,Credit Card,2024-05-16,Active,4500,17.32,-99.0
A000590,C00363,Savings Account,2025-09-19,Active,0,2.02,1731.13
A000591,C00364,Current Account,2022-08-05,Active,0,0.0,2560.37
A000592,C00365,Current Account,2026-05-21,Active,0,0.0,3673.31
A000593,C00365,Savings Account,2026-06-25,Active,0,0.95,13635.69
A000594,C00366,Savings Account,2023-05-31,Active,0,1.46,11594.08
A000595,C00366,Credit Card,2026-07-22,Closed,15000,21.17,-1634.56
A000596,C00367,Savings Account,2025-10-25,Active,0,1.76,16431.69
A000597,C00368,Savings Account,2024-11-20,Active,0,1.99,20600.54
A000598,C00368,Current Account,2024-07-07,Active,0,0.0,1832.96
A000599,C00369,Current Account,2024-07-18,Dormant,0,0.0,-500
A000600,C00369,Savings Account,2026-06-20,Dormant,0,1.25,0
A000601,C00370,Current Account,2023-12-04,Active,0,0.0,2344.96
A000602,C00371,Current Account,2025-08-02,Active,0,0.0,1583.47
A000603,C00372,Current Account,2026-07-07,Closed,0,0.0,2342.98
A000604,C00372,Savings Account,2025-12-17,Active,0,1.08,23001.46
A000605,C00373,Savings Account,2026-06-20,Active,0,1.77,6912.02
A000606,C00374,Current Account,2022-03-23,Active,0,0.0,878.6
A000607,C00374,Credit Card,2025-06-22,Active,6400,18.57,-699.76
A000608,C00375,Current Account,2026-02-22,Active,0,0.0,-500
A000609,C00375,Savings Account,2026-06-11,Active,0,1.7,7561.85
A000610,C00376,Savings Account,2026-07-18,Active,0,1.42,7415.77
A000611,C00376,Current Account,2025-12-27,Active,0,0.0,2182.9
A000612,C00377,Current Account,2024-01-04,Active,0,0.0,1759.0
A000613,C00377,Credit Card,2024-12-22,Active,10300,21.62,-3079.44
A000614,C00378,Current Account,2023-05-20,Active,0,0.0,3189.65
A000615,C00378,Savings Account,2025-03-17,Closed,0,1.91,20664.41
A000616,C00379,Current Account,2025-08-12,Active,0,0.0,1381.84
A000617,C00380,Savings Account,2025-07-11,Active,0,0.86,44148.57
A000618,C00380,Current Account,2023-09-17,Active,0,0.0,3191.86
A000619,C00381,Current Account,2025-09-20,Active,0,0.0,5659.04
A000620,C00382,Current Account,2026-07-28,Active,0,0.0,7039.92
A000621,C00383,Current Account,2024-07-29,Active,0,0.0,4895.91
A000622,C00384,Current Account,2026-04-16,Active,0,0.0,4483.94
A000623,C00384,Savings Account,2023-01-23,Active,0,0.81,9068.09
A000624,C00384,Credit Card,2024-09-24,Active,11300,21.56,-890.05
A000625,C00385,Savings Account,2026-07-17,Active,0,0.97,15471.85
A000626,C00385,Current Account,2026-07-20,Active,0,0.0,1333.01
A000627,C00385,Credit Card,2026-07-17,Active,5000,16.05,-581.29
A000628,C00386,Current Account,2025-10-30,Active,0,0.0,5232.81
A000629,C00386,Savings Account,2026-01-17,Active,0,1.03,31713.3
A000630,C00387,Current Account,2024-02-27,Active,0,0.0,16252.81
A000631,C00388,Current Account,2025-08-31,Active,0,0.0,1982.45
A000632,C00389,Current Account,2023-10-30,Active,0,0.0,-500
A000633,C00389,Savings Account,2026-06-16,Active,0,1.92,0
A000634,C00389,Credit Card,2024-12-23,Active,3000,21.31,-465.16
A000635,C00390,Current Account,2023-12-10,Closed,0,0.0,3409.08
A000636,C00391,Current Account,2024-03-09,Active,0,0.0,884.14
A000637,C00391,Savings Account,2024-05-25,Active,0,1.55,0
A000638,C00392,Current Account,2024-06-26,Active,0,0.0,2124.9
A000639,C00393,Current Account,2024-04-22,Active,0,0.0,4585.53
A000640,C00393,Savings Account,2026-06-17,Active,0,1.48,2718.34
A000641,C00394,Savings Account,2023-06-30,Active,0,1.92,21799.17
A000642,C00394,Credit Card,2025-09-08,Active,7100,17.06,-671.05
A000643,C00395,Savings Account,2024-12-24,Active,0,1.88,0
A000644,C00395,Current Account,2025-10-03,Active,0,0.0,4060.2
A000645,C00396,Current Account,2021-08-13,Active,0,0.0,1058.25
A000646,C00397,Savings Account,2025-12-05,Active,0,1.96,19299.0
A000647,C00397,Current Account,2024-12-07,Active,0,0.0,2243.22
A000648,C00397,Credit Card,2024-08-14,Active,8900,20.21,-671.25
A000649,C00398,Savings Account,2025-09-19,Active,0,1.19,0
A000650,C00399,Current Account,2025-08-01,Active,0,0.0,2002.56
A000651,C00400,Savings Account,2026-04-16,Active,0,0.87,15608.55
A000652,C00401,Current Account,2026-01-07,Active,0,0.0,3029.68
A000653,C00401,Credit Card,2026-05-10,Active,8300,17.79,-637.9
A000654,C00402,Current Account,2021-10-01,Active,0,0.0,64.8
A000655,C00403,Current Account,2024-05-03,Active,0,0.0,1173.28
A000656,C00403,Savings Account,2024-01-26,Active,0,0.84,14698.53
A000657,C00404,Current Account,2024-05-13,Active,0,0.0,6674.75
A000658,C00404,Savings Account,2025-07-22,Active,0,1.71,18568.68
A000659,C00405,Current Account,2026-01-15,Active,0,0.0,9481.56
A000660,C00405,Credit Card,2025-10-13,Active,9100,18.31,-867.58
A000661,C00406,Current Account,2023-08-20,Active,0,0.0,6514.58
A000662,C00407,Current Account,2025-06-23,Active,0,0.0,4617.57
A000663,C00407,Savings Account,2025-12-06,Active,0,0.98,13211.18
A000664,C00407,Credit Card,2026-03-13,Active,6100,19.77,-8.08
A000665,C00408,Current Account,2024-04-24,Active,0,0.0,3511.93
A000666,C00408,Credit Card,2025-06-16,Active,12500,18.32,-4619.98
A000667,C00409,Current Account,2024-12-24,Active,0,0.0,2490.05
A000668,C00409,Savings Account,2026-05-05,Active,0,1.4,33779.5
A000669,C00410,Current Account,2020-06-13,Active,0,0.0,3950.59
A000670,C00410,Savings Account,2024-02-06,Active,0,1.23,2395.92
A000671,C00411,Current Account,2025-12-11,Active,0,0.0,6825.17
A000672,C00412,Current Account,2024-10-04,Dormant,0,0.0,2847.65
A000673,C00413,Current Account,2023-05-19,Active,0,0.0,9056.5
A000674,C00414,Savings Account,2023-12-13,Active,0,2.01,14940.65
A000675,C00415,Savings Account,2026-08-01,Active,0,1.29,0
A000676,C00415,Credit Card,2026-07-27,Active,3400,17.37,-994.22
A000677,C00416,Current Account,2026-03-07,Active,0,0.0,1032.68
A000678,C00416,Credit Card,2025-11-25,Active,2000,16.6,-489.31
A000679,C00417,Current Account,2026-08-01,Active,0,0.0,732.07
A000680,C00417,Savings Account,2026-04-17,Active,0,1.53,6418.99
A000681,C00417,Credit Card,2024-06-29,Active,2400,20.62,-396.37
A000682,C00418,Current Account,2026-01-22,Active,0,0.0,4431.2
A000683,C00418,Credit Card,2026-03-31,Active,3000,18.69,0
A000684,C00419,Current Account,2025-10-08,Active,0,0.0,3685.95
A000685,C00419,Credit Card,2025-10-28,Active,10000,21.34,-4551.45
A000686,C00420,Current Account,2024-12-25,Active,0,0.0,5506.66
A000687,C00421,Current Account,2026-02-02,Dormant,0,0.0,3805.65
A000688,C00422,Current Account,2023-07-18,Active,0,0.0,8054.51
A000689,C00422,Savings Account,2024-03-29,Active,0,2.03,24382.58
A000690,C00423,Savings Account,2020-07-10,Active,0,1.19,3257.7
A000691,C00424,Current Account,2026-07-02,Active,0,0.0,1437.69
A000692,C00424,Savings Account,2025-11-12,Active,0,1.82,7237.77
A000693,C00424,Credit Card,2026-06-29,Active,7000,15.97,0
A000694,C00425,Current Account,2026-02-14,Active,0,0.0,7333.75
A000695,C00425,Savings Account,2026-02-05,Active,0,1.39,32012.16
A000696,C00426,Savings Account,2026-05-30,Active,0,1.77,11466.8
A000697,C00426,Current Account,2026-06-10,Active,0,0.0,5180.86
A000698,C00427,Current Account,2021-11-27,Active,0,0.0,1562.97
A000699,C00427,Savings Account,2024-01-20,Active,0,1.12,0
A000700,C00428,Savings Account,2026-01-03,Active,0,1.19,27403.94
A000701,C00428,Current Account,2026-06-20,Active,0,0.0,3756.28
A000702,C00428,Credit Card,2025-03-23,Active,14600,18.32,-3622.22
A000703,C00429,Savings Account,2024-10-08,Active,0,1.48,5127.39
A000704,C00430,Current Account,2026-05-01,Active,0,0.0,-500
A000705,C00430,Credit Card,2025-11-07,Active,15000,19.54,-521.88
A000706,C00431,Current Account,2025-11-07,Active,0,0.0,-3.44
A000707,C00431,Credit Card,2023-09-16,Active,5300,18.44,-1714.71
A000708,C00432,Current Account,2023-08-02,Active,0,0.0,3585.58
A000709,C00432,Savings Account,2024-03-12,Active,0,1.63,19490.52
A000710,C00433,Current Account,2026-05-05,Active,0,0.0,117.25
A000711,C00434,Savings Account,2023-11-13,Active,0,0.85,5741.4
A000712,C00435,Current Account,2026-06-11,Active,0,0.0,2671.22
A000713,C00435,Savings Account,2022-03-26,Active,0,1.25,7772.12
A000714,C00436,Savings Account,2025-10-08,Active,0,1.15,19459.52
A000715,C00437,Current Account,2026-07-31,Active,0,0.0,3018.9
A000716,C00437,Savings Account,2026-07-29,Active,0,0.82,36751.38
A000717,C00438,Current Account,2024-11-10,Active,0,0.0,2114.27
A000718,C00438,Savings Account,2025-04-06,Active,0,0.98,3420.17
A000719,C00439,Savings Account,2026-01-18,Active,0,0.94,3498.02
A000720,C00440,Current Account,2023-11-27,Active,0,0.0,2673.02
A000721,C00440,Savings Account,2023-12-05,Active,0,1.69,29538.33
A000722,C00440,Credit Card,2023-09-01,Active,9100,17.3,-815.48
A000723,C00441,Current Account,2024-07-06,Active,0,0.0,2069.0
A000724,C00441,Savings Account,2024-07-29,Active,0,1.4,8037.51
A000725,C00442,Savings Account,2026-07-26,Active,0,0.86,4632.9
A000726,C00443,Current Account,2025-03-31,Active,0,0.0,3171.62
A000727,C00444,Savings Account,2026-07-07,Active,0,1.06,3787.49
A000728,C00445,Current Account,2026-05-04,Active,0,0.0,807.46
A000729,C00446,Current Account,2025-07-01,Active,0,0.0,99.71
A000730,C00447,Current Account,2025-12-29,Active,0,0.0,1574.2
A000731,C00447,Credit Card,2026-02-05,Active,10700,18.53,0
A000732,C00448,Savings Account,2025-06-03,Dormant,0,1.1,11203.79
A000733,C00448,Current Account,2024-07-11,Active,0,0.0,990.23
A000734,C00448,Credit Card,2024-12-21,Active,11600,19.36,-3219.06
A000735,C00449,Current Account,2025-10-17,Active,0,0.0,1405.66
A000736,C00449,Credit Card,2025-11-06,Active,4400,17.16,-55.2
A000737,C00450,Current Account,2024-11-05,Active,0,0.0,1125.78
A000738,C00451,Current Account,2022-02-04,Active,0,0.0,-169.93
A000739,C00451,Savings Account,2020-07-01,Dormant,0,1.04,12424.01
A000740,C00452,Savings Account,2021-09-25,Active,0,2.11,0
A000741,C00453,Savings Account,2024-03-18,Dormant,0,1.72,10399.23
A000742,C00454,Current Account,2024-08-15,Active,0,0.0,-94.66
A000743,C00455,Current Account,2023-07-25,Active,0,0.0,1349.13
A000744,C00456,Current Account,2023-10-10,Active,0,0.0,4848.95
A000745,C00457,Current Account,2023-12-23,Active,0,0.0,3124.75
A000746,C00457,Savings Account,2022-11-19,Active,0,2.18,9134.53
A000747,C00457,Credit Card,2023-02-14,Active,4300,21.63,-651.86
A000748,C00458,Current Account,2026-06-26,Dormant,0,0.0,3193.61
A000749,C00458,Savings Account,2025-07-22,Active,0,1.48,11985.13
A000750,C00459,Current Account,2025-01-18,Active,0,0.0,1502.85
A000751,C00460,Savings Account,2026-04-24,Active,0,2.01,23564.27
A000752,C00461,Savings Account,2025-12-27,Active,0,1.07,18571.45
A000753,C00461,Current Account,2026-05-18,Active,0,0.0,3798.58
A000754,C00462,Current Account,2025-04-01,Active,0,0.0,1504.38
A000755,C00462,Savings Account,2026-06-17,Active,0,2.04,5068.27
A000756,C00463,Current Account,2026-04-22,Active,0,0.0,4030.03
A000757,C00464,Savings Account,2025-04-07,Active,0,1.02,7039.59
A000758,C00465,Current Account,2024-12-11,Dormant,0,0.0,1520.18
A000759,C00466,Current Account,2025-11-24,Active,0,0.0,1388.7
A000760,C00467,Current Account,2023-05-27,Active,0,0.0,3217.83
A000761,C00468,Current Account,2022-04-05,Active,0,0.0,3916.56
A000762,C00469,Savings Account,2026-06-03,Active,0,1.93,31282.7
A000763,C00469,Current Account,2025-12-13,Active,0,0.0,1280.65
A000764,C00469,Credit Card,2025-01-25,Active,10600,19.76,-900.64
A000765,C00470,Savings Account,2025-04-02,Active,0,2.0,7261.52
A000766,C00471,Savings Account,2024-01-25,Active,0,0.89,0
A000767,C00471,Current Account,2024-10-05,Closed,0,0.0,2529.01
A000768,C00471,Credit Card,2026-01-30,Active,7700,19.74,-1680.37
A000769,C00472,Current Account,2022-09-14,Active,0,0.0,915.32
A000770,C00472,Credit Card,2023-04-04,Active,6300,20.42,-828.48
A000771,C00473,Savings Account,2021-12-06,Active,0,1.2,17446.32
A000772,C00473,Current Account,2026-01-05,Active,0,0.0,3498.68
A000773,C00474,Current Account,2022-11-12,Active,0,0.0,10246.99
A000774,C00474,Savings Account,2026-06-27,Active,0,1.76,27869.87
A000775,C00475,Current Account,2024-07-15,Active,0,0.0,832.74
A000776,C00475,Savings Account,2025-01-12,Active,0,1.79,6366.23
A000777,C00476,Current Account,2021-09-20,Active,0,0.0,1913.23
A000778,C00477,Current Account,2025-01-14,Dormant,0,0.0,4712.73
A000779,C00477,Savings Account,2024-08-23,Active,0,1.8,31561.49
A000780,C00478,Current Account,2025-09-26,Active,0,0.0,5396.08
A000781,C00479,Current Account,2026-07-28,Active,0,0.0,1227.61
A000782,C00479,Savings Account,2026-07-26,Active,0,1.1,6436.1
A000783,C00480,Current Account,2026-07-19,Active,0,0.0,11245.26
A000784,C00481,Savings Account,2022-07-03,Active,0,1.11,8557.18
A000785,C00481,Credit Card,2022-09-25,Active,2500,21.73,-1051.27
A000786,C00482,Savings Account,2025-12-16,Active,0,0.89,6118.03
A000787,C00483,Current Account,2023-08-20,Active,0,0.0,1754.96
A000788,C00483,Savings Account,2025-08-22,Active,0,1.51,5467.44
A000789,C00483,Credit Card,2023-07-14,Active,3300,21.12,-958.78
A000790,C00484,Current Account,2024-04-19,Active,0,0.0,2678.0
A000791,C00484,Savings Account,2025-10-21,Active,0,2.09,4691.74
A000792,C00485,Current Account,2024-11-01,Active,0,0.0,4180.1
A000793,C00485,Credit Card,2023-04-06,Active,7300,19.06,-142.93
A000794,C00486,Current Account,2025-04-13,Active,0,0.0,4557.76
A000795,C00486,Savings Account,2026-03-08,Active,0,2.04,36569.17
A000796,C00487,Current Account,2026-05-31,Active,0,0.0,3150.39
A000797,C00487,Savings Account,2025-10-24,Active,0,2.16,5397.68
A000798,C00488,Current Account,2025-11-10,Active,0,0.0,2066.82
A000799,C00488,Savings Account,2024-09-13,Active,0,1.53,8880.13
A000800,C00488,Credit Card,2025-11-28,Active,7700,17.7,-285.84
A000801,C00489,Current Account,2024-07-29,Active,0,0.0,6814.4
A000802,C00489,Savings Account,2021-10-29,Active,0,2.16,19231.82
A000803,C00490,Current Account,2026-04-10,Active,0,0.0,3289.13
A000804,C00490,Savings Account,2024-05-06,Active,0,2.17,21301.96
A000805,C00490,Credit Card,2021-07-29,Active,9000,16.68,-2700.09
A000806,C00491,Savings Account,2021-10-09,Active,0,2.07,2933.25
A000807,C00492,Savings Account,2026-03-07,Active,0,1.5,29880.89
A000808,C00492,Current Account,2025-02-24,Active,0,0.0,-500
A000809,C00493,Current Account,2026-01-31,Active,0,0.0,4793.47
A000810,C00493,Savings Account,2025-02-17,Active,0,2.06,608.75
A000811,C00494,Current Account,2023-12-09,Active,0,0.0,1129.6
A000812,C00495,Current Account,2026-04-22,Active,0,0.0,1296.41
A000813,C00496,Savings Account,2026-04-13,Active,0,1.63,27671.72
A000814,C00497,Savings Account,2025-03-04,Active,0,2.16,0
A000815,C00497,Current Account,2025-07-22,Active,0,0.0,1566.22
A000816,C00497,Credit Card,2025-10-05,Dormant,12200,21.16,-2924.7
A000817,C00498,Savings Account,2026-07-17,Active,0,0.98,15055.85
A000818,C00499,Savings Account,2026-01-01,Active,0,1.56,11780.26
A000819,C00499,Credit Card,2023-08-13,Active,5100,16.31,-877.8
A000820,C00500,Current Account,2024-07-18,Active,0,0.0,1375.19
A000821,C00501,Current Account,2023-01-14,Active,0,0.0,6691.84
A000822,C00502,Current Account,2026-07-14,Active,0,0.0,1197.1
A000823,C00502,Credit Card,2026-07-26,Active,7000,16.79,-1285.22
A000824,C00503,Savings Account,2026-03-02,Closed,0,1.1,34886.95
A000825,C00503,Credit Card,2022-08-08,Active,6300,17.31,0
A000826,C00504,Savings Account,2025-12-21,Active,0,0.83,3873.99
A000827,C00504,Current Account,2023-06-17,Active,0,0.0,489.2
A000828,C00505,Current Account,2021-04-06,Active,0,0.0,3136.36
A000829,C00505,Savings Account,2022-09-27,Active,0,1.69,11224.65
A000830,C00505,Credit Card,2020-08-15,Active,7800,20.6,-419.85
A000831,C00506,Savings Account,2024-12-05,Active,0,1.06,12068.73
A000832,C00507,Current Account,2024-05-28,Active,0,0.0,3461.07
A000833,C00507,Credit Card,2021-08-13,Active,4100,20.43,-842.62
A000834,C00508,Current Account,2026-04-30,Active,0,0.0,3078.4
A000835,C00509,Savings Account,2025-09-13,Active,0,1.13,11717.19
A000836,C00509,Credit Card,2026-04-03,Dormant,6700,19.59,-2812.0
A000837,C00510,Current Account,2025-11-30,Active,0,0.0,1114.61
A000838,C00511,Savings Account,2023-01-02,Active,0,1.16,20812.79
A000839,C00512,Savings Account,2025-12-18,Active,0,1.56,7568.79
A000840,C00513,Current Account,2025-05-05,Active,0,0.0,7434.42
A000841,C00514,Current Account,2025-03-06,Active,0,0.0,-500
A000842,C00514,Savings Account,2026-03-19,Active,0,0.9,9143.11
A000843,C00514,Credit Card,2025-08-27,Active,3200,17.54,-1894.11
A000844,C00515,Current Account,2025-10-18,Active,0,0.0,2706.07
A000845,C00516,Savings Account,2025-01-30,Active,0,1.55,9195.47
A000846,C00517,Current Account,2026-06-20,Active,0,0.0,2043.18
A000847,C00518,Current Account,2022-11-01,Dormant,0,0.0,3983.08
A000848,C00519,Current Account,2021-01-16,Active,0,0.0,2274.41
A000849,C00519,Savings Account,2020-07-20,Active,0,2.0,4632.5
A000850,C00520,Savings Account,2025-03-25,Active,0,1.69,25410.5
A000851,C00520,Credit Card,2023-12-19,Active,9900,19.25,-540.93
A000852,C00521,Current Account,2026-06-28,Dormant,0,0.0,2506.71
A000853,C00522,Current Account,2022-05-08,Active,0,0.0,827.78
A000854,C00523,Savings Account,2026-06-01,Active,0,1.54,3445.51
A000855,C00524,Savings Account,2026-05-22,Active,0,1.57,15304.79
A000856,C00525,Current Account,2024-05-17,Active,0,0.0,3112.33
A000857,C00526,Savings Account,2022-10-31,Active,0,1.07,2814.56
A000858,C00526,Current Account,2020-08-19,Active,0,0.0,5222.34
A000859,C00527,Savings Account,2022-09-04,Active,0,2.18,7614.49
A000860,C00527,Current Account,2021-10-31,Active,0,0.0,4330.91
A000861,C00527,Credit Card,2024-04-05,Active,9400,17.39,-1110.59
A000862,C00528,Current Account,2026-06-30,Active,0,0.0,4114.23
A000863,C00528,Savings Account,2026-06-30,Active,0,1.21,19627.65
A000864,C00529,Savings Account,2025-08-14,Active,0,0.92,15025.41
A000865,C00529,Current Account,2024-07-22,Active,0,0.0,3357.7
A000866,C00530,Current Account,2022-12-04,Active,0,0.0,2466.77
A000867,C00530,Credit Card,2022-10-12,Active,4100,18.21,0
A000868,C00531,Current Account,2026-07-29,Active,0,0.0,-500
A000869,C00531,Savings Account,2026-07-28,Active,0,1.07,1295.92
A000870,C00532,Current Account,2025-08-05,Active,0,0.0,1831.83
A000871,C00533,Current Account,2025-03-23,Active,0,0.0,2292.68
A000872,C00534,Savings Account,2023-10-27,Active,0,2.12,8487.93
A000873,C00534,Current Account,2025-05-25,Active,0,0.0,1998.63
A000874,C00535,Savings Account,2024-07-31,Active,0,1.67,8856.02
A000875,C00536,Savings Account,2026-07-23,Active,0,2.05,0
A000876,C00536,Current Account,2023-12-19,Active,0,0.0,7282.33
A000877,C00537,Savings Account,2024-09-27,Active,0,1.77,0
A000878,C00537,Credit Card,2025-03-18,Active,5500,19.75,-867.77
A000879,C00538,Savings Account,2024-07-22,Active,0,2.09,29066.65
A000880,C00538,Credit Card,2026-08-01,Active,9500,20.21,-3383.47
A000881,C00539,Current Account,2024-09-18,Active,0,0.0,3109.54
A000882,C00539,Credit Card,2024-10-08,Active,3300,18.3,-807.98
A000883,C00540,Current Account,2026-04-11,Closed,0,0.0,2428.23
A000884,C00540,Credit Card,2024-04-01,Active,9600,17.21,-5257.68
A000885,C00541,Current Account,2025-11-14,Active,0,0.0,2881.84
A000886,C00541,Credit Card,2025-06-26,Active,7800,15.83,0
A000887,C00542,Savings Account,2022-06-09,Active,0,1.49,567.92
A000888,C00543,Current Account,2022-01-07,Active,0,0.0,3513.65
A000889,C00544,Savings Account,2026-03-16,Active,0,1.45,4430.3
A000890,C00545,Current Account,2025-09-12,Active,0,0.0,1346.22
A000891,C00546,Savings Account,2026-07-05,Active,0,1.18,0
A000892,C00546,Current Account,2026-05-21,Active,0,0.0,4978.23
A000893,C00546,Credit Card,2026-05-30,Active,13100,18.89,-6713.41
A000894,C00547,Current Account,2023-03-14,Active,0,0.0,2484.68
A000895,C00548,Current Account,2024-03-21,Active,0,0.0,2408.98
A000896,C00548,Savings Account,2025-05-24,Active,0,0.98,5471.41
A000897,C00549,Current Account,2023-10-09,Active,0,0.0,1298.68
A000898,C00549,Savings Account,2023-06-06,Active,0,1.59,0
A000899,C00550,Current Account,2021-09-18,Active,0,0.0,1502.26
A000900,C00551,Savings Account,2024-02-09,Active,0,2.08,0
A000901,C00551,Current Account,2024-10-10,Active,0,0.0,1590.07
A000902,C00552,Current Account,2026-01-28,Active,0,0.0,5469.76
A000903,C00552,Savings Account,2025-06-24,Active,0,2.11,1142.54
A000904,C00553,Savings Account,2025-05-07,Active,0,1.66,19996.85
A000905,C00553,Current Account,2023-11-11,Active,0,0.0,-442.81
A000906,C00554,Current Account,2026-03-18,Active,0,0.0,3327.67
A000907,C00555,Current Account,2024-03-29,Active,0,0.0,3545.12
A000908,C00555,Savings Account,2024-08-17,Active,0,1.18,11437.06
A000909,C00556,Current Account,2026-06-28,Active,0,0.0,1464.55
A000910,C00556,Savings Account,2025-10-05,Active,0,0.96,6203.59
A000911,C00557,Savings Account,2026-04-18,Dormant,0,1.44,5788.59
A000912,C00558,Savings Account,2025-12-17,Active,0,1.05,5867.35
A000913,C00558,Credit Card,2025-08-15,Active,3300,16.08,-76.86
A000914,C00559,Current Account,2021-12-09,Active,0,0.0,1410.61
A000915,C00559,Savings Account,2022-02-12,Active,0,0.93,0
A000916,C00560,Current Account,2026-06-12,Active,0,0.0,545.08
A000917,C00561,Current Account,2025-11-24,Active,0,0.0,3381.75
A000918,C00561,Savings Account,2023-06-30,Active,0,1.46,1610.3
A000919,C00562,Current Account,2026-06-08,Dormant,0,0.0,2955.95
A000920,C00562,Savings Account,2021-04-21,Active,0,1.88,0
A000921,C00563,Current Account,2021-03-26,Active,0,0.0,2645.25
A000922,C00564,Current Account,2022-07-08,Active,0,0.0,998.92
A000923,C00564,Savings Account,2025-03-12,Active,0,1.48,5288.39
A000924,C00565,Savings Account,2022-01-03,Active,0,1.93,0
A000925,C00565,Current Account,2020-08-22,Active,0,0.0,2610.84
A000926,C00566,Savings Account,2026-04-22,Active,0,1.9,13258.35
A000927,C00566,Current Account,2026-06-16,Active,0,0.0,1552.24
A000928,C00566,Credit Card,2026-07-09,Active,10500,20.26,-3602.18
A000929,C00567,Current Account,2025-06-11,Dormant,0,0.0,-412.74
A000930,C00568,Current Account,2020-11-18,Active,0,0.0,3589.34
A000931,C00569,Savings Account,2026-07-19,Active,0,2.09,27451.13
A000932,C00570,Current Account,2022-08-14,Active,0,0.0,1174.87
A000933,C00570,Credit Card,2021-11-22,Active,4800,21.73,0
A000934,C00571,Current Account,2024-01-29,Dormant,0,0.0,735.41
A000935,C00571,Savings Account,2026-02-16,Closed,0,1.55,5939.57
A000936,C00572,Savings Account,2023-08-25,Active,0,1.67,3516.2
A000937,C00572,Current Account,2024-07-30,Active,0,0.0,8544.99
A000938,C00573,Savings Account,2024-09-28,Active,0,1.93,0
A000939,C00573,Current Account,2025-07-20,Active,0,0.0,3644.65
A000940,C00574,Current Account,2025-09-18,Dormant,0,0.0,4270.41
A000941,C00575,Current Account,2023-09-08,Active,0,0.0,4226.19
A000942,C00575,Savings Account,2024-11-06,Active,0,1.06,6358.83
A000943,C00576,Savings Account,2025-11-24,Dormant,0,1.86,5897.56
A000944,C00576,Current Account,2026-01-25,Active,0,0.0,2887.87
A000945,C00577,Current Account,2023-12-30,Active,0,0.0,3347.56
A000946,C00577,Savings Account,2025-12-01,Active,0,0.8,29566.11
A000947,C00578,Current Account,2025-06-28,Active,0,0.0,1637.72
A000948,C00578,Savings Account,2024-12-10,Active,0,1.88,0
A000949,C00579,Current Account,2026-05-09,Active,0,0.0,3839.97
A000950,C00579,Savings Account,2026-04-11,Active,0,1.98,19235.3
A000951,C00579,Credit Card,2026-01-06,Active,9200,21.23,-2279.32
A000952,C00580,Savings Account,2026-07-29,Closed,0,0.88,15030.43
A000953,C00581,Current Account,2026-05-31,Active,0,0.0,2858.48
A000954,C00581,Savings Account,2023-10-27,Active,0,0.82,7327.82
A000955,C00582,Current Account,2026-02-04,Active,0,0.0,3634.14
A000956,C00583,Current Account,2023-10-05,Active,0,0.0,1446.69
A000957,C00583,Credit Card,2023-04-24,Active,3400,16.43,-429.26
A000958,C00584,Current Account,2026-07-30,Active,0,0.0,-500
A000959,C00584,Savings Account,2026-02-02,Active,0,0.81,8347.24
A000960,C00585,Current Account,2023-12-16,Active,0,0.0,1418.72
A000961,C00586,Savings Account,2026-03-27,Active,0,1.16,20415.62
A000962,C00587,Current Account,2026-01-08,Active,0,0.0,6699.01
A000963,C00587,Credit Card,2024-11-12,Active,4900,17.19,-1023.43
A000964,C00588,Current Account,2026-06-25,Dormant,0,0.0,2348.13
A000965,C00589,Savings Account,2025-01-13,Active,0,1.7,13914.54
A000966,C00590,Current Account,2023-05-20,Active,0,0.0,1025.2
A000967,C00591,Savings Account,2023-07-17,Active,0,1.18,3967.76
A000968,C00592,Current Account,2023-08-08,Active,0,0.0,3547.52
A000969,C00592,Credit Card,2025-01-23,Active,4900,16.64,-1379.26
A000970,C00593,Current Account,2024-12-29,Active,0,0.0,2039.23
A000971,C00593,Savings Account,2026-07-17,Closed,0,2.14,5441.84
A000972,C00594,Savings Account,2024-05-14,Active,0,1.92,20666.33
A000973,C00595,Current Account,2026-05-19,Active,0,0.0,2752.22
A000974,C00595,Savings Account,2024-08-26,Active,0,1.67,17103.56
A000975,C00596,Savings Account,2026-04-10,Closed,0,1.41,16585.11
A000976,C00596,Credit Card,2026-01-26,Active,10200,19.0,-3593.57
A000977,C00597,Savings Account,2025-09-24,Dormant,0,1.67,5221.14
A000978,C00598,Savings Account,2025-02-28,Active,0,1.75,6806.28
A000979,C00598,Credit Card,2026-01-27,Active,5100,17.77,-733.23
A000980,C00599,Savings Account,2025-09-18,Dormant,0,2.04,20945.16
A000981,C00599,Credit Card,2022-01-18,Active,6800,19.83,-700.35
A000982,C00600,Current Account,2021-01-21,Active,0,0.0,4701.26
A000983,C00600,Credit Card,2025-08-02,Active,7900,16.67,-2549.04
A000984,C00601,Current Account,2025-05-01,Active,0,0.0,2813.49
A000985,C00601,Savings Account,2023-05-11,Active,0,0.99,13932.32
A000986,C00602,Current Account,2022-12-11,Active,0,0.0,59.11
A000987,C00603,Current Account,2024-07-08,Closed,0,0.0,5217.09
A000988,C00603,Credit Card,2022-10-18,Active,6800,17.85,-978.49
A000989,C00604,Current Account,2022-09-21,Active,0,0.0,30.41
A000990,C00604,Savings Account,2025-08-17,Active,0,0.85,8892.6
A000991,C00605,Current Account,2026-07-20,Closed,0,0.0,5588.22
A000992,C00606,Savings Account,2023-09-10,Active,0,1.75,5087.97
A000993,C00606,Credit Card,2022-11-09,Active,2300,19.37,-742.06
A000994,C00607,Current Account,2025-02-22,Active,0,0.0,746.17
A000995,C00607,Savings Account,2025-06-26,Active,0,0.88,17132.49
A000996,C00607,Credit Card,2025-06-06,Active,10700,16.41,-3895.66
A000997,C00608,Current Account,2022-02-24,Dormant,0,0.0,1835.64
A000998,C00609,Current Account,2025-09-01,Dormant,0,0.0,3374.48
A000999,C00610,Current Account,2026-01-24,Active,0,0.0,4406.72
A001000,C00610,Savings Account,2025-11-14,Closed,0,1.8,25763.58
A001001,C00611,Current Account,2024-08-08,Active,0,0.0,-416.29
A001002,C00612,Current Account,2025-02-09,Active,0,0.0,120.08
A001003,C00612,Savings Account,2025-02-03,Active,0,1.26,1720.24
A001004,C00613,Savings Account,2025-05-23,Active,0,1.34,890.82
A001005,C00614,Current Account,2025-03-02,Active,0,0.0,746.16
A001006,C00615,Current Account,2022-04-23,Active,0,0.0,3793.46
A001007,C00615,Savings Account,2022-08-27,Active,0,1.08,18837.5
A001008,C00616,Savings Account,2023-10-21,Dormant,0,1.96,21456.91
A001009,C00616,Credit Card,2026-05-27,Active,7300,18.7,-2504.37
A001010,C00617,Savings Account,2026-03-03,Active,0,2.16,11851.95
A001011,C00618,Savings Account,2023-10-30,Dormant,0,1.12,13383.18
A001012,C00619,Current Account,2021-07-24,Active,0,0.0,5687.45
A001013,C00620,Current Account,2026-07-29,Active,0,0.0,7434.28
A001014,C00620,Savings Account,2026-07-31,Active,0,2.15,19287.7
A001015,C00620,Credit Card,2026-07-31,Active,15000,21.38,-425.11
A001016,C00621,Current Account,2023-01-23,Active,0,0.0,4097.86
A001017,C00621,Credit Card,2024-06-02,Active,9600,15.56,-1288.08
A001018,C00622,Current Account,2026-07-17,Active,0,0.0,1428.46
A001019,C00623,Current Account,2026-04-11,Closed,0,0.0,3849.74
A001020,C00624,Current Account,2024-05-15,Active,0,0.0,2580.42
A001021,C00624,Credit Card,2024-01-13,Active,4300,17.59,-626.83
A001022,C00625,Current Account,2023-02-10,Active,0,0.0,2669.44
A001023,C00625,Credit Card,2023-08-07,Active,9600,18.69,0
A001024,C00626,Savings Account,2026-05-29,Active,0,1.38,0
A001025,C00626,Credit Card,2025-05-20,Active,14900,17.94,-1272.48
A001026,C00627,Current Account,2022-10-06,Active,0,0.0,681.34
A001027,C00627,Savings Account,2024-05-04,Active,0,1.92,25971.64
A001028,C00627,Credit Card,2026-04-04,Active,4300,21.72,-1111.73
A001029,C00628,Current Account,2026-07-26,Active,0,0.0,5431.82
A001030,C00628,Savings Account,2026-06-08,Active,0,1.98,10332.08
A001031,C00629,Savings Account,2022-09-20,Closed,0,1.96,33111.05
A001032,C00630,Current Account,2024-01-26,Active,0,0.0,4543.06
A001033,C00631,Current Account,2026-06-23,Active,0,0.0,1376.07
A001034,C00631,Savings Account,2025-11-13,Active,0,1.28,9993.65
A001035,C00631,Credit Card,2025-11-29,Active,2800,17.7,-923.24
A001036,C00632,Current Account,2026-02-15,Active,0,0.0,7783.93
A001037,C00632,Savings Account,2025-02-21,Active,0,0.9,35248.75
A001038,C00633,Current Account,2020-05-04,Dormant,0,0.0,2318.42
A001039,C00634,Current Account,2021-07-15,Dormant,0,0.0,237.79
A001040,C00634,Savings Account,2023-03-22,Active,0,1.57,8899.96
A001041,C00635,Savings Account,2023-06-17,Active,0,1.61,0
A001042,C00636,Current Account,2020-03-22,Active,0,0.0,-500
A001043,C00636,Savings Account,2024-11-02,Active,0,1.28,8762.09
A001044,C00636,Credit Card,2021-02-24,Active,4200,21.4,-307.59
A001045,C00637,Current Account,2024-11-25,Active,0,0.0,7734.38
A001046,C00637,Savings Account,2025-08-02,Active,0,0.85,34038.98
A001047,C00638,Current Account,2020-07-29,Active,0,0.0,2702.81
A001048,C00639,Current Account,2021-12-30,Active,0,0.0,3165.76
A001049,C00639,Credit Card,2025-05-20,Active,12800,16.22,-1929.42
A001050,C00640,Savings Account,2026-03-30,Active,0,0.88,20135.58
A001051,C00640,Current Account,2020-02-26,Dormant,0,0.0,4458.04
A001052,C00641,Current Account,2024-11-30,Active,0,0.0,-465.71
A001053,C00642,Current Account,2026-06-30,Active,0,0.0,5462.96
A001054,C00642,Savings Account,2026-04-02,Dormant,0,0.88,2038.44
A001055,C00643,Savings Account,2025-03-23,Active,0,1.32,2831.31
A001056,C00643,Current Account,2026-04-19,Active,0,0.0,1083.59
A001057,C00643,Credit Card,2025-11-12,Active,2600,19.01,0
A001058,C00644,Current Account,2026-06-11,Active,0,0.0,3632.31
A001059,C00645,Savings Account,2026-01-20,Active,0,1.73,43847.05
A001060,C00645,Current Account,2026-05-22,Active,0,0.0,8313.35
A001061,C00645,Credit Card,2026-03-23,Active,10400,16.95,-2999.2
A001062,C00646,Current Account,2026-01-28,Active,0,0.0,1229.69
A001063,C00647,Current Account,2026-04-25,Active,0,0.0,2555.1
A001064,C00647,Savings Account,2024-01-22,Closed,0,0.81,24361.74
A001065,C00648,Current Account,2026-02-19,Active,0,0.0,5925.66
A001066,C00648,Savings Account,2026-01-06,Active,0,1.78,33627.68
A001067,C00648,Credit Card,2025-08-10,Active,9000,19.76,-2008.37
A001068,C00649,Current Account,2023-10-08,Active,0,0.0,2702.17
A001069,C00650,Current Account,2023-05-08,Active,0,0.0,2528.26
A001070,C00650,Savings Account,2022-12-10,Active,0,1.93,14664.87
A001071,C00651,Savings Account,2025-11-05,Active,0,1.26,17362.73
A001072,C00652,Current Account,2023-08-04,Active,0,0.0,3154.75
A001073,C00653,Current Account,2023-02-05,Active,0,0.0,1961.7
A001074,C00653,Credit Card,2023-10-16,Active,5200,16.59,-1339.92
A001075,C00654,Current Account,2024-03-09,Active,0,0.0,4196.32
A001076,C00654,Savings Account,2021-06-09,Active,0,0.86,28630.46
A001077,C00655,Current Account,2024-11-24,Active,0,0.0,2439.37
A001078,C00656,Current Account,2024-06-08,Active,0,0.0,-500
A001079,C00657,Current Account,2025-02-22,Active,0,0.0,181.44
A001080,C00658,Savings Account,2022-08-28,Active,0,1.14,13232.2
A001081,C00659,Current Account,2025-09-16,Active,0,0.0,854.34
A001082,C00659,Savings Account,2023-03-07,Active,0,0.99,739.43
A001083,C00660,Current Account,2025-07-07,Active,0,0.0,1483.39
A001084,C00661,Savings Account,2024-02-24,Active,0,2.19,16074.98
A001085,C00661,Credit Card,2023-08-09,Active,4400,19.04,-830.87
A001086,C00662,Current Account,2022-03-09,Active,0,0.0,7093.83
A001087,C00663,Savings Account,2025-10-27,Active,0,1.0,14912.17
A001088,C00663,Current Account,2025-02-26,Active,0,0.0,1508.07
A001089,C00664,Savings Account,2025-06-14,Closed,0,2.05,10663.29
A001090,C00664,Current Account,2024-03-20,Active,0,0.0,3926.88
A001091,C00664,Credit Card,2026-05-01,Active,7800,21.32,-2526.71
A001092,C00665,Savings Account,2022-10-24,Dormant,0,0.86,15702.17
A001093,C00666,Current Account,2024-10-08,Active,0,0.0,2350.56
A001094,C00666,Savings Account,2021-04-01,Active,0,1.33,25004.45
A001095,C00667,Savings Account,2024-05-08,Active,0,2.0,0
A001096,C00667,Current Account,2026-05-14,Active,0,0.0,3405.48
A001097,C00668,Savings Account,2024-06-12,Active,0,2.15,39032.14
A001098,C00669,Current Account,2024-01-20,Active,0,0.0,3141.6
A001099,C00670,Current Account,2025-05-20,Active,0,0.0,3616.82
A001100,C00670,Credit Card,2023-01-17,Active,7300,17.29,-2212.82
A001101,C00671,Current Account,2025-01-07,Active,0,0.0,2719.33
A001102,C00671,Credit Card,2024-12-09,Active,12300,20.58,-5289.85
A001103,C00672,Current Account,2024-08-02,Active,0,0.0,2680.72
A001104,C00673,Current Account,2026-07-10,Active,0,0.0,2630.52
A001105,C00674,Current Account,2024-03-02,Active,0,0.0,4035.44
A001106,C00674,Savings Account,2026-06-03,Closed,0,1.17,4891.82
A001107,C00675,Savings Account,2026-07-23,Dormant,0,0.85,10890.8
A001108,C00676,Savings Account,2024-10-06,Active,0,1.0,8669.07
A001109,C00676,Credit Card,2023-02-07,Active,8200,20.45,-1485.24
A001110,C00677,Savings Account,2022-11-17,Active,0,1.55,21420.41
A001111,C00678,Current Account,2025-11-02,Active,0,0.0,2582.48
A001112,C00678,Savings Account,2025-08-26,Closed,0,2.04,0
A001113,C00679,Current Account,2021-08-30,Active,0,0.0,1519.79
A001114,C00680,Current Account,2020-10-05,Active,0,0.0,3338.49
A001115,C00680,Credit Card,2021-03-13,Active,4900,17.39,-2094.1
A001116,C00681,Savings Account,2026-01-03,Active,0,1.3,11865.61
A001117,C00681,Credit Card,2025-12-02,Active,5600,20.08,-2598.22
A001118,C00682,Current Account,2024-02-11,Active,0,0.0,4731.14
A001119,C00682,Savings Account,2023-07-12,Active,0,1.02,2683.52
A001120,C00683,Current Account,2026-02-18,Active,0,0.0,16521.64
A001121,C00683,Savings Account,2025-09-28,Active,0,1.34,32434.8
A001122,C00683,Credit Card,2026-03-15,Active,13400,19.85,-4799.44
A001123,C00684,Current Account,2026-06-16,Active,0,0.0,1249.68
A001124,C00684,Credit Card,2026-07-06,Active,2400,16.05,-455.52
A001125,C00685,Savings Account,2020-03-16,Active,0,1.8,0
A001126,C00686,Current Account,2026-05-13,Active,0,0.0,263.3
A001127,C00686,Savings Account,2026-06-13,Active,0,1.19,16769.21
A001128,C00687,Current Account,2024-08-20,Active,0,0.0,5541.04
A001129,C00688,Current Account,2026-05-26,Active,0,0.0,6865.32
A001130,C00689,Savings Account,2023-07-29,Active,0,1.78,6651.01
A001131,C00690,Current Account,2022-06-17,Active,0,0.0,2053.75
A001132,C00690,Savings Account,2022-07-01,Active,0,1.49,6156.39
A001133,C00691,Savings Account,2026-06-29,Active,0,1.43,5482.1
A001134,C00692,Current Account,2023-09-28,Active,0,0.0,698.38
A001135,C00692,Savings Account,2024-04-04,Closed,0,0.99,0
A001136,C00692,Credit Card,2024-10-28,Active,6300,15.71,-683.07
A001137,C00693,Current Account,2026-06-10,Active,0,0.0,3209.91
A001138,C00694,Current Account,2026-03-07,Active,0,0.0,-316.67
A001139,C00695,Current Account,2026-02-21,Active,0,0.0,2943.51
A001140,C00696,Current Account,2026-03-28,Active,0,0.0,7037.14
A001141,C00697,Current Account,2025-11-08,Active,0,0.0,2427.59
A001142,C00698,Current Account,2021-08-20,Active,0,0.0,1065.79
A001143,C00698,Credit Card,2025-01-29,Active,3600,19.11,-1010.14
A001144,C00699,Savings Account,2025-11-08,Active,0,1.4,7680.0
A001145,C00700,Current Account,2026-03-16,Active,0,0.0,2907.54
A001146,C00700,Savings Account,2026-07-10,Active,0,1.51,6290.47
A001147,C00700,Credit Card,2025-12-22,Active,2400,20.22,-771.46
A001148,C00701,Current Account,2026-05-20,Dormant,0,0.0,935.0
A001149,C00701,Credit Card,2026-01-20,Active,7700,17.9,0
A001150,C00702,Current Account,2023-02-17,Dormant,0,0.0,4374.47
A001151,C00703,Current Account,2023-11-18,Active,0,0.0,2615.51
A001152,C00703,Savings Account,2024-12-21,Active,0,1.61,6091.32
A001153,C00704,Savings Account,2021-09-22,Dormant,0,0.8,8687.21
A001154,C00704,Current Account,2021-06-12,Active,0,0.0,787.48
A001155,C00704,Credit Card,2025-10-16,Active,3000,21.03,-1005.01
A001156,C00705,Current Account,2025-04-29,Active,0,0.0,4139.0
A001157,C00706,Current Account,2024-07-30,Active,0,0.0,1765.19
A001158,C00707,Current Account,2023-08-28,Active,0,0.0,3891.79
A001159,C00707,Savings Account,2021-01-06,Active,0,1.17,24850.87
A001160,C00707,Credit Card,2021-09-04,Active,5300,18.69,-2265.11
A001161,C00708,Current Account,2022-12-15,Active,0,0.0,-416.56
A001162,C00708,Credit Card,2021-01-17,Active,6700,18.46,-873.7
A001163,C00709,Current Account,2025-12-20,Active,0,0.0,4513.98
A001164,C00709,Savings Account,2020-07-22,Active,0,1.69,6574.2
A001165,C00710,Savings Account,2026-04-10,Active,0,1.12,15883.79
A001166,C00711,Current Account,2024-05-29,Active,0,0.0,1671.67
A001167,C00711,Credit Card,2024-12-26,Active,5500,21.37,0
A001168,C00712,Current Account,2026-05-28,Active,0,0.0,4678.29
A001169,C00712,Savings Account,2026-02-12,Active,0,1.19,8039.97
A001170,C00713,Savings Account,2023-02-11,Active,0,1.58,14250.54
A001171,C00714,Current Account,2024-12-16,Active,0,0.0,-500
A001172,C00714,Savings Account,2025-03-22,Dormant,0,1.91,21343.8
A001173,C00715,Current Account,2022-08-05,Active,0,0.0,3083.69
A001174,C00715,Credit Card,2023-11-15,Active,4000,16.62,-1084.16
A001175,C00716,Savings Account,2022-07-11,Dormant,0,1.17,4744.58
A001176,C00716,Current Account,2022-04-01,Active,0,0.0,2202.18
A001177,C00717,Current Account,2025-10-22,Active,0,0.0,4159.73
A001178,C00718,Current Account,2025-01-18,Active,0,0.0,1375.32
A001179,C00719,Current Account,2026-01-15,Active,0,0.0,3300.69
A001180,C00720,Current Account,2022-09-17,Closed,0,0.0,190.64
A001181,C00721,Current Account,2026-02-10,Active,0,0.0,1927.46
A001182,C00722,Current Account,2023-03-06,Active,0,0.0,278.95
A001183,C00722,Savings Account,2023-06-24,Active,0,2.13,10414.11
A001184,C00722,Credit Card,2023-03-14,Active,3000,17.51,-670.91
A001185,C00723,Current Account,2026-07-26,Active,0,0.0,2957.39
A001186,C00723,Savings Account,2026-07-11,Active,0,1.86,8810.31
A001187,C00724,Current Account,2022-03-16,Active,0,0.0,2517.02
A001188,C00724,Savings Account,2022-07-18,Active,0,1.21,9351.7
A001189,C00725,Current Account,2024-08-17,Active,0,0.0,3238.73
A001190,C00725,Savings Account,2024-02-03,Active,0,1.88,10329.39
A001191,C00725,Credit Card,2026-07-12,Active,15000,17.43,-845.37
A001192,C00726,Current Account,2025-07-04,Closed,0,0.0,2319.11
A001193,C00727,Current Account,2021-12-15,Active,0,0.0,8076.58
A001194,C00728,Current Account,2026-06-27,Active,0,0.0,336.46
A001195,C00729,Savings Account,2025-06-08,Active,0,0.95,18175.41
A001196,C00729,Current Account,2024-03-25,Active,0,0.0,9859.78
A001197,C00729,Credit Card,2026-01-05,Dormant,9900,19.55,-1634.89
A001198,C00730,Current Account,2024-11-04,Active,0,0.0,2741.07
A001199,C00730,Savings Account,2026-03-10,Active,0,1.7,21880.09
A001200,C00731,Current Account,2026-07-24,Active,0,0.0,2398.91
A001201,C00731,Credit Card,2026-06-03,Active,8700,20.98,-1058.41
A001202,C00732,Current Account,2025-08-01,Active,0,0.0,1118.97
A001203,C00732,Savings Account,2023-06-14,Active,0,1.66,11574.24
A001204,C00733,Current Account,2023-10-31,Active,0,0.0,235.59
A001205,C00733,Savings Account,2025-11-17,Active,0,1.69,19147.69
A001206,C00734,Current Account,2024-12-18,Active,0,0.0,1321.66
A001207,C00734,Credit Card,2026-05-31,Active,11100,18.98,0
A001208,C00735,Current Account,2026-07-22,Dormant,0,0.0,1751.1
A001209,C00736,Current Account,2021-04-29,Active,0,0.0,2184.75
A001210,C00737,Savings Account,2026-04-15,Active,0,1.0,20232.82
A001211,C00737,Current Account,2026-05-13,Active,0,0.0,2735.17
A001212,C00738,Current Account,2025-01-26,Active,0,0.0,521.38
A001213,C00738,Savings Account,2026-01-07,Dormant,0,1.29,0
A001214,C00739,Current Account,2024-06-17,Active,0,0.0,4642.08
A001215,C00740,Current Account,2026-05-26,Closed,0,0.0,1437.73
A001216,C00741,Current Account,2025-02-04,Active,0,0.0,1782.35
A001217,C00742,Current Account,2024-11-22,Active,0,0.0,2847.51
A001218,C00742,Savings Account,2026-06-19,Active,0,0.9,20807.59
A001219,C00743,Current Account,2026-07-17,Active,0,0.0,2948.32
A001220,C00743,Savings Account,2026-07-29,Active,0,1.5,18521.76
A001221,C00744,Current Account,2022-11-13,Active,0,0.0,1259.17
A001222,C00745,Current Account,2026-02-12,Active,0,0.0,5651.4
A001223,C00746,Savings Account,2026-05-30,Active,0,1.49,0
A001224,C00747,Current Account,2024-06-20,Active,0,0.0,3098.11
A001225,C00747,Savings Account,2022-05-17,Active,0,1.73,0
A001226,C00747,Credit Card,2022-01-12,Dormant,9000,18.0,0
A001227,C00748,Savings Account,2026-02-01,Active,0,0.8,12487.24
A001228,C00748,Credit Card,2024-05-07,Active,3800,19.24,-1055.86
A001229,C00749,Savings Account,2026-07-13,Active,0,1.37,44243.79
A001230,C00750,Current Account,2024-05-06,Active,0,0.0,1641.6
A001231,C00751,Current Account,2021-08-16,Active,0,0.0,-500
A001232,C00751,Savings Account,2022-03-24,Active,0,1.92,5202.06
A001233,C00752,Current Account,2026-03-22,Active,0,0.0,1885.54
A001234,C00752,Savings Account,2025-08-04,Active,0,0.99,21881.29
A001235,C00753,Current Account,2025-04-30,Active,0,0.0,2515.57
A001236,C00754,Current Account,2025-12-29,Active,0,0.0,6322.07
A001237,C00754,Savings Account,2023-06-25,Active,0,1.89,20008.37
A001238,C00755,Current Account,2023-06-29,Active,0,0.0,1928.35
A001239,C00756,Current Account,2025-11-12,Active,0,0.0,2498.75
A001240,C00756,Credit Card,2026-07-19,Active,11700,15.98,-1126.37
A001241,C00757,Current Account,2024-02-20,Active,0,0.0,4885.3
A001242,C00758,Current Account,2025-03-05,Active,0,0.0,2973.38
A001243,C00759,Current Account,2026-01-17,Active,0,0.0,4951.7
A001244,C00760,Current Account,2025-06-03,Closed,0,0.0,1692.69
A001245,C00761,Current Account,2021-10-24,Active,0,0.0,4530.38
A001246,C00762,Current Account,2025-12-07,Active,0,0.0,3895.64
A001247,C00763,Current Account,2024-06-07,Active,0,0.0,6544.38
A001248,C00763,Savings Account,2025-05-26,Active,0,1.37,3383.29
A001249,C00764,Savings Account,2025-12-30,Active,0,1.65,25105.42
A001250,C00764,Current Account,2026-02-18,Active,0,0.0,3838.3
A001251,C00765,Current Account,2022-01-29,Active,0,0.0,5277.08
A001252,C00766,Current Account,2024-07-15,Active,0,0.0,1047.13
A001253,C00766,Savings Account,2020-05-06,Active,0,1.46,12483.57
A001254,C00767,Savings Account,2022-01-23,Active,0,1.75,564.33
A001255,C00768,Savings Account,2023-07-27,Active,0,0.99,9298.35
A001256,C00768,Current Account,2022-04-25,Active,0,0.0,635.97
A001257,C00768,Credit Card,2023-07-31,Active,6000,17.49,-731.51
A001258,C00769,Savings Account,2025-03-05,Active,0,1.88,0
A001259,C00769,Credit Card,2022-08-25,Active,7900,21.7,-1921.61
A001260,C00770,Current Account,2026-07-22,Dormant,0,0.0,3287.67
A001261,C00771,Current Account,2023-11-10,Active,0,0.0,4702.56
A001262,C00771,Credit Card,2023-10-07,Active,7200,18.9,-1168.46
A001263,C00772,Current Account,2021-10-26,Active,0,0.0,300.92
A001264,C00773,Current Account,2026-02-19,Active,0,0.0,1672.59
A001265,C00774,Current Account,2025-08-23,Active,0,0.0,1326.13
A001266,C00774,Credit Card,2026-07-18,Dormant,1800,19.68,-255.08
A001267,C00775,Current Account,2026-08-01,Active,0,0.0,2011.36
A001268,C00776,Current Account,2021-09-18,Active,0,0.0,-500
A001269,C00777,Savings Account,2024-03-04,Active,0,0.81,16849.96
A001270,C00778,Current Account,2025-12-04,Active,0,0.0,-367.9
A001271,C00779,Current Account,2025-06-13,Active,0,0.0,4454.32
A001272,C00779,Credit Card,2024-02-19,Active,11200,17.86,-2436.25
A001273,C00780,Current Account,2026-02-16,Active,0,0.0,1984.11
A001274,C00781,Savings Account,2025-07-26,Active,0,0.98,4275.35
A001275,C00782,Current Account,2025-12-06,Active,0,0.0,4218.48
A001276,C00782,Credit Card,2026-01-01,Active,4300,19.69,-1208.59
A001277,C00783,Savings Account,2025-12-15,Active,0,1.79,0
A001278,C00783,Current Account,2026-06-22,Active,0,0.0,3469.04
A001279,C00784,Savings Account,2026-02-17,Active,0,1.75,1890.4
A001280,C00785,Savings Account,2021-11-12,Active,0,1.45,10473.18
A001281,C00786,Savings Account,2023-01-16,Active,0,1.14,11997.28
A001282,C00786,Credit Card,2022-10-05,Active,6900,20.0,-1484.66
A001283,C00787,Savings Account,2020-11-07,Active,0,1.45,0
A001284,C00788,Savings Account,2025-06-13,Active,0,1.26,18923.5
A001285,C00788,Current Account,2026-05-23,Closed,0,0.0,12140.94
A001286,C00789,Current Account,2025-11-23,Active,0,0.0,6058.53
A001287,C00790,Savings Account,2024-03-10,Dormant,0,1.67,2953.48
A001288,C00790,Current Account,2020-02-27,Active,0,0.0,4655.88
A001289,C00791,Current Account,2025-06-02,Active,0,0.0,2758.85
A001290,C00791,Credit Card,2022-04-15,Active,15000,15.75,-118.13
A001291,C00792,Current Account,2024-12-02,Active,0,0.0,4002.71
A001292,C00792,Savings Account,2021-10-12,Active,0,2.08,1905.75
A001293,C00793,Current Account,2025-08-31,Active,0,0.0,3371.58
A001294,C00794,Current Account,2024-11-24,Active,0,0.0,1196.62
A001295,C00795,Current Account,2025-05-14,Active,0,0.0,-500
A001296,C00795,Credit Card,2024-04-18,Active,5800,17.11,-1817.1
A001297,C00796,Current Account,2026-04-10,Active,0,0.0,2554.41
A001298,C00797,Current Account,2026-03-17,Active,0,0.0,4385.88
A001299,C00798,Current Account,2021-05-28,Active,0,0.0,1654.34
A001300,C00799,Savings Account,2024-09-17,Dormant,0,1.48,27505.92
A001301,C00800,Current Account,2026-01-20,Active,0,0.0,230.2
A001302,C00800,Savings Account,2025-02-21,Active,0,2.13,7535.59
A001303,C00801,Savings Account,2025-02-14,Active,0,1.28,6698.06
A001304,C00802,Current Account,2024-03-22,Active,0,0.0,4573.99
A001305,C00802,Savings Account,2022-07-03,Dormant,0,2.17,1072.2
A001306,C00802,Credit Card,2023-07-04,Active,12100,16.08,-1621.26
A001307,C00803,Current Account,2024-11-20,Active,0,0.0,3103.46
A001308,C00804,Savings Account,2026-07-07,Active,0,1.53,0
A001309,C00805,Savings Account,2025-05-26,Active,0,2.02,8336.99
A001310,C00806,Current Account,2023-06-30,Active,0,0.0,5678.12
A001311,C00807,Current Account,2026-07-19,Active,0,0.0,1321.25
A001312,C00807,Savings Account,2026-06-15,Active,0,0.83,3461.41
A001313,C00807,Credit Card,2026-07-07,Active,5400,21.28,-2013.4
A001314,C00808,Current Account,2026-07-16,Active,0,0.0,6313.34
A001315,C00809,Savings Account,2026-06-11,Active,0,1.18,36349.17
A001316,C00810,Current Account,2025-08-04,Active,0,0.0,2180.28
A001317,C00811,Current Account,2025-04-11,Active,0,0.0,2268.35
A001318,C00812,Current Account,2025-11-15,Active,0,0.0,3466.41
A001319,C00812,Savings Account,2023-06-14,Active,0,0.93,0
A001320,C00813,Current Account,2024-10-06,Active,0,0.0,2597.0
A001321,C00813,Savings Account,2024-03-19,Active,0,1.32,5926.57
A001322,C00814,Savings Account,2023-08-18,Active,0,1.14,11528.11
A001323,C00815,Savings Account,2025-09-13,Active,0,2.16,29332.39
A001324,C00815,Credit Card,2026-02-13,Active,4000,15.63,-462.17
A001325,C00816,Current Account,2023-01-16,Active,0,0.0,3951.92
A001326,C00816,Credit Card,2020-02-02,Active,15000,20.11,-2841.87
A001327,C00817,Current Account,2025-01-15,Active,0,0.0,-39.43
A001328,C00817,Credit Card,2025-12-07,Active,1500,19.68,-99.05
A001329,C00818,Current Account,2026-07-03,Active,0,0.0,1611.8
A001330,C00819,Savings Account,2025-10-11,Active,0,1.3,7022.69
A001331,C00819,Current Account,2025-11-17,Active,0,0.0,1874.36
A001332,C00819,Credit Card,2025-08-05,Active,6800,20.71,0
A001333,C00820,Current Account,2022-07-03,Active,0,0.0,856.77
A001334,C00820,Savings Account,2026-04-09,Active,0,1.53,16719.57
A001335,C00821,Savings Account,2026-02-10,Active,0,0.86,4500.91
A001336,C00821,Credit Card,2026-03-23,Active,7300,16.92,-2916.09
A001337,C00822,Savings Account,2025-10-18,Active,0,1.95,6999.45
A001338,C00822,Current Account,2026-02-24,Active,0,0.0,1014.09
A001339,C00822,Credit Card,2026-01-14,Active,9400,20.12,-878.69
A001340,C00823,Current Account,2025-10-10,Closed,0,0.0,2851.94
A001341,C00824,Current Account,2021-05-16,Active,0,0.0,4471.93
A001342,C00825,Current Account,2025-10-31,Active,0,0.0,3647.42
A001343,C00825,Savings Account,2023-10-30,Active,0,2.06,19771.74
A001344,C00825,Credit Card,2026-03-02,Active,5300,16.38,-605.1
A001345,C00826,Current Account,2023-06-16,Active,0,0.0,3732.97
A001346,C00826,Savings Account,2025-05-09,Active,0,1.8,11663.1
A001347,C00826,Credit Card,2024-09-22,Active,2900,16.82,0
A001348,C00827,Current Account,2024-07-28,Active,0,0.0,1908.2
A001349,C00827,Savings Account,2023-02-20,Active,0,1.71,10791.81
A001350,C00828,Current Account,2025-08-07,Active,0,0.0,6932.91
A001351,C00828,Savings Account,2021-03-12,Active,0,1.53,14230.59
A001352,C00828,Credit Card,2022-02-05,Active,11900,16.23,-3162.02
A001353,C00829,Current Account,2026-06-12,Active,0,0.0,2507.39
A001354,C00830,Current Account,2024-07-30,Active,0,0.0,1655.5
A001355,C00831,Current Account,2026-03-28,Active,0,0.0,686.09
A001356,C00832,Savings Account,2024-10-30,Dormant,0,0.88,13889.84
A001357,C00832,Current Account,2025-11-05,Active,0,0.0,779.19
A001358,C00833,Current Account,2024-12-29,Active,0,0.0,4201.71
A001359,C00833,Credit Card,2025-02-15,Active,9300,19.76,-2473.49
A001360,C00834,Current Account,2025-11-16,Active,0,0.0,2933.2
A001361,C00834,Savings Account,2023-08-20,Active,0,2.02,0
A001362,C00835,Current Account,2025-11-17,Active,0,0.0,1579.47
A001363,C00836,Current Account,2023-07-27,Active,0,0.0,2202.36
A001364,C00836,Credit Card,2022-03-26,Dormant,4200,21.61,-1172.43
A001365,C00837,Current Account,2025-11-08,Active,0,0.0,1897.81
A001366,C00838,Current Account,2026-04-22,Active,0,0.0,382.58
A001367,C00839,Savings Account,2022-04-29,Active,0,1.35,0
A001368,C00840,Current Account,2025-12-04,Active,0,0.0,5235.35
A001369,C00841,Current Account,2022-08-11,Active,0,0.0,5342.76
A001370,C00841,Savings Account,2020-06-25,Active,0,1.68,25506.26
A001371,C00841,Credit Card,2023-03-01,Active,6300,18.2,0
A001372,C00842,Current Account,2024-06-04,Active,0,0.0,11393.25
A001373,C00842,Savings Account,2024-03-11,Active,0,1.41,52835.56
A001374,C00842,Credit Card,2026-03-28,Active,14200,15.84,-5321.38
A001375,C00843,Savings Account,2026-05-29,Active,0,1.59,23304.76
A001376,C00844,Current Account,2024-01-09,Active,0,0.0,2527.63
A001377,C00844,Credit Card,2025-06-30,Active,5400,20.23,-1523.48
A001378,C00845,Savings Account,2021-06-09,Active,0,1.25,13740.18
A001379,C00845,Current Account,2022-04-03,Active,0,0.0,7651.82
A001380,C00846,Current Account,2025-09-16,Active,0,0.0,1371.83
A001381,C00847,Current Account,2024-10-06,Active,0,0.0,3921.71
A001382,C00847,Savings Account,2026-06-10,Active,0,2.1,11220.13
A001383,C00848,Current Account,2025-05-17,Active,0,0.0,2031.65
A001384,C00848,Savings Account,2026-03-10,Active,0,0.88,0
A001385,C00849,Current Account,2024-12-24,Active,0,0.0,1265.38
A001386,C00849,Savings Account,2026-06-10,Active,0,1.03,6555.94
A001387,C00850,Savings Account,2026-07-21,Closed,0,1.44,33971.86
A001388,C00851,Current Account,2024-10-05,Active,0,0.0,4207.45
A001389,C00851,Savings Account,2026-01-10,Active,0,0.94,17849.17
A001390,C00852,Current Account,2022-09-14,Active,0,0.0,2961.13
A001391,C00853,Current Account,2024-05-17,Active,0,0.0,4511.26
A001392,C00853,Savings Account,2024-07-01,Active,0,1.74,20854.65
A001393,C00854,Current Account,2023-12-03,Active,0,0.0,2543.41
A001394,C00855,Current Account,2025-10-03,Active,0,0.0,3570.79
A001395,C00855,Savings Account,2024-02-14,Active,0,1.53,10263.13
A001396,C00856,Current Account,2026-01-26,Active,0,0.0,11713.2
A001397,C00856,Credit Card,2025-12-31,Active,15000,15.62,-2611.37
A001398,C00857,Current Account,2022-03-24,Active,0,0.0,3716.46
A001399,C00857,Savings Account,2023-03-29,Active,0,1.36,8568.97
A001400,C00858,Current Account,2026-06-12,Active,0,0.0,1193.12
A001401,C00859,Savings Account,2026-07-18,Active,0,0.88,1530.02
A001402,C00860,Savings Account,2025-03-26,Active,0,1.65,0
A001403,C00861,Current Account,2026-04-06,Active,0,0.0,2485.81
A001404,C00862,Current Account,2024-05-21,Active,0,0.0,6686.43
A001405,C00863,Savings Account,2024-04-22,Active,0,1.55,2672.4
A001406,C00864,Current Account,2021-06-29,Active,0,0.0,4116.76
A001407,C00864,Credit Card,2023-07-27,Active,5200,20.65,-2204.71
A001408,C00865,Savings Account,2025-06-09,Active,0,1.58,13939.14
A001409,C00865,Current Account,2025-04-08,Active,0,0.0,4184.9
A001410,C00865,Credit Card,2025-11-07,Active,8700,20.06,-2128.5
A001411,C00866,Current Account,2020-11-18,Active,0,0.0,4263.18
A001412,C00866,Savings Account,2022-08-01,Dormant,0,1.65,26856.03
A001413,C00867,Current Account,2022-01-31,Active,0,0.0,1260.72
A001414,C00868,Current Account,2025-09-22,Active,0,0.0,3915.44
A001415,C00868,Savings Account,2025-06-03,Active,0,1.98,7202.1
A001416,C00869,Current Account,2025-08-24,Active,0,0.0,3336.86
A001417,C00869,Savings Account,2024-11-22,Dormant,0,1.6,12434.1
A001418,C00870,Current Account,2025-05-08,Active,0,0.0,-500
A001419,C00871,Savings Account,2026-01-22,Dormant,0,0.84,31203.14
A001420,C00872,Current Account,2026-07-31,Active,0,0.0,-72.87
A001421,C00872,Savings Account,2026-07-31,Active,0,2.19,2299.3
A001422,C00872,Credit Card,2026-07-30,Active,3900,18.43,-1343.74
A001423,C00873,Current Account,2025-04-14,Active,0,0.0,1829.77
A001424,C00873,Savings Account,2024-06-22,Active,0,1.62,7599.1
A001425,C00874,Current Account,2025-12-13,Active,0,0.0,2377.54
A001426,C00875,Current Account,2025-12-18,Active,0,0.0,1720.13
A001427,C00876,Current Account,2021-05-09,Active,0,0.0,2440.88
A001428,C00876,Credit Card,2024-02-27,Active,10300,20.43,-3080.89
A001429,C00877,Current Account,2024-07-01,Active,0,0.0,1748.17
A001430,C00877,Savings Account,2024-08-05,Active,0,1.31,4055.67
A001431,C00878,Savings Account,2024-09-30,Active,0,0.93,14236.99
A001432,C00878,Current Account,2025-07-17,Active,0,0.0,3369.84
A001433,C00879,Current Account,2025-11-14,Active,0,0.0,1640.04
A001434,C00879,Credit Card,2026-03-31,Active,4100,19.82,-454.36
A001435,C00880,Savings Account,2026-07-09,Closed,0,1.39,5742.55
A001436,C00880,Current Account,2026-07-30,Active,0,0.0,3568.77
A001437,C00881,Savings Account,2024-07-01,Active,0,1.08,0
A001438,C00882,Savings Account,2023-11-23,Closed,0,0.99,0
A001439,C00883,Current Account,2022-11-24,Active,0,0.0,1597.35
A001440,C00884,Current Account,2023-08-30,Active,0,0.0,9451.22
A001441,C00884,Credit Card,2024-05-17,Active,14100,20.81,-2282.16
A001442,C00885,Current Account,2020-09-08,Active,0,0.0,3233.25
A001443,C00885,Savings Account,2021-10-23,Active,0,1.07,11142.17
A001444,C00885,Credit Card,2024-09-16,Active,5200,20.47,-1095.29
A001445,C00886,Savings Account,2025-08-23,Active,0,2.02,6274.79
A001446,C00886,Current Account,2026-06-02,Active,0,0.0,2376.05
A001447,C00887,Current Account,2026-03-14,Active,0,0.0,387.39
A001448,C00887,Credit Card,2021-06-13,Active,5700,16.39,-1742.11
A001449,C00888,Current Account,2021-09-27,Active,0,0.0,3800.53
A001450,C00889,Current Account,2021-05-13,Active,0,0.0,1543.12
A001451,C00890,Current Account,2024-09-13,Active,0,0.0,350.04
A001452,C00890,Savings Account,2026-03-14,Active,0,0.84,13505.34
A001453,C00890,Credit Card,2023-03-04,Active,8000,15.54,0
A001454,C00891,Current Account,2025-11-12,Dormant,0,0.0,5801.25
A001455,C00891,Credit Card,2025-09-10,Active,8500,16.58,-2193.59
A001456,C00892,Current Account,2024-03-11,Active,0,0.0,1988.38
A001457,C00893,Current Account,2025-07-27,Active,0,0.0,382.73
A001458,C00893,Savings Account,2026-06-22,Active,0,1.08,26979.49
A001459,C00894,Current Account,2020-08-09,Dormant,0,0.0,3343.28
A001460,C00895,Current Account,2025-03-09,Active,0,0.0,1603.58
A001461,C00896,Savings Account,2025-07-04,Active,0,2.13,0
A001462,C00896,Credit Card,2021-07-30,Active,2100,20.39,-600.73
A001463,C00897,Current Account,2026-05-14,Active,0,0.0,3783.74
A001464,C00898,Current Account,2026-01-09,Active,0,0.0,2193.17
A001465,C00899,Current Account,2026-05-27,Active,0,0.0,1441.2
A001466,C00899,Savings Account,2025-12-13,Active,0,1.29,0
A001467,C00900,Current Account,2026-06-07,Active,0,0.0,573.83
A001468,C00900,Credit Card,2026-07-17,Active,4300,16.92,-137.01
A001469,C00901,Current Account,2026-02-03,Active,0,0.0,2786.77
A001470,C00901,Savings Account,2026-02-02,Active,0,1.15,17788.19
A001471,C00902,Current Account,2026-05-22,Active,0,0.0,3190.83
A001472,C00903,Current Account,2023-07-27,Active,0,0.0,1499.51
A001473,C00904,Current Account,2023-12-03,Active,0,0.0,1950.27
A001474,C00905,Current Account,2026-02-15,Active,0,0.0,3439.93
A001475,C00906,Current Account,2022-12-07,Active,0,0.0,2576.07
A001476,C00907,Current Account,2025-09-25,Active,0,0.0,2697.14
A001477,C00907,Savings Account,2023-03-17,Active,0,1.63,17105.9
A001478,C00908,Savings Account,2025-10-08,Active,0,1.88,12288.39
A001479,C00909,Current Account,2025-09-28,Dormant,0,0.0,2008.92
A001480,C00910,Current Account,2023-02-23,Dormant,0,0.0,4290.92
A001481,C00911,Current Account,2023-08-29,Active,0,0.0,1617.09
A001482,C00911,Credit Card,2025-05-19,Active,2400,20.4,-94.39
A001483,C00912,Savings Account,2023-10-16,Closed,0,1.17,3235.91
A001484,C00913,Savings Account,2025-02-11,Active,0,1.98,10628.02
A001485,C00913,Credit Card,2025-11-21,Active,6300,21.54,0
A001486,C00914,Savings Account,2026-01-05,Dormant,0,1.79,19678.5
A001487,C00914,Current Account,2026-03-28,Active,0,0.0,4561.17
A001488,C00915,Current Account,2023-03-26,Active,0,0.0,2047.93
A001489,C00916,Savings Account,2023-10-07,Active,0,0.87,4132.3
A001490,C00916,Current Account,2021-02-23,Dormant,0,0.0,3558.82
A001491,C00916,Credit Card,2021-12-25,Dormant,7600,20.41,-1817.94
A001492,C00917,Current Account,2025-12-25,Dormant,0,0.0,3843.28
A001493,C00917,Savings Account,2024-06-24,Active,0,1.28,3138.0
A001494,C00918,Current Account,2024-05-19,Active,0,0.0,1936.25
A001495,C00918,Savings Account,2021-06-30,Active,0,1.2,9791.74
A001496,C00919,Savings Account,2026-03-22,Active,0,1.06,21133.31
A001497,C00919,Current Account,2026-01-13,Active,0,0.0,5159.55
A001498,C00920,Current Account,2026-05-14,Active,0,0.0,4309.09
A001499,C00921,Savings Account,2026-08-01,Active,0,2.07,31766.79
A001500,C00922,Savings Account,2026-04-28,Active,0,1.12,12749.2
A001501,C00923,Current Account,2026-05-14,Active,0,0.0,1631.72
A001502,C00924,Savings Account,2021-02-19,Closed,0,1.59,36438.17
A001503,C00924,Current Account,2025-05-21,Active,0,0.0,4888.99
A001504,C00924,Credit Card,2025-08-30,Active,12800,15.68,-8186.59
A001505,C00925,Savings Account,2026-07-09,Active,0,1.37,27305.75
A001506,C00925,Current Account,2026-06-27,Active,0,0.0,5059.47
A001507,C00926,Current Account,2026-05-13,Active,0,0.0,10302.71
A001508,C00926,Credit Card,2026-05-23,Active,15000,19.09,0
A001509,C00927,Current Account,2024-12-21,Active,0,0.0,2313.74
A001510,C00928,Current Account,2021-04-27,Dormant,0,0.0,1034.04
A001511,C00928,Credit Card,2023-09-04,Dormant,2600,19.87,-59.23
A001512,C00929,Savings Account,2026-03-03,Active,0,1.41,0
A001513,C00930,Current Account,2025-01-20,Active,0,0.0,4159.49
A001514,C00931,Current Account,2024-12-08,Active,0,0.0,2677.12
A001515,C00931,Savings Account,2026-03-27,Active,0,1.77,18512.58
A001516,C00931,Credit Card,2025-07-22,Active,5100,18.21,-737.6
A001517,C00932,Current Account,2025-10-25,Closed,0,0.0,168.87
A001518,C00932,Credit Card,2026-04-15,Active,6100,19.72,-721.59
A001519,C00933,Current Account,2025-12-19,Active,0,0.0,1769.13
A001520,C00934,Current Account,2024-12-06,Active,0,0.0,1572.4
A001521,C00934,Credit Card,2025-01-28,Active,2900,20.95,-172.95
A001522,C00935,Current Account,2023-08-18,Active,0,0.0,1557.87
A001523,C00936,Savings Account,2023-01-15,Active,0,1.01,28058.97
A001524,C00937,Current Account,2025-03-04,Active,0,0.0,1446.13
A001525,C00937,Savings Account,2026-03-03,Active,0,1.17,33724.9
A001526,C00938,Current Account,2024-08-29,Active,0,0.0,1831.76
A001527,C00938,Savings Account,2025-10-17,Active,0,1.89,26679.48
A001528,C00939,Savings Account,2023-07-31,Active,0,1.32,26050.13
A001529,C00939,Current Account,2023-08-08,Active,0,0.0,4159.53
A001530,C00940,Current Account,2023-04-13,Active,0,0.0,3307.23
A001531,C00940,Savings Account,2025-06-01,Dormant,0,0.93,9471.71
A001532,C00941,Current Account,2026-02-02,Active,0,0.0,490.8
A001533,C00941,Savings Account,2026-04-02,Active,0,0.97,17420.26
A001534,C00942,Current Account,2021-07-13,Active,0,0.0,2837.05
A001535,C00942,Savings Account,2024-12-04,Active,0,2.15,0
A001536,C00943,Savings Account,2025-03-18,Dormant,0,1.3,10021.32
A001537,C00944,Savings Account,2025-07-01,Active,0,1.8,34993.35
A001538,C00944,Current Account,2025-07-17,Closed,0,0.0,8865.48
A001539,C00945,Savings Account,2025-06-30,Active,0,1.99,10847.73
A001540,C00945,Current Account,2026-05-29,Active,0,0.0,2966.46
A001541,C00946,Current Account,2021-01-30,Dormant,0,0.0,936.53
A001542,C00947,Current Account,2025-12-20,Dormant,0,0.0,3055.68
A001543,C00948,Savings Account,2025-12-05,Active,0,1.11,7297.74
A001544,C00948,Current Account,2025-10-26,Active,0,0.0,601.03
A001545,C00949,Current Account,2026-06-21,Dormant,0,0.0,1032.42
A001546,C00950,Current Account,2025-06-22,Active,0,0.0,2865.31
A001547,C00950,Savings Account,2025-06-15,Active,0,2.15,13524.36
A001548,C00950,Credit Card,2023-10-21,Active,4900,15.98,0
A001549,C00951,Current Account,2021-12-09,Closed,0,0.0,4217.66
A001550,C00952,Current Account,2025-01-30,Active,0,0.0,-378.74
A001551,C00953,Current Account,2021-11-01,Closed,0,0.0,3167.03
A001552,C00953,Savings Account,2024-06-18,Closed,0,1.62,13516.52
A001553,C00954,Current Account,2023-08-24,Active,0,0.0,3275.14
A001554,C00954,Savings Account,2024-02-28,Active,0,1.13,7793.69
A001555,C00954,Credit Card,2026-07-23,Active,8300,20.9,-756.47
A001556,C00955,Current Account,2024-12-10,Active,0,0.0,3880.54
A001557,C00956,Current Account,2026-07-16,Active,0,0.0,3732.96
A001558,C00956,Credit Card,2026-03-27,Active,6700,20.32,-1426.96
A001559,C00957,Current Account,2026-07-08,Active,0,0.0,4016.91
A001560,C00957,Savings Account,2026-06-16,Active,0,1.21,21490.98
A001561,C00958,Current Account,2022-11-16,Active,0,0.0,2960.41
A001562,C00958,Savings Account,2024-04-25,Active,0,1.5,13329.58
A001563,C00959,Current Account,2026-01-09,Dormant,0,0.0,2460.57
A001564,C00960,Current Account,2023-05-02,Active,0,0.0,2139.03
A001565,C00961,Savings Account,2025-10-30,Active,0,0.95,6786.88
A001566,C00961,Current Account,2025-01-30,Active,0,0.0,5354.44
A001567,C00962,Savings Account,2022-02-05,Active,0,1.71,14169.34
A001568,C00963,Current Account,2026-03-04,Active,0,0.0,2302.51
A001569,C00964,Savings Account,2025-02-23,Active,0,1.11,18579.37
A001570,C00965,Savings Account,2025-05-06,Active,0,1.56,4566.66
A001571,C00966,Current Account,2025-12-09,Dormant,0,0.0,2418.23
A001572,C00966,Credit Card,2025-08-15,Active,7200,18.17,-1097.82
A001573,C00967,Current Account,2022-05-18,Active,0,0.0,2393.42
A001574,C00968,Current Account,2024-12-11,Active,0,0.0,6170.11
A001575,C00968,Savings Account,2026-03-10,Active,0,1.87,3904.14
A001576,C00969,Current Account,2021-03-27,Active,0,0.0,1323.58
A001577,C00970,Current Account,2025-01-21,Active,0,0.0,449.35
A001578,C00971,Savings Account,2026-06-14,Active,0,1.56,3065.55
A001579,C00971,Current Account,2024-02-06,Active,0,0.0,10610.71
A001580,C00972,Savings Account,2026-03-20,Active,0,1.12,28297.02
A001581,C00972,Credit Card,2025-04-02,Active,10700,16.02,-2112.88
A001582,C00973,Current Account,2020-02-19,Active,0,0.0,2500.14
A001583,C00974,Current Account,2026-03-29,Active,0,0.0,-362.44
A001584,C00974,Savings Account,2025-12-15,Active,0,2.04,0
A001585,C00975,Savings Account,2026-01-26,Active,0,1.46,0
A001586,C00976,Savings Account,2022-09-20,Active,0,0.96,5853.25
A001587,C00976,Current Account,2026-05-12,Active,0,0.0,2601.7
A001588,C00977,Savings Account,2024-07-18,Active,0,1.89,8893.94
A001589,C00978,Savings Account,2025-06-22,Active,0,0.92,9673.54
A001590,C00978,Current Account,2026-02-23,Active,0,0.0,3134.58
A001591,C00979,Savings Account,2026-02-13,Active,0,0.99,0
A001592,C00980,Savings Account,2021-03-13,Active,0,0.94,9886.48
A001593,C00981,Current Account,2025-04-16,Active,0,0.0,1994.07
A001594,C00981,Savings Account,2025-01-16,Active,0,2.01,12989.9
A001595,C00982,Current Account,2024-03-08,Active,0,0.0,916.94
A001596,C00983,Current Account,2023-04-08,Closed,0,0.0,2094.48
A001597,C00983,Savings Account,2025-04-28,Active,0,1.88,9231.33
A001598,C00983,Credit Card,2024-07-16,Active,10200,19.62,-3725.25
A001599,C00984,Current Account,2026-07-31,Active,0,0.0,1142.14
A001600,C00985,Current Account,2026-07-20,Active,0,0.0,2708.14
A001601,C00985,Savings Account,2026-04-02,Active,0,1.37,7428.73
A001602,C00986,Savings Account,2024-01-17,Dormant,0,1.13,24617.79
A001603,C00987,Current Account,2024-12-06,Active,0,0.0,1258.42
A001604,C00988,Current Account,2026-06-24,Active,0,0.0,4379.27
A001605,C00988,Savings Account,2026-05-21,Active,0,1.14,36202.26
A001606,C00989,Savings Account,2025-09-23,Active,0,1.65,2256.04
A001607,C00990,Current Account,2025-12-12,Active,0,0.0,2994.84
A001608,C00990,Savings Account,2026-03-30,Active,0,1.37,15342.31
A001609,C00990,Credit Card,2025-04-29,Active,9800,18.24,-2658.81
A001610,C00991,Current Account,2025-11-10,Active,0,0.0,313.88
A001611,C00991,Savings Account,2026-05-08,Active,0,0.9,772.37
A001612,C00992,Current Account,2025-06-28,Closed,0,0.0,2090.69
A001613,C00993,Current Account,2025-09-16,Active,0,0.0,9333.6
A001614,C00993,Savings Account,2025-04-28,Active,0,1.51,17686.19
A001615,C00994,Current Account,2024-10-25,Active,0,0.0,-69.84
A001616,C00994,Credit Card,2021-01-25,Active,5900,19.06,-1972.03
A001617,C00995,Current Account,2025-07-14,Active,0,0.0,1272.13
A001618,C00996,Savings Account,2025-11-23,Active,0,1.95,20814.29
A001619,C00996,Current Account,2023-07-24,Active,0,0.0,3582.11
A001620,C00997,Current Account,2025-02-26,Active,0,0.0,494.75
A001621,C00997,Credit Card,2022-02-27,Active,6400,20.06,-416.45
A001622,C00998,Current Account,2024-04-14,Active,0,0.0,1180.92
A001623,C00998,Savings Account,2022-12-28,Active,0,1.67,36646.12
A001624,C00999,Current Account,2022-07-03,Active,0,0.0,4522.35
A001625,C00999,Savings Account,2024-03-16,Active,0,0.97,0
A001626,C00999,Credit Card,2025-01-05,Active,3800,21.6,-414.79
A001627,C01000,Current Account,2025-08-18,Active,0,0.0,784.78
A001628,C01001,Current Account,2026-05-29,Active,0,0.0,1948.47
A001629,C01002,Current Account,2026-07-29,Active,0,0.0,2702.82
A001630,C01003,Savings Account,2025-08-28,Active,0,0.82,7848.52
A001631,C01003,Current Account,2025-06-03,Active,0,0.0,4609.54
A001632,C01004,Current Account,2020-11-16,Active,0,0.0,2630.19
A001633,C01004,Savings Account,2026-04-09,Active,0,1.33,8640.4
A001634,C01004,Credit Card,2024-04-08,Active,3900,21.13,-1465.35
A001635,C01005,Current Account,2025-02-09,Active,0,0.0,4640.21
A001636,C01005,Savings Account,2026-06-13,Active,0,1.16,23536.29
A001637,C01006,Savings Account,2023-11-12,Active,0,1.36,0
A001638,C01006,Current Account,2024-05-31,Closed,0,0.0,4352.77
A001639,C01007,Current Account,2024-04-03,Active,0,0.0,1226.35
A001640,C01007,Credit Card,2024-07-17,Active,3700,18.33,0
A001641,C01008,Current Account,2026-04-24,Active,0,0.0,7435.06
A001642,C01008,Savings Account,2023-08-07,Active,0,0.87,2878.14
A001643,C01009,Current Account,2023-07-06,Active,0,0.0,1474.3
A001644,C01009,Savings Account,2020-08-15,Active,0,1.72,16978.29
A001645,C01010,Current Account,2025-07-07,Active,0,0.0,2171.97
A001646,C01011,Current Account,2026-06-08,Active,0,0.0,283.31
A001647,C01011,Savings Account,2026-07-01,Active,0,1.17,3975.77
A001648,C01012,Savings Account,2023-11-23,Active,0,1.02,17853.35
A001649,C01013,Savings Account,2021-10-21,Active,0,1.76,1826.3
A001650,C01014,Savings Account,2025-10-01,Active,0,1.34,13458.76
A001651,C01015,Current Account,2021-04-29,Active,0,0.0,1412.33
A001652,C01016,Current Account,2026-07-30,Active,0,0.0,1481.27
A001653,C01016,Savings Account,2026-07-30,Dormant,0,0.99,0
A001654,C01017,Current Account,2026-01-12,Active,0,0.0,9361.97
A001655,C01017,Savings Account,2022-03-06,Closed,0,2.04,18542.36
A001656,C01018,Current Account,2024-08-25,Active,0,0.0,12464.34
A001657,C01018,Credit Card,2021-12-31,Active,8700,17.16,-764.58
A001658,C01019,Current Account,2026-04-03,Active,0,0.0,3807.75
A001659,C01019,Credit Card,2025-02-04,Active,7500,15.61,0
A001660,C01020,Current Account,2026-05-19,Active,0,0.0,6214.51
A001661,C01021,Current Account,2026-07-11,Active,0,0.0,2228.84
A001662,C01021,Savings Account,2026-01-15,Active,0,1.95,9852.38
A001663,C01021,Credit Card,2026-03-09,Active,3200,21.05,-505.23
A001664,C01022,Current Account,2024-08-31,Active,0,0.0,-19.73
A001665,C01023,Savings Account,2025-07-27,Active,0,0.94,9132.34
A001666,C01024,Current Account,2024-04-28,Active,0,0.0,2196.8
A001667,C01025,Current Account,2026-07-07,Closed,0,0.0,4299.71
A001668,C01026,Savings Account,2025-09-15,Active,0,1.13,0
A001669,C01026,Current Account,2026-05-01,Closed,0,0.0,8343.73
A001670,C01026,Credit Card,2026-07-11,Active,15000,17.1,-5202.61
A001671,C01027,Current Account,2023-01-30,Active,0,0.0,2670.49
A001672,C01027,Savings Account,2024-04-06,Active,0,1.51,235.03
A001673,C01028,Current Account,2026-01-18,Active,0,0.0,6070.21
A001674,C01029,Savings Account,2021-05-13,Dormant,0,1.89,19827.59
A001675,C01029,Current Account,2024-10-30,Active,0,0.0,3229.2
A001676,C01030,Savings Account,2025-02-22,Active,0,0.93,0
A001677,C01031,Current Account,2026-02-26,Active,0,0.0,214.0
A001678,C01031,Savings Account,2026-03-03,Dormant,0,1.19,2891.18
A001679,C01032,Current Account,2023-01-05,Active,0,0.0,6140.8
A001680,C01032,Savings Account,2022-10-14,Active,0,2.14,9269.18
A001681,C01033,Current Account,2025-10-25,Active,0,0.0,5229.55
A001682,C01034,Savings Account,2022-10-31,Active,0,1.78,23250.12
A001683,C01035,Current Account,2025-10-13,Active,0,0.0,-190.08
A001684,C01036,Current Account,2026-05-19,Active,0,0.0,2313.34
A001685,C01037,Current Account,2024-11-05,Dormant,0,0.0,3385.79
A001686,C01038,Current Account,2021-08-21,Active,0,0.0,2249.15
A001687,C01038,Credit Card,2023-05-01,Active,9600,17.14,-3107.25
A001688,C01039,Savings Account,2023-10-28,Active,0,1.75,14227.56
A001689,C01039,Current Account,2021-05-29,Active,0,0.0,2061.47
A001690,C01039,Credit Card,2021-12-20,Active,6600,19.18,-1276.34
A001691,C01040,Current Account,2023-11-21,Active,0,0.0,4465.89
A001692,C01041,Savings Account,2023-07-27,Active,0,1.93,0
A001693,C01042,Current Account,2024-01-08,Active,0,0.0,2759.22
A001694,C01042,Credit Card,2024-09-28,Active,5400,20.01,-1751.35
A001695,C01043,Current Account,2025-03-11,Active,0,0.0,-500
A001696,C01044,Current Account,2023-12-08,Active,0,0.0,4568.13
A001697,C01045,Current Account,2026-06-08,Active,0,0.0,1401.45
A001698,C01045,Credit Card,2025-12-08,Active,13600,17.49,0
A001699,C01046,Current Account,2020-02-09,Active,0,0.0,3498.76
A001700,C01046,Credit Card,2024-11-18,Active,7000,16.73,-1746.24
A001701,C01047,Current Account,2026-07-16,Closed,0,0.0,3844.76
A001702,C01047,Savings Account,2025-09-30,Active,0,1.44,15884.73
A001703,C01048,Current Account,2023-01-23,Active,0,0.0,126.1
A001704,C01049,Current Account,2024-04-09,Active,0,0.0,1634.15
A001705,C01050,Current Account,2025-08-20,Active,0,0.0,2250.45
A001706,C01051,Current Account,2023-01-17,Active,0,0.0,8524.54
A001707,C01052,Savings Account,2020-12-01,Active,0,1.66,2498.76
A001708,C01053,Current Account,2026-04-07,Closed,0,0.0,5195.63
A001709,C01054,Current Account,2024-04-24,Dormant,0,0.0,2468.91
A001710,C01055,Current Account,2026-04-07,Active,0,0.0,2959.07
A001711,C01056,Current Account,2025-08-19,Active,0,0.0,1411.49
A001712,C01057,Current Account,2025-10-03,Active,0,0.0,506.8
A001713,C01058,Current Account,2024-12-06,Active,0,0.0,2716.26
A001714,C01058,Savings Account,2024-05-06,Active,0,1.14,11655.58
A001715,C01058,Credit Card,2025-04-03,Active,9800,18.85,-2700.9
A001716,C01059,Savings Account,2023-01-31,Active,0,1.32,10479.52
A001717,C01060,Savings Account,2022-08-03,Dormant,0,1.59,25160.22
A001718,C01061,Current Account,2026-06-24,Dormant,0,0.0,703.7
A001719,C01061,Savings Account,2024-10-14,Active,0,0.86,4679.07
A001720,C01062,Current Account,2023-02-27,Active,0,0.0,4446.44
A001721,C01062,Savings Account,2024-05-07,Active,0,1.79,9481.29
A001722,C01063,Savings Account,2026-05-28,Dormant,0,1.61,0
A001723,C01063,Credit Card,2025-04-28,Active,10100,17.57,-4510.68
A001724,C01064,Current Account,2024-10-28,Active,0,0.0,3653.09
A001725,C01064,Savings Account,2025-03-06,Active,0,1.78,6084.71
A001726,C01065,Current Account,2025-12-16,Active,0,0.0,1356.79
A001727,C01066,Current Account,2026-08-01,Active,0,0.0,4509.3
A001728,C01066,Savings Account,2026-07-30,Closed,0,1.62,23948.63
A001729,C01067,Current Account,2026-05-19,Active,0,0.0,-500
A001730,C01068,Current Account,2023-11-01,Active,0,0.0,7334.08
A001731,C01069,Current Account,2025-01-05,Active,0,0.0,4185.36
A001732,C01070,Savings Account,2026-01-22,Active,0,1.48,0
A001733,C01071,Savings Account,2024-11-22,Active,0,1.45,6979.04
A001734,C01072,Savings Account,2022-06-28,Active,0,0.86,11310.5
A001735,C01072,Credit Card,2023-12-28,Active,3400,17.62,-172.89
A001736,C01073,Current Account,2026-08-01,Active,0,0.0,52.94
A001737,C01073,Savings Account,2026-07-01,Active,0,2.06,0
A001738,C01074,Current Account,2025-04-24,Active,0,0.0,5833.79
A001739,C01074,Savings Account,2024-07-10,Active,0,0.83,21125.93
A001740,C01075,Savings Account,2025-02-23,Active,0,1.63,32741.81
A001741,C01075,Credit Card,2025-01-01,Active,5000,17.91,-656.7
A001742,C01076,Current Account,2022-03-13,Active,0,0.0,2043.85
A001743,C01076,Credit Card,2020-05-29,Active,3300,18.38,-1031.91
A001744,C01077,Savings Account,2022-01-17,Active,0,0.97,36167.58
A001745,C01078,Current Account,2020-08-07,Active,0,0.0,2018.04
A001746,C01079,Current Account,2025-05-30,Active,0,0.0,1826.82
A001747,C01079,Credit Card,2023-07-13,Active,4300,19.12,-1109.13
A001748,C01080,Current Account,2024-12-04,Active,0,0.0,7210.06
A001749,C01080,Savings Account,2022-11-05,Active,0,1.44,12126.76
A001750,C01081,Current Account,2023-06-15,Active,0,0.0,4125.62
A001751,C01082,Savings Account,2025-08-04,Active,0,1.13,14919.25
A001752,C01082,Current Account,2024-11-10,Active,0,0.0,4137.1
A001753,C01083,Savings Account,2025-07-17,Active,0,1.63,9103.54
A001754,C01084,Current Account,2025-11-15,Active,0,0.0,1047.23
A001755,C01084,Savings Account,2026-03-24,Active,0,1.81,4669.21
A001756,C01085,Savings Account,2025-08-08,Dormant,0,1.66,4914.53
A001757,C01086,Savings Account,2020-03-28,Active,0,1.82,10190.57
A001758,C01087,Current Account,2024-11-03,Active,0,0.0,957.22
A001759,C01087,Savings Account,2023-05-27,Active,0,0.87,7034.01
A001760,C01088,Savings Account,2025-09-14,Active,0,1.59,31704.11
A001761,C01088,Current Account,2024-07-18,Active,0,0.0,4597.83
A001762,C01089,Current Account,2026-07-07,Active,0,0.0,2696.28
A001763,C01090,Savings Account,2025-01-20,Active,0,1.93,4720.2
A001764,C01091,Current Account,2026-07-16,Active,0,0.0,9391.0
A001765,C01091,Credit Card,2026-07-26,Active,8700,21.75,-1319.51
A001766,C01092,Savings Account,2023-11-18,Active,0,2.07,0
A001767,C01092,Credit Card,2023-08-12,Active,9700,18.21,-2061.44
A001768,C01093,Current Account,2026-02-18,Active,0,0.0,5555.17
A001769,C01093,Credit Card,2025-12-29,Active,5300,16.97,-968.96
A001770,C01094,Savings Account,2025-04-17,Active,0,2.03,2146.87
A001771,C01094,Current Account,2026-07-04,Active,0,0.0,4152.07
A001772,C01095,Savings Account,2024-10-16,Active,0,1.29,0
A001773,C01096,Savings Account,2024-05-18,Active,0,1.09,0
A001774,C01096,Current Account,2025-05-17,Active,0,0.0,5997.46
A001775,C01097,Current Account,2026-01-15,Active,0,0.0,11130.79
A001776,C01097,Credit Card,2025-12-18,Active,14800,19.09,-3791.22
A001777,C01098,Current Account,2021-06-19,Active,0,0.0,4912.31
A001778,C01098,Savings Account,2020-10-07,Active,0,1.95,11792.08
A001779,C01098,Credit Card,2023-06-18,Closed,9000,15.73,-1047.7
A001780,C01099,Current Account,2025-12-29,Dormant,0,0.0,-463.19
A001781,C01099,Savings Account,2026-04-26,Active,0,1.8,12392.46
A001782,C01099,Credit Card,2026-03-24,Active,8000,17.31,-627.66
A001783,C01100,Current Account,2026-06-14,Active,0,0.0,3614.05
A001784,C01100,Credit Card,2025-04-15,Active,2100,21.84,-805.92
A001785,C01101,Current Account,2023-08-18,Active,0,0.0,3964.43
A001786,C01101,Savings Account,2025-08-17,Active,0,1.91,3251.4
A001787,C01102,Current Account,2026-07-05,Active,0,0.0,5834.39
A001788,C01103,Current Account,2022-09-14,Active,0,0.0,3313.7
A001789,C01103,Credit Card,2023-02-21,Active,4700,17.16,-536.08
A001790,C01104,Current Account,2025-11-11,Active,0,0.0,3608.77
A001791,C01104,Credit Card,2026-05-01,Closed,15000,16.34,-1559.98
A001792,C01105,Savings Account,2023-05-21,Active,0,2.01,607.03
A001793,C01105,Credit Card,2024-08-04,Dormant,6700,18.61,-1201.22
A001794,C01106,Current Account,2025-05-15,Active,0,0.0,1443.63
A001795,C01107,Savings Account,2021-12-09,Active,0,2.19,0
A001796,C01107,Credit Card,2022-06-17,Active,2900,18.64,-862.37
A001797,C01108,Current Account,2026-07-25,Active,0,0.0,2608.66
A001798,C01109,Current Account,2024-07-29,Active,0,0.0,1368.83
A001799,C01110,Current Account,2024-09-19,Active,0,0.0,1367.96
A001800,C01111,Current Account,2026-06-26,Active,0,0.0,3585.07
A001801,C01111,Savings Account,2026-04-22,Active,0,1.78,16112.36
A001802,C01111,Credit Card,2026-06-19,Active,7500,21.56,-1887.7
A001803,C01112,Savings Account,2026-06-06,Active,0,1.58,10567.6
A001804,C01112,Current Account,2025-12-09,Active,0,0.0,1199.34
A001805,C01113,Current Account,2025-11-26,Active,0,0.0,4712.33
A001806,C01113,Savings Account,2022-09-08,Active,0,1.85,10897.69
A001807,C01114,Current Account,2022-03-12,Active,0,0.0,2613.98
A001808,C01114,Credit Card,2022-09-02,Active,10500,18.11,-2704.06
A001809,C01115,Current Account,2020-06-19,Active,0,0.0,3213.64
A001810,C01116,Current Account,2021-08-31,Active,0,0.0,2794.35
A001811,C01116,Credit Card,2024-07-19,Active,6700,20.78,-1187.3
A001812,C01117,Savings Account,2026-04-18,Active,0,1.6,17125.97
A001813,C01118,Current Account,2025-05-16,Active,0,0.0,1399.94
A001814,C01118,Savings Account,2026-04-24,Active,0,1.3,0
A001815,C01119,Current Account,2026-06-18,Active,0,0.0,844.65
A001816,C01120,Current Account,2026-02-18,Active,0,0.0,2156.71
A001817,C01120,Savings Account,2021-03-30,Active,0,0.92,11494.12
A001818,C01121,Current Account,2022-10-30,Active,0,0.0,2668.34
A001819,C01122,Current Account,2023-06-20,Active,0,0.0,4757.73
A001820,C01122,Savings Account,2024-11-29,Active,0,1.82,0
A001821,C01123,Savings Account,2024-11-02,Active,0,1.55,9036.6
A001822,C01123,Current Account,2023-07-05,Active,0,0.0,4448.33
A001823,C01124,Current Account,2025-03-22,Active,0,0.0,1780.44
A001824,C01125,Current Account,2026-05-01,Active,0,0.0,2868.55
A001825,C01126,Current Account,2023-01-16,Active,0,0.0,100.25
A001826,C01126,Credit Card,2024-01-17,Active,1800,17.14,-586.66
A001827,C01127,Current Account,2026-06-09,Active,0,0.0,3673.95
A001828,C01128,Current Account,2022-03-09,Active,0,0.0,2542.51
A001829,C01128,Credit Card,2021-02-18,Active,8500,16.59,-1322.69
A001830,C01129,Current Account,2020-08-02,Active,0,0.0,-500
A001831,C01129,Savings Account,2022-09-13,Active,0,1.44,25981.78
A001832,C01130,Current Account,2026-07-19,Active,0,0.0,3229.9
A001833,C01130,Savings Account,2024-05-21,Active,0,1.06,27885.97
A001834,C01130,Credit Card,2021-07-26,Active,4500,16.29,-1382.57
A001835,C01131,Current Account,2020-06-07,Active,0,0.0,4777.73
A001836,C01131,Savings Account,2026-04-01,Active,0,2.07,46045.46
A001837,C01132,Savings Account,2023-08-18,Active,0,1.59,7847.57
A001838,C01133,Current Account,2023-12-10,Active,0,0.0,2124.12
A001839,C01133,Savings Account,2026-06-15,Active,0,1.38,14322.88
A001840,C01133,Credit Card,2024-08-28,Active,2300,18.65,-935.52
A001841,C01134,Savings Account,2026-02-03,Dormant,0,0.85,0
A001842,C01134,Credit Card,2023-10-11,Active,5800,17.46,-1414.8
A001843,C01135,Current Account,2023-08-17,Active,0,0.0,4477.82
A001844,C01135,Credit Card,2024-07-26,Active,4900,16.87,-877.12
A001845,C01136,Current Account,2023-07-28,Active,0,0.0,3460.19
A001846,C01136,Savings Account,2021-08-17,Active,0,0.92,8214.88
A001847,C01137,Current Account,2022-10-24,Active,0,0.0,7733.54
A001848,C01138,Current Account,2026-07-22,Dormant,0,0.0,250.92
A001849,C01138,Savings Account,2026-01-06,Active,0,1.19,27025.83
A001850,C01139,Savings Account,2025-03-27,Closed,0,1.13,16218.93
A001851,C01139,Current Account,2024-02-01,Active,0,0.0,4323.5
A001852,C01139,Credit Card,2026-05-01,Active,12800,20.99,-1890.33
A001853,C01140,Savings Account,2025-12-22,Active,0,1.37,63623.1
A001854,C01141,Savings Account,2025-12-27,Active,0,1.95,18321.84
A001855,C01141,Current Account,2024-12-13,Dormant,0,0.0,5245.55
A001856,C01142,Current Account,2021-08-21,Active,0,0.0,3705.79
A001857,C01142,Savings Account,2023-12-23,Active,0,0.88,11249.4
A001858,C01143,Savings Account,2026-06-05,Dormant,0,0.96,11510.45
A001859,C01143,Current Account,2026-02-25,Active,0,0.0,3358.88
A001860,C01144,Savings Account,2023-02-02,Active,0,1.38,2371.96
A001861,C01144,Credit Card,2023-06-13,Active,4700,17.3,-510.12
A001862,C01145,Savings Account,2026-07-26,Active,0,0.89,1798.58
A001863,C01146,Current Account,2021-05-19,Active,0,0.0,1671.24
A001864,C01146,Savings Account,2021-05-09,Active,0,0.98,20634.22
A001865,C01146,Credit Card,2021-06-28,Active,8300,18.73,-1210.4
A001866,C01147,Savings Account,2025-07-12,Active,0,1.34,1919.97
A001867,C01148,Current Account,2026-03-21,Active,0,0.0,3561.61
A001868,C01148,Credit Card,2026-01-19,Active,11300,21.4,-3173.11
A001869,C01149,Current Account,2024-02-17,Active,0,0.0,2933.0
A001870,C01149,Savings Account,2022-01-25,Active,0,1.78,11823.02
A001871,C01149,Credit Card,2023-12-20,Active,10800,16.96,-2945.94
A001872,C01150,Current Account,2025-09-13,Active,0,0.0,1810.45
A001873,C01151,Savings Account,2025-05-08,Active,0,1.58,7618.8
A001874,C01151,Credit Card,2025-12-13,Active,15000,17.06,-5713.92
A001875,C01152,Savings Account,2026-07-25,Active,0,1.17,10575.86
A001876,C01152,Current Account,2025-03-20,Active,0,0.0,-170.42
A001877,C01153,Current Account,2025-02-13,Active,0,0.0,1935.54
A001878,C01153,Credit Card,2025-02-01,Active,4500,17.33,-1074.32
A001879,C01154,Current Account,2025-01-26,Active,0,0.0,1092.45
A001880,C01154,Savings Account,2024-08-17,Active,0,1.86,17721.56
A001881,C01155,Current Account,2024-01-27,Active,0,0.0,1650.36
A001882,C01155,Savings Account,2026-07-18,Active,0,1.32,4012.72
A001883,C01156,Current Account,2023-09-15,Active,0,0.0,1749.39
A001884,C01157,Current Account,2025-09-25,Active,0,0.0,5310.2
A001885,C01157,Savings Account,2025-06-15,Active,0,1.17,8458.08
A001886,C01157,Credit Card,2025-05-30,Active,15000,16.62,-2652.03
A001887,C01158,Current Account,2023-08-06,Dormant,0,0.0,4009.44
A001888,C01159,Current Account,2022-06-26,Active,0,0.0,3260.84
A001889,C01160,Savings Account,2026-05-07,Active,0,0.89,1958.95
A001890,C01160,Current Account,2025-03-26,Active,0,0.0,391.08
A001891,C01161,Current Account,2025-08-17,Active,0,0.0,1516.64
A001892,C01162,Current Account,2026-04-14,Active,0,0.0,4195.03
A001893,C01163,Savings Account,2025-03-18,Active,0,1.35,4179.7
A001894,C01163,Current Account,2023-04-05,Active,0,0.0,2376.42
A001895,C01163,Credit Card,2023-05-28,Closed,2200,17.9,-267.55
A001896,C01164,Current Account,2026-06-07,Active,0,0.0,1223.36
A001897,C01165,Savings Account,2023-01-21,Active,0,1.6,15098.69
A001898,C01165,Credit Card,2024-01-11,Active,10200,15.55,-2864.08
A001899,C01166,Current Account,2025-05-26,Active,0,0.0,4534.03
A001900,C01167,Savings Account,2026-05-30,Active,0,1.25,11939.93
A001901,C01168,Current Account,2024-12-22,Active,0,0.0,3414.97
A001902,C01168,Savings Account,2025-10-28,Active,0,2.01,5115.8
A001903,C01169,Current Account,2026-07-23,Active,0,0.0,5013.28
A001904,C01169,Savings Account,2026-07-04,Active,0,1.96,16592.3
A001905,C01170,Current Account,2024-10-25,Active,0,0.0,3831.32
A001906,C01171,Savings Account,2026-06-09,Active,0,0.84,1227.44
A001907,C01172,Current Account,2025-03-16,Active,0,0.0,5241.15
A001908,C01172,Credit Card,2024-06-15,Active,7100,18.6,0
A001909,C01173,Current Account,2026-01-19,Active,0,0.0,1791.13
A001910,C01174,Savings Account,2024-06-07,Active,0,1.35,19383.81
A001911,C01175,Savings Account,2025-03-18,Active,0,0.86,9422.24
A001912,C01175,Current Account,2021-04-24,Active,0,0.0,466.24
A001913,C01176,Current Account,2025-12-03,Active,0,0.0,1903.28
A001914,C01176,Savings Account,2026-07-16,Active,0,1.23,10495.82
A001915,C01176,Credit Card,2025-01-06,Active,5100,17.04,-1870.6
A001916,C01177,Current Account,2026-07-31,Active,0,0.0,4392.46
A001917,C01177,Savings Account,2021-03-23,Closed,0,1.27,26398.59
A001918,C01178,Current Account,2025-05-20,Active,0,0.0,1374.78
A001919,C01178,Savings Account,2022-01-30,Closed,0,1.3,19146.53
A001920,C01179,Current Account,2025-10-20,Active,0,0.0,6619.73
A001921,C01180,Savings Account,2021-01-19,Active,0,2.05,16762.88
A001922,C01181,Current Account,2026-07-17,Active,0,0.0,524.67
A001923,C01182,Current Account,2026-06-23,Active,0,0.0,1241.28
A001924,C01182,Savings Account,2026-04-02,Active,0,1.17,1605.51
A001925,C01183,Savings Account,2022-06-14,Active,0,0.91,10263.6
A001926,C01183,Current Account,2025-12-29,Active,0,0.0,875.13
A001927,C01183,Credit Card,2026-06-30,Active,3000,17.83,-383.75
A001928,C01184,Current Account,2026-07-07,Active,0,0.0,4465.41
A001929,C01184,Savings Account,2026-05-31,Active,0,0.85,0
A001930,C01184,Credit Card,2026-06-01,Active,6100,19.71,-2212.15
A001931,C01185,Current Account,2024-11-05,Active,0,0.0,4346.54
A001932,C01185,Credit Card,2023-08-29,Active,4200,16.12,-1270.82
A001933,C01186,Current Account,2025-02-04,Active,0,0.0,1321.43
A001934,C01186,Savings Account,2026-07-17,Active,0,1.5,20386.81
A001935,C01187,Current Account,2023-09-03,Active,0,0.0,2889.06
A001936,C01187,Credit Card,2026-02-22,Dormant,4900,20.6,-2221.99
A001937,C01188,Savings Account,2026-02-27,Active,0,0.86,22367.51
A001938,C01188,Current Account,2025-09-03,Active,0,0.0,3508.62
A001939,C01189,Current Account,2024-09-17,Active,0,0.0,4879.92
A001940,C01189,Credit Card,2025-07-05,Active,10400,16.71,-804.65
A001941,C01190,Current Account,2023-05-09,Active,0,0.0,1734.52
A001942,C01190,Savings Account,2024-12-19,Active,0,1.33,0
A001943,C01191,Current Account,2020-10-16,Active,0,0.0,1623.63
A001944,C01192,Savings Account,2024-02-22,Active,0,1.88,10574.06
A001945,C01193,Savings Account,2022-06-28,Active,0,1.51,3246.3
A001946,C01193,Current Account,2025-01-29,Active,0,0.0,1618.18
A001947,C01194,Savings Account,2020-07-28,Active,0,1.67,16760.53
A001948,C01195,Current Account,2026-01-11,Active,0,0.0,2559.89
A001949,C01195,Savings Account,2026-01-14,Active,0,1.89,14857.27
A001950,C01195,Credit Card,2026-01-08,Active,11400,17.33,-2603.39
A001951,C01196,Current Account,2020-11-08,Active,0,0.0,1294.22
A001952,C01197,Savings Account,2021-12-26,Active,0,1.94,0
A001953,C01197,Credit Card,2026-05-07,Active,2700,16.62,-83.99
A001954,C01198,Current Account,2026-03-05,Active,0,0.0,305.92
A001955,C01198,Savings Account,2021-03-17,Active,0,1.04,0
A001956,C01199,Savings Account,2022-08-16,Closed,0,1.2,7192.82
A001957,C01200,Savings Account,2025-07-28,Dormant,0,1.57,6801.84
A001958,C01201,Current Account,2023-08-17,Active,0,0.0,3607.9
A001959,C01202,Savings Account,2022-12-15,Dormant,0,1.77,3978.36
A001960,C01202,Current Account,2024-02-04,Active,0,0.0,335.3
A001961,C01202,Credit Card,2023-07-22,Active,4700,16.79,-1500.5
A001962,C01203,Savings Account,2026-07-23,Active,0,1.46,20285.68
A001963,C01204,Current Account,2024-07-30,Active,0,0.0,2869.47
A001964,C01205,Savings Account,2021-10-15,Active,0,1.33,0
A001965,C01206,Savings Account,2026-05-16,Active,0,1.84,12327.53
A001966,C01206,Current Account,2024-09-17,Active,0,0.0,2633.08
A001967,C01207,Current Account,2026-07-16,Closed,0,0.0,-500
A001968,C01207,Savings Account,2026-01-23,Active,0,2.05,8764.04
A001969,C01207,Credit Card,2026-07-13,Active,8500,21.64,-1669.2
A001970,C01208,Current Account,2024-02-16,Active,0,0.0,4391.0
A001971,C01208,Savings Account,2023-03-02,Active,0,1.04,3979.61
A001972,C01208,Credit Card,2023-11-14,Active,10000,18.26,-815.13
A001973,C01209,Current Account,2026-03-27,Active,0,0.0,4170.21
A001974,C01210,Current Account,2025-06-26,Active,0,0.0,5640.15
A001975,C01210,Savings Account,2023-12-27,Active,0,0.95,0
A001976,C01211,Current Account,2021-05-11,Active,0,0.0,-500
A001977,C01211,Savings Account,2023-11-05,Closed,0,1.02,992.04
A001978,C01211,Credit Card,2020-11-19,Dormant,1900,19.32,0
A001979,C01212,Current Account,2024-01-20,Active,0,0.0,5285.14
A001980,C01212,Savings Account,2026-06-26,Active,0,1.81,19771.29
A001981,C01213,Savings Account,2024-09-18,Dormant,0,1.23,10819.76
A001982,C01214,Current Account,2026-06-10,Active,0,0.0,-500
A001983,C01214,Credit Card,2022-05-16,Active,3400,18.34,0
A001984,C01215,Current Account,2024-11-10,Active,0,0.0,4223.23
A001985,C01216,Current Account,2025-02-21,Active,0,0.0,-64.56
A001986,C01216,Savings Account,2025-07-22,Active,0,1.41,16953.87
A001987,C01217,Current Account,2026-04-09,Active,0,0.0,2163.94
A001988,C01218,Current Account,2022-12-31,Active,0,0.0,1301.37
A001989,C01219,Current Account,2024-10-29,Active,0,0.0,1453.1
A001990,C01220,Current Account,2024-05-05,Closed,0,0.0,3410.72
A001991,C01221,Savings Account,2024-01-08,Active,0,1.61,18185.79
A001992,C01222,Current Account,2023-11-26,Active,0,0.0,1586.77
A001993,C01223,Current Account,2024-01-31,Closed,0,0.0,4425.38
A001994,C01224,Savings Account,2026-05-10,Closed,0,2.09,17041.4
A001995,C01224,Credit Card,2025-04-04,Active,4000,16.13,-335.14
A001996,C01225,Current Account,2024-10-25,Active,0,0.0,2931.96
A001997,C01226,Current Account,2026-01-05,Active,0,0.0,2939.76
A001998,C01227,Current Account,2024-10-30,Active,0,0.0,3239.34
A001999,C01227,Credit Card,2024-08-06,Active,10600,17.47,-3599.9
A002000,C01228,Savings Account,2022-05-14,Active,0,1.92,20695.91
A002001,C01228,Current Account,2020-04-01,Active,0,0.0,824.43
A002002,C01229,Current Account,2023-12-10,Active,0,0.0,-500
A002003,C01230,Current Account,2026-07-17,Active,0,0.0,5886.35
A002004,C01230,Savings Account,2026-07-14,Active,0,1.39,0
A002005,C01231,Current Account,2026-01-15,Active,0,0.0,4454.47
A002006,C01232,Savings Account,2024-02-08,Dormant,0,2.1,16405.05
A002007,C01232,Credit Card,2024-06-01,Active,6800,16.96,-682.87
A002008,C01233,Current Account,2023-10-09,Active,0,0.0,1706.92
A002009,C01233,Savings Account,2023-03-21,Active,0,1.82,0
A002010,C01233,Credit Card,2025-05-15,Active,9200,21.82,-2879.12
A002011,C01234,Current Account,2026-02-28,Active,0,0.0,4541.32
A002012,C01234,Savings Account,2025-09-17,Active,0,2.03,5048.56
A002013,C01235,Savings Account,2024-10-19,Dormant,0,1.85,0
A002014,C01236,Current Account,2025-09-11,Active,0,0.0,1919.83
A002015,C01236,Savings Account,2026-04-30,Active,0,1.35,8020.55
A002016,C01237,Current Account,2026-05-11,Active,0,0.0,7236.95
A002017,C01238,Current Account,2025-04-22,Active,0,0.0,9831.97
A002018,C01238,Savings Account,2024-12-11,Active,0,1.26,42190.33
A002019,C01239,Savings Account,2025-06-13,Active,0,1.34,17252.33
A002020,C01239,Current Account,2025-06-21,Active,0,0.0,977.96
A002021,C01240,Current Account,2024-09-26,Active,0,0.0,5651.86
A002022,C01241,Current Account,2026-03-27,Dormant,0,0.0,3530.16
A002023,C01241,Savings Account,2022-12-09,Active,0,1.39,5354.6
A002024,C01242,Current Account,2026-07-20,Active,0,0.0,1244.23
A002025,C01243,Current Account,2024-10-26,Active,0,0.0,15.75
A002026,C01244,Current Account,2026-07-15,Active,0,0.0,1251.84
A002027,C01244,Credit Card,2026-06-21,Dormant,2200,17.75,-724.04
A002028,C01245,Current Account,2025-12-18,Active,0,0.0,702.96
A002029,C01245,Savings Account,2025-01-16,Active,0,1.78,8769.41
A002030,C01245,Credit Card,2022-09-02,Active,3300,21.45,-495.28
A002031,C01246,Current Account,2022-08-21,Active,0,0.0,-114.68
A002032,C01247,Current Account,2025-02-17,Active,0,0.0,2155.58
A002033,C01247,Savings Account,2020-01-02,Active,0,1.33,0
A002034,C01247,Credit Card,2025-12-12,Active,5800,18.81,-1563.55
A002035,C01248,Current Account,2026-05-08,Active,0,0.0,5407.9
A002036,C01249,Savings Account,2025-07-25,Active,0,1.39,15202.26
A002037,C01250,Current Account,2026-04-29,Active,0,0.0,6001.84
A002038,C01250,Savings Account,2026-03-27,Active,0,1.87,2944.63
A002039,C01251,Current Account,2023-07-02,Active,0,0.0,-500
A002040,C01251,Savings Account,2025-08-03,Dormant,0,1.07,17595.98
A002041,C01251,Credit Card,2023-02-26,Active,11400,20.88,-1832.4
A002042,C01252,Current Account,2020-03-05,Active,0,0.0,1084.63
A002043,C01252,Credit Card,2021-07-16,Active,7500,21.47,-1382.41
A002044,C01253,Current Account,2025-11-10,Closed,0,0.0,4489.34
A002045,C01253,Credit Card,2026-01-31,Closed,3200,18.88,-526.31
A002046,C01254,Current Account,2026-06-14,Active,0,0.0,3474.14
A002047,C01255,Savings Account,2026-02-14,Active,0,1.75,10373.7
A002048,C01256,Current Account,2024-09-16,Active,0,0.0,6706.4
A002049,C01256,Savings Account,2026-05-23,Active,0,1.29,15921.94
A002050,C01257,Savings Account,2026-04-18,Active,0,1.18,0
A002051,C01258,Savings Account,2025-09-20,Active,0,0.99,38136.77
A002052,C01259,Current Account,2026-03-12,Active,0,0.0,2318.16
A002053,C01259,Savings Account,2025-12-30,Active,0,1.24,14275.23
A002054,C01260,Current Account,2026-06-22,Closed,0,0.0,2712.33
A002055,C01260,Savings Account,2026-06-13,Active,0,1.91,7847.23
A002056,C01261,Savings Account,2021-06-23,Active,0,1.14,567.64
A002057,C01262,Current Account,2026-01-30,Active,0,0.0,2398.98
A002058,C01263,Current Account,2020-06-03,Active,0,0.0,3241.48
A002059,C01264,Current Account,2025-05-24,Dormant,0,0.0,3184.72
A002060,C01264,Savings Account,2025-08-22,Active,0,1.67,10674.23
A002061,C01265,Current Account,2025-05-10,Active,0,0.0,552.8
A002062,C01266,Savings Account,2024-03-01,Active,0,1.79,3654.13
A002063,C01267,Savings Account,2025-03-16,Active,0,2.11,12693.16
A002064,C01267,Current Account,2024-07-23,Active,0,0.0,466.65
A002065,C01267,Credit Card,2025-04-09,Active,3300,18.61,-767.21
A002066,C01268,Current Account,2025-10-10,Active,0,0.0,737.69
A002067,C01269,Savings Account,2025-10-15,Dormant,0,1.86,15758.01
A002068,C01269,Current Account,2023-05-29,Active,0,0.0,1409.25
A002069,C01270,Current Account,2023-08-27,Active,0,0.0,1964.08
A002070,C01271,Current Account,2025-06-02,Active,0,0.0,3934.61
A002071,C01271,Savings Account,2022-09-20,Active,0,0.85,15451.57
A002072,C01271,Credit Card,2025-05-18,Active,4500,17.98,-996.33
A002073,C01272,Current Account,2023-01-15,Active,0,0.0,4423.67
A002074,C01272,Savings Account,2025-08-24,Active,0,1.07,1566.12
A002075,C01273,Savings Account,2023-11-23,Active,0,2.11,29043.2
A002076,C01274,Savings Account,2026-06-02,Active,0,0.81,19271.39
A002077,C01275,Current Account,2026-05-27,Active,0,0.0,3833.81
A002078,C01275,Credit Card,2026-03-19,Active,12300,18.89,-2706.62
A002079,C01276,Savings Account,2026-02-05,Active,0,1.54,0
A002080,C01276,Credit Card,2025-06-10,Active,5500,15.5,-1223.08
A002081,C01277,Current Account,2026-02-09,Active,0,0.0,921.23
A002082,C01277,Savings Account,2026-01-13,Active,0,0.89,11802.19
A002083,C01278,Savings Account,2023-12-25,Dormant,0,1.92,15941.22
A002084,C01279,Current Account,2024-05-08,Active,0,0.0,4520.09
A002085,C01280,Savings Account,2022-01-03,Dormant,0,1.49,5467.86
A002086,C01280,Current Account,2025-11-24,Active,0,0.0,1430.72
A002087,C01281,Savings Account,2025-09-02,Active,0,1.08,9171.97
A002088,C01281,Credit Card,2025-05-14,Active,2900,16.43,-223.54
A002089,C01282,Savings Account,2024-12-04,Active,0,1.62,3147.8
A002090,C01283,Savings Account,2025-01-07,Active,0,1.9,6670.23
A002091,C01283,Credit Card,2023-07-16,Active,3700,16.11,-1216.82
A002092,C01284,Current Account,2026-02-25,Active,0,0.0,2010.58
A002093,C01285,Current Account,2023-02-11,Dormant,0,0.0,407.02
A002094,C01286,Current Account,2023-11-11,Active,0,0.0,592.23
A002095,C01286,Credit Card,2021-02-23,Active,5900,17.34,-307.68
A002096,C01287,Savings Account,2026-07-31,Active,0,1.67,23454.46
A002097,C01288,Savings Account,2023-09-11,Active,0,1.34,3204.0
A002098,C01288,Credit Card,2023-07-27,Active,9200,16.06,0
A002099,C01289,Current Account,2025-12-12,Active,0,0.0,11259.56
A002100,C01290,Savings Account,2022-12-29,Active,0,2.05,5562.34
A002101,C01291,Current Account,2025-10-04,Active,0,0.0,6772.42
A002102,C01292,Current Account,2021-02-26,Active,0,0.0,1374.98
A002103,C01292,Savings Account,2023-04-24,Active,0,1.3,20280.07
A002104,C01293,Current Account,2023-02-22,Active,0,0.0,260.53
A002105,C01294,Savings Account,2024-12-21,Active,0,2.05,0
A002106,C01294,Credit Card,2025-02-15,Active,5400,19.46,-46.35
A002107,C01295,Current Account,2026-05-11,Active,0,0.0,-500
A002108,C01295,Credit Card,2024-11-25,Active,8200,21.87,0
A002109,C01296,Current Account,2025-11-17,Active,0,0.0,-222.24
A002110,C01296,Savings Account,2024-05-25,Active,0,0.96,11659.98
A002111,C01296,Credit Card,2025-02-25,Active,7800,21.42,0
A002112,C01297,Current Account,2026-04-06,Closed,0,0.0,2512.81
A002113,C01298,Current Account,2021-04-14,Active,0,0.0,3034.72
A002114,C01299,Savings Account,2022-06-15,Active,0,2.03,0
A002115,C01299,Current Account,2023-06-17,Active,0,0.0,10280.58
A002116,C01299,Credit Card,2022-07-12,Active,11400,19.81,-3941.45
A002117,C01300,Current Account,2026-07-12,Active,0,0.0,6220.09
A002118,C01300,Savings Account,2026-07-20,Active,0,2.18,45769.67
A002119,C01300,Credit Card,2026-07-18,Active,7700,21.49,-425.5
A002120,C01301,Current Account,2025-02-01,Active,0,0.0,3399.95
A002121,C01301,Savings Account,2023-01-10,Active,0,1.81,4864.76
A002122,C01301,Credit Card,2023-11-25,Active,9800,16.97,-2284.55
A002123,C01302,Savings Account,2023-12-02,Active,0,1.89,0
A002124,C01302,Current Account,2023-09-10,Active,0,0.0,746.8
A002125,C01303,Current Account,2026-02-01,Active,0,0.0,4260.79
A002126,C01304,Current Account,2025-01-22,Active,0,0.0,1713.57
A002127,C01304,Savings Account,2026-03-15,Active,0,1.17,8014.23
A002128,C01305,Current Account,2023-08-23,Active,0,0.0,2187.74
A002129,C01305,Savings Account,2020-12-14,Active,0,2.07,0
A002130,C01306,Current Account,2024-10-02,Active,0,0.0,2147.7
A002131,C01307,Current Account,2023-06-24,Active,0,0.0,611.91
A002132,C01308,Current Account,2026-03-25,Active,0,0.0,2574.82
A002133,C01308,Credit Card,2026-02-15,Active,6900,20.46,0
A002134,C01309,Savings Account,2026-02-04,Active,0,2.16,11864.75
A002135,C01309,Current Account,2026-07-17,Active,0,0.0,3829.1
A002136,C01310,Current Account,2024-04-21,Active,0,0.0,982.75
A002137,C01310,Savings Account,2024-09-02,Active,0,1.62,1303.82
A002138,C01311,Savings Account,2024-08-21,Active,0,1.9,3586.87
A002139,C01312,Current Account,2023-09-16,Active,0,0.0,11855.21
A002140,C01312,Savings Account,2022-01-07,Active,0,0.97,45462.76
A002141,C01313,Savings Account,2021-04-16,Active,0,1.94,10071.11
A002142,C01314,Current Account,2023-11-21,Active,0,0.0,4998.84
A002143,C01315,Savings Account,2026-01-04,Active,0,1.3,39814.35
A002144,C01316,Savings Account,2021-02-18,Dormant,0,1.88,7868.41
A002145,C01317,Current Account,2024-07-19,Active,0,0.0,2446.72
A002146,C01317,Savings Account,2025-04-05,Active,0,1.83,10843.44
A002147,C01317,Credit Card,2024-03-07,Active,8800,20.69,-398.85
A002148,C01318,Current Account,2025-12-18,Active,0,0.0,958.93
A002149,C01318,Savings Account,2025-08-18,Active,0,0.97,15432.61
A002150,C01319,Current Account,2025-08-11,Active,0,0.0,3756.53
A002151,C01320,Current Account,2025-07-09,Active,0,0.0,4948.06
A002152,C01321,Current Account,2026-04-20,Active,0,0.0,3199.56
A002153,C01322,Current Account,2026-03-21,Active,0,0.0,7130.42
A002154,C01322,Savings Account,2026-04-05,Active,0,2.15,0
A002155,C01323,Current Account,2026-04-05,Active,0,0.0,2845.89
A002156,C01323,Savings Account,2026-07-30,Active,0,1.42,0
A002157,C01323,Credit Card,2026-05-15,Active,7200,20.22,-2011.48
A002158,C01324,Savings Account,2026-02-14,Active,0,1.76,18501.05
A002159,C01324,Current Account,2026-05-04,Active,0,0.0,1138.63
A002160,C01325,Current Account,2024-08-18,Active,0,0.0,2525.04
A002161,C01325,Savings Account,2025-05-23,Active,0,1.63,8607.05
A002162,C01325,Credit Card,2026-06-09,Active,7100,20.92,-2263.33
A002163,C01326,Savings Account,2025-06-29,Active,0,0.96,12424.1
A002164,C01327,Current Account,2020-07-01,Closed,0,0.0,4396.24
A002165,C01327,Credit Card,2020-09-16,Active,7800,21.66,-864.91
A002166,C01328,Savings Account,2022-12-29,Active,0,1.74,0
A002167,C01328,Current Account,2021-01-31,Active,0,0.0,2226.49
A002168,C01329,Current Account,2025-03-09,Active,0,0.0,322.61
A002169,C01329,Savings Account,2024-02-29,Active,0,1.26,23950.34
A002170,C01330,Current Account,2025-06-19,Closed,0,0.0,2838.81
A002171,C01331,Savings Account,2025-05-04,Active,0,1.83,9584.23
A002172,C01332,Current Account,2026-01-17,Active,0,0.0,6495.73
A002173,C01332,Savings Account,2025-08-15,Active,0,1.81,4200.82
A002174,C01333,Current Account,2024-12-19,Active,0,0.0,2421.75
A002175,C01333,Savings Account,2024-07-01,Active,0,1.93,0
A002176,C01333,Credit Card,2025-08-12,Active,3900,15.85,-1462.76
A002177,C01334,Current Account,2023-07-29,Active,0,0.0,6376.41
A002178,C01334,Savings Account,2024-02-06,Active,0,1.74,9935.56
A002179,C01335,Current Account,2022-10-24,Active,0,0.0,1855.23
A002180,C01336,Current Account,2024-05-08,Active,0,0.0,2161.19
A002181,C01336,Savings Account,2024-07-04,Active,0,0.87,9285.24
A002182,C01337,Current Account,2021-07-26,Active,0,0.0,505.44
A002183,C01337,Credit Card,2020-08-15,Active,3300,19.63,-827.86
A002184,C01338,Current Account,2025-12-25,Active,0,0.0,-500
A002185,C01339,Current Account,2023-01-24,Active,0,0.0,978.41
A002186,C01340,Current Account,2024-08-25,Active,0,0.0,1699.22
A002187,C01341,Current Account,2026-06-30,Active,0,0.0,-184.84
A002188,C01342,Current Account,2024-10-16,Active,0,0.0,1374.63
A002189,C01343,Current Account,2024-12-20,Active,0,0.0,1163.5
A002190,C01343,Savings Account,2025-04-27,Active,0,1.2,34956.88
A002191,C01344,Current Account,2024-08-25,Active,0,0.0,6826.27
A002192,C01345,Current Account,2021-01-18,Closed,0,0.0,3015.4
A002193,C01346,Current Account,2026-03-07,Active,0,0.0,436.5
A002194,C01346,Savings Account,2026-06-27,Active,0,1.03,12139.27
A002195,C01347,Current Account,2025-02-09,Active,0,0.0,3740.19
A002196,C01347,Savings Account,2025-07-23,Active,0,1.74,16928.89
A002197,C01347,Credit Card,2025-09-04,Active,4000,15.76,-367.03
A002198,C01348,Current Account,2025-09-29,Active,0,0.0,2120.0
A002199,C01349,Savings Account,2022-03-08,Active,0,1.89,28760.62
A002200,C01350,Current Account,2026-05-30,Active,0,0.0,4339.12
A002201,C01351,Current Account,2025-10-18,Active,0,0.0,-500
A002202,C01351,Savings Account,2025-08-15,Active,0,0.91,24911.73
A002203,C01352,Current Account,2025-06-11,Dormant,0,0.0,2440.99
A002204,C01353,Current Account,2022-12-05,Active,0,0.0,2088.57
A002205,C01353,Savings Account,2022-10-03,Active,0,0.87,24162.3
A002206,C01354,Current Account,2026-05-04,Dormant,0,0.0,5992.8
A002207,C01354,Savings Account,2025-07-07,Active,0,2.01,13993.39
A002208,C01355,Current Account,2024-09-28,Active,0,0.0,4292.83
A002209,C01355,Savings Account,2023-12-20,Active,0,2.13,28665.63
A002210,C01356,Current Account,2026-06-15,Active,0,0.0,2970.76
A002211,C01356,Savings Account,2026-07-04,Active,0,1.9,8939.29
A002212,C01356,Credit Card,2026-06-28,Active,4600,17.46,-293.16
A002213,C01357,Current Account,2026-06-18,Active,0,0.0,1177.72
A002214,C01358,Current Account,2026-06-15,Active,0,0.0,498.35
A002215,C01358,Credit Card,2026-01-30,Active,15000,20.55,-5027.25
A002216,C01359,Current Account,2025-02-02,Active,0,0.0,2745.87
A002217,C01359,Credit Card,2026-03-25,Active,4900,21.21,-1155.69
A002218,C01360,Savings Account,2026-04-03,Active,0,1.13,2999.96
A002219,C01361,Current Account,2024-05-21,Active,0,0.0,2988.92
A002220,C01362,Savings Account,2026-07-12,Active,0,2.08,15808.84
A002221,C01363,Savings Account,2026-07-11,Active,0,1.54,10138.91
A002222,C01364,Savings Account,2025-12-13,Active,0,2.09,17043.64
A002223,C01364,Current Account,2025-06-30,Active,0,0.0,7477.21
A002224,C01365,Current Account,2026-07-02,Active,0,0.0,3480.31
A002225,C01366,Current Account,2026-07-28,Active,0,0.0,2057.54
A002226,C01367,Current Account,2026-05-27,Active,0,0.0,-95.59
A002227,C01367,Savings Account,2022-08-04,Active,0,1.09,7244.96
A002228,C01368,Current Account,2026-01-02,Active,0,0.0,4755.79
A002229,C01368,Savings Account,2025-06-19,Active,0,0.95,70022.68
A002230,C01369,Savings Account,2026-05-16,Active,0,1.62,30081.88
A002231,C01370,Current Account,2026-01-08,Active,0,0.0,660.64
A002232,C01371,Current Account,2026-01-17,Active,0,0.0,3192.64
A002233,C01372,Current Account,2023-12-28,Dormant,0,0.0,2169.59
A002234,C01372,Savings Account,2025-08-13,Active,0,2.11,5386.44
A002235,C01373,Current Account,2026-05-25,Active,0,0.0,1794.27
A002236,C01373,Savings Account,2023-11-01,Active,0,2.08,6528.78
A002237,C01374,Current Account,2024-10-08,Active,0,0.0,7347.54
A002238,C01375,Savings Account,2025-09-07,Active,0,2.06,0
A002239,C01376,Savings Account,2024-09-07,Active,0,1.24,9513.94
A002240,C01376,Current Account,2025-12-09,Active,0,0.0,-424.01
A002241,C01377,Savings Account,2026-07-30,Active,0,1.22,19268.35
A002242,C01377,Current Account,2025-03-26,Active,0,0.0,3625.24
A002243,C01378,Savings Account,2025-08-19,Active,0,1.23,18978.21
A002244,C01378,Credit Card,2026-02-14,Active,8100,16.12,-3012.31
A002245,C01379,Savings Account,2020-10-09,Active,0,0.95,16058.12
A002246,C01379,Current Account,2021-11-20,Active,0,0.0,6665.51
A002247,C01380,Current Account,2023-10-27,Active,0,0.0,2799.3
A002248,C01381,Current Account,2025-01-08,Active,0,0.0,1170.88
A002249,C01382,Current Account,2025-05-08,Active,0,0.0,1301.42
A002250,C01383,Current Account,2024-07-28,Active,0,0.0,1348.67
A002251,C01383,Savings Account,2026-06-16,Active,0,1.47,7339.27
A002252,C01384,Current Account,2022-10-30,Active,0,0.0,9850.3
A002253,C01385,Current Account,2023-12-31,Active,0,0.0,4503.22
A002254,C01386,Current Account,2022-09-05,Active,0,0.0,3193.99
A002255,C01386,Savings Account,2023-08-08,Active,0,2.11,33294.76
A002256,C01387,Savings Account,2023-07-30,Active,0,1.16,6468.46
A002257,C01388,Current Account,2025-02-20,Active,0,0.0,3198.55
A002258,C01388,Savings Account,2025-12-25,Active,0,1.77,21529.16
A002259,C01389,Current Account,2026-05-13,Active,0,0.0,4005.1
A002260,C01389,Savings Account,2024-03-06,Active,0,1.08,5582.96
A002261,C01390,Current Account,2026-07-07,Active,0,0.0,4589.1
A002262,C01390,Savings Account,2026-07-21,Active,0,1.16,16964.68
A002263,C01391,Current Account,2026-05-04,Active,0,0.0,1137.65
A002264,C01391,Credit Card,2025-09-25,Active,5000,21.01,-558.16
A002265,C01392,Savings Account,2026-02-27,Active,0,2.0,21074.14
A002266,C01392,Current Account,2025-11-08,Active,0,0.0,3288.82
A002267,C01393,Current Account,2026-04-03,Active,0,0.0,2093.27
A002268,C01393,Savings Account,2026-01-05,Active,0,1.99,38010.4
A002269,C01394,Savings Account,2025-10-10,Active,0,2.0,14332.42
A002270,C01395,Current Account,2025-12-31,Active,0,0.0,7494.65
A002271,C01396,Current Account,2025-08-08,Active,0,0.0,2060.45
A002272,C01397,Current Account,2025-02-26,Active,0,0.0,748.47
A002273,C01398,Current Account,2025-10-19,Active,0,0.0,1131.12
A002274,C01398,Savings Account,2024-06-18,Active,0,1.27,6594.08
A002275,C01398,Credit Card,2021-11-27,Active,10500,20.86,-1850.44
A002276,C01399,Current Account,2023-08-12,Active,0,0.0,2451.28
A002277,C01399,Savings Account,2024-06-26,Active,0,1.06,20948.46
A002278,C01400,Savings Account,2024-05-28,Active,0,1.0,9507.74
A002279,C01401,Savings Account,2025-01-17,Active,0,1.12,0
A002280,C01401,Current Account,2025-02-19,Active,0,0.0,5301.44
A002281,C01402,Savings Account,2026-03-08,Active,0,1.41,13217.81
A002282,C01402,Current Account,2025-10-07,Active,0,0.0,5912.44
A002283,C01402,Credit Card,2026-07-19,Active,9400,15.56,-2884.98
A002284,C01403,Current Account,2024-12-21,Active,0,0.0,1792.07
A002285,C01404,Current Account,2025-01-29,Active,0,0.0,3066.32
A002286,C01405,Current Account,2025-10-23,Active,0,0.0,1472.22
A002287,C01406,Savings Account,2025-08-02,Active,0,1.22,15410.59
A002288,C01406,Current Account,2025-07-19,Active,0,0.0,4751.82
A002289,C01407,Savings Account,2023-02-23,Active,0,1.51,49890.53
A002290,C01407,Current Account,2023-05-14,Active,0,0.0,6488.75
A002291,C01408,Savings Account,2025-09-25,Active,0,2.08,6416.42
A002292,C01408,Current Account,2025-12-27,Active,0,0.0,2473.25
A002293,C01408,Credit Card,2025-07-31,Active,3900,21.33,0
A002294,C01409,Current Account,2025-07-18,Active,0,0.0,3895.72
A002295,C01410,Current Account,2023-06-04,Active,0,0.0,1101.82
A002296,C01410,Savings Account,2024-02-17,Closed,0,0.86,0
A002297,C01411,Current Account,2021-06-22,Active,0,0.0,3375.36
A002298,C01411,Savings Account,2021-09-20,Dormant,0,0.85,13678.97
A002299,C01412,Current Account,2025-08-22,Active,0,0.0,2122.45
A002300,C01412,Savings Account,2025-10-26,Active,0,2.19,110.86
A002301,C01413,Current Account,2021-07-04,Closed,0,0.0,4880.55
A002302,C01413,Savings Account,2021-12-09,Active,0,0.86,1900.43
A002303,C01414,Savings Account,2025-10-06,Active,0,1.75,10814.81
A002304,C01415,Savings Account,2023-06-02,Active,0,1.09,7561.11
A002305,C01415,Current Account,2023-09-22,Active,0,0.0,1089.28
A002306,C01416,Current Account,2022-01-13,Active,0,0.0,1462.06
A002307,C01417,Current Account,2025-03-15,Dormant,0,0.0,2380.98
A002308,C01418,Current Account,2026-07-02,Active,0,0.0,2034.65
A002309,C01419,Current Account,2024-09-02,Active,0,0.0,2635.29
A002310,C01420,Current Account,2024-04-20,Dormant,0,0.0,2057.63
A002311,C01421,Current Account,2025-08-21,Active,0,0.0,2459.83
A002312,C01421,Savings Account,2026-01-09,Active,0,1.98,2044.03
A002313,C01422,Current Account,2025-10-05,Active,0,0.0,-500
A002314,C01423,Current Account,2026-07-07,Active,0,0.0,2186.46
A002315,C01423,Savings Account,2025-07-30,Active,0,1.43,13154.28
A002316,C01424,Current Account,2025-04-01,Active,0,0.0,337.49
A002317,C01425,Current Account,2024-03-22,Closed,0,0.0,3838.6
A002318,C01426,Current Account,2021-06-15,Dormant,0,0.0,3268.55
A002319,C01427,Savings Account,2024-06-25,Active,0,1.78,10455.09
A002320,C01427,Current Account,2023-12-11,Active,0,0.0,3610.92
A002321,C01428,Current Account,2026-04-28,Active,0,0.0,1942.49
A002322,C01428,Savings Account,2026-05-14,Active,0,1.15,9421.59
A002323,C01429,Current Account,2025-11-27,Active,0,0.0,5000.46
A002324,C01430,Savings Account,2026-05-11,Active,0,1.89,3917.54
A002325,C01430,Current Account,2024-04-22,Active,0,0.0,1745.51
A002326,C01430,Credit Card,2025-04-18,Active,2900,16.92,-420.02
A002327,C01431,Current Account,2024-06-04,Active,0,0.0,6053.12
A002328,C01432,Current Account,2026-05-27,Active,0,0.0,2378.95
A002329,C01432,Savings Account,2026-07-25,Active,0,1.63,17258.85
A002330,C01433,Current Account,2025-08-19,Dormant,0,0.0,4412.66
A002331,C01433,Savings Account,2026-06-18,Active,0,1.68,9253.45
A002332,C01434,Savings Account,2021-12-01,Active,0,1.7,9324.64
A002333,C01434,Credit Card,2024-09-12,Active,7500,16.91,-1771.62
A002334,C01435,Current Account,2023-04-03,Active,0,0.0,710.17
A002335,C01435,Savings Account,2024-03-10,Active,0,1.69,16404.46
A002336,C01435,Credit Card,2025-08-25,Active,7200,19.65,-977.5
A002337,C01436,Current Account,2025-08-02,Dormant,0,0.0,334.6
A002338,C01437,Current Account,2024-07-31,Active,0,0.0,-500
A002339,C01437,Savings Account,2022-01-02,Active,0,2.03,3090.16
A002340,C01438,Savings Account,2025-06-11,Active,0,1.88,10117.93
A002341,C01438,Current Account,2022-08-17,Dormant,0,0.0,4409.97
A002342,C01439,Savings Account,2023-12-20,Active,0,1.81,5452.96
A002343,C01439,Current Account,2024-01-09,Active,0,0.0,2896.01
A002344,C01439,Credit Card,2025-11-10,Active,6600,15.79,-374.16
A002345,C01440,Current Account,2025-03-11,Active,0,0.0,2544.37
A002346,C01440,Savings Account,2024-12-07,Closed,0,1.12,1223.38
A002347,C01440,Credit Card,2025-11-14,Closed,3900,21.46,-308.91
A002348,C01441,Current Account,2026-04-06,Active,0,0.0,3830.19
A002349,C01442,Current Account,2026-07-24,Dormant,0,0.0,2859.75
A002350,C01442,Savings Account,2026-07-23,Active,0,1.13,13812.91
A002351,C01443,Current Account,2026-07-26,Active,0,0.0,529.71
A002352,C01444,Current Account,2026-03-31,Dormant,0,0.0,461.72
A002353,C01445,Savings Account,2024-06-25,Active,0,1.97,20786.87
A002354,C01446,Current Account,2025-11-13,Active,0,0.0,909.41
A002355,C01446,Savings Account,2025-10-25,Active,0,0.97,14204.92
A002356,C01447,Current Account,2024-01-28,Dormant,0,0.0,1122.24
A002357,C01447,Credit Card,2026-06-08,Active,3200,16.14,-701.53
A002358,C01448,Current Account,2020-06-23,Active,0,0.0,1214.3
A002359,C01448,Credit Card,2021-09-03,Active,2400,19.96,-419.58
A002360,C01449,Current Account,2026-02-04,Active,0,0.0,3954.79
A002361,C01450,Current Account,2026-02-23,Active,0,0.0,8529.32
A002362,C01451,Current Account,2025-06-24,Active,0,0.0,2769.37
A002363,C01452,Current Account,2026-08-01,Active,0,0.0,4716.25
A002364,C01452,Credit Card,2026-07-27,Active,5400,21.58,-640.26
A002365,C01453,Current Account,2025-01-24,Active,0,0.0,3546.11
A002366,C01454,Current Account,2024-05-30,Active,0,0.0,363.1
A002367,C01454,Savings Account,2024-02-19,Closed,0,1.5,0
A002368,C01455,Savings Account,2025-06-23,Active,0,1.86,6255.98
A002369,C01455,Current Account,2024-11-08,Active,0,0.0,1739.12
A002370,C01456,Current Account,2026-07-18,Active,0,0.0,1327.83
A002371,C01456,Savings Account,2026-04-07,Closed,0,1.15,1552.89
A002372,C01457,Current Account,2023-03-14,Active,0,0.0,1584.47
A002373,C01457,Savings Account,2022-09-29,Active,0,0.98,19811.36
A002374,C01458,Current Account,2025-07-03,Active,0,0.0,-112.58
A002375,C01459,Current Account,2022-04-22,Active,0,0.0,4564.61
A002376,C01459,Savings Account,2021-03-13,Active,0,1.38,10211.14
A002377,C01460,Savings Account,2023-03-27,Dormant,0,0.88,30475.1
A002378,C01460,Current Account,2022-06-02,Active,0,0.0,5295.83
A002379,C01461,Current Account,2025-10-28,Active,0,0.0,3588.25
A002380,C01462,Savings Account,2025-05-11,Active,0,1.29,9319.52
A002381,C01463,Current Account,2022-02-01,Active,0,0.0,2295.29
A002382,C01464,Current Account,2022-02-13,Active,0,0.0,4782.33
A002383,C01464,Credit Card,2022-05-21,Active,12600,16.92,-1608.01
A002384,C01465,Current Account,2026-03-08,Dormant,0,0.0,1171.52
A002385,C01465,Savings Account,2025-03-13,Active,0,1.13,7620.83
A002386,C01466,Current Account,2025-04-22,Active,0,0.0,4458.7
A002387,C01466,Savings Account,2023-02-09,Active,0,1.42,3997.45
A002388,C01467,Current Account,2024-03-10,Active,0,0.0,1700.64
A002389,C01468,Savings Account,2024-08-29,Active,0,1.54,12234.87
A002390,C01468,Current Account,2024-04-27,Active,0,0.0,5546.94
A002391,C01469,Current Account,2024-08-08,Active,0,0.0,2750.74
A002392,C01469,Credit Card,2024-06-16,Active,6400,16.09,-433.53
A002393,C01470,Current Account,2024-06-05,Active,0,0.0,24.4
A002394,C01470,Savings Account,2022-12-13,Active,0,1.23,4927.79
A002395,C01471,Current Account,2026-07-30,Dormant,0,0.0,4903.5
A002396,C01472,Current Account,2025-02-24,Active,0,0.0,9258.23
A002397,C01472,Savings Account,2025-05-09,Active,0,1.5,54237.84
A002398,C01473,Current Account,2025-04-13,Active,0,0.0,6621.15
A002399,C01474,Current Account,2024-12-18,Active,0,0.0,335.62
A002400,C01475,Savings Account,2025-03-04,Active,0,2.06,17268.81
A002401,C01475,Credit Card,2025-02-19,Active,2700,17.43,-282.58
A002402,C01476,Savings Account,2023-09-13,Dormant,0,1.77,1525.69
A002403,C01476,Current Account,2024-06-12,Active,0,0.0,1735.45
A002404,C01477,Savings Account,2024-03-19,Active,0,0.94,6546.37
A002405,C01477,Credit Card,2024-08-19,Active,9300,21.86,-410.28
A002406,C01478,Current Account,2026-03-31,Active,0,0.0,2206.63
A002407,C01478,Credit Card,2026-07-19,Active,2500,20.1,-900.22
A002408,C01479,Savings Account,2025-05-25,Active,0,1.63,19907.03
A002409,C01480,Current Account,2025-01-23,Active,0,0.0,2256.17
A002410,C01480,Credit Card,2022-03-30,Active,6600,15.88,-1709.58
A002411,C01481,Current Account,2024-04-19,Active,0,0.0,1606.18
A002412,C01482,Savings Account,2024-02-07,Active,0,2.18,6563.92
A002413,C01482,Current Account,2025-09-18,Dormant,0,0.0,1635.2
A002414,C01483,Savings Account,2023-02-16,Active,0,1.36,9343.99
A002415,C01483,Current Account,2023-04-09,Active,0,0.0,3464.34
A002416,C01484,Current Account,2024-03-08,Active,0,0.0,1274.49
A002417,C01484,Credit Card,2026-01-02,Active,2700,18.68,-1728.18
A002418,C01485,Savings Account,2025-11-15,Active,0,1.53,23346.5
A002419,C01485,Credit Card,2025-07-03,Active,3700,17.23,-465.92
A002420,C01486,Savings Account,2023-05-19,Active,0,2.12,21097.93
A002421,C01486,Current Account,2020-05-05,Active,0,0.0,1330.56
A002422,C01487,Current Account,2025-04-07,Active,0,0.0,2314.85
A002423,C01487,Credit Card,2025-12-08,Active,2300,21.51,0
A002424,C01488,Savings Account,2026-01-25,Active,0,0.87,14150.83
A002425,C01488,Credit Card,2025-12-08,Dormant,9000,21.18,-508.85
A002426,C01489,Current Account,2025-08-05,Active,0,0.0,5472.16
A002427,C01490,Savings Account,2026-06-27,Dormant,0,1.59,2133.88
A002428,C01490,Current Account,2026-06-03,Active,0,0.0,1217.28
A002429,C01491,Current Account,2026-05-25,Active,0,0.0,784.72
A002430,C01491,Credit Card,2020-05-03,Active,2500,19.24,-925.72
A002431,C01492,Savings Account,2022-01-30,Active,0,2.18,19078.32
A002432,C01493,Savings Account,2022-09-28,Active,0,1.33,8232.7
A002433,C01494,Current Account,2023-08-14,Closed,0,0.0,1286.04
A002434,C01495,Current Account,2021-02-21,Active,0,0.0,2675.95
A002435,C01496,Current Account,2026-03-30,Active,0,0.0,550.75
A002436,C01496,Savings Account,2023-04-22,Dormant,0,1.86,4799.75
A002437,C01497,Current Account,2026-06-21,Active,0,0.0,-106.7
A002438,C01497,Savings Account,2026-07-27,Active,0,1.52,6145.45
A002439,C01498,Current Account,2025-08-08,Dormant,0,0.0,3264.88
A002440,C01499,Current Account,2021-08-25,Active,0,0.0,6124.34
A002441,C01500,Savings Account,2023-10-05,Active,0,1.08,0
A002442,C01500,Current Account,2021-04-08,Active,0,0.0,5088.43
A002443,C01500,Credit Card,2024-05-30,Active,9700,19.57,-2178.58
A002444,C01501,Current Account,2024-10-05,Active,0,0.0,6582.55
A002445,C01501,Savings Account,2023-09-09,Active,0,0.9,21701.51
A002446,C01502,Savings Account,2021-08-12,Active,0,1.81,17426.67
A002447,C01503,Savings Account,2024-06-12,Active,0,1.95,4876.09
A002448,C01504,Savings Account,2025-05-25,Active,0,1.27,15075.74
A002449,C01505,Current Account,2024-03-22,Active,0,0.0,7337.04
A002450,C01506,Current Account,2023-11-02,Active,0,0.0,1956.15
A002451,C01506,Savings Account,2020-05-04,Active,0,0.87,3795.84
A002452,C01506,Credit Card,2022-07-31,Active,5200,20.31,-1171.03
A002453,C01507,Savings Account,2022-09-25,Active,0,1.52,22481.65
A002454,C01507,Current Account,2025-04-14,Active,0,0.0,2382.23
A002455,C01508,Current Account,2026-03-09,Active,0,0.0,4096.99
A002456,C01508,Savings Account,2026-06-20,Active,0,1.05,5280.15
A002457,C01508,Credit Card,2026-01-02,Active,6400,21.55,-1945.14
A002458,C01509,Current Account,2023-11-19,Active,0,0.0,1834.39
A002459,C01510,Current Account,2025-01-27,Active,0,0.0,5001.21
A002460,C01510,Savings Account,2024-04-26,Active,0,2.12,41564.6
A002461,C01511,Current Account,2022-03-28,Active,0,0.0,4518.66
A002462,C01512,Current Account,2026-02-24,Active,0,0.0,827.25
A002463,C01512,Savings Account,2026-02-27,Active,0,1.68,0
A002464,C01512,Credit Card,2025-11-21,Active,12100,16.63,-115.8
A002465,C01513,Savings Account,2024-09-19,Active,0,1.62,5715.98
A002466,C01514,Current Account,2026-01-02,Active,0,0.0,3691.39
A002467,C01514,Savings Account,2024-07-16,Active,0,1.88,12564.49
A002468,C01515,Current Account,2022-05-18,Active,0,0.0,2969.74
A002469,C01515,Savings Account,2025-01-31,Active,0,1.74,6507.65
A002470,C01516,Current Account,2023-05-18,Active,0,0.0,1509.63
A002471,C01516,Savings Account,2021-02-14,Active,0,2.11,0
A002472,C01517,Current Account,2025-11-09,Active,0,0.0,5636.41
A002473,C01518,Current Account,2025-10-14,Active,0,0.0,1043.4
A002474,C01519,Current Account,2021-09-23,Active,0,0.0,2519.59
A002475,C01519,Savings Account,2020-12-02,Active,0,1.98,10075.44
A002476,C01520,Savings Account,2026-07-30,Active,0,1.47,0
A002477,C01521,Current Account,2024-05-18,Active,0,0.0,3127.29
A002478,C01521,Savings Account,2026-07-31,Active,0,1.23,13449.76
A002479,C01522,Savings Account,2026-06-04,Active,0,1.13,18014.12
A002480,C01522,Credit Card,2026-07-27,Active,8400,18.87,-2911.03
A002481,C01523,Current Account,2024-10-18,Active,0,0.0,4696.04
A002482,C01523,Savings Account,2026-05-23,Active,0,1.74,17020.37
A002483,C01524,Current Account,2026-07-29,Active,0,0.0,4048.0
A002484,C01525,Current Account,2022-08-03,Active,0,0.0,2429.78
A002485,C01525,Credit Card,2022-09-13,Active,6900,17.99,0
A002486,C01526,Savings Account,2023-09-20,Active,0,0.85,13666.69
A002487,C01526,Current Account,2025-12-03,Active,0,0.0,5141.08
A002488,C01527,Savings Account,2025-07-31,Active,0,1.27,754.49
A002489,C01528,Current Account,2025-03-23,Active,0,0.0,7971.1
A002490,C01528,Credit Card,2022-08-30,Active,7400,17.32,-1788.36
A002491,C01529,Current Account,2025-08-08,Active,0,0.0,2567.39
A002492,C01529,Savings Account,2022-01-14,Active,0,1.89,6009.93
A002493,C01529,Credit Card,2020-10-07,Active,1700,15.52,-107.07
A002494,C01530,Current Account,2025-12-07,Active,0,0.0,221.23
A002495,C01531,Current Account,2025-03-20,Active,0,0.0,4990.68
A002496,C01531,Savings Account,2026-02-07,Active,0,0.93,41738.83
A002497,C01531,Credit Card,2023-09-06,Active,10200,20.3,-3688.96
A002498,C01532,Current Account,2022-10-05,Active,0,0.0,1571.08
A002499,C01532,Credit Card,2024-10-18,Active,6700,19.73,-382.69
A002500,C01533,Savings Account,2026-02-25,Dormant,0,1.87,0
A002501,C01533,Current Account,2020-12-14,Active,0,0.0,3697.14
A002502,C01534,Current Account,2022-05-21,Active,0,0.0,1178.61
A002503,C01535,Current Account,2024-05-30,Active,0,0.0,5189.87
A002504,C01535,Credit Card,2022-06-16,Active,8100,18.77,-1656.82
A002505,C01536,Current Account,2023-08-09,Active,0,0.0,4965.1
A002506,C01537,Current Account,2026-01-01,Active,0,0.0,4773.07
A002507,C01537,Credit Card,2024-07-01,Active,3800,18.23,-808.33
A002508,C01538,Current Account,2023-04-03,Active,0,0.0,261.43
A002509,C01538,Savings Account,2024-01-05,Active,0,1.9,4873.35
A002510,C01539,Current Account,2026-05-19,Active,0,0.0,6740.7
A002511,C01540,Current Account,2026-05-21,Active,0,0.0,705.64
A002512,C01540,Savings Account,2025-12-21,Active,0,1.18,6801.26
A002513,C01541,Current Account,2026-01-25,Active,0,0.0,1510.97
A002514,C01541,Savings Account,2025-10-28,Active,0,1.57,7556.28
A002515,C01542,Current Account,2022-05-03,Active,0,0.0,2674.02
A002516,C01542,Savings Account,2023-02-03,Active,0,1.4,30761.63
A002517,C01542,Credit Card,2021-08-30,Active,3900,17.1,-688.82
A002518,C01543,Current Account,2022-03-16,Active,0,0.0,1909.93
A002519,C01543,Savings Account,2021-01-05,Active,0,1.19,0
A002520,C01544,Savings Account,2025-01-25,Active,0,1.79,11169.62
A002521,C01545,Current Account,2023-05-05,Active,0,0.0,6337.71
A002522,C01545,Savings Account,2026-05-02,Active,0,1.22,6766.8
A002523,C01546,Savings Account,2026-06-11,Active,0,0.93,10540.15
A002524,C01546,Current Account,2025-06-09,Active,0,0.0,3592.01
A002525,C01547,Current Account,2025-04-03,Active,0,0.0,1843.36
A002526,C01548,Current Account,2026-07-30,Active,0,0.0,873.68
A002527,C01548,Savings Account,2026-07-28,Active,0,1.73,8012.93
A002528,C01549,Savings Account,2025-08-14,Active,0,1.74,28410.87
A002529,C01549,Current Account,2021-07-18,Active,0,0.0,3453.78
A002530,C01550,Current Account,2026-04-17,Active,0,0.0,1215.14
A002531,C01551,Current Account,2025-10-22,Active,0,0.0,1378.27
A002532,C01551,Credit Card,2025-05-04,Active,7200,20.86,-2459.38
A002533,C01552,Current Account,2024-01-05,Active,0,0.0,3243.6
A002534,C01552,Savings Account,2025-09-25,Active,0,1.7,15404.76
A002535,C01553,Current Account,2026-07-06,Active,0,0.0,2138.59
A002536,C01554,Savings Account,2025-09-12,Active,0,0.99,3010.8
A002537,C01555,Current Account,2026-03-08,Active,0,0.0,4250.58
A002538,C01555,Savings Account,2025-10-12,Active,0,1.9,29471.76
A002539,C01556,Savings Account,2022-12-29,Active,0,1.4,17272.8
A002540,C01557,Current Account,2023-03-09,Active,0,0.0,2533.57
A002541,C01557,Savings Account,2024-11-22,Active,0,1.19,16779.64
A002542,C01558,Current Account,2023-05-27,Active,0,0.0,2545.23
A002543,C01559,Current Account,2022-06-12,Active,0,0.0,1144.09
A002544,C01559,Savings Account,2022-05-27,Active,0,0.84,0
A002545,C01560,Current Account,2025-02-01,Active,0,0.0,5061.47
A002546,C01560,Savings Account,2024-10-28,Active,0,1.09,22222.98
A002547,C01561,Current Account,2026-05-12,Active,0,0.0,1418.88
A002548,C01562,Current Account,2026-05-20,Active,0,0.0,8597.29
A002549,C01563,Current Account,2024-02-19,Closed,0,0.0,1111.38
A002550,C01563,Savings Account,2023-12-14,Active,0,1.97,13321.4
A002551,C01564,Current Account,2025-04-28,Active,0,0.0,2326.98
A002552,C01564,Savings Account,2025-12-11,Active,0,2.09,9711.56
A002553,C01565,Current Account,2021-05-15,Active,0,0.0,2589.92
A002554,C01565,Credit Card,2023-12-16,Active,10800,17.04,0
A002555,C01566,Current Account,2026-06-01,Active,0,0.0,1522.32
A002556,C01567,Current Account,2020-04-17,Active,0,0.0,5860.31
A002557,C01568,Current Account,2022-09-09,Active,0,0.0,1400.62
A002558,C01569,Savings Account,2025-11-28,Active,0,0.91,12676.29
A002559,C01569,Current Account,2026-03-02,Active,0,0.0,3161.37
A002560,C01570,Current Account,2021-10-26,Active,0,0.0,11190.67
A002561,C01571,Current Account,2026-02-23,Dormant,0,0.0,2177.86
A002562,C01571,Savings Account,2026-07-30,Active,0,2.07,26401.55
A002563,C01572,Current Account,2024-01-26,Active,0,0.0,3177.52
A002564,C01573,Current Account,2024-03-01,Dormant,0,0.0,7098.54
A002565,C01574,Current Account,2021-12-17,Active,0,0.0,2086.23
A002566,C01575,Current Account,2026-06-20,Closed,0,0.0,-500
A002567,C01576,Savings Account,2024-12-25,Active,0,0.8,3695.51
A002568,C01576,Credit Card,2024-08-22,Closed,3300,17.43,-1439.59
A002569,C01577,Current Account,2024-02-26,Dormant,0,0.0,5533.71
A002570,C01578,Savings Account,2023-02-26,Active,0,1.28,3192.94
A002571,C01578,Current Account,2026-02-10,Active,0,0.0,1612.43
A002572,C01579,Current Account,2024-07-15,Active,0,0.0,2020.36
A002573,C01579,Credit Card,2025-09-23,Dormant,4000,16.13,-830.31
A002574,C01580,Current Account,2026-06-29,Active,0,0.0,1728.65
A002575,C01580,Savings Account,2026-06-26,Active,0,1.59,16819.38
A002576,C01581,Current Account,2025-05-30,Active,0,0.0,2112.56
A002577,C01581,Savings Account,2024-12-19,Active,0,1.64,2577.21
A002578,C01581,Credit Card,2023-04-29,Active,7700,19.92,-709.92
A002579,C01582,Current Account,2023-09-08,Active,0,0.0,7024.38
A002580,C01582,Savings Account,2020-09-21,Active,0,1.57,27276.27
A002581,C01582,Credit Card,2026-04-10,Active,10700,17.87,-1543.36
A002582,C01583,Savings Account,2025-07-08,Active,0,0.87,11798.51
A002583,C01583,Current Account,2025-04-09,Active,0,0.0,6600.68
A002584,C01583,Credit Card,2025-01-11,Active,4800,16.3,-215.19
A002585,C01584,Savings Account,2024-08-29,Active,0,1.53,4977.49
A002586,C01584,Current Account,2023-04-07,Active,0,0.0,948.03
A002587,C01585,Current Account,2022-12-04,Active,0,0.0,6204.99
A002588,C01585,Savings Account,2025-11-19,Active,0,1.9,54479.71
A002589,C01586,Savings Account,2024-06-22,Closed,0,1.58,29804.47
A002590,C01587,Savings Account,2025-09-10,Active,0,2.06,2912.02
A002591,C01587,Current Account,2026-02-12,Active,0,0.0,122.12
A002592,C01587,Credit Card,2026-05-21,Active,8800,21.2,-2801.83
A002593,C01588,Current Account,2026-05-13,Active,0,0.0,-500
A002594,C01588,Savings Account,2023-12-15,Active,0,1.3,8245.02
A002595,C01589,Current Account,2025-05-20,Active,0,0.0,4144.77
A002596,C01590,Current Account,2026-06-21,Dormant,0,0.0,5158.08
A002597,C01591,Current Account,2025-06-23,Dormant,0,0.0,7194.74
A002598,C01592,Savings Account,2023-04-02,Dormant,0,1.11,27299.28
A002599,C01592,Current Account,2023-08-17,Active,0,0.0,4767.89
A002600,C01593,Current Account,2026-07-30,Active,0,0.0,2215.27
A002601,C01593,Credit Card,2026-07-31,Active,11100,15.67,-2096.26
A002602,C01594,Current Account,2023-11-21,Active,0,0.0,721.44
A002603,C01594,Savings Account,2024-06-17,Active,0,2.04,4822.59
A002604,C01594,Credit Card,2026-05-12,Active,3500,20.95,-1459.76
A002605,C01595,Savings Account,2026-04-09,Active,0,1.54,24076.06
A002606,C01595,Current Account,2026-05-30,Active,0,0.0,4313.08
A002607,C01595,Credit Card,2026-05-08,Active,8300,21.77,-1830.19
A002608,C01596,Current Account,2026-07-16,Dormant,0,0.0,3373.32
A002609,C01597,Current Account,2024-05-12,Active,0,0.0,308.23
A002610,C01597,Savings Account,2025-09-20,Dormant,0,1.41,25314.52
A002611,C01598,Current Account,2026-06-16,Active,0,0.0,1596.67
A002612,C01598,Credit Card,2025-09-03,Active,3300,17.58,-647.4
A002613,C01599,Current Account,2024-01-11,Closed,0,0.0,215.89
A002614,C01599,Savings Account,2026-05-18,Active,0,0.92,19186.85
A002615,C01600,Current Account,2025-08-05,Closed,0,0.0,1956.61
A002616,C01601,Current Account,2026-06-22,Active,0,0.0,-500
A002617,C01601,Savings Account,2022-09-11,Dormant,0,2.18,28283.83
A002618,C01602,Current Account,2025-11-20,Active,0,0.0,3508.33
A002619,C01603,Current Account,2024-11-14,Active,0,0.0,2654.23
A002620,C01603,Savings Account,2023-10-22,Closed,0,1.29,14228.97
A002621,C01603,Credit Card,2026-02-15,Dormant,4900,17.55,-1669.11
A002622,C01604,Savings Account,2024-02-05,Active,0,1.18,6701.2
A002623,C01604,Credit Card,2026-01-30,Active,12800,17.01,-783.22
A002624,C01605,Current Account,2025-05-13,Closed,0,0.0,1908.34
A002625,C01606,Current Account,2026-05-07,Active,0,0.0,552.11
A002626,C01606,Savings Account,2023-10-03,Active,0,1.16,1580.91
A002627,C01607,Current Account,2026-07-08,Dormant,0,0.0,951.56
A002628,C01607,Savings Account,2026-01-03,Active,0,1.68,12368.17
A002629,C01608,Current Account,2026-04-01,Active,0,0.0,-69.06
A002630,C01608,Savings Account,2023-06-05,Active,0,1.77,3034.23
A002631,C01609,Savings Account,2026-04-05,Active,0,1.9,1406.3
A002632,C01610,Current Account,2025-06-09,Dormant,0,0.0,5070.8
A002633,C01610,Credit Card,2025-08-24,Active,9600,15.92,-1979.7
A002634,C01611,Current Account,2026-06-08,Active,0,0.0,2533.04
A002635,C01611,Credit Card,2025-05-05,Active,4500,16.41,-1879.18
A002636,C01612,Savings Account,2022-11-06,Active,0,0.96,1010.01
A002637,C01612,Current Account,2021-07-15,Active,0,0.0,-42.7
A002638,C01613,Current Account,2026-07-26,Active,0,0.0,2757.86
A002639,C01614,Current Account,2024-03-24,Active,0,0.0,1933.83
A002640,C01615,Savings Account,2026-07-25,Active,0,0.97,19598.9
A002641,C01615,Current Account,2026-04-06,Closed,0,0.0,958.22
A002642,C01616,Current Account,2023-12-15,Active,0,0.0,484.94
A002643,C01616,Credit Card,2024-05-24,Active,6800,21.53,-1086.22
A002644,C01617,Current Account,2025-08-18,Active,0,0.0,1327.21
A002645,C01617,Savings Account,2025-05-22,Closed,0,1.93,5101.08
A002646,C01618,Savings Account,2026-06-08,Active,0,1.76,3939.73
A002647,C01619,Current Account,2021-03-24,Active,0,0.0,859.83
A002648,C01619,Savings Account,2024-09-27,Active,0,1.63,7748.4
A002649,C01620,Current Account,2023-05-01,Dormant,0,0.0,5263.87
A002650,C01620,Credit Card,2025-05-15,Active,12400,17.95,0
A002651,C01621,Current Account,2022-10-25,Dormant,0,0.0,6262.14
A002652,C01622,Current Account,2025-12-14,Active,0,0.0,7363.48
A002653,C01622,Savings Account,2026-05-23,Dormant,0,1.97,0
A002654,C01623,Current Account,2023-10-14,Active,0,0.0,4554.49
A002655,C01624,Savings Account,2020-07-28,Active,0,1.68,19547.31
A002656,C01624,Current Account,2024-05-12,Active,0,0.0,6987.67
A002657,C01624,Credit Card,2026-01-09,Active,11600,19.24,-1851.75
A002658,C01625,Current Account,2026-06-10,Active,0,0.0,3496.84
A002659,C01625,Credit Card,2026-07-09,Closed,6500,17.01,-1081.46
A002660,C01626,Current Account,2023-03-15,Active,0,0.0,2380.79
A002661,C01626,Savings Account,2026-06-09,Dormant,0,1.32,4923.83
A002662,C01626,Credit Card,2023-07-25,Active,6500,17.7,-1570.43
A002663,C01627,Current Account,2025-10-05,Dormant,0,0.0,588.65
A002664,C01627,Credit Card,2024-11-21,Active,13000,21.86,-987.14
A002665,C01628,Current Account,2025-09-11,Active,0,0.0,7435.39
A002666,C01628,Savings Account,2020-06-29,Active,0,1.7,21358.35
A002667,C01629,Current Account,2020-12-01,Active,0,0.0,4945.36
A002668,C01629,Credit Card,2026-05-11,Active,8900,21.04,-2115.2
A002669,C01630,Current Account,2025-09-24,Active,0,0.0,3054.56
A002670,C01630,Savings Account,2022-07-17,Active,0,1.16,2727.86
A002671,C01631,Current Account,2026-06-20,Active,0,0.0,1791.17
A002672,C01631,Savings Account,2023-11-24,Active,0,2.07,34871.52
A002673,C01632,Current Account,2025-04-16,Active,0,0.0,3215.21
A002674,C01633,Current Account,2025-02-24,Dormant,0,0.0,2570.7
A002675,C01633,Savings Account,2024-01-02,Active,0,1.1,14391.96
A002676,C01634,Savings Account,2026-05-06,Active,0,2.05,15634.93
A002677,C01634,Credit Card,2025-10-26,Active,8300,21.42,-1250.94
A002678,C01635,Current Account,2023-02-15,Active,0,0.0,6850.06
A002679,C01635,Savings Account,2021-04-03,Active,0,1.69,11599.19
A002680,C01635,Credit Card,2021-10-22,Active,4400,21.46,-528.53
A002681,C01636,Savings Account,2021-12-16,Active,0,1.94,24589.37
A002682,C01637,Current Account,2025-07-30,Active,0,0.0,2108.93
A002683,C01637,Savings Account,2026-06-09,Active,0,1.65,8097.47
A002684,C01637,Credit Card,2026-06-26,Active,10700,18.35,-743.02
A002685,C01638,Current Account,2025-09-06,Active,0,0.0,3856.65
A002686,C01639,Current Account,2025-07-31,Active,0,0.0,3149.0
A002687,C01640,Current Account,2024-05-13,Active,0,0.0,3754.75
A002688,C01641,Current Account,2023-12-02,Active,0,0.0,2211.85
A002689,C01642,Current Account,2024-11-14,Dormant,0,0.0,1346.8
A002690,C01642,Savings Account,2025-03-30,Active,0,1.62,16587.06
A002691,C01643,Current Account,2022-05-30,Active,0,0.0,2568.41
A002692,C01644,Current Account,2024-11-27,Active,0,0.0,4042.66
A002693,C01645,Current Account,2026-02-04,Dormant,0,0.0,1835.2
A002694,C01646,Current Account,2026-05-08,Active,0,0.0,2420.09
A002695,C01647,Current Account,2025-11-05,Active,0,0.0,3352.06
A002696,C01647,Credit Card,2025-06-27,Active,3500,18.2,-567.23
A002697,C01648,Savings Account,2025-11-07,Active,0,1.64,6170.32
A002698,C01648,Current Account,2026-05-17,Active,0,0.0,1992.16
A002699,C01649,Current Account,2022-01-20,Active,0,0.0,1809.03
A002700,C01650,Savings Account,2026-07-26,Dormant,0,1.73,8388.24
A002701,C01651,Current Account,2022-08-21,Active,0,0.0,3106.44
A002702,C01651,Credit Card,2022-08-06,Active,13200,21.6,-219.21
A002703,C01652,Current Account,2026-07-09,Active,0,0.0,1978.99
A002704,C01653,Savings Account,2025-04-13,Active,0,1.9,11407.54
A002705,C01654,Current Account,2026-02-14,Active,0,0.0,3430.93
A002706,C01654,Savings Account,2026-04-24,Active,0,1.67,7992.87
A002707,C01655,Current Account,2026-07-16,Closed,0,0.0,2156.8
A002708,C01655,Credit Card,2026-07-01,Active,3900,19.63,-647.76
A002709,C01656,Current Account,2020-09-18,Active,0,0.0,2859.53
A002710,C01656,Credit Card,2020-03-26,Active,4400,16.26,-387.31
A002711,C01657,Current Account,2024-02-13,Active,0,0.0,3687.4
A002712,C01657,Credit Card,2021-12-09,Active,5100,18.23,-1252.35
A002713,C01658,Current Account,2023-12-04,Active,0,0.0,2057.62
A002714,C01659,Current Account,2026-08-01,Active,0,0.0,1692.28
A002715,C01660,Current Account,2026-03-17,Active,0,0.0,1880.03
A002716,C01661,Current Account,2025-03-29,Active,0,0.0,3613.77
A002717,C01661,Savings Account,2024-12-09,Active,0,1.06,7872.42
A002718,C01662,Current Account,2022-05-12,Active,0,0.0,1951.4
A002719,C01662,Savings Account,2023-11-09,Active,0,2.06,31114.6
A002720,C01662,Credit Card,2025-07-29,Active,9200,19.38,0
A002721,C01663,Current Account,2024-10-01,Active,0,0.0,865.27
A002722,C01663,Credit Card,2024-06-03,Active,4000,16.99,-99.55
A002723,C01664,Current Account,2021-06-25,Active,0,0.0,1611.53
A002724,C01664,Savings Account,2021-11-28,Active,0,1.66,8070.25
A002725,C01665,Current Account,2024-07-30,Closed,0,0.0,3939.31
A002726,C01665,Savings Account,2023-06-19,Active,0,1.96,9457.45
A002727,C01665,Credit Card,2025-08-31,Active,15000,21.13,-2568.89
A002728,C01666,Current Account,2022-11-08,Active,0,0.0,4508.32
A002729,C01667,Current Account,2024-10-27,Active,0,0.0,1075.6
A002730,C01667,Credit Card,2024-11-01,Closed,6200,21.61,-171.17
A002731,C01668,Current Account,2026-02-13,Active,0,0.0,1978.67
A002732,C01669,Current Account,2026-06-21,Active,0,0.0,5418.14
A002733,C01669,Credit Card,2025-09-19,Active,10200,16.49,-969.79
A002734,C01670,Current Account,2023-02-22,Active,0,0.0,2450.06
A002735,C01670,Savings Account,2021-05-02,Active,0,1.86,12742.9
A002736,C01671,Current Account,2024-12-23,Active,0,0.0,5731.86
A002737,C01672,Current Account,2025-12-29,Active,0,0.0,3652.73
A002738,C01673,Current Account,2026-06-23,Active,0,0.0,2776.25
A002739,C01674,Current Account,2025-07-27,Active,0,0.0,-484.48
A002740,C01675,Savings Account,2025-10-13,Active,0,0.8,8290.93
A002741,C01675,Credit Card,2026-05-13,Active,5300,21.59,-1062.17
A002742,C01676,Current Account,2026-08-01,Active,0,0.0,2800.75
A002743,C01676,Credit Card,2024-04-13,Active,3900,18.85,-547.37
A002744,C01677,Savings Account,2025-12-20,Closed,0,1.37,3475.81
A002745,C01677,Current Account,2022-06-10,Active,0,0.0,2238.81
A002746,C01678,Current Account,2026-01-05,Closed,0,0.0,4510.44
A002747,C01678,Credit Card,2026-07-16,Active,4200,15.59,-2016.96
A002748,C01679,Current Account,2025-02-12,Active,0,0.0,6827.08
A002749,C01679,Savings Account,2025-08-31,Active,0,2.03,42019.18
A002750,C01680,Savings Account,2024-11-05,Dormant,0,1.63,6572.58
A002751,C01681,Current Account,2023-05-05,Active,0,0.0,1102.47
A002752,C01682,Current Account,2026-05-15,Active,0,0.0,3434.74
A002753,C01682,Savings Account,2026-06-10,Dormant,0,0.91,16321.71
A002754,C01682,Credit Card,2026-07-31,Active,2800,21.08,-984.43
A002755,C01683,Current Account,2022-06-14,Active,0,0.0,8371.26
A002756,C01684,Savings Account,2025-06-30,Active,0,1.39,7292.66
A002757,C01685,Current Account,2025-05-23,Active,0,0.0,1459.12
A002758,C01685,Savings Account,2026-07-05,Active,0,1.89,16919.3
A002759,C01686,Current Account,2024-02-17,Active,0,0.0,884.4
A002760,C01687,Current Account,2025-07-24,Active,0,0.0,4595.36
A002761,C01688,Current Account,2025-06-12,Active,0,0.0,876.7
A002762,C01689,Current Account,2024-09-19,Active,0,0.0,3055.76
A002763,C01690,Savings Account,2025-12-15,Active,0,1.57,9199.17
A002764,C01690,Current Account,2026-06-14,Active,0,0.0,4015.14
A002765,C01691,Current Account,2026-01-25,Dormant,0,0.0,2842.43
A002766,C01692,Current Account,2024-10-28,Active,0,0.0,1603.34
A002767,C01693,Savings Account,2023-01-14,Active,0,1.7,0
A002768,C01693,Credit Card,2026-05-21,Active,3700,19.18,-1258.91
A002769,C01694,Current Account,2025-12-14,Active,0,0.0,-500
A002770,C01694,Savings Account,2025-04-03,Active,0,1.34,18556.73
A002771,C01695,Savings Account,2026-04-30,Active,0,1.86,14498.66
A002772,C01696,Current Account,2026-02-26,Active,0,0.0,7803.74
A002773,C01697,Current Account,2025-09-09,Active,0,0.0,3464.0
A002774,C01697,Savings Account,2024-04-12,Active,0,1.69,2810.26
A002775,C01697,Credit Card,2024-03-09,Active,6600,20.45,0
A002776,C01698,Current Account,2025-09-04,Active,0,0.0,1089.07
A002777,C01699,Current Account,2026-01-19,Dormant,0,0.0,9750.1
A002778,C01700,Savings Account,2025-02-26,Active,0,1.0,3158.5
A002779,C01700,Current Account,2022-02-18,Active,0,0.0,1362.57
A002780,C01700,Credit Card,2026-04-17,Active,3400,19.25,-580.27
A002781,C01701,Current Account,2025-11-19,Active,0,0.0,4145.58
A002782,C01701,Savings Account,2023-07-28,Active,0,2.06,11660.56
A002783,C01702,Current Account,2026-07-05,Active,0,0.0,586.6
A002784,C01703,Current Account,2022-11-02,Active,0,0.0,1384.0
A002785,C01703,Savings Account,2023-11-04,Active,0,1.33,22592.3
A002786,C01703,Credit Card,2024-12-03,Closed,5100,17.3,-1041.3
A002787,C01704,Savings Account,2022-11-29,Active,0,1.26,4993.66
A002788,C01704,Current Account,2026-04-06,Active,0,0.0,2662.16
A002789,C01704,Credit Card,2024-07-16,Active,9000,21.16,-420.03
A002790,C01705,Current Account,2026-08-01,Dormant,0,0.0,2516.49
A002791,C01706,Current Account,2024-05-11,Active,0,0.0,1336.9
A002792,C01707,Savings Account,2026-07-27,Active,0,1.61,18153.61
A002793,C01708,Current Account,2020-07-24,Active,0,0.0,2199.24
A002794,C01708,Savings Account,2021-05-28,Active,0,1.59,15214.49
A002795,C01709,Current Account,2026-04-20,Active,0,0.0,-500
A002796,C01709,Savings Account,2025-04-29,Active,0,1.43,22777.78
A002797,C01710,Current Account,2024-04-05,Dormant,0,0.0,3546.7
A002798,C01710,Credit Card,2024-08-12,Active,7400,18.78,-1944.66
A002799,C01711,Current Account,2020-06-20,Active,0,0.0,5729.53
A002800,C01711,Savings Account,2023-11-25,Active,0,1.07,20292.75
A002801,C01711,Credit Card,2026-06-10,Active,3600,15.8,-1032.54
A002802,C01712,Current Account,2025-07-14,Active,0,0.0,7199.54
A002803,C01713,Savings Account,2024-05-31,Active,0,0.85,28719.77
A002804,C01714,Current Account,2025-03-21,Closed,0,0.0,2980.51
A002805,C01714,Savings Account,2025-07-14,Active,0,1.55,10370.96
A002806,C01715,Current Account,2022-02-07,Active,0,0.0,8706.67
A002807,C01715,Savings Account,2025-02-01,Active,0,2.1,0
A002808,C01716,Savings Account,2024-09-06,Active,0,1.03,30619.29
A002809,C01716,Current Account,2025-03-12,Active,0,0.0,1864.66
A002810,C01717,Savings Account,2023-07-07,Active,0,1.31,20040.6
A002811,C01717,Credit Card,2022-03-19,Active,2600,20.71,-725.34
A002812,C01718,Current Account,2025-06-17,Active,0,0.0,3524.28
A002813,C01718,Savings Account,2024-03-10,Active,0,1.77,38477.67
A002814,C01718,Credit Card,2026-04-24,Active,8300,18.54,-1176.1
A002815,C01719,Savings Account,2024-01-12,Active,0,1.32,9793.89
A002816,C01719,Current Account,2025-04-10,Active,0,0.0,2888.55
A002817,C01719,Credit Card,2024-07-01,Active,4000,16.63,0
A002818,C01720,Savings Account,2026-01-29,Active,0,1.12,5681.2
A002819,C01720,Current Account,2025-07-07,Active,0,0.0,5257.1
A002820,C01721,Current Account,2024-06-28,Active,0,0.0,6823.12
A002821,C01722,Current Account,2026-07-15,Active,0,0.0,505.86
A002822,C01723,Current Account,2020-09-21,Active,0,0.0,2359.95
A002823,C01723,Savings Account,2025-08-20,Active,0,1.11,3383.38
A002824,C01724,Current Account,2026-01-28,Active,0,0.0,1667.44
A002825,C01724,Credit Card,2025-01-11,Active,8000,19.25,0
A002826,C01725,Current Account,2025-05-25,Active,0,0.0,3744.97
A002827,C01726,Current Account,2026-07-05,Active,0,0.0,2786.55
A002828,C01727,Current Account,2025-08-02,Closed,0,0.0,1282.66
A002829,C01727,Savings Account,2024-11-09,Active,0,1.77,19067.51
A002830,C01728,Savings Account,2022-02-06,Dormant,0,1.63,0
A002831,C01729,Current Account,2025-10-30,Active,0,0.0,1767.28
A002832,C01729,Credit Card,2025-06-01,Active,6600,20.02,-1463.06
A002833,C01730,Current Account,2023-07-13,Active,0,0.0,-500
A002834,C01730,Savings Account,2024-02-05,Active,0,1.67,13704.94
A002835,C01730,Credit Card,2026-01-12,Active,4300,15.63,-1079.08
A002836,C01731,Current Account,2026-04-30,Active,0,0.0,1838.22
A002837,C01732,Savings Account,2024-06-05,Active,0,0.86,7801.25
A002838,C01733,Current Account,2025-12-28,Active,0,0.0,1045.61
A002839,C01733,Credit Card,2025-12-21,Active,7000,21.39,-2961.88
A002840,C01734,Current Account,2026-06-29,Active,0,0.0,2652.28
A002841,C01735,Current Account,2024-07-04,Active,0,0.0,4994.9
A002842,C01735,Credit Card,2026-03-31,Active,6800,20.12,-2836.08
A002843,C01736,Current Account,2026-07-04,Active,0,0.0,4391.98
A002844,C01737,Savings Account,2024-01-20,Active,0,0.93,4131.18
A002845,C01737,Credit Card,2024-10-13,Active,5600,19.01,0
A002846,C01738,Current Account,2026-04-24,Active,0,0.0,1955.75
A002847,C01738,Credit Card,2026-06-29,Active,5400,17.96,-1270.54
A002848,C01739,Savings Account,2026-02-20,Active,0,1.17,28889.93
A002849,C01740,Current Account,2024-10-15,Active,0,0.0,1248.27
A002850,C01741,Current Account,2021-03-13,Dormant,0,0.0,3734.33
A002851,C01742,Savings Account,2024-10-28,Active,0,1.18,11433.17
A002852,C01743,Savings Account,2025-05-18,Active,0,0.86,30095.86
A002853,C01743,Credit Card,2025-09-05,Active,4700,16.1,-821.06
A002854,C01744,Savings Account,2024-12-10,Active,0,0.96,0
A002855,C01744,Current Account,2025-04-03,Active,0,0.0,1618.53
A002856,C01744,Credit Card,2026-01-12,Active,6900,16.88,-1657.78
A002857,C01745,Current Account,2024-10-03,Closed,0,0.0,2894.03
A002858,C01745,Savings Account,2022-10-05,Active,0,1.37,36798.48
A002859,C01746,Current Account,2024-02-20,Active,0,0.0,1783.16
A002860,C01747,Current Account,2025-05-04,Active,0,0.0,5783.99
A002861,C01747,Savings Account,2025-11-23,Dormant,0,1.94,9285.7
A002862,C01747,Credit Card,2025-05-16,Active,7300,19.82,-1539.67
A002863,C01748,Savings Account,2026-07-04,Active,0,1.17,9775.68
A002864,C01749,Savings Account,2024-05-08,Active,0,1.22,6613.96
A002865,C01750,Current Account,2026-06-08,Active,0,0.0,2875.21
A002866,C01750,Credit Card,2026-05-05,Active,5100,20.8,-326.2
A002867,C01751,Current Account,2025-12-29,Active,0,0.0,-178.22
A002868,C01751,Savings Account,2026-03-28,Active,0,0.89,12854.39
A002869,C01752,Savings Account,2026-07-31,Active,0,2.17,12653.2
A002870,C01752,Current Account,2026-03-19,Active,0,0.0,6528.76
A002871,C01753,Current Account,2026-03-23,Active,0,0.0,3672.24
A002872,C01753,Credit Card,2026-03-20,Closed,4800,16.7,-1126.22
A002873,C01754,Savings Account,2025-11-30,Active,0,2.04,20940.09
A002874,C01754,Current Account,2026-01-10,Active,0,0.0,1581.24
A002875,C01755,Current Account,2026-08-01,Active,0,0.0,4409.45
A002876,C01755,Credit Card,2026-07-25,Active,9000,18.36,-1690.0
A002877,C01756,Current Account,2023-05-30,Active,0,0.0,1832.6
A002878,C01756,Savings Account,2024-05-22,Active,0,0.8,0
A002879,C01757,Current Account,2022-08-17,Dormant,0,0.0,3671.47
A002880,C01758,Current Account,2021-10-06,Active,0,0.0,1305.48
A002881,C01758,Savings Account,2026-03-31,Active,0,1.21,14458.61
A002882,C01759,Current Account,2026-01-02,Dormant,0,0.0,2905.56
A002883,C01759,Credit Card,2025-04-10,Active,8700,21.26,-2244.91
A002884,C01760,Current Account,2023-01-07,Dormant,0,0.0,5149.32
A002885,C01760,Savings Account,2025-05-11,Active,0,1.43,13448.27
A002886,C01761,Current Account,2023-07-06,Active,0,0.0,3054.52
A002887,C01761,Savings Account,2023-12-02,Active,0,0.98,8613.91
A002888,C01762,Savings Account,2025-07-05,Active,0,1.42,1330.59
A002889,C01762,Current Account,2024-12-23,Dormant,0,0.0,2071.5
A002890,C01762,Credit Card,2024-02-12,Active,2000,15.66,0
A002891,C01763,Savings Account,2024-08-19,Active,0,1.84,5769.66
A002892,C01763,Current Account,2026-05-02,Active,0,0.0,1783.86
A002893,C01764,Current Account,2026-04-12,Active,0,0.0,1749.2
A002894,C01765,Current Account,2024-08-24,Active,0,0.0,2197.69
A002895,C01766,Current Account,2024-10-25,Active,0,0.0,10007.65
A002896,C01766,Credit Card,2023-06-28,Active,11900,17.44,-1638.59
A002897,C01767,Current Account,2024-03-09,Active,0,0.0,1275.81
A002898,C01768,Current Account,2025-08-26,Closed,0,0.0,3982.55
A002899,C01769,Current Account,2026-06-16,Active,0,0.0,5090.14
A002900,C01770,Savings Account,2024-05-02,Active,0,0.88,4077.19
A002901,C01770,Current Account,2024-08-26,Closed,0,0.0,3366.78
A002902,C01771,Savings Account,2023-12-10,Active,0,2.04,24537.14
A002903,C01771,Current Account,2020-06-09,Active,0,0.0,-299.15
A002904,C01772,Current Account,2024-11-11,Active,0,0.0,885.59
A002905,C01773,Current Account,2026-06-27,Dormant,0,0.0,5223.98
A002906,C01773,Savings Account,2025-08-06,Active,0,1.76,2104.42
A002907,C01774,Savings Account,2025-10-04,Active,0,1.63,19564.09
A002908,C01775,Savings Account,2024-08-02,Closed,0,0.87,14365.9
A002909,C01776,Current Account,2021-02-24,Active,0,0.0,4022.08
A002910,C01777,Current Account,2025-07-05,Active,0,0.0,4263.04
A002911,C01777,Credit Card,2020-12-13,Active,7700,19.34,-2610.45
A002912,C01778,Current Account,2025-01-09,Closed,0,0.0,6068.52
A002913,C01778,Savings Account,2024-07-13,Active,0,1.7,19473.42
A002914,C01779,Savings Account,2023-03-27,Active,0,1.85,19710.01
A002915,C01779,Credit Card,2025-11-25,Active,9300,17.7,-3157.69
A002916,C01780,Current Account,2023-02-11,Dormant,0,0.0,245.84
A002917,C01781,Current Account,2025-04-24,Active,0,0.0,7048.68
A002918,C01782,Current Account,2023-08-01,Active,0,0.0,4441.6
A002919,C01783,Current Account,2026-07-15,Dormant,0,0.0,4291.65
A002920,C01784,Current Account,2023-09-08,Active,0,0.0,2025.45
A002921,C01784,Savings Account,2022-01-08,Active,0,0.95,6637.73
A002922,C01784,Credit Card,2024-11-10,Active,3300,17.65,-586.21
A002923,C01785,Current Account,2022-04-26,Active,0,0.0,2176.68
A002924,C01786,Current Account,2026-02-28,Active,0,0.0,9482.23
A002925,C01786,Credit Card,2026-07-08,Closed,7400,21.84,-1143.7
A002926,C01787,Current Account,2026-03-30,Active,0,0.0,2814.03
A002927,C01788,Savings Account,2021-05-24,Active,0,0.97,18353.41
A002928,C01789,Current Account,2026-02-08,Active,0,0.0,3664.65
A002929,C01789,Savings Account,2025-07-04,Active,0,1.25,14407.94
A002930,C01790,Current Account,2026-04-25,Active,0,0.0,3236.09
A002931,C01790,Credit Card,2026-07-05,Active,9000,18.16,-290.41
A002932,C01791,Current Account,2025-09-08,Active,0,0.0,723.14
A002933,C01792,Current Account,2024-03-14,Active,0,0.0,2479.22
A002934,C01793,Current Account,2024-05-26,Dormant,0,0.0,3114.09
A002935,C01793,Credit Card,2026-07-17,Active,9100,16.31,-2445.25
A002936,C01794,Current Account,2023-07-05,Active,0,0.0,4660.89
A002937,C01795,Savings Account,2024-03-23,Active,0,1.7,23827.34
A002938,C01795,Current Account,2022-09-26,Active,0,0.0,3364.24
A002939,C01796,Current Account,2025-11-01,Active,0,0.0,2884.91
A002940,C01797,Savings Account,2025-04-07,Active,0,0.82,51500.45
A002941,C01798,Current Account,2026-07-20,Active,0,0.0,7982.6
A002942,C01799,Current Account,2026-02-05,Active,0,0.0,1705.33
A002943,C01799,Credit Card,2025-12-20,Active,1900,20.97,0
A002944,C01800,Current Account,2025-01-14,Active,0,0.0,3404.48
A002945,C01800,Savings Account,2024-06-02,Active,0,1.85,16782.84
A002946,C01801,Savings Account,2026-07-08,Active,0,2.03,13241.42
A002947,C01802,Savings Account,2026-01-15,Active,0,1.31,16749.33
A002948,C01802,Credit Card,2026-01-01,Active,7500,21.35,-1713.15
A002949,C01803,Savings Account,2023-06-23,Active,0,0.82,10942.7
A002950,C01803,Credit Card,2023-10-19,Active,11000,17.84,-3330.27
A002951,C01804,Current Account,2025-06-18,Closed,0,0.0,4536.51
A002952,C01805,Current Account,2023-07-31,Active,0,0.0,3026.51
A002953,C01805,Savings Account,2024-11-05,Dormant,0,1.1,26593.59
A002954,C01806,Current Account,2024-06-30,Active,0,0.0,1808.05
A002955,C01806,Credit Card,2023-03-13,Closed,4900,15.75,-1781.06
A002956,C01807,Current Account,2024-10-30,Active,0,0.0,3493.82
A002957,C01808,Current Account,2023-02-11,Active,0,0.0,3883.09
A002958,C01808,Credit Card,2023-12-24,Dormant,4400,20.72,-2075.63
A002959,C01809,Current Account,2024-09-30,Active,0,0.0,2927.65
A002960,C01809,Savings Account,2026-01-21,Active,0,0.97,21606.45
A002961,C01810,Current Account,2026-02-26,Active,0,0.0,1047.41
A002962,C01811,Current Account,2022-12-29,Active,0,0.0,1022.71
A002963,C01812,Current Account,2022-11-30,Active,0,0.0,745.55
A002964,C01812,Savings Account,2024-09-09,Active,0,1.31,23433.8
A002965,C01813,Current Account,2023-10-14,Active,0,0.0,2713.15
A002966,C01813,Savings Account,2024-07-13,Active,0,1.91,13821.55
A002967,C01814,Current Account,2026-01-13,Active,0,0.0,1836.51
A002968,C01814,Credit Card,2026-07-05,Active,3600,16.04,0
A002969,C01815,Current Account,2026-05-06,Active,0,0.0,962.5
A002970,C01816,Current Account,2026-01-26,Active,0,0.0,9763.11
A002971,C01816,Savings Account,2025-05-19,Closed,0,1.96,19911.85
A002972,C01817,Savings Account,2026-06-05,Active,0,1.58,31380.56
A002973,C01818,Current Account,2025-12-26,Active,0,0.0,1497.23
A002974,C01818,Savings Account,2024-05-23,Dormant,0,0.86,17474.26
A002975,C01819,Savings Account,2021-10-05,Active,0,1.69,16994.92
A002976,C01819,Credit Card,2025-06-07,Active,5100,21.03,-499.25
A002977,C01820,Current Account,2023-06-27,Active,0,0.0,3308.44
A002978,C01821,Current Account,2022-12-27,Active,0,0.0,3975.17
A002979,C01821,Credit Card,2022-10-13,Active,12300,19.97,-3062.12
A002980,C01822,Current Account,2026-07-21,Active,0,0.0,2304.4
A002981,C01822,Savings Account,2026-07-20,Active,0,2.04,13101.6
A002982,C01823,Savings Account,2022-11-19,Active,0,0.84,3029.97
A002983,C01824,Current Account,2025-07-23,Active,0,0.0,2831.69
A002984,C01825,Current Account,2026-05-11,Active,0,0.0,1689.16
A002985,C01825,Savings Account,2025-07-23,Closed,0,1.48,0
A002986,C01825,Credit Card,2024-01-14,Active,2500,17.46,-504.88
A002987,C01826,Current Account,2026-06-24,Active,0,0.0,2420.12
A002988,C01827,Current Account,2021-12-10,Active,0,0.0,7626.39
A002989,C01827,Savings Account,2023-03-23,Active,0,1.47,26428.47
A002990,C01828,Current Account,2025-05-22,Active,0,0.0,2021.31
A002991,C01829,Savings Account,2023-05-15,Active,0,1.35,2007.86
A002992,C01829,Current Account,2020-10-30,Active,0,0.0,1920.83
A002993,C01830,Savings Account,2025-06-02,Active,0,2.0,5500.44
A002994,C01831,Savings Account,2021-10-16,Active,0,1.29,2718.97
A002995,C01831,Current Account,2026-03-17,Active,0,0.0,-500
A002996,C01832,Current Account,2026-03-14,Closed,0,0.0,4764.46
A002997,C01833,Current Account,2024-06-10,Dormant,0,0.0,600.89
A002998,C01834,Savings Account,2024-08-04,Active,0,1.31,20309.41
A002999,C01835,Savings Account,2025-11-29,Active,0,2.08,16911.96
A003000,C01836,Current Account,2024-09-06,Active,0,0.0,5699.76
A003001,C01836,Credit Card,2024-06-27,Active,9700,20.0,-2843.9
A003002,C01837,Current Account,2024-10-05,Active,0,0.0,2344.15
A003003,C01837,Savings Account,2024-01-17,Closed,0,1.27,8956.32
A003004,C01837,Credit Card,2023-03-10,Active,5900,17.8,-1402.77
A003005,C01838,Current Account,2025-08-23,Active,0,0.0,3076.15
A003006,C01839,Current Account,2023-11-24,Active,0,0.0,1458.19
A003007,C01840,Current Account,2025-03-05,Active,0,0.0,1410.79
A003008,C01841,Current Account,2026-02-22,Active,0,0.0,519.6
A003009,C01842,Current Account,2022-04-28,Active,0,0.0,1998.59
A003010,C01842,Credit Card,2026-04-16,Dormant,3800,16.37,-43.22
A003011,C01843,Current Account,2026-04-07,Active,0,0.0,6315.84
A003012,C01844,Current Account,2025-01-21,Active,0,0.0,1432.26
A003013,C01845,Current Account,2025-03-12,Active,0,0.0,2049.35
A003014,C01845,Savings Account,2022-08-14,Active,0,1.12,3853.95
A003015,C01846,Current Account,2023-03-12,Active,0,0.0,5200.07
A003016,C01846,Savings Account,2023-06-26,Active,0,1.53,9301.85
A003017,C01847,Current Account,2026-07-17,Active,0,0.0,2225.48
A003018,C01848,Savings Account,2025-04-08,Active,0,1.59,0
A003019,C01849,Current Account,2021-11-04,Active,0,0.0,2324.1
A003020,C01849,Savings Account,2023-11-21,Active,0,1.79,26594.79
A003021,C01850,Current Account,2026-02-13,Dormant,0,0.0,1278.51
A003022,C01850,Savings Account,2024-11-30,Active,0,1.79,9688.61
A003023,C01851,Current Account,2024-12-17,Active,0,0.0,2996.68
A003024,C01852,Current Account,2022-06-18,Active,0,0.0,-467.46
A003025,C01853,Savings Account,2025-12-13,Active,0,1.17,34431.37
A003026,C01853,Credit Card,2025-10-24,Active,11500,18.53,-2468.43
A003027,C01854,Current Account,2025-02-07,Active,0,0.0,743.6
A003028,C01855,Current Account,2026-07-07,Active,0,0.0,4193.97
A003029,C01855,Credit Card,2026-05-04,Active,3800,15.8,0
A003030,C01856,Current Account,2026-07-30,Active,0,0.0,-210.26
A003031,C01857,Current Account,2025-12-23,Closed,0,0.0,1435.4
A003032,C01857,Savings Account,2026-01-13,Active,0,2.18,10965.03
A003033,C01858,Current Account,2023-11-09,Active,0,0.0,2503.54
A003034,C01859,Current Account,2020-06-28,Active,0,0.0,3458.76
A003035,C01859,Savings Account,2025-04-18,Active,0,1.65,0
A003036,C01860,Current Account,2022-11-09,Active,0,0.0,1700.82
A003037,C01861,Current Account,2026-03-15,Active,0,0.0,5390.35
A003038,C01862,Current Account,2023-05-18,Active,0,0.0,3593.5
A003039,C01862,Savings Account,2021-08-01,Dormant,0,1.45,15411.42
A003040,C01863,Current Account,2025-05-29,Active,0,0.0,-305.2
A003041,C01864,Savings Account,2026-07-13,Active,0,0.8,13786.91
A003042,C01864,Current Account,2026-07-14,Dormant,0,0.0,5211.21
A003043,C01865,Current Account,2024-07-01,Active,0,0.0,6918.51
A003044,C01866,Savings Account,2023-06-27,Active,0,0.86,12705.75
A003045,C01867,Current Account,2026-01-26,Active,0,0.0,5703.09
A003046,C01868,Current Account,2021-08-15,Active,0,0.0,2359.49
A003047,C01868,Credit Card,2023-06-21,Active,2900,18.85,-365.02
A003048,C01869,Current Account,2026-07-28,Active,0,0.0,3476.42
A003049,C01869,Savings Account,2026-07-27,Active,0,1.99,0
A003050,C01870,Current Account,2025-05-12,Dormant,0,0.0,1917.55
A003051,C01871,Current Account,2023-05-29,Dormant,0,0.0,1283.41
A003052,C01871,Credit Card,2025-11-27,Active,1700,17.83,-296.23
A003053,C01872,Savings Account,2026-07-08,Active,0,1.98,7133.92
A003054,C01872,Current Account,2026-06-14,Active,0,0.0,5175.18
A003055,C01872,Credit Card,2026-06-02,Closed,8300,15.53,-3332.72
A003056,C01873,Current Account,2026-03-21,Active,0,0.0,4034.71
A003057,C01874,Current Account,2024-10-08,Active,0,0.0,1186.16
A003058,C01874,Savings Account,2022-07-09,Active,0,1.96,24226.19
A003059,C01875,Current Account,2025-08-08,Active,0,0.0,2648.05
A003060,C01876,Current Account,2025-08-08,Active,0,0.0,8690.46
A003061,C01877,Current Account,2021-12-14,Active,0,0.0,4626.84
A003062,C01878,Current Account,2026-06-03,Active,0,0.0,2543.02
A003063,C01878,Savings Account,2026-06-03,Active,0,2.05,24110.59
A003064,C01879,Current Account,2024-02-25,Active,0,0.0,5604.95
A003065,C01879,Savings Account,2026-04-24,Active,0,1.05,0
A003066,C01880,Savings Account,2022-11-03,Active,0,1.63,9701.14
A003067,C01881,Current Account,2026-07-22,Active,0,0.0,4974.25
A003068,C01882,Savings Account,2023-07-20,Active,0,0.98,6419.8
A003069,C01882,Current Account,2022-07-30,Active,0,0.0,-256.84
A003070,C01883,Current Account,2025-11-27,Active,0,0.0,3025.06
A003071,C01884,Current Account,2024-03-19,Active,0,0.0,5388.3
A003072,C01884,Savings Account,2022-09-08,Active,0,1.42,2369.22
A003073,C01884,Credit Card,2022-07-20,Active,6600,18.34,-2757.35
A003074,C01885,Current Account,2025-09-24,Active,0,0.0,900.61
A003075,C01885,Savings Account,2025-08-04,Active,0,1.3,3038.79
A003076,C01885,Credit Card,2021-06-05,Active,7200,17.77,-1493.21
A003077,C01886,Current Account,2024-10-22,Active,0,0.0,1478.83
A003078,C01886,Savings Account,2026-02-18,Active,0,1.71,9883.67
A003079,C01886,Credit Card,2025-05-30,Active,2500,18.33,-834.3
A003080,C01887,Savings Account,2026-02-23,Dormant,0,1.41,25133.19
A003081,C01887,Current Account,2026-04-11,Active,0,0.0,4550.99
A003082,C01888,Savings Account,2021-10-31,Active,0,0.88,6048.12
A003083,C01889,Current Account,2022-12-03,Active,0,0.0,8220.69
A003084,C01890,Savings Account,2025-09-10,Active,0,0.9,9191.1
A003085,C01890,Credit Card,2026-06-24,Active,2300,20.02,-515.99
A003086,C01891,Savings Account,2026-01-30,Active,0,0.82,7726.83
A003087,C01891,Current Account,2026-01-18,Closed,0,0.0,3206.69
A003088,C01891,Credit Card,2024-03-28,Active,5800,19.45,-379.41
A003089,C01892,Current Account,2024-04-13,Active,0,0.0,3886.76
A003090,C01893,Savings Account,2026-07-25,Active,0,1.11,5772.72
A003091,C01893,Current Account,2026-03-11,Active,0,0.0,2231.01
A003092,C01894,Current Account,2023-07-05,Active,0,0.0,1655.59
A003093,C01894,Savings Account,2025-07-02,Active,0,1.25,13974.12
A003094,C01895,Savings Account,2023-09-21,Active,0,1.65,0
A003095,C01895,Current Account,2024-01-29,Active,0,0.0,2173.8
A003096,C01896,Current Account,2024-06-25,Active,0,0.0,3015.6
A003097,C01896,Credit Card,2025-06-13,Active,6400,20.18,-1476.52
A003098,C01897,Current Account,2024-03-06,Active,0,0.0,3122.46
A003099,C01897,Savings Account,2021-07-05,Active,0,1.42,40934.89
A003100,C01897,Credit Card,2023-07-18,Active,15000,20.77,-2385.25
A003101,C01898,Current Account,2021-08-24,Active,0,0.0,2075.93
A003102,C01899,Current Account,2026-07-27,Active,0,0.0,2247.63
A003103,C01899,Credit Card,2026-07-26,Active,2300,16.2,-556.64
A003104,C01900,Savings Account,2026-06-21,Active,0,1.66,24438.87
A003105,C01900,Current Account,2025-08-08,Active,0,0.0,3228.41
A003106,C01901,Savings Account,2024-12-01,Active,0,1.22,12501.38
A003107,C01901,Current Account,2025-01-16,Active,0,0.0,1264.31
A003108,C01901,Credit Card,2025-06-09,Active,5100,20.17,-647.03
A003109,C01902,Current Account,2024-02-07,Active,0,0.0,5855.85
A003110,C01902,Savings Account,2021-03-19,Active,0,1.38,0
A003111,C01903,Current Account,2025-09-20,Active,0,0.0,1597.82
A003112,C01903,Credit Card,2025-05-12,Active,4500,21.51,0
A003113,C01904,Current Account,2023-02-12,Active,0,0.0,3848.24
A003114,C01904,Credit Card,2023-03-20,Active,6900,16.71,-2352.84
A003115,C01905,Current Account,2025-10-04,Active,0,0.0,-500
A003116,C01906,Current Account,2026-05-06,Active,0,0.0,3794.63
A003117,C01907,Savings Account,2026-06-05,Active,0,1.42,3273.51
A003118,C01907,Credit Card,2026-07-02,Dormant,8100,21.8,-1971.35
A003119,C01908,Current Account,2025-06-05,Active,0,0.0,6134.58
A003120,C01908,Savings Account,2025-06-22,Active,0,1.69,19998.49
A003121,C01909,Current Account,2026-07-03,Active,0,0.0,697.31
A003122,C01909,Savings Account,2026-01-18,Active,0,2.04,1378.94
A003123,C01909,Credit Card,2026-04-21,Active,3300,18.31,-124.33
A003124,C01910,Current Account,2025-11-20,Active,0,0.0,3528.07
A003125,C01911,Current Account,2026-04-27,Active,0,0.0,2572.27
A003126,C01911,Savings Account,2023-06-01,Active,0,0.91,26402.34
A003127,C01912,Current Account,2026-06-17,Active,0,0.0,3751.55
A003128,C01912,Savings Account,2025-11-15,Active,0,1.38,29250.65
A003129,C01912,Credit Card,2025-11-18,Active,9600,16.92,-1138.86
A003130,C01913,Savings Account,2024-12-01,Active,0,1.08,12543.59
A003131,C01914,Current Account,2025-01-16,Active,0,0.0,2582.68
A003132,C01914,Credit Card,2023-05-07,Active,3000,19.31,-185.61
A003133,C01915,Current Account,2022-04-16,Active,0,0.0,839.52
A003134,C01915,Credit Card,2026-02-15,Active,3300,18.43,-883.41
A003135,C01916,Current Account,2025-12-17,Active,0,0.0,4432.67
A003136,C01917,Savings Account,2023-05-06,Active,0,1.66,12145.58
A003137,C01917,Credit Card,2024-09-30,Active,3100,18.68,-427.05
A003138,C01918,Current Account,2021-10-06,Dormant,0,0.0,2936.66
A003139,C01919,Savings Account,2024-12-08,Active,0,1.54,16693.73
A003140,C01920,Current Account,2022-08-22,Active,0,0.0,1381.98
A003141,C01920,Savings Account,2026-01-15,Active,0,1.41,7745.81
A003142,C01921,Current Account,2021-12-08,Active,0,0.0,6435.32
A003143,C01922,Savings Account,2025-05-03,Active,0,1.04,8387.98
A003144,C01922,Current Account,2025-01-11,Active,0,0.0,1935.9
A003145,C01923,Current Account,2022-08-06,Active,0,0.0,5049.1
A003146,C01924,Current Account,2026-03-26,Active,0,0.0,4047.05
A003147,C01925,Current Account,2021-11-17,Active,0,0.0,-155.27
A003148,C01925,Savings Account,2024-10-14,Active,0,1.89,12500.19
A003149,C01925,Credit Card,2021-10-24,Active,2300,18.61,0
A003150,C01926,Savings Account,2024-08-25,Active,0,1.98,10871.43
A003151,C01926,Current Account,2020-08-04,Active,0,0.0,744.3
A003152,C01927,Savings Account,2025-06-06,Active,0,0.92,7712.09
A003153,C01928,Savings Account,2021-05-02,Closed,0,0.93,15355.4
A003154,C01929,Savings Account,2026-07-31,Dormant,0,2.05,1742.8
A003155,C01929,Credit Card,2026-08-01,Active,2200,17.28,-605.42
A003156,C01930,Savings Account,2023-01-24,Active,0,1.98,31764.43
A003157,C01931,Current Account,2025-11-05,Active,0,0.0,1712.98
A003158,C01932,Current Account,2026-04-10,Active,0,0.0,759.24
A003159,C01933,Current Account,2025-10-03,Active,0,0.0,2616.89
A003160,C01933,Credit Card,2023-09-14,Active,7200,20.82,-2596.45
A003161,C01934,Savings Account,2026-05-25,Active,0,1.17,0
A003162,C01935,Current Account,2022-07-09,Active,0,0.0,5791.43
A003163,C01935,Savings Account,2021-08-25,Active,0,1.83,13127.16
A003164,C01935,Credit Card,2025-01-27,Dormant,5800,20.28,0
A003165,C01936,Savings Account,2024-12-21,Active,0,2.14,4555.63
A003166,C01936,Current Account,2024-11-20,Active,0,0.0,5272.74
A003167,C01937,Savings Account,2026-03-10,Active,0,1.94,26914.23
A003168,C01938,Current Account,2022-07-15,Closed,0,0.0,2282.58
A003169,C01939,Current Account,2025-08-27,Dormant,0,0.0,1754.07
A003170,C01940,Current Account,2023-12-10,Active,0,0.0,3494.04
A003171,C01940,Savings Account,2023-05-10,Active,0,1.91,7174.79
A003172,C01941,Current Account,2024-12-20,Active,0,0.0,1729.35
A003173,C01942,Current Account,2026-03-15,Active,0,0.0,1032.75
A003174,C01943,Current Account,2024-06-27,Active,0,0.0,2565.27
A003175,C01944,Current Account,2025-09-08,Active,0,0.0,1000.39
A003176,C01945,Current Account,2025-05-25,Active,0,0.0,2304.27
A003177,C01945,Savings Account,2026-02-09,Active,0,1.24,5431.55
A003178,C01946,Current Account,2026-05-14,Active,0,0.0,1444.85
A003179,C01947,Current Account,2022-10-11,Active,0,0.0,1418.08
A003180,C01948,Current Account,2024-03-22,Active,0,0.0,1637.34
A003181,C01948,Credit Card,2022-12-12,Active,5600,20.85,-807.55
A003182,C01949,Current Account,2026-05-22,Active,0,0.0,5434.91
A003183,C01950,Current Account,2026-03-12,Active,0,0.0,-224.89
A003184,C01951,Current Account,2026-07-28,Dormant,0,0.0,4350.74
A003185,C01951,Savings Account,2026-07-28,Active,0,0.97,24308.79
A003186,C01952,Current Account,2025-07-22,Active,0,0.0,7287.87
A003187,C01952,Credit Card,2026-06-21,Active,6700,21.71,-1.36
A003188,C01953,Current Account,2025-03-26,Active,0,0.0,6373.45
A003189,C01954,Current Account,2026-06-19,Active,0,0.0,617.5
A003190,C01954,Savings Account,2026-05-25,Active,0,0.84,767.2
A003191,C01955,Current Account,2024-02-18,Active,0,0.0,-500
A003192,C01956,Current Account,2026-07-22,Active,0,0.0,5178.88
A003193,C01956,Savings Account,2023-07-11,Active,0,1.61,25002.29
A003194,C01957,Current Account,2024-05-29,Active,0,0.0,1125.28
A003195,C01957,Savings Account,2023-05-17,Active,0,1.09,7553.23
A003196,C01958,Savings Account,2026-02-24,Active,0,1.93,0
A003197,C01959,Current Account,2023-02-04,Dormant,0,0.0,1879.35
A003198,C01960,Current Account,2024-11-17,Active,0,0.0,733.45
A003199,C01961,Savings Account,2026-04-02,Active,0,1.78,22198.46
A003200,C01962,Current Account,2026-06-02,Active,0,0.0,1071.3
A003201,C01962,Savings Account,2025-01-23,Active,0,1.33,2366.63
A003202,C01963,Savings Account,2026-05-07,Active,0,1.46,0
A003203,C01963,Current Account,2022-10-12,Active,0,0.0,3906.7
A003204,C01964,Current Account,2024-12-09,Active,0,0.0,992.61
A003205,C01964,Savings Account,2024-06-21,Active,0,1.25,0
A003206,C01965,Current Account,2023-02-06,Active,0,0.0,-157.3
A003207,C01965,Savings Account,2025-10-23,Active,0,2.17,6986.86
A003208,C01966,Current Account,2025-03-25,Active,0,0.0,-150.03
A003209,C01966,Credit Card,2023-11-22,Active,1500,19.66,-70.11
A003210,C01967,Current Account,2022-11-17,Active,0,0.0,996.6
A003211,C01967,Credit Card,2025-04-15,Active,3700,19.15,-1063.79
A003212,C01968,Savings Account,2022-10-01,Active,0,2.17,21123.31
A003213,C01968,Current Account,2025-08-24,Active,0,0.0,1837.31
A003214,C01969,Savings Account,2026-06-11,Active,0,1.97,9825.24
A003215,C01970,Current Account,2025-12-21,Active,0,0.0,484.93
A003216,C01970,Savings Account,2025-07-28,Dormant,0,2.06,6280.1
A003217,C01971,Savings Account,2025-10-24,Active,0,1.86,44787.23
A003218,C01972,Savings Account,2024-05-15,Active,0,1.88,4758.7
A003219,C01973,Current Account,2024-01-21,Active,0,0.0,2755.65
A003220,C01974,Savings Account,2025-03-12,Active,0,1.64,15217.43
A003221,C01974,Current Account,2020-03-31,Closed,0,0.0,1739.93
A003222,C01975,Current Account,2024-06-17,Active,0,0.0,7987.36
A003223,C01976,Current Account,2025-10-20,Active,0,0.0,888.45
A003224,C01976,Savings Account,2024-08-19,Active,0,0.93,7385.27
A003225,C01977,Savings Account,2023-09-17,Active,0,1.98,8191.69
A003226,C01977,Current Account,2020-02-02,Active,0,0.0,4425.77
A003227,C01978,Current Account,2022-10-30,Active,0,0.0,6117.51
A003228,C01979,Savings Account,2026-06-29,Active,0,0.91,10712.44
A003229,C01979,Current Account,2026-05-10,Active,0,0.0,3186.55
A003230,C01980,Savings Account,2025-09-10,Active,0,1.02,30449.24
A003231,C01980,Current Account,2024-03-09,Active,0,0.0,3509.61
A003232,C01980,Credit Card,2024-07-17,Active,14500,17.42,-8150.83
A003233,C01981,Savings Account,2025-05-30,Active,0,1.39,0
A003234,C01981,Credit Card,2025-06-14,Closed,7000,16.25,-1232.43
A003235,C01982,Savings Account,2026-05-16,Active,0,1.99,0
A003236,C01983,Current Account,2023-05-30,Active,0,0.0,2995.68
A003237,C01983,Savings Account,2026-06-03,Active,0,0.92,13549.59
A003238,C01984,Savings Account,2021-06-20,Active,0,1.55,2178.28
A003239,C01984,Current Account,2022-07-17,Active,0,0.0,741.49
A003240,C01985,Current Account,2023-06-02,Active,0,0.0,1314.68
A003241,C01986,Current Account,2026-04-08,Active,0,0.0,6386.16
A003242,C01987,Current Account,2025-07-21,Active,0,0.0,5521.96
A003243,C01988,Savings Account,2024-05-31,Active,0,0.98,18223.41
A003244,C01988,Current Account,2026-01-18,Active,0,0.0,2922.7
A003245,C01988,Credit Card,2024-05-01,Active,6100,21.12,-288.79
A003246,C01989,Savings Account,2025-01-19,Active,0,0.89,34168.2
A003247,C01989,Current Account,2024-02-13,Active,0,0.0,6459.98
A003248,C01990,Current Account,2026-06-10,Active,0,0.0,5387.57
A003249,C01991,Savings Account,2022-03-13,Active,0,0.93,6861.63
A003250,C01991,Current Account,2024-04-22,Active,0,0.0,1481.38
A003251,C01992,Savings Account,2024-09-10,Active,0,1.36,9252.53
A003252,C01993,Savings Account,2023-10-17,Closed,0,1.34,640.4
A003253,C01993,Current Account,2024-06-04,Active,0,0.0,1193.01
A003254,C01994,Savings Account,2026-04-30,Active,0,1.99,61476.64
A003255,C01994,Credit Card,2022-03-20,Active,9500,17.51,0
A003256,C01995,Current Account,2025-01-27,Active,0,0.0,3054.11
A003257,C01996,Current Account,2022-11-30,Active,0,0.0,3032.04
A003258,C01997,Current Account,2026-03-23,Active,0,0.0,4410.46
A003259,C01997,Credit Card,2025-11-29,Active,7700,21.23,-861.98
A003260,C01998,Savings Account,2021-07-20,Closed,0,2.05,26622.42
A003261,C01999,Current Account,2025-11-24,Active,0,0.0,2877.91
A003262,C02000,Current Account,2026-05-19,Active,0,0.0,6127.53
A003263,C02000,Savings Account,2025-03-15,Active,0,1.04,28415.82
A003264,C02001,Current Account,2025-08-02,Active,0,0.0,2440.97
A003265,C02001,Savings Account,2025-04-06,Closed,0,2.08,17568.57
A003266,C02001,Credit Card,2023-11-29,Active,5700,16.38,-921.07
A003267,C02002,Current Account,2024-09-07,Active,0,0.0,4730.88
A003268,C02003,Current Account,2026-02-09,Active,0,0.0,6302.66
A003269,C02003,Savings Account,2026-07-06,Active,0,0.97,30570.72
A003270,C02004,Savings Account,2026-03-28,Active,0,1.37,14880.2
A003271,C02004,Credit Card,2026-07-18,Dormant,10600,19.18,-2075.9
A003272,C02005,Current Account,2021-12-15,Active,0,0.0,4091.12
A003273,C02006,Current Account,2026-07-18,Active,0,0.0,2724.53
A003274,C02007,Current Account,2025-03-26,Active,0,0.0,5294.68
A003275,C02008,Savings Account,2025-07-04,Active,0,0.83,14326.49
A003276,C02009,Current Account,2024-03-11,Active,0,0.0,5647.54
A003277,C02009,Credit Card,2026-03-04,Dormant,5400,20.26,-1432.22
A003278,C02010,Savings Account,2026-06-24,Active,0,1.75,7928.49
A003279,C02011,Current Account,2024-02-25,Active,0,0.0,2381.63
A003280,C02011,Savings Account,2024-09-19,Active,0,1.75,9165.09
A003281,C02011,Credit Card,2024-06-29,Active,2200,15.62,-500.88
A003282,C02012,Current Account,2022-01-30,Active,0,0.0,623.53
A003283,C02013,Current Account,2024-12-23,Dormant,0,0.0,1116.24
A003284,C02013,Savings Account,2025-11-20,Active,0,1.94,2865.16
A003285,C02013,Credit Card,2024-10-28,Active,8400,16.9,-625.64
A003286,C02014,Current Account,2024-09-06,Closed,0,0.0,1576.77
A003287,C02014,Savings Account,2023-04-22,Active,0,1.78,10862.47
A003288,C02015,Current Account,2024-03-24,Active,0,0.0,2152.52
A003289,C02015,Savings Account,2021-11-20,Active,0,1.26,9211.59
A003290,C02016,Savings Account,2022-10-05,Active,0,1.32,13805.78
A003291,C02017,Savings Account,2020-02-25,Active,0,1.22,6847.57
A003292,C02017,Current Account,2023-06-09,Dormant,0,0.0,2150.74
A003293,C02018,Current Account,2025-01-24,Active,0,0.0,2835.76
A003294,C02019,Savings Account,2024-02-14,Active,0,1.33,28820.98
A003295,C02019,Current Account,2026-01-12,Active,0,0.0,3416.05
A003296,C02020,Savings Account,2022-03-31,Active,0,2.12,0
A003297,C02021,Current Account,2022-04-23,Active,0,0.0,268.68
A003298,C02021,Savings Account,2022-05-17,Closed,0,2.19,9368.9
A003299,C02022,Current Account,2026-06-11,Active,0,0.0,375.01
A003300,C02023,Current Account,2024-08-09,Active,0,0.0,7077.7
A003301,C02024,Current Account,2026-01-24,Active,0,0.0,-500
A003302,C02025,Current Account,2024-06-24,Active,0,0.0,2520.97
A003303,C02025,Savings Account,2024-10-24,Closed,0,1.66,16292.01
A003304,C02026,Current Account,2024-05-29,Active,0,0.0,6884.64
A003305,C02026,Savings Account,2025-09-02,Active,0,1.56,66864.01
A003306,C02027,Current Account,2024-03-11,Active,0,0.0,-289.94
A003307,C02027,Credit Card,2020-08-30,Active,5900,15.5,-371.05
A003308,C02028,Current Account,2026-07-24,Active,0,0.0,550.89
A003309,C02028,Savings Account,2022-09-01,Closed,0,2.13,3584.24
A003310,C02028,Credit Card,2022-06-27,Active,7800,21.19,-882.05
A003311,C02029,Current Account,2026-04-21,Active,0,0.0,-255.86
A003312,C02029,Credit Card,2025-01-12,Active,4400,21.83,-371.21
A003313,C02030,Current Account,2022-10-01,Dormant,0,0.0,4584.46
A003314,C02031,Current Account,2025-10-25,Active,0,0.0,1120.56
A003315,C02031,Savings Account,2026-03-21,Active,0,1.62,25894.55
A003316,C02032,Current Account,2026-03-13,Active,0,0.0,2963.65
A003317,C02032,Credit Card,2025-12-05,Active,10900,19.65,-2333.71
A003318,C02033,Current Account,2025-05-18,Active,0,0.0,2544.24
A003319,C02034,Current Account,2022-09-24,Active,0,0.0,6331.33
A003320,C02034,Savings Account,2024-04-02,Active,0,0.99,11681.85
A003321,C02034,Credit Card,2023-02-14,Active,12100,16.02,-5287.05
A003322,C02035,Savings Account,2024-10-06,Active,0,1.03,15310.47
A003323,C02035,Current Account,2025-03-13,Active,0,0.0,2971.76
A003324,C02035,Credit Card,2026-03-18,Active,11000,16.89,-2430.71
A003325,C02036,Current Account,2025-04-24,Active,0,0.0,2826.36
A003326,C02036,Savings Account,2023-12-24,Active,0,1.86,15790.0
A003327,C02037,Current Account,2021-04-28,Active,0,0.0,2592.77
A003328,C02037,Savings Account,2025-05-02,Active,0,1.83,2415.74
A003329,C02038,Current Account,2026-04-26,Active,0,0.0,2429.15
A003330,C02038,Savings Account,2026-05-08,Dormant,0,0.93,7478.93
A003331,C02039,Current Account,2022-01-04,Active,0,0.0,3984.01
A003332,C02040,Current Account,2021-07-10,Closed,0,0.0,2517.44
A003333,C02040,Credit Card,2026-05-12,Active,4200,16.79,-1229.25
A003334,C02041,Current Account,2026-05-23,Active,0,0.0,2803.89
A003335,C02041,Savings Account,2025-01-19,Active,0,1.27,0
A003336,C02042,Current Account,2026-01-18,Active,0,0.0,4352.92
A003337,C02042,Savings Account,2025-12-18,Dormant,0,1.76,5301.53
A003338,C02043,Current Account,2022-09-28,Active,0,0.0,3135.13
A003339,C02044,Savings Account,2026-06-27,Active,0,1.69,1758.23
A003340,C02044,Current Account,2026-06-30,Active,0,0.0,3619.0
A003341,C02045,Current Account,2024-02-21,Active,0,0.0,3086.56
A003342,C02045,Credit Card,2023-12-02,Active,7200,17.19,-870.89
A003343,C02046,Current Account,2025-09-23,Active,0,0.0,1233.01
A003344,C02047,Current Account,2025-02-04,Active,0,0.0,687.52
A003345,C02047,Credit Card,2025-04-13,Active,4500,18.39,-856.0
A003346,C02048,Savings Account,2023-05-18,Active,0,1.38,21400.85
A003347,C02048,Current Account,2025-06-04,Active,0,0.0,561.13
A003348,C02049,Current Account,2022-11-01,Active,0,0.0,3396.03
A003349,C02049,Credit Card,2025-05-16,Active,5400,21.68,0
A003350,C02050,Savings Account,2025-03-20,Active,0,0.94,24643.07
A003351,C02050,Credit Card,2023-07-07,Active,14300,20.36,-881.32
A003352,C02051,Current Account,2026-07-23,Active,0,0.0,1117.55
A003353,C02051,Credit Card,2025-04-04,Active,9900,17.09,-2694.29
A003354,C02052,Savings Account,2024-11-18,Active,0,1.9,13856.06
A003355,C02053,Current Account,2022-09-27,Active,0,0.0,1728.73
A003356,C02054,Current Account,2023-09-15,Active,0,0.0,459.73
A003357,C02054,Credit Card,2020-05-30,Active,11900,17.99,-1899.1
A003358,C02055,Savings Account,2025-03-13,Active,0,1.37,9600.73
A003359,C02055,Current Account,2025-04-20,Active,0,0.0,3086.26
A003360,C02055,Credit Card,2024-04-26,Active,5400,19.94,-1665.87
A003361,C02056,Current Account,2022-08-23,Active,0,0.0,1300.34
A003362,C02056,Savings Account,2025-01-17,Active,0,1.84,3479.9
A003363,C02057,Current Account,2025-02-02,Dormant,0,0.0,2573.45
A003364,C02058,Savings Account,2023-07-17,Active,0,2.16,29305.84
A003365,C02059,Current Account,2026-05-16,Active,0,0.0,4905.91
A003366,C02060,Current Account,2025-12-21,Active,0,0.0,6613.07
A003367,C02060,Savings Account,2025-11-26,Active,0,0.94,15937.6
A003368,C02061,Current Account,2026-06-15,Dormant,0,0.0,1900.75
A003369,C02061,Savings Account,2024-08-08,Active,0,1.51,6254.58
A003370,C02061,Credit Card,2026-07-18,Active,6000,21.9,-94.11
A003371,C02062,Savings Account,2025-04-03,Active,0,0.91,5044.21
A003372,C02063,Current Account,2020-10-21,Active,0,0.0,2343.39
A003373,C02063,Savings Account,2025-10-09,Active,0,1.51,20479.91
A003374,C02063,Credit Card,2024-10-07,Active,10100,17.08,-2021.44
A003375,C02064,Current Account,2026-03-28,Active,0,0.0,787.42
A003376,C02065,Savings Account,2026-06-08,Active,0,1.83,14527.57
A003377,C02065,Current Account,2024-09-26,Active,0,0.0,1384.75
A003378,C02066,Savings Account,2025-12-31,Active,0,1.64,7852.45
A003379,C02067,Savings Account,2023-03-10,Active,0,1.78,3557.12
A003380,C02067,Current Account,2023-03-27,Active,0,0.0,2931.39
A003381,C02068,Savings Account,2025-12-06,Active,0,0.85,26997.93
A003382,C02068,Credit Card,2023-11-11,Active,15000,16.93,-454.3
A003383,C02069,Savings Account,2023-04-02,Active,0,1.04,22090.59
A003384,C02069,Current Account,2026-04-02,Active,0,0.0,4875.1
A003385,C02070,Current Account,2026-04-05,Active,0,0.0,1405.41
A003386,C02070,Savings Account,2026-07-16,Active,0,1.27,7473.8
A003387,C02070,Credit Card,2025-11-04,Active,6700,16.06,-1545.64
A003388,C02071,Savings Account,2026-07-23,Active,0,0.94,41371.72
A003389,C02071,Current Account,2026-06-14,Active,0,0.0,9301.48
A003390,C02072,Current Account,2024-05-16,Active,0,0.0,4123.26
A003391,C02073,Savings Account,2023-06-12,Active,0,1.81,15478.26
A003392,C02073,Current Account,2025-09-23,Closed,0,0.0,1691.11
A003393,C02074,Savings Account,2024-01-01,Dormant,0,0.95,11347.68
A003394,C02075,Current Account,2024-10-04,Active,0,0.0,10723.31
A003395,C02076,Current Account,2026-07-22,Active,0,0.0,1702.7
A003396,C02076,Savings Account,2026-08-01,Active,0,1.47,30183.52
A003397,C02077,Current Account,2026-07-25,Active,0,0.0,448.7
A003398,C02078,Current Account,2026-03-13,Active,0,0.0,1973.69
A003399,C02078,Savings Account,2025-02-12,Active,0,1.62,10867.4
A003400,C02078,Credit Card,2024-07-21,Active,5300,16.35,-587.66
A003401,C02079,Current Account,2021-08-26,Active,0,0.0,7651.79
A003402,C02079,Savings Account,2020-11-18,Active,0,1.49,10607.12
A003403,C02080,Savings Account,2025-02-12,Active,0,2.15,16080.87
A003404,C02081,Current Account,2026-05-14,Active,0,0.0,5987.82
A003405,C02081,Credit Card,2026-06-23,Active,10700,17.56,-1257.07
A003406,C02082,Current Account,2024-12-05,Active,0,0.0,1839.01
A003407,C02082,Savings Account,2023-09-22,Active,0,1.53,2667.11
A003408,C02083,Current Account,2024-02-18,Active,0,0.0,6004.28
A003409,C02083,Savings Account,2026-01-16,Active,0,1.14,10879.12
A003410,C02083,Credit Card,2026-04-26,Active,9000,16.19,-2959.01
A003411,C02084,Current Account,2025-08-16,Active,0,0.0,4451.13
A003412,C02085,Savings Account,2025-10-11,Active,0,1.11,23812.66
A003413,C02086,Current Account,2023-04-15,Active,0,0.0,891.53
A003414,C02087,Current Account,2026-07-16,Active,0,0.0,4222.19
A003415,C02087,Savings Account,2026-07-10,Active,0,1.32,11967.08
A003416,C02087,Credit Card,2026-05-14,Active,6600,19.45,-89.5
A003417,C02088,Current Account,2024-04-09,Active,0,0.0,944.42
A003418,C02088,Savings Account,2022-04-04,Active,0,1.63,876.94
A003419,C02089,Current Account,2024-12-09,Active,0,0.0,2695.26
A003420,C02090,Current Account,2024-11-11,Active,0,0.0,2037.55
A003421,C02091,Current Account,2026-03-31,Dormant,0,0.0,7693.56
A003422,C02091,Savings Account,2026-04-21,Active,0,1.6,60744.51
A003423,C02092,Current Account,2024-12-11,Dormant,0,0.0,877.16
A003424,C02093,Current Account,2024-01-25,Active,0,0.0,1009.97
A003425,C02094,Current Account,2026-06-14,Active,0,0.0,4063.95
A003426,C02094,Savings Account,2025-12-19,Active,0,0.94,5984.31
A003427,C02095,Current Account,2025-06-23,Active,0,0.0,5894.74
A003428,C02095,Savings Account,2026-06-17,Active,0,1.22,37403.41
A003429,C02096,Current Account,2026-03-30,Active,0,0.0,2665.27
A003430,C02097,Current Account,2025-07-25,Active,0,0.0,-140.93
A003431,C02098,Savings Account,2022-11-13,Active,0,1.38,7270.73
A003432,C02099,Current Account,2026-06-13,Active,0,0.0,1671.91
A003433,C02099,Credit Card,2025-11-22,Active,3300,17.52,-874.65
A003434,C02100,Savings Account,2023-02-16,Closed,0,1.28,16834.6
A003435,C02101,Current Account,2025-12-12,Active,0,0.0,2044.94
A003436,C02102,Current Account,2025-02-12,Active,0,0.0,4578.03
A003437,C02103,Current Account,2025-11-29,Active,0,0.0,3504.15
A003438,C02103,Credit Card,2025-10-09,Closed,5500,16.86,-1760.54
A003439,C02104,Current Account,2026-05-11,Active,0,0.0,2788.36
A003440,C02105,Savings Account,2025-01-01,Active,0,0.83,9696.98
A003441,C02106,Current Account,2026-05-26,Active,0,0.0,1312.21
A003442,C02107,Current Account,2022-01-02,Active,0,0.0,472.65
A003443,C02107,Savings Account,2026-06-08,Active,0,0.99,2846.63
A003444,C02107,Credit Card,2021-02-22,Active,6900,20.92,-433.94
A003445,C02108,Current Account,2026-03-03,Active,0,0.0,2041.73
A003446,C02108,Savings Account,2024-05-11,Closed,0,1.23,11802.58
A003447,C02108,Credit Card,2024-06-16,Closed,4900,16.24,-674.47
A003448,C02109,Savings Account,2023-09-22,Dormant,0,1.87,3290.27
A003449,C02109,Current Account,2024-01-04,Active,0,0.0,958.97
A003450,C02109,Credit Card,2025-11-18,Active,8000,17.02,-743.48
A003451,C02110,Current Account,2025-07-07,Active,0,0.0,6663.67
A003452,C02111,Current Account,2023-11-25,Active,0,0.0,2375.46
A003453,C02111,Savings Account,2022-07-19,Active,0,0.87,0
A003454,C02111,Credit Card,2022-06-16,Closed,10100,19.6,-2725.52
A003455,C02112,Savings Account,2022-11-11,Active,0,1.52,16427.4
A003456,C02112,Credit Card,2022-01-23,Active,8700,17.34,-1197.3
A003457,C02113,Current Account,2025-01-15,Active,0,0.0,-110.35
A003458,C02113,Savings Account,2025-08-12,Active,0,2.16,24356.55
A003459,C02113,Credit Card,2026-01-17,Active,13400,20.83,-6255.33
A003460,C02114,Current Account,2025-01-10,Active,0,0.0,1633.58
A003461,C02115,Savings Account,2026-07-28,Active,0,1.57,15544.46
A003462,C02115,Credit Card,2026-07-10,Active,7100,18.59,-663.24
A003463,C02116,Current Account,2026-01-07,Active,0,0.0,7360.31
A003464,C02116,Credit Card,2025-12-25,Active,15000,18.88,-2093.59
A003465,C02117,Current Account,2020-05-19,Active,0,0.0,3062.88
A003466,C02118,Savings Account,2024-04-23,Active,0,1.31,7930.84
A003467,C02119,Savings Account,2024-12-07,Active,0,1.18,22756.97
A003468,C02120,Current Account,2024-04-18,Active,0,0.0,2813.62
A003469,C02120,Savings Account,2021-08-01,Active,0,1.12,27348.46
A003470,C02121,Current Account,2024-04-05,Active,0,0.0,-248.08
A003471,C02122,Current Account,2025-09-03,Active,0,0.0,2028.38
A003472,C02123,Current Account,2023-03-19,Active,0,0.0,1775.39
A003473,C02123,Savings Account,2022-07-26,Active,0,1.84,23735.68
A003474,C02124,Current Account,2025-12-16,Active,0,0.0,7231.16
A003475,C02124,Savings Account,2023-04-18,Active,0,1.61,24408.16
A003476,C02125,Savings Account,2026-05-06,Active,0,2.19,26389.11
A003477,C02126,Savings Account,2022-08-30,Active,0,1.46,30312.61
A003478,C02126,Credit Card,2026-05-29,Active,3700,17.55,-1462.07
A003479,C02127,Current Account,2023-12-30,Active,0,0.0,9584.22
A003480,C02128,Savings Account,2025-02-22,Active,0,1.67,33457.36
A003481,C02129,Savings Account,2026-07-14,Active,0,0.89,14756.93
A003482,C02129,Credit Card,2026-07-26,Active,8900,15.8,-2290.5
A003483,C02130,Current Account,2021-09-03,Active,0,0.0,9218.0
A003484,C02130,Credit Card,2024-01-22,Active,14400,21.35,-1909.12
A003485,C02131,Savings Account,2021-11-01,Active,0,0.98,24031.93
A003486,C02131,Credit Card,2024-01-24,Active,5000,18.06,-1077.75
A003487,C02132,Current Account,2023-05-20,Active,0,0.0,1212.58
A003488,C02132,Savings Account,2023-02-04,Active,0,2.15,16122.52
A003489,C02133,Savings Account,2026-04-16,Active,0,0.87,9716.67
A003490,C02134,Current Account,2023-06-20,Active,0,0.0,2503.56
A003491,C02135,Current Account,2025-12-29,Active,0,0.0,1981.83
A003492,C02136,Current Account,2026-06-30,Active,0,0.0,2672.92
A003493,C02136,Savings Account,2026-07-04,Active,0,1.67,16776.1
A003494,C02137,Savings Account,2024-11-08,Closed,0,1.14,0
A003495,C02137,Current Account,2025-02-26,Active,0,0.0,5828.28
A003496,C02137,Credit Card,2024-05-20,Active,9300,15.91,-3638.72
A003497,C02138,Current Account,2026-01-28,Active,0,0.0,3450.7
A003498,C02139,Savings Account,2026-01-14,Active,0,2.02,2820.28
A003499,C02139,Credit Card,2025-12-31,Active,2100,17.36,-507.06
A003500,C02140,Current Account,2023-12-01,Active,0,0.0,914.55
A003501,C02141,Current Account,2024-09-22,Active,0,0.0,747.66
A003502,C02142,Current Account,2024-10-07,Active,0,0.0,7225.98
A003503,C02142,Credit Card,2025-02-15,Dormant,15000,16.19,-724.49
A003504,C02143,Savings Account,2025-08-20,Active,0,0.85,10805.44
A003505,C02143,Current Account,2022-04-10,Closed,0,0.0,152.59
A003506,C02144,Current Account,2026-04-29,Active,0,0.0,6284.49
A003507,C02145,Current Account,2024-12-16,Active,0,0.0,1904.12
A003508,C02146,Current Account,2023-01-10,Active,0,0.0,1952.09
A003509,C02146,Savings Account,2022-10-28,Active,0,1.05,0
A003510,C02146,Credit Card,2023-06-26,Active,3300,17.37,-745.53
A003511,C02147,Savings Account,2025-03-16,Active,0,1.07,5888.74
A003512,C02148,Current Account,2025-03-05,Active,0,0.0,2296.2
A003513,C02148,Credit Card,2025-09-15,Active,4800,17.05,-824.14
A003514,C02149,Current Account,2025-06-01,Active,0,0.0,2257.96
A003515,C02150,Savings Account,2026-03-14,Active,0,2.19,3344.96
A003516,C02151,Current Account,2025-07-28,Active,0,0.0,2170.14
A003517,C02152,Savings Account,2023-01-08,Active,0,2.08,5966.9
A003518,C02152,Current Account,2025-08-16,Active,0,0.0,4983.38
A003519,C02152,Credit Card,2025-04-09,Active,11600,20.38,-1055.54
A003520,C02153,Current Account,2024-04-20,Closed,0,0.0,2699.88
A003521,C02154,Current Account,2024-01-27,Dormant,0,0.0,5522.37
A003522,C02154,Savings Account,2024-09-05,Dormant,0,1.6,24134.04
A003523,C02155,Current Account,2026-01-06,Dormant,0,0.0,726.35
A003524,C02155,Credit Card,2026-04-16,Active,11800,21.89,-4154.33
A003525,C02156,Current Account,2025-02-28,Dormant,0,0.0,2506.13
A003526,C02156,Credit Card,2025-07-08,Active,10400,17.93,-1900.09
A003527,C02157,Current Account,2025-10-02,Active,0,0.0,7688.3
A003528,C02158,Current Account,2025-05-19,Dormant,0,0.0,1840.72
A003529,C02158,Savings Account,2022-06-19,Dormant,0,1.26,4254.52
A003530,C02158,Credit Card,2024-12-23,Active,9700,17.36,-4261.63
A003531,C02159,Savings Account,2026-03-06,Active,0,1.78,10954.27
A003532,C02159,Current Account,2025-08-06,Active,0,0.0,2594.12
A003533,C02160,Current Account,2025-01-06,Active,0,0.0,745.64
A003534,C02160,Savings Account,2024-07-07,Active,0,1.23,14374.49
A003535,C02161,Current Account,2025-10-03,Active,0,0.0,9578.09
A003536,C02162,Savings Account,2022-04-06,Active,0,1.19,11259.44
A003537,C02162,Current Account,2024-01-21,Dormant,0,0.0,2619.85
A003538,C02162,Credit Card,2023-02-09,Active,3400,18.58,-543.43
A003539,C02163,Current Account,2025-09-12,Active,0,0.0,1421.44
A003540,C02164,Current Account,2025-09-20,Active,0,0.0,4828.3
A003541,C02165,Current Account,2023-05-19,Active,0,0.0,3727.19
A003542,C02165,Credit Card,2025-09-20,Active,12400,20.36,-1927.75
A003543,C02166,Current Account,2026-07-21,Active,0,0.0,2667.71
A003544,C02166,Savings Account,2025-11-03,Active,0,1.26,12914.1
A003545,C02166,Credit Card,2026-04-16,Active,5200,17.74,-1712.0
A003546,C02167,Savings Account,2025-01-06,Dormant,0,0.97,26268.37
A003547,C02167,Credit Card,2024-06-14,Closed,12800,20.45,-2725.64
A003548,C02168,Savings Account,2025-06-11,Closed,0,1.46,5281.86
A003549,C02168,Current Account,2020-06-07,Closed,0,0.0,2517.9
A003550,C02168,Credit Card,2021-09-03,Active,3000,16.51,-469.56
A003551,C02169,Current Account,2025-06-25,Active,0,0.0,1808.88
A003552,C02169,Credit Card,2026-07-10,Dormant,2500,16.23,-278.59
A003553,C02170,Current Account,2025-03-15,Active,0,0.0,3443.09
A003554,C02171,Savings Account,2021-04-25,Active,0,2.02,13862.32
A003555,C02171,Current Account,2023-10-02,Active,0,0.0,2775.82
A003556,C02172,Current Account,2026-07-29,Active,0,0.0,675.72
A003557,C02173,Current Account,2025-09-26,Active,0,0.0,985.39
A003558,C02174,Current Account,2026-01-30,Dormant,0,0.0,2235.32
A003559,C02174,Credit Card,2025-08-31,Dormant,7200,21.59,0
A003560,C02175,Current Account,2026-04-01,Active,0,0.0,4657.08
A003561,C02176,Current Account,2026-03-05,Active,0,0.0,4754.54
A003562,C02177,Current Account,2021-11-30,Active,0,0.0,2662.0
A003563,C02177,Credit Card,2020-09-27,Active,11300,15.94,-1554.64
A003564,C02178,Savings Account,2026-01-11,Active,0,1.1,48599.23
A003565,C02179,Current Account,2026-07-26,Active,0,0.0,3112.29
A003566,C02180,Current Account,2025-02-20,Active,0,0.0,5334.11
A003567,C02181,Current Account,2024-09-29,Active,0,0.0,1796.54
A003568,C02182,Current Account,2026-07-10,Active,0,0.0,2605.06
A003569,C02183,Current Account,2024-01-21,Active,0,0.0,1679.12
A003570,C02184,Savings Account,2024-06-20,Active,0,1.6,14059.74
A003571,C02184,Current Account,2024-02-07,Active,0,0.0,2543.38
A003572,C02185,Current Account,2026-05-28,Active,0,0.0,4921.88
A003573,C02186,Current Account,2022-06-18,Active,0,0.0,1714.37
A003574,C02186,Credit Card,2023-07-12,Active,6900,20.18,-971.08
A003575,C02187,Current Account,2026-02-27,Closed,0,0.0,2142.31
A003576,C02187,Savings Account,2020-05-17,Active,0,1.98,16416.95
A003577,C02188,Current Account,2025-10-10,Active,0,0.0,1684.33
A003578,C02189,Current Account,2023-07-27,Active,0,0.0,3960.68
A003579,C02189,Savings Account,2023-12-17,Active,0,2.16,30584.22
A003580,C02190,Current Account,2024-01-30,Active,0,0.0,3657.25
A003581,C02190,Credit Card,2024-12-26,Active,5200,20.86,-1864.93
A003582,C02191,Current Account,2026-06-27,Active,0,0.0,6831.78
A003583,C02192,Savings Account,2025-04-12,Active,0,1.72,16911.31
A003584,C02192,Current Account,2026-05-28,Active,0,0.0,-342.96
A003585,C02192,Credit Card,2025-12-26,Active,9900,21.63,-3197.82
A003586,C02193,Savings Account,2024-02-01,Closed,0,1.76,25562.39
A003587,C02194,Savings Account,2025-11-30,Active,0,1.92,2513.21
A003588,C02194,Credit Card,2026-05-06,Active,9900,17.65,-300.09
A003589,C02195,Current Account,2024-08-31,Active,0,0.0,1131.09
A003590,C02195,Savings Account,2026-07-17,Dormant,0,2.16,31618.37
A003591,C02196,Savings Account,2023-12-05,Active,0,1.8,4679.59
A003592,C02197,Current Account,2026-05-26,Active,0,0.0,3569.33
A003593,C02198,Savings Account,2025-04-18,Active,0,1.53,0
A003594,C02199,Current Account,2026-01-28,Active,0,0.0,6736.23
A003595,C02200,Current Account,2025-02-09,Active,0,0.0,3650.91
A003596,C02200,Credit Card,2024-09-08,Active,12600,17.4,-5942.62
A003597,C02201,Current Account,2024-06-17,Active,0,0.0,2561.25
A003598,C02201,Savings Account,2024-08-15,Active,0,1.95,15673.24
A003599,C02202,Current Account,2026-06-18,Active,0,0.0,2.28
A003600,C02202,Savings Account,2026-01-12,Active,0,1.79,11765.51
A003601,C02203,Current Account,2023-04-25,Closed,0,0.0,3594.87
A003602,C02203,Credit Card,2024-08-24,Active,12900,15.93,-3638.11
A003603,C02204,Savings Account,2022-07-01,Active,0,1.43,6371.66
A003604,C02205,Savings Account,2025-11-19,Active,0,1.33,16949.34
A003605,C02205,Current Account,2025-06-24,Active,0,0.0,2218.1
A003606,C02206,Current Account,2026-02-13,Active,0,0.0,6676.78
A003607,C02206,Credit Card,2022-09-24,Active,9000,15.9,-1799.17
A003608,C02207,Current Account,2024-02-08,Dormant,0,0.0,8389.76
A003609,C02208,Current Account,2024-07-22,Active,0,0.0,1164.91
A003610,C02208,Credit Card,2023-11-09,Active,3000,18.68,-799.78
A003611,C02209,Savings Account,2026-02-17,Active,0,1.66,9462.14
A003612,C02210,Savings Account,2026-01-06,Active,0,1.88,7280.07
A003613,C02210,Current Account,2025-05-24,Dormant,0,0.0,3788.37
A003614,C02211,Current Account,2024-02-14,Active,0,0.0,2579.11
A003615,C02211,Savings Account,2024-09-17,Closed,0,1.39,9019.47
A003616,C02212,Savings Account,2025-10-15,Active,0,1.66,39686.29
A003617,C02212,Current Account,2025-10-04,Active,0,0.0,4329.73
A003618,C02213,Current Account,2024-10-01,Active,0,0.0,738.22
A003619,C02213,Credit Card,2024-12-18,Active,3700,17.11,-1321.24
A003620,C02214,Savings Account,2023-02-13,Closed,0,0.82,9159.19
A003621,C02214,Current Account,2023-08-17,Active,0,0.0,2546.06
A003622,C02215,Current Account,2025-03-20,Active,0,0.0,923.41
A003623,C02216,Current Account,2023-04-26,Active,0,0.0,4019.97
A003624,C02216,Savings Account,2025-03-02,Dormant,0,1.85,11849.31
A003625,C02217,Savings Account,2022-08-04,Active,0,1.05,17087.94
A003626,C02217,Current Account,2022-05-28,Active,0,0.0,4112.66
A003627,C02218,Current Account,2024-04-02,Active,0,0.0,6045.08
A003628,C02219,Current Account,2026-07-06,Active,0,0.0,1841.72
A003629,C02219,Savings Account,2020-09-15,Active,0,1.38,8640.91
A003630,C02220,Savings Account,2025-12-01,Active,0,2.17,2274.07
A003631,C02221,Current Account,2025-04-19,Active,0,0.0,1678.3
A003632,C02222,Current Account,2026-03-06,Active,0,0.0,4692.16
A003633,C02222,Credit Card,2020-07-18,Active,2500,20.0,-555.44
A003634,C02223,Current Account,2024-04-28,Dormant,0,0.0,3487.16
A003635,C02223,Savings Account,2023-10-26,Active,0,2.05,14169.62
A003636,C02224,Current Account,2025-10-08,Active,0,0.0,4507.69
A003637,C02225,Current Account,2022-05-02,Active,0,0.0,4339.58
A003638,C02225,Savings Account,2025-09-24,Active,0,1.3,9821.96
A003639,C02226,Current Account,2024-09-14,Active,0,0.0,203.15
A003640,C02226,Savings Account,2023-12-28,Active,0,2.11,8115.83
A003641,C02227,Current Account,2026-05-27,Active,0,0.0,4828.85
A003642,C02227,Credit Card,2025-02-08,Active,4700,20.88,-797.19
A003643,C02228,Current Account,2024-05-31,Active,0,0.0,-500
A003644,C02229,Current Account,2025-01-04,Active,0,0.0,844.68
A003645,C02230,Current Account,2026-07-22,Active,0,0.0,3323.76
A003646,C02230,Savings Account,2025-08-26,Active,0,1.46,13604.83
A003647,C02231,Current Account,2025-07-25,Active,0,0.0,2537.34
A003648,C02232,Savings Account,2022-08-29,Active,0,1.88,16872.85
A003649,C02232,Current Account,2024-08-27,Active,0,0.0,3523.88
A003650,C02233,Current Account,2026-03-21,Active,0,0.0,1472.9
A003651,C02234,Savings Account,2026-03-12,Active,0,1.88,10754.95
A003652,C02234,Current Account,2023-09-12,Active,0,0.0,1553.75
A003653,C02234,Credit Card,2025-06-29,Active,4000,16.12,-369.48
A003654,C02235,Current Account,2021-09-01,Active,0,0.0,3105.85
A003655,C02235,Savings Account,2025-10-13,Active,0,1.97,19269.04
A003656,C02236,Current Account,2021-11-30,Active,0,0.0,11304.94
A003657,C02237,Current Account,2026-04-17,Closed,0,0.0,3698.02
A003658,C02238,Current Account,2021-08-16,Active,0,0.0,3262.76
A003659,C02239,Current Account,2022-12-01,Closed,0,0.0,1803.91
A003660,C02239,Savings Account,2025-09-15,Active,0,0.95,6823.46
A003661,C02240,Savings Account,2025-11-18,Active,0,1.81,8209.42
A003662,C02240,Current Account,2024-09-20,Active,0,0.0,2092.78
A003663,C02240,Credit Card,2023-08-15,Dormant,5200,20.0,-2672.68
A003664,C02241,Current Account,2024-03-04,Active,0,0.0,1847.03
A003665,C02241,Savings Account,2021-10-20,Active,0,1.06,22601.52
A003666,C02242,Current Account,2025-07-27,Closed,0,0.0,2318.97
A003667,C02243,Current Account,2022-08-09,Dormant,0,0.0,3116.87
A003668,C02244,Savings Account,2026-03-13,Active,0,1.77,10486.47
A003669,C02244,Current Account,2025-04-17,Active,0,0.0,6768.28
A003670,C02244,Credit Card,2025-07-18,Active,10100,20.68,-91.47
A003671,C02245,Current Account,2024-07-03,Active,0,0.0,6578.92
A003672,C02246,Savings Account,2024-01-12,Active,0,1.92,12948.02
A003673,C02246,Current Account,2025-02-09,Active,0,0.0,373.83
A003674,C02247,Current Account,2026-06-24,Active,0,0.0,4729.58
A003675,C02247,Savings Account,2026-07-14,Active,0,1.41,4273.21
A003676,C02248,Savings Account,2026-02-27,Active,0,1.45,35501.63
A003677,C02248,Current Account,2020-04-25,Active,0,0.0,1865.08
A003678,C02249,Current Account,2021-12-07,Active,0,0.0,9505.35
A003679,C02250,Current Account,2021-02-12,Active,0,0.0,5506.43
A003680,C02250,Savings Account,2020-02-16,Active,0,1.98,9244.79
A003681,C02250,Credit Card,2023-07-05,Active,5300,19.49,-2675.0
A003682,C02251,Savings Account,2025-09-25,Active,0,1.25,16272.5
A003683,C02251,Current Account,2026-01-07,Active,0,0.0,4010.81
A003684,C02252,Current Account,2023-08-05,Active,0,0.0,1058.14
A003685,C02252,Credit Card,2024-01-22,Dormant,6500,19.13,0
A003686,C02253,Current Account,2023-06-05,Active,0,0.0,3868.21
A003687,C02254,Current Account,2023-07-30,Active,0,0.0,-500
A003688,C02254,Savings Account,2025-05-17,Active,0,0.86,19564.06
A003689,C02254,Credit Card,2020-10-12,Active,11300,18.88,-2799.42
A003690,C02255,Savings Account,2022-03-03,Active,0,1.35,22399.86
A003691,C02255,Credit Card,2025-10-24,Active,5900,20.4,-1040.54
A003692,C02256,Savings Account,2020-10-07,Active,0,2.15,15804.93
A003693,C02257,Current Account,2025-12-04,Dormant,0,0.0,2970.98
A003694,C02257,Credit Card,2026-04-04,Active,13100,15.97,-1981.98
A003695,C02258,Savings Account,2020-10-01,Active,0,1.85,10873.74
A003696,C02259,Current Account,2024-01-03,Active,0,0.0,4408.65
A003697,C02259,Credit Card,2025-04-13,Active,11500,17.29,-3549.96
A003698,C02260,Current Account,2026-06-04,Active,0,0.0,3688.13
A003699,C02260,Credit Card,2026-04-22,Active,7300,21.02,-2175.29
A003700,C02261,Current Account,2026-07-08,Dormant,0,0.0,3274.26
A003701,C02261,Savings Account,2026-03-23,Active,0,2.18,8546.29
A003702,C02262,Savings Account,2020-09-15,Active,0,1.45,27030.42
A003703,C02263,Savings Account,2026-05-12,Active,0,1.99,16816.21
A003704,C02263,Credit Card,2026-06-20,Active,5300,19.43,-896.16
A003705,C02264,Savings Account,2024-06-21,Active,0,1.32,13152.83
A003706,C02264,Current Account,2025-01-06,Active,0,0.0,325.4
A003707,C02264,Credit Card,2025-12-03,Active,3400,20.72,-755.37
A003708,C02265,Current Account,2025-05-03,Dormant,0,0.0,1312.84
A003709,C02266,Current Account,2022-12-16,Active,0,0.0,687.54
A003710,C02266,Savings Account,2023-02-17,Closed,0,1.87,15032.6
A003711,C02267,Current Account,2026-06-03,Active,0,0.0,-202.08
A003712,C02268,Current Account,2025-10-18,Active,0,0.0,9713.94
A003713,C02268,Savings Account,2026-02-14,Active,0,2.17,0
A003714,C02269,Current Account,2026-03-01,Active,0,0.0,4662.28
A003715,C02270,Savings Account,2023-12-19,Active,0,2.1,2360.77
A003716,C02270,Current Account,2025-03-18,Active,0,0.0,9763.09
A003717,C02270,Credit Card,2025-08-02,Closed,8700,19.63,-341.55
A003718,C02271,Savings Account,2023-02-27,Closed,0,1.69,7582.97
A003719,C02272,Current Account,2024-10-01,Active,0,0.0,3876.72
A003720,C02272,Savings Account,2026-01-27,Active,0,1.98,10756.11
A003721,C02273,Savings Account,2020-11-21,Active,0,0.89,22015.28
A003722,C02274,Current Account,2026-07-04,Active,0,0.0,823.54
A003723,C02275,Current Account,2025-09-20,Active,0,0.0,812.38
A003724,C02275,Credit Card,2021-01-15,Active,3600,19.29,-276.2
A003725,C02276,Current Account,2021-02-12,Active,0,0.0,-166.36
A003726,C02277,Current Account,2022-09-14,Active,0,0.0,2376.34
A003727,C02277,Savings Account,2020-08-28,Closed,0,1.15,11128.62
A003728,C02277,Credit Card,2026-03-28,Active,4500,20.09,-1356.19
A003729,C02278,Current Account,2025-08-15,Active,0,0.0,2314.08
A003730,C02279,Current Account,2026-04-21,Active,0,0.0,6427.21
A003731,C02279,Savings Account,2026-07-19,Active,0,1.35,238.44
A003732,C02280,Current Account,2024-03-16,Active,0,0.0,6330.68
A003733,C02281,Current Account,2021-12-04,Active,0,0.0,7444.43
A003734,C02282,Savings Account,2025-08-09,Active,0,0.81,42100.18
A003735,C02283,Current Account,2025-11-08,Active,0,0.0,2732.49
A003736,C02284,Current Account,2025-01-18,Active,0,0.0,159.61
A003737,C02284,Credit Card,2026-06-11,Active,9000,21.34,-1101.95
A003738,C02285,Savings Account,2021-12-01,Active,0,1.7,41726.1
A003739,C02285,Credit Card,2026-07-03,Active,9900,17.8,-1004.24
A003740,C02286,Current Account,2026-01-01,Active,0,0.0,1907.96
A003741,C02286,Credit Card,2022-12-07,Active,1700,19.75,-328.78
A003742,C02287,Current Account,2026-03-19,Active,0,0.0,4258.03
A003743,C02288,Current Account,2025-10-01,Active,0,0.0,3541.9
A003744,C02288,Credit Card,2025-12-14,Active,14000,16.22,-2518.49
A003745,C02289,Savings Account,2024-05-28,Active,0,1.04,4440.98
A003746,C02289,Credit Card,2020-06-26,Active,5400,18.55,-1259.93
A003747,C02290,Savings Account,2026-01-13,Active,0,0.84,26530.7
A003748,C02290,Current Account,2026-06-29,Active,0,0.0,664.32
A003749,C02290,Credit Card,2026-02-01,Active,11000,20.94,-1239.28
A003750,C02291,Savings Account,2023-07-06,Active,0,1.96,19752.77
A003751,C02291,Current Account,2025-03-03,Active,0,0.0,3778.29
A003752,C02291,Credit Card,2021-03-04,Active,5400,18.99,-1241.74
A003753,C02292,Current Account,2026-07-20,Active,0,0.0,1656.31
A003754,C02292,Savings Account,2026-07-25,Active,0,0.87,0
A003755,C02293,Current Account,2025-11-18,Active,0,0.0,98.33
A003756,C02293,Savings Account,2026-07-05,Dormant,0,1.76,15258.04
A003757,C02293,Credit Card,2024-12-07,Active,4700,21.76,-664.8
A003758,C02294,Current Account,2025-01-16,Active,0,0.0,2069.71
A003759,C02295,Current Account,2026-04-09,Active,0,0.0,6626.44
A003760,C02295,Credit Card,2025-07-09,Active,12800,21.42,-754.77
A003761,C02296,Current Account,2026-02-01,Active,0,0.0,3684.99
A003762,C02297,Current Account,2026-07-22,Active,0,0.0,1525.68
A003763,C02298,Current Account,2026-05-30,Active,0,0.0,3159.34
A003764,C02298,Savings Account,2022-08-15,Active,0,1.01,5036.57
A003765,C02299,Current Account,2023-09-03,Active,0,0.0,747.95
A003766,C02300,Current Account,2023-04-19,Active,0,0.0,2483.02
A003767,C02301,Current Account,2023-12-24,Active,0,0.0,4513.04
A003768,C02301,Credit Card,2025-05-07,Active,5400,17.16,-1573.42
A003769,C02302,Current Account,2023-09-21,Active,0,0.0,2931.42
A003770,C02302,Savings Account,2025-04-07,Active,0,2.01,11850.03
A003771,C02303,Current Account,2026-03-23,Active,0,0.0,1668.28
A003772,C02303,Savings Account,2025-05-23,Active,0,1.61,20962.98
A003773,C02304,Current Account,2025-11-13,Active,0,0.0,3452.11
A003774,C02305,Current Account,2023-07-16,Active,0,0.0,2451.97
A003775,C02306,Current Account,2025-08-24,Active,0,0.0,2077.94
A003776,C02306,Savings Account,2020-07-01,Closed,0,1.66,11304.37
A003777,C02307,Current Account,2026-07-06,Dormant,0,0.0,5643.29
A003778,C02307,Credit Card,2026-02-08,Active,3000,15.82,-571.64
A003779,C02308,Current Account,2025-04-17,Active,0,0.0,3723.42
A003780,C02309,Savings Account,2026-01-19,Active,0,1.96,54274.13
A003781,C02309,Current Account,2026-03-29,Closed,0,0.0,6030.57
A003782,C02309,Credit Card,2026-05-14,Active,10700,21.87,-2914.55
A003783,C02310,Current Account,2023-10-23,Active,0,0.0,2873.98
A003784,C02311,Current Account,2023-02-14,Active,0,0.0,3733.28
A003785,C02311,Savings Account,2022-06-20,Dormant,0,2.11,26182.03
A003786,C02312,Current Account,2024-05-27,Active,0,0.0,2169.31
A003787,C02313,Savings Account,2024-02-15,Active,0,0.82,0
A003788,C02314,Current Account,2026-05-05,Active,0,0.0,6180.29
A003789,C02314,Credit Card,2026-04-04,Active,8400,19.44,-1680.66
A003790,C02315,Current Account,2023-05-28,Active,0,0.0,2962.34
A003791,C02315,Savings Account,2021-07-01,Active,0,0.98,20759.97
A003792,C02315,Credit Card,2025-10-07,Active,11300,17.98,-2741.37
A003793,C02316,Savings Account,2026-02-01,Dormant,0,2.13,11335.55
A003794,C02316,Current Account,2025-05-14,Active,0,0.0,5834.77
A003795,C02316,Credit Card,2024-08-27,Active,10200,20.4,-1431.54
A003796,C02317,Current Account,2022-08-15,Active,0,0.0,2709.88
A003797,C02317,Credit Card,2023-10-21,Active,6800,18.52,-1476.0
A003798,C02318,Current Account,2025-06-13,Closed,0,0.0,2422.76
A003799,C02319,Savings Account,2026-06-06,Active,0,1.62,0
A003800,C02320,Current Account,2025-12-31,Active,0,0.0,5086.56
A003801,C02320,Credit Card,2024-08-06,Active,3100,21.81,-151.08
A003802,C02321,Current Account,2022-04-09,Closed,0,0.0,2979.94
A003803,C02322,Current Account,2026-04-12,Active,0,0.0,1500.6
A003804,C02323,Current Account,2023-05-31,Dormant,0,0.0,1730.03
A003805,C02323,Savings Account,2024-10-25,Active,0,1.24,13293.07
A003806,C02324,Current Account,2025-05-21,Active,0,0.0,8040.33
A003807,C02325,Current Account,2026-05-24,Active,0,0.0,4370.0
A003808,C02326,Current Account,2024-08-22,Closed,0,0.0,1905.66
A003809,C02327,Savings Account,2023-08-05,Closed,0,1.33,2881.34
A003810,C02328,Current Account,2024-05-19,Active,0,0.0,5013.38
A003811,C02328,Savings Account,2025-08-13,Active,0,1.33,16635.68
A003812,C02328,Credit Card,2024-04-30,Active,11000,17.22,-3246.78
A003813,C02329,Current Account,2023-08-11,Active,0,0.0,2183.73
A003814,C02330,Current Account,2024-08-23,Active,0,0.0,5837.66
A003815,C02330,Credit Card,2026-05-03,Active,12200,21.47,-1426.24
A003816,C02331,Current Account,2022-02-02,Active,0,0.0,2719.47
A003817,C02332,Current Account,2021-07-30,Active,0,0.0,1448.58
A003818,C02333,Current Account,2024-09-14,Active,0,0.0,2745.53
A003819,C02333,Savings Account,2021-09-01,Active,0,1.54,6725.02
A003820,C02333,Credit Card,2022-07-30,Dormant,4500,19.54,-734.87
A003821,C02334,Current Account,2026-06-09,Active,0,0.0,3629.39
A003822,C02334,Savings Account,2024-08-07,Active,0,1.28,21276.65
A003823,C02335,Current Account,2025-12-07,Active,0,0.0,426.67
A003824,C02336,Current Account,2024-11-03,Active,0,0.0,1478.41
A003825,C02337,Savings Account,2024-10-05,Active,0,1.03,16097.74
A003826,C02337,Current Account,2021-08-31,Active,0,0.0,3674.17
A003827,C02338,Current Account,2026-06-07,Active,0,0.0,2813.04
A003828,C02338,Savings Account,2023-09-28,Active,0,1.69,6549.27
A003829,C02339,Savings Account,2024-06-03,Active,0,1.35,3704.38
A003830,C02340,Current Account,2025-11-24,Active,0,0.0,2001.25
A003831,C02341,Savings Account,2026-05-26,Active,0,1.16,15806.52
A003832,C02341,Current Account,2026-05-30,Active,0,0.0,1695.69
A003833,C02342,Savings Account,2025-01-12,Active,0,2.19,13434.53
A003834,C02342,Credit Card,2025-08-10,Active,10100,19.99,-3706.21
A003835,C02343,Current Account,2024-01-20,Active,0,0.0,3438.5
A003836,C02344,Current Account,2022-10-31,Active,0,0.0,1119.18
A003837,C02345,Savings Account,2023-10-12,Active,0,1.11,4938.13
A003838,C02345,Current Account,2026-01-02,Active,0,0.0,2518.67
A003839,C02346,Current Account,2024-04-13,Active,0,0.0,5544.09
A003840,C02346,Credit Card,2022-11-19,Active,8900,17.37,-1300.02
A003841,C02347,Current Account,2023-09-14,Active,0,0.0,7485.75
A003842,C02347,Savings Account,2025-05-19,Active,0,2.02,43192.49
A003843,C02348,Current Account,2024-11-19,Dormant,0,0.0,479.33
A003844,C02349,Savings Account,2026-07-21,Active,0,1.84,15876.14
A003845,C02349,Current Account,2026-07-22,Active,0,0.0,2650.62
A003846,C02350,Current Account,2021-09-20,Active,0,0.0,6973.45
A003847,C02350,Savings Account,2025-01-03,Active,0,1.51,7758.5
A003848,C02351,Savings Account,2026-06-26,Active,0,1.2,3139.66
A003849,C02352,Current Account,2026-03-18,Active,0,0.0,1823.84
A003850,C02352,Savings Account,2024-08-08,Active,0,1.78,10740.18
A003851,C02353,Current Account,2026-05-08,Active,0,0.0,4251.45
A003852,C02354,Current Account,2025-03-21,Active,0,0.0,153.46
A003853,C02354,Credit Card,2024-12-08,Active,3700,21.79,-990.6
A003854,C02355,Savings Account,2025-11-09,Active,0,1.56,33955.44
A003855,C02355,Credit Card,2025-07-01,Active,6600,15.65,-840.29
A003856,C02356,Current Account,2021-07-01,Active,0,0.0,1845.57
A003857,C02357,Current Account,2025-06-06,Active,0,0.0,5817.99
A003858,C02357,Savings Account,2025-03-22,Active,0,1.86,18483.66
A003859,C02358,Current Account,2024-04-23,Active,0,0.0,680.95
A003860,C02358,Credit Card,2025-08-28,Active,1800,20.9,-262.34
A003861,C02359,Current Account,2026-04-23,Active,0,0.0,432.71
A003862,C02360,Savings Account,2025-11-30,Active,0,1.57,0
A003863,C02360,Current Account,2025-09-13,Dormant,0,0.0,874.0
A003864,C02361,Current Account,2022-08-02,Active,0,0.0,4267.48
A003865,C02362,Savings Account,2024-06-18,Active,0,2.14,0
A003866,C02363,Current Account,2024-11-22,Active,0,0.0,3505.12
A003867,C02363,Savings Account,2025-03-23,Active,0,1.29,9261.82
A003868,C02364,Current Account,2023-01-02,Active,0,0.0,5709.26
A003869,C02364,Savings Account,2025-02-15,Active,0,1.94,21831.7
A003870,C02365,Savings Account,2025-09-14,Active,0,1.26,12327.82
A003871,C02365,Credit Card,2026-02-10,Closed,1800,15.63,-385.37
A003872,C02366,Current Account,2024-07-31,Active,0,0.0,8660.61
A003873,C02367,Current Account,2024-02-09,Active,0,0.0,1222.01
A003874,C02368,Current Account,2024-10-06,Active,0,0.0,2386.54
A003875,C02368,Savings Account,2023-01-22,Active,0,2.2,377.77
A003876,C02368,Credit Card,2023-11-02,Active,6300,18.95,-479.7
A003877,C02369,Current Account,2026-07-25,Active,0,0.0,2018.18
A003878,C02370,Savings Account,2025-12-12,Active,0,1.86,11551.09
A003879,C02371,Current Account,2025-02-16,Active,0,0.0,3425.63
A003880,C02372,Current Account,2026-07-16,Dormant,0,0.0,5056.71
A003881,C02372,Savings Account,2025-11-25,Active,0,1.2,1205.54
A003882,C02373,Current Account,2021-09-16,Active,0,0.0,4361.85
A003883,C02374,Savings Account,2026-05-09,Active,0,1.66,11506.61
A003884,C02374,Credit Card,2026-06-26,Active,3100,21.61,-855.76
A003885,C02375,Current Account,2026-03-27,Active,0,0.0,3013.1
A003886,C02375,Savings Account,2025-12-17,Active,0,1.45,3283.89
A003887,C02376,Current Account,2025-04-10,Closed,0,0.0,2612.07
A003888,C02377,Current Account,2025-03-18,Active,0,0.0,1086.7
A003889,C02378,Savings Account,2024-03-21,Active,0,1.65,5666.08
A003890,C02379,Current Account,2024-09-28,Closed,0,0.0,2228.92
A003891,C02380,Current Account,2026-01-27,Closed,0,0.0,758.69
A003892,C02381,Current Account,2025-05-19,Dormant,0,0.0,4095.15
A003893,C02381,Credit Card,2025-02-07,Active,7600,15.9,-1221.3
A003894,C02382,Current Account,2026-07-08,Active,0,0.0,8367.31
A003895,C02383,Current Account,2026-05-06,Active,0,0.0,3667.68
A003896,C02384,Current Account,2026-07-25,Dormant,0,0.0,1321.92
A003897,C02385,Savings Account,2025-08-11,Active,0,1.3,24859.29
A003898,C02386,Current Account,2024-01-07,Active,0,0.0,6187.36
A003899,C02386,Savings Account,2023-02-24,Active,0,2.08,17640.45
A003900,C02387,Savings Account,2024-05-05,Active,0,1.03,17839.32
A003901,C02388,Savings Account,2025-10-19,Active,0,0.93,14499.56
A003902,C02389,Current Account,2025-12-01,Active,0,0.0,8647.88
A003903,C02390,Savings Account,2026-07-02,Dormant,0,1.79,0
A003904,C02390,Current Account,2025-11-15,Dormant,0,0.0,1430.43
A003905,C02391,Savings Account,2026-06-21,Active,0,1.9,10009.27
A003906,C02391,Credit Card,2026-07-19,Active,15000,20.12,-4196.85
A003907,C02392,Current Account,2026-04-08,Active,0,0.0,3769.12
A003908,C02392,Savings Account,2025-09-15,Active,0,0.96,18573.16
A003909,C02392,Credit Card,2025-11-10,Active,4000,18.3,-878.9
A003910,C02393,Current Account,2023-12-13,Active,0,0.0,5610.35
A003911,C02394,Savings Account,2022-06-10,Active,0,1.7,11985.34
A003912,C02394,Current Account,2022-07-26,Active,0,0.0,5847.18
A003913,C02395,Current Account,2025-04-28,Active,0,0.0,2940.84
A003914,C02396,Savings Account,2026-04-04,Active,0,2.01,2852.88
A003915,C02396,Current Account,2024-07-14,Active,0,0.0,1111.9
A003916,C02396,Credit Card,2026-07-23,Active,3500,20.34,-680.38
A003917,C02397,Current Account,2026-05-21,Dormant,0,0.0,2320.38
A003918,C02397,Savings Account,2025-04-13,Active,0,1.37,4736.89
A003919,C02398,Current Account,2025-07-01,Active,0,0.0,1799.02
A003920,C02398,Savings Account,2025-04-23,Active,0,1.44,10388.73
A003921,C02399,Current Account,2026-01-03,Active,0,0.0,1169.26
A003922,C02399,Savings Account,2026-05-02,Active,0,1.14,2799.12
A003923,C02400,Current Account,2026-05-04,Active,0,0.0,2198.76
A003924,C02400,Savings Account,2025-09-07,Active,0,1.51,7403.07
A003925,C02401,Current Account,2021-04-18,Active,0,0.0,1391.39
A003926,C02402,Current Account,2023-08-11,Active,0,0.0,3463.06
A003927,C02402,Savings Account,2022-06-02,Active,0,1.33,12980.5
A003928,C02403,Current Account,2023-12-10,Active,0,0.0,4573.02
A003929,C02403,Credit Card,2026-07-03,Dormant,11200,21.36,-3356.87
A003930,C02404,Current Account,2024-01-15,Active,0,0.0,7504.85
A003931,C02405,Current Account,2026-03-08,Dormant,0,0.0,2345.73
A003932,C02405,Savings Account,2026-04-02,Active,0,1.42,1474.04
A003933,C02406,Current Account,2026-06-13,Active,0,0.0,1160.27
A003934,C02407,Savings Account,2025-08-26,Active,0,1.24,11421.04
A003935,C02407,Credit Card,2022-06-22,Active,7400,18.68,-610.42
A003936,C02408,Savings Account,2025-09-26,Active,0,1.93,29857.59
A003937,C02409,Current Account,2025-11-10,Active,0,0.0,3476.86
A003938,C02410,Current Account,2026-05-13,Closed,0,0.0,774.56
A003939,C02410,Credit Card,2025-05-14,Active,4500,19.01,-320.83
A003940,C02411,Current Account,2024-10-14,Active,0,0.0,776.5
A003941,C02411,Savings Account,2025-03-23,Active,0,1.33,2095.0
A003942,C02412,Current Account,2026-06-11,Closed,0,0.0,1873.97
A003943,C02413,Savings Account,2022-11-11,Active,0,1.69,10979.14
A003944,C02413,Current Account,2026-07-21,Active,0,0.0,1715.19
A003945,C02413,Credit Card,2025-01-19,Active,1800,15.52,-813.7
A003946,C02414,Current Account,2020-02-26,Dormant,0,0.0,2061.01
A003947,C02414,Credit Card,2020-02-20,Active,1200,20.14,-534.41
A003948,C02415,Savings Account,2025-03-25,Active,0,1.32,16713.66
A003949,C02415,Credit Card,2023-11-14,Active,6800,17.28,-104.24
A003950,C02416,Current Account,2020-01-03,Active,0,0.0,3127.16
A003951,C02416,Savings Account,2022-02-16,Active,0,1.42,18803.26
A003952,C02417,Savings Account,2026-02-22,Active,0,2.01,18102.39
A003953,C02417,Current Account,2025-08-02,Active,0,0.0,2693.77
A003954,C02417,Credit Card,2026-06-02,Active,5700,17.86,-1139.13
A003955,C02418,Current Account,2026-07-28,Active,0,0.0,2209.26
A003956,C02419,Current Account,2026-07-16,Active,0,0.0,5687.96
A003957,C02419,Savings Account,2025-08-19,Active,0,1.92,24953.68
A003958,C02419,Credit Card,2025-08-28,Active,4600,21.15,-771.99
A003959,C02420,Current Account,2024-12-26,Active,0,0.0,2718.11
A003960,C02421,Current Account,2025-12-10,Active,0,0.0,773.1
A003961,C02422,Current Account,2025-04-10,Active,0,0.0,1322.11
A003962,C02423,Savings Account,2022-12-10,Active,0,0.96,30682.65
A003963,C02424,Current Account,2026-03-29,Active,0,0.0,4437.96
A003964,C02424,Credit Card,2023-03-07,Active,4700,18.37,-303.53
A003965,C02425,Current Account,2025-10-24,Closed,0,0.0,3017.51
A003966,C02425,Savings Account,2025-10-24,Active,0,1.26,0
A003967,C02425,Credit Card,2025-07-28,Active,6600,16.18,-958.21
A003968,C02426,Current Account,2020-05-24,Active,0,0.0,2572.45
A003969,C02426,Savings Account,2024-09-01,Active,0,2.1,9331.79
A003970,C02427,Current Account,2026-07-31,Active,0,0.0,3311.86
A003971,C02427,Savings Account,2026-05-03,Closed,0,1.21,18325.89
A003972,C02428,Current Account,2024-05-15,Active,0,0.0,3500.24
A003973,C02429,Savings Account,2024-01-27,Active,0,1.9,0
A003974,C02429,Current Account,2024-05-21,Active,0,0.0,2111.03
A003975,C02430,Current Account,2023-02-10,Active,0,0.0,2609.35
A003976,C02430,Savings Account,2024-05-31,Active,0,1.46,0
A003977,C02431,Savings Account,2026-06-27,Active,0,1.23,17676.87
A003978,C02432,Current Account,2026-01-03,Active,0,0.0,1232.17
A003979,C02432,Savings Account,2025-12-02,Active,0,1.43,10932.5
A003980,C02433,Savings Account,2023-06-19,Active,0,1.08,9776.21
A003981,C02434,Current Account,2026-07-08,Active,0,0.0,550.49
A003982,C02435,Savings Account,2024-06-30,Active,0,1.25,17249.45
A003983,C02435,Current Account,2025-11-27,Active,0,0.0,4843.31
A003984,C02436,Current Account,2024-01-18,Active,0,0.0,3063.78
A003985,C02436,Credit Card,2025-08-12,Active,7100,16.43,-58.92
A003986,C02437,Current Account,2026-07-18,Active,0,0.0,6051.46
A003987,C02438,Current Account,2022-05-07,Active,0,0.0,-240.27
A003988,C02438,Credit Card,2021-07-30,Active,2400,19.69,-7.71
A003989,C02439,Savings Account,2025-10-31,Active,0,1.81,6772.12
A003990,C02439,Current Account,2025-05-30,Active,0,0.0,622.12
A003991,C02440,Current Account,2025-01-28,Active,0,0.0,573.96
A003992,C02441,Current Account,2025-06-14,Active,0,0.0,1862.24
A003993,C02441,Credit Card,2022-10-28,Active,2700,15.8,-704.76
A003994,C02442,Current Account,2024-01-19,Dormant,0,0.0,2458.64
A003995,C02442,Credit Card,2025-05-04,Dormant,2000,16.99,-76.44
A003996,C02443,Savings Account,2023-01-27,Active,0,1.52,6879.08
A003997,C02444,Current Account,2025-10-19,Closed,0,0.0,2100.76
A003998,C02444,Credit Card,2025-12-28,Active,4800,21.72,-221.87
A003999,C02445,Current Account,2026-05-12,Active,0,0.0,647.66
A004000,C02445,Savings Account,2026-03-27,Active,0,1.07,5826.62
A004001,C02446,Current Account,2026-07-10,Dormant,0,0.0,4397.41
A004002,C02447,Current Account,2024-11-09,Active,0,0.0,732.33
A004003,C02448,Savings Account,2025-05-19,Active,0,1.29,17113.32
A004004,C02449,Current Account,2021-01-20,Active,0,0.0,459.69
A004005,C02449,Savings Account,2026-05-17,Active,0,1.73,6441.01
A004006,C02450,Current Account,2025-10-10,Active,0,0.0,3192.32
A004007,C02450,Savings Account,2024-12-06,Active,0,1.13,8817.12
A004008,C02451,Current Account,2021-04-02,Closed,0,0.0,1227.32
A004009,C02451,Savings Account,2026-03-24,Active,0,1.58,9293.7
A004010,C02452,Savings Account,2026-05-06,Active,0,2.11,8634.64
A004011,C02452,Current Account,2026-02-10,Active,0,0.0,752.16
A004012,C02453,Savings Account,2025-11-23,Dormant,0,1.84,8842.64
A004013,C02453,Current Account,2025-09-27,Active,0,0.0,858.03
A004014,C02453,Credit Card,2026-05-15,Active,2300,17.33,-155.16
A004015,C02454,Current Account,2022-05-10,Active,0,0.0,1817.75
A004016,C02454,Savings Account,2023-04-09,Active,0,0.82,3681.94
A004017,C02454,Credit Card,2022-02-26,Active,4100,17.69,-130.52
A004018,C02455,Current Account,2026-05-22,Active,0,0.0,1644.56
A004019,C02456,Savings Account,2024-08-28,Active,0,2.14,21890.85
A004020,C02457,Current Account,2024-04-06,Active,0,0.0,4070.83
A004021,C02457,Savings Account,2025-12-23,Closed,0,1.71,21381.74
A004022,C02457,Credit Card,2025-02-25,Active,9400,15.55,-4032.18
A004023,C02458,Savings Account,2024-12-24,Active,0,1.17,20755.46
A004024,C02459,Savings Account,2023-03-21,Active,0,1.36,20157.74
A004025,C02459,Credit Card,2024-11-07,Active,4600,19.25,-939.15
A004026,C02460,Current Account,2025-07-22,Active,0,0.0,242.63
A004027,C02460,Savings Account,2025-11-29,Dormant,0,1.67,0
A004028,C02461,Current Account,2026-04-10,Active,0,0.0,4490.78
A004029,C02461,Credit Card,2022-03-09,Active,5900,21.37,-34.6
A004030,C02462,Savings Account,2026-07-31,Active,0,1.92,20318.89
A004031,C02462,Current Account,2026-01-28,Active,0,0.0,4782.77
A004032,C02462,Credit Card,2026-05-12,Active,9400,19.39,-2014.27
A004033,C02463,Current Account,2022-10-13,Active,0,0.0,168.47
A004034,C02463,Savings Account,2023-03-01,Active,0,0.86,22386.09
A004035,C02464,Current Account,2023-08-05,Active,0,0.0,1420.72
A004036,C02464,Savings Account,2025-04-29,Closed,0,0.87,16727.01
A004037,C02464,Credit Card,2024-06-07,Dormant,3300,18.37,-1333.42
A004038,C02465,Current Account,2026-01-14,Dormant,0,0.0,2489.14
A004039,C02466,Current Account,2023-05-12,Active,0,0.0,4470.59
A004040,C02466,Savings Account,2026-04-11,Active,0,1.87,11070.57
A004041,C02467,Current Account,2026-04-22,Active,0,0.0,2802.54
A004042,C02468,Savings Account,2022-11-28,Active,0,1.85,6393.75
A004043,C02469,Current Account,2023-08-11,Active,0,0.0,1704.37
A004044,C02469,Credit Card,2023-01-18,Dormant,4200,16.35,-919.97
A004045,C02470,Current Account,2024-10-20,Active,0,0.0,866.72
A004046,C02471,Current Account,2023-01-11,Active,0,0.0,6918.62
A004047,C02472,Current Account,2024-12-15,Active,0,0.0,2323.58
A004048,C02473,Current Account,2026-06-07,Active,0,0.0,7153.12
A004049,C02474,Current Account,2026-05-19,Active,0,0.0,3198.84
A004050,C02474,Savings Account,2026-06-02,Active,0,2.13,4682.84
A004051,C02475,Current Account,2026-03-23,Active,0,0.0,4095.57
A004052,C02476,Current Account,2023-08-20,Active,0,0.0,3690.62
A004053,C02476,Credit Card,2026-01-25,Closed,9800,20.28,-3538.37
A004054,C02477,Current Account,2024-01-28,Active,0,0.0,1677.61
A004055,C02478,Current Account,2021-02-13,Dormant,0,0.0,4030.59
A004056,C02479,Savings Account,2026-05-10,Active,0,0.94,15690.51
A004057,C02479,Current Account,2026-04-07,Active,0,0.0,887.94
A004058,C02480,Savings Account,2021-05-24,Active,0,1.17,1555.89
A004059,C02480,Credit Card,2022-05-14,Active,5100,17.36,-1830.62
A004060,C02481,Savings Account,2026-06-30,Active,0,0.85,4344.5
A004061,C02481,Current Account,2026-02-07,Active,0,0.0,1823.8
A004062,C02481,Credit Card,2024-12-29,Active,11500,15.8,-4396.12
A004063,C02482,Savings Account,2026-01-30,Active,0,1.5,25602.15
A004064,C02483,Current Account,2025-12-07,Active,0,0.0,-500
A004065,C02484,Current Account,2025-08-22,Active,0,0.0,9468.42
A004066,C02485,Current Account,2023-08-13,Active,0,0.0,1319.55
A004067,C02485,Credit Card,2024-08-21,Active,4400,20.35,-652.32
A004068,C02486,Current Account,2020-05-19,Active,0,0.0,3110.9
A004069,C02487,Current Account,2024-05-17,Active,0,0.0,3261.25
A004070,C02487,Savings Account,2025-02-19,Active,0,1.68,18492.3
A004071,C02488,Current Account,2025-02-07,Dormant,0,0.0,1919.64
A004072,C02488,Savings Account,2024-03-31,Active,0,2.07,8324.43
A004073,C02489,Current Account,2025-10-01,Active,0,0.0,3649.18
A004074,C02490,Current Account,2024-09-24,Active,0,0.0,2708.78
A004075,C02491,Current Account,2025-08-03,Active,0,0.0,2630.82
A004076,C02491,Credit Card,2020-05-18,Active,12700,18.15,-1924.77
A004077,C02492,Savings Account,2026-03-23,Active,0,1.04,5185.81
A004078,C02492,Credit Card,2024-03-25,Active,6100,16.43,-3.58
A004079,C02493,Savings Account,2026-04-03,Active,0,1.63,7709.86
A004080,C02494,Current Account,2025-01-10,Active,0,0.0,1606.77
A004081,C02495,Current Account,2025-12-10,Active,0,0.0,2013.27
A004082,C02496,Savings Account,2026-03-19,Active,0,1.05,2105.22
A004083,C02497,Current Account,2025-12-12,Active,0,0.0,3652.91
A004084,C02498,Savings Account,2026-07-31,Active,0,0.98,0
A004085,C02499,Savings Account,2026-03-22,Active,0,1.23,10940.62
A004086,C02500,Savings Account,2024-08-31,Active,0,1.22,10364.97
A004087,C02500,Current Account,2026-07-25,Active,0,0.0,5580.52
A004088,C02500,Credit Card,2024-05-14,Dormant,11300,20.01,0
