transaction_id,account_id,customer_id,transaction_datetime,transaction_type,category,amount_eur,merchant_country,channel,is_international,is_suspicious
T0008027,A001921,C01180,2025-11-18 02:38:37,Transfer In,Transfer,116.47,Belgium,Mobile App,0,0
T0009179,A002558,C01569,2025-09-02 05:07:03,Transfer In,Transfer,143.8,Belgium,Bank Transfer,0,0
T0003142,A003092,C01894,2026-06-29 19:25:49,Card Purchase,Entertainment,-59.81,France,Card Present,0,0
T0008310,A001420,C00872,2025-06-06 02:26:19,Direct Debit,Subscriptions,-13.09,Belgium,Direct Debit,0,0
T0008319,A001238,C00755,2026-03-16 02:02:38,Card Purchase,Groceries,-52.37,Belgium,Online,0,0
T0001757,A001907,C01172,2025-10-23 16:21:34,Transfer Out,Transfer,-745.63,France,Bank Transfer,0,0
T0004182,A000257,C00161,2025-12-01 20:40:34,Card Purchase,Groceries,-22.95,Belgium,Card Present,0,0
T0006140,A000567,C00350,2026-08-27 03:53:26,Transfer Out,Transfer,-528.02,Belgium,Mobile App,0,0
T0006232,A004000,C02445,2026-08-03 02:16:43,Transfer Out,Transfer,-594.22,France,Mobile App,0,0
T0009607,A001391,C00853,2024-05-20 17:41:37,Card Purchase,E-commerce,-71.2,Germany,Card Present,0,0
T0009487,A003696,C02259,2025-07-07 14:59:07,Transfer Out,Transfer,-278.53,Netherlands,Mobile App,0,0
T0003258,A003528,C02158,2025-09-09 15:07:23,Cash Withdrawal,Cash,-200,Netherlands,ATM,0,0
T0003713,A000131,C00079,2024-04-09 19:00:06,Card Purchase,Travel,-410.91,Germany,Card Present,0,0
T0002064,A000690,C00423,2026-05-16 17:53:09,Transfer In,Transfer,157.8,Belgium,Bank Transfer,0,0
T0008919,A000892,C00546,2025-04-27 21:42:13,Card Purchase,Dining,-19.62,Belgium,Card Present,0,0
T0009636,A003667,C02243,2025-11-25 20:23:17,Transfer In,Transfer,2011.55,Netherlands,Bank Transfer,0,0
T0009886,A001848,C01138,2026-08-16 18:58:36,Direct Debit,Housing,-801.41,Belgium,Direct Debit,0,0
T0009162,A003749,C02290,2025-05-20 15:28:33,Card Purchase,Groceries,-67.75,Belgium,Online,0,0
T0007184,A002861,C01747,2024-03-23 03:38:26,Transfer In,Transfer,173.36,France,Bank Transfer,0,0
T0003330,A003025,C01853,2025-11-09 08:06:57,Transfer Out,Transfer,-515.22,France,Bank Transfer,0,0
T0004986,A000614,C00378,2024-12-20 00:39:53,Card Purchase,Healthcare,-80.69,Belgium,Online,0,0
T0002791,A000841,C00514,2026-07-31 21:45:05,Direct Debit,Housing,-788.18,Belgium,Direct Debit,0,0
T0006478,A002238,C01375,2025-06-02 20:40:01,Transfer In,Transfer,257.82,Netherlands,Bank Transfer,0,0
T0007143,A000192,C00119,2024-02-25 03:33:45,Transfer Out,Transfer,-467.89,Germany,Mobile App,0,0
T0009728,A000494,C00308,2025-11-30 12:53:45,Transfer In,Transfer,616.26,Belgium,Mobile App,0,0
T0002045,A001962,C01203,2024-06-17 22:08:26,Transfer In,Transfer,509.47,Belgium,Bank Transfer,0,0
T0009239,A003015,C01846,2025-11-11 05:04:00,Direct Debit,Subscriptions,-22.87,Netherlands,Direct Debit,0,0
T0005907,A000656,C00403,2024-11-13 15:35:08,Transfer In,Transfer,219.82,Belgium,Bank Transfer,0,0
T0008802,A001374,C00842,2026-05-24 08:00:36,Card Purchase,Fuel,-99.68,Germany,Online,0,0
T0000566,A002597,C01591,2024-12-11 15:12:27,Cash Withdrawal,Cash,-150,Netherlands,ATM,0,0
T0003932,A003825,C02337,2024-03-20 06:12:59,Transfer Out,Transfer,-126.23,Belgium,Bank Transfer,0,0
T0000682,A003910,C02393,2025-01-03 12:31:05,Direct Debit,Housing,-1025.71,Belgium,Direct Debit,0,0
T0008317,A001231,C00751,2024-11-18 20:00:55,Card Purchase,E-commerce,-19.51,Germany,Card Present,1,0
T0001394,A002688,C01641,2026-06-19 07:52:35,Card Purchase,Travel,-175.47,Belgium,Card Present,0,0
T0000458,A000173,C00106,2024-04-23 17:59:05,Transfer Out,Transfer,-53.97,Netherlands,Mobile App,0,0
T0003873,A002402,C01476,2024-02-29 05:47:15,Transfer In,Transfer,532.21,Netherlands,Bank Transfer,0,0
T0002843,A001261,C00771,2024-09-15 21:46:50,Transfer In,Transfer,708.2,France,Mobile App,0,0
T0009850,A001556,C00955,2025-05-22 17:23:37,Transfer Out,Transfer,-265.55,Netherlands,Bank Transfer,0,0
T0006821,A003939,C02410,2024-10-09 04:58:31,Card Purchase,Dining,-58.24,Belgium,Card Present,0,0
T0003853,A003711,C02267,2026-05-04 23:21:34,Transfer In,Transfer,611.77,Netherlands,Bank Transfer,0,0
T0008594,A002733,C01669,2026-06-28 20:12:11,Card Purchase,Healthcare,-77.99,France,Card Present,0,0
T0005267,A003437,C02103,2025-09-13 06:05:55,Card Purchase,Dining,-45.85,Germany,Card Present,0,0
T0003499,A003896,C02384,2024-10-07 01:51:47,Transfer Out,Transfer,-941.29,Belgium,Mobile App,0,0
T0006438,A001001,C00611,2024-02-09 21:20:39,Direct Debit,Insurance,-165.08,Netherlands,Direct Debit,0,0
T0009819,A001959,C01202,2024-12-15 20:45:03,Interest,Interest,6.9,Netherlands,Mobile App,0,0
T0002829,A003474,C02124,2024-11-25 17:11:54,Card Purchase,Dining,-67.85,Belgium,Card Present,0,0
T0007853,A000469,C00289,2024-04-07 00:10:48,Card Purchase,Retail,-156.05,Belgium,Online,0,0
T0005803,A003583,C02192,2026-03-26 04:41:01,Transfer In,Transfer,477.56,Belgium,Bank Transfer,0,0
T0002561,A000257,C00161,2026-04-03 11:27:08,Card Purchase,Travel,-146.13,Belgium,Online,0,0
T0002724,A003925,C02401,2026-03-17 15:01:33,Transfer Out,Transfer,-398.74,Belgium,Mobile App,0,0
T0007133,A001295,C00795,2025-06-18 05:53:55,Transfer Out,Transfer,-351.42,Belgium,Bank Transfer,0,0
T0006302,A000303,C00188,2026-06-03 00:02:25,Transfer In,Transfer,204.95,Netherlands,Bank Transfer,0,0
T0003403,A002020,C01239,2024-01-14 03:03:30,Card Purchase,Healthcare,-211.97,Netherlands,Card Present,0,0
T0005472,A001449,C00888,2025-09-01 07:59:25,Salary,Salary,4226.65,Belgium,Mobile App,0,0
T0006309,A003343,C02046,2025-06-22 09:45:16,Direct Debit,Subscriptions,-25.67,Netherlands,Direct Debit,0,0
T0008816,A000014,C00008,2024-10-04 17:46:23,Direct Debit,Insurance,-148.74,Belgium,Direct Debit,0,0
T0007059,A001583,C00974,2024-12-16 01:07:13,Transfer In,Transfer,214.06,Belgium,Bank Transfer,0,0
T0008764,A001273,C00780,2024-11-28 13:27:01,Card Purchase,Groceries,-53.42,Germany,Online,0,0
T0005958,A001719,C01061,2024-10-18 21:36:51,Interest,Interest,5.82,Belgium,Mobile App,0,0
T0004307,A002447,C01503,2024-03-21 21:59:18,Transfer In,Transfer,229.46,Belgium,Bank Transfer,0,0
T0009639,A002459,C01510,2025-05-14 18:42:49,Transfer Out,Transfer,-198.71,Netherlands,Mobile App,0,0
T0007771,A003402,C02079,2024-05-26 15:47:43,Transfer In,Transfer,731.25,Belgium,Bank Transfer,0,0
T0009893,A002235,C01373,2024-01-20 20:13:34,Direct Debit,Insurance,-137.77,Belgium,Direct Debit,0,0
T0000011,A003292,C02017,2024-08-02 20:50:01,Card Purchase,Retail,-130.89,Belgium,Card Present,0,0
T0005053,A000457,C00284,2025-02-11 09:39:21,Card Purchase,Fuel,-142.96,Belgium,Card Present,0,0
T0007362,A000355,C00220,2026-04-30 14:15:49,Transfer In,Transfer,174.66,Netherlands,Mobile App,0,0
T0008262,A003725,C02276,2024-12-26 23:10:52,Salary,Salary,3005.22,Germany,Mobile App,0,0
T0001197,A002963,C01812,2026-02-01 04:04:44,Card Purchase,Entertainment,-20.86,Netherlands,Card Present,0,0
T0005530,A001756,C01085,2025-05-28 11:35:09,Interest,Interest,11.0,Netherlands,Mobile App,0,0
T0007098,A000297,C00185,2024-10-07 15:07:25,Transfer In,Transfer,120.87,Belgium,Bank Transfer,0,0
T0004997,A002248,C01381,2024-05-17 23:28:15,Direct Debit,Insurance,-143.38,France,Direct Debit,0,0
T0009813,A003467,C02119,2026-08-21 05:30:50,Transfer Out,Transfer,-118.69,Belgium,Bank Transfer,0,0
T0004030,A001384,C00848,2026-04-17 21:58:08,Transfer Out,Transfer,-311.12,Netherlands,Bank Transfer,0,0
T0006441,A001396,C00856,2024-03-30 19:24:43,Card Purchase,Groceries,-80.65,Netherlands,Online,0,0
T0000102,A000789,C00483,2024-05-15 02:37:35,Card Purchase,Healthcare,-67.66,Netherlands,Mobile App,0,0
T0000215,A000943,C00576,2025-11-11 10:32:48,Transfer In,Transfer,90.5,Belgium,Mobile App,0,0
T0002026,A002387,C01466,2024-06-04 18:14:11,Transfer Out,Transfer,-263.73,Germany,Bank Transfer,0,0
T0004890,A001034,C00631,2024-02-26 22:16:53,Transfer In,Transfer,442.17,Belgium,Bank Transfer,0,0
T0007974,A000197,C00123,2025-11-18 06:14:56,Transfer Out,Transfer,-112.77,France,Mobile App,0,0
T0004342,A002588,C01585,2024-02-10 05:50:50,Transfer In,Transfer,129.93,France,Bank Transfer,0,0
T0001862,A002697,C01648,2024-08-23 01:14:32,Transfer In,Transfer,55.38,Belgium,Bank Transfer,0,0
T0004667,A002242,C01377,2026-07-02 18:46:15,Direct Debit,Insurance,-87.52,Belgium,Direct Debit,0,0
T0008943,A003846,C02350,2025-10-10 11:25:06,Transfer In,Transfer,175.45,Netherlands,Mobile App,0,0
T0000759,A000853,C00522,2024-01-14 02:36:23,Direct Debit,Housing,-640.66,Netherlands,Direct Debit,0,0
T0003516,A001399,C00857,2026-03-11 20:47:41,Transfer Out,Transfer,-941.9,Netherlands,Bank Transfer,0,0
T0005703,A000942,C00575,2024-01-29 13:55:10,Transfer Out,Transfer,-441.13,France,Bank Transfer,0,0
T0006222,A002585,C01584,2026-01-12 14:09:51,Interest,Interest,0.89,Germany,Mobile App,0,0
T0007937,A003493,C02136,2026-04-02 09:11:55,Transfer Out,Transfer,-79.5,France,Mobile App,0,0
T0003154,A001764,C01091,2025-01-04 17:56:50,Card Purchase,Healthcare,-109.55,Belgium,Card Present,0,0
T0000977,A001038,C00633,2024-10-21 10:29:51,Card Purchase,Groceries,-50.21,Netherlands,Online,0,0
T0003120,A000308,C00191,2026-08-06 06:14:58,Card Purchase,Dining,-67.0,Belgium,Online,0,0
T0000073,A001474,C00905,2026-05-08 12:28:12,Card Purchase,Groceries,-103.84,Belgium,Card Present,0,0
T0002986,A003389,C02071,2025-08-07 12:00:23,Card Purchase,Travel,-413.62,Belgium,Online,0,0
T0007816,A003490,C02134,2025-08-04 19:54:08,Direct Debit,Utilities,-137.55,Germany,Direct Debit,0,0
T0000770,A000038,C00022,2024-06-09 22:57:10,Cash Withdrawal,Cash,-20,France,ATM,0,0
T0009096,A001363,C00836,2024-12-07 09:07:05,Direct Debit,Insurance,-114.36,Netherlands,Direct Debit,0,0
T0006996,A001219,C00743,2026-05-12 23:58:52,Card Purchase,E-commerce,-227.48,Germany,Mobile App,0,0
T0005950,A002922,C01784,2025-02-01 08:51:44,Card Purchase,Travel,-193.75,Netherlands,Card Present,0,0
T0001620,A002915,C01779,2024-10-02 11:18:49,Card Purchase,Groceries,-26.83,Netherlands,Card Present,0,0
T0007375,A000145,C00088,2026-08-21 21:07:58,Interest,Interest,7.44,Netherlands,Mobile App,0,0
T0000551,A001214,C00739,2025-03-21 10:16:53,Direct Debit,Utilities,-153.82,Belgium,Direct Debit,0,0
T0006241,A000146,C00088,2024-03-22 17:00:00,Card Purchase,Retail,-44.99,Netherlands,Card Present,0,0
T0003985,A001393,C00854,2024-01-23 20:02:38,Direct Debit,Insurance,-116.61,Germany,Direct Debit,0,0
T0004786,A001407,C00864,2026-08-25 23:56:19,Transfer In,Transfer,1054.51,Belgium,Mobile App,0,0
T0005444,A002252,C01384,2026-07-21 19:13:39,Transfer In,Transfer,106.9,Germany,Bank Transfer,0,0
T0001393,A002105,C01294,2026-08-16 10:39:06,Transfer In,Transfer,326.06,France,Bank Transfer,0,0
T0001358,A001305,C00802,2024-04-27 09:13:10,Transfer In,Transfer,574.11,Germany,Bank Transfer,0,0
T0000875,A001084,C00661,2025-03-23 10:19:40,Transfer Out,Transfer,-341.99,Belgium,Mobile App,0,0
T0002555,A002447,C01503,2024-10-01 17:38:54,Transfer In,Transfer,124.44,Belgium,Mobile App,0,0
T0006536,A002895,C01766,2026-03-29 13:47:53,Card Purchase,Healthcare,-72.19,Belgium,Card Present,0,0
T0002034,A001163,C00709,2025-05-13 23:26:47,Direct Debit,Telecom,-76.39,Belgium,Direct Debit,0,0
T0004908,A003162,C01935,2026-05-02 00:28:08,Salary,Salary,6562.06,Germany,Bank Transfer,0,0
T0007552,A002789,C01704,2024-09-25 08:34:04,Card Purchase,Healthcare,-156.63,Germany,Card Present,0,0
T0008304,A001817,C01120,2024-12-21 21:53:44,Transfer Out,Transfer,-238.95,Netherlands,Mobile App,0,0
T0007221,A001141,C00697,2024-10-04 06:43:33,Card Purchase,E-commerce,-68.55,Netherlands,Online,0,0
T0004462,A002400,C01475,2025-05-31 22:03:40,Transfer Out,Transfer,-660.01,Belgium,Mobile App,0,0
T0003539,A004073,C02489,2025-08-29 20:17:29,Transfer In,Transfer,480.7,Belgium,Mobile App,0,0
T0007600,A002879,C01757,2025-10-29 06:03:57,Card Purchase,Groceries,-173.79,Netherlands,Card Present,0,0
T0007256,A000650,C00399,2025-08-03 08:14:50,Direct Debit,Telecom,-59.62,France,Direct Debit,0,0
T0005139,A002196,C01347,2024-09-27 04:35:31,Transfer In,Transfer,769.89,Belgium,Mobile App,0,0
T0003493,A003625,C02217,2024-08-30 00:37:21,Transfer In,,237.51,Belgium,Bank Transfer,0,0
T0003019,A000809,C00493,2026-02-21 11:59:22,Transfer Out,Transfer,-250.37,France,Mobile App,0,0
T0006599,A000341,C00211,2025-10-18 21:39:35,Card Purchase,Dining,-24.62,Netherlands,Card Present,0,0
T0003350,A003199,C01961,2024-06-06 15:48:05,Transfer In,Transfer,313.91,Germany,Mobile App,0,0
T0009403,A000909,C00556,2024-02-19 08:43:02,Card Purchase,Fuel,-73.22,Belgium,Online,0,0
T0006860,A002831,C01729,2026-05-26 21:12:18,Card Purchase,Fuel,-30.74,Portugal,Mobile App,1,0
T0001749,A000797,C00487,2025-08-30 13:23:43,Transfer In,Transfer,889.99,France,Bank Transfer,0,0
T0009951,A001114,C00680,2025-10-11 10:05:41,Card Purchase,Fuel,-143.35,Belgium,Card Present,0,0
T0000797,A000797,C00487,2025-10-12 19:29:34,Transfer In,Transfer,591.55,France,Mobile App,0,0
T0005248,A003501,C02141,2024-11-12 05:29:02,Direct Debit,Subscriptions,-24.25,Belgium,Direct Debit,0,0
T0002149,A001205,C00733,2026-03-14 08:53:29,Transfer In,Transfer,123.16,France,Bank Transfer,0,0
T0003375,A003269,C02003,2024-05-11 23:19:39,Interest,Interest,5.63,Belgium,Mobile App,0,0
T0001268,A003313,C02030,2024-07-19 07:57:04,Transfer In,Transfer,292.49,France,Bank Transfer,0,0
T0004700,A001473,C00904,2024-05-15 12:17:39,Card Purchase,Fuel,-379.97,Belgium,Online,0,0
T0004000,A002782,C01701,2024-08-24 23:18:00,Transfer In,Transfer,411.25,France,Bank Transfer,0,0
T0006162,A000414,C00258,2026-08-20 19:26:34,Transfer In,Transfer,2056.42,Belgium,Mobile App,0,0
T0005982,A004076,C02491,2024-10-06 01:07:46,Card Purchase,E-commerce,-45.88,Belgium,Online,0,0
T0005877,A003862,C02360,2026-05-17 21:33:28,Transfer In,Transfer,471.27,Belgium,Bank Transfer,0,0
T0008756,A000562,C00346,2025-04-08 02:06:42,Card Purchase,E-commerce,-73.27,France,Mobile App,0,0
T0007119,A001924,C01182,2024-05-15 15:48:07,Transfer Out,Transfer,-222.74,Netherlands,Bank Transfer,0,0
T0007432,A001003,C00612,2024-08-19 22:50:17,Transfer In,Transfer,986.34,Germany,Bank Transfer,0,0
T0006081,A003700,C02261,2024-11-15 00:24:30,Salary,Salary,2159.98,Belgium,Bank Transfer,0,0
T0007955,A001310,C00806,2025-06-24 13:33:37,Direct Debit,Telecom,-81.52,France,Direct Debit,0,0
T0005906,A001626,C00999,2025-04-16 14:57:36,Card Purchase,Dining,-50.14,Belgium,Online,0,0
T0000438,A003861,C02359,2026-05-31 17:55:23,Direct Debit,Telecom,-49.24,Belgium,Direct Debit,0,0
T0001002,A003590,C02195,2024-08-03 10:26:08,Transfer In,Transfer,43.38,Netherlands,Bank Transfer,0,0
T0005754,A002200,C01350,2026-06-04 20:32:29,Direct Debit,Insurance,-99.24,Luxembourg,Direct Debit,0,0
T0003611,A000329,C00202,2025-05-25 12:30:22,Transfer Out,,-513.32,Luxembourg,Mobile App,0,0
T0007723,A002916,C01780,2025-10-27 20:03:37,Card Purchase,E-commerce,-116.29,Belgium,Card Present,0,0
T0005901,A004057,C02479,2024-12-24 10:34:54,Transfer In,Transfer,313.58,Belgium,Mobile App,0,0
T0001787,A002897,C01767,2025-09-03 19:00:13,Transfer Out,Transfer,-36.67,Netherlands,Bank Transfer,0,0
T0004968,A001265,C00774,2025-05-18 23:51:00,Card Purchase,Groceries,-42.64,Belgium,Card Present,0,0
T0004375,A002812,C01718,2024-04-23 03:27:29,Card Purchase,Fuel,-139.19,Netherlands,Card Present,0,0
T0005189,A003762,C02297,2024-06-13 10:54:33,Card Purchase,Entertainment,-41.07,Belgium,Card Present,0,0
T0008877,A001386,C00849,2026-03-28 05:28:03,Transfer In,Transfer,117.36,France,Bank Transfer,0,0
T0002804,A002964,C01812,2026-01-01 11:23:28,Transfer Out,Transfer,-972.35,Netherlands,Mobile App,0,0
T0009891,A000974,C00595,2026-03-03 17:03:25,Transfer In,Transfer,688.0,Belgium,Bank Transfer,0,0
T0009160,A003331,C02039,2024-08-23 09:37:00,Cash Withdrawal,Cash,-100,Netherlands,ATM,0,0
T0003891,A002049,C01256,2024-10-18 06:32:00,Transfer In,Transfer,87.45,Germany,Bank Transfer,0,0
T0000401,A002678,C01635,2026-08-29 23:12:53,Direct Debit,Subscriptions,-14.02,Belgium,Direct Debit,0,0
T0006661,A000989,C00604,2025-06-06 01:23:49,Direct Debit,Telecom,-63.51,Netherlands,Direct Debit,0,0
T0003286,A001440,C00884,2024-01-21 13:47:07,Card Purchase,Retail,-73.33,Germany,Online,0,0
T0004951,A001722,C01063,2024-09-14 12:48:01,Interest,Interest,13.96,Germany,Mobile App,0,0
T0003021,A001131,C00690,2025-05-15 20:14:26,Cash Withdrawal,Cash,-50,Belgium,ATM,0,0
T0009029,A002826,C01725,2024-09-12 19:03:24,Cash Withdrawal,Cash,-150,Germany,ATM,0,0
T0002991,A002274,C01398,2024-11-18 00:24:04,Transfer In,Transfer,430.72,Belgium,Mobile App,0,0
T0000015,A000011,C00006,2024-05-17 16:33:09,Card Purchase,Entertainment,-34.45,Netherlands,Card Present,0,0
T0006413,A000687,C00421,2026-04-14 18:19:29,Direct Debit,Telecom,-84.02,Belgium,Direct Debit,0,0
T0009183,A001183,C00722,2024-08-17 16:00:21,Transfer Out,Transfer,-663.97,France,Bank Transfer,0,0
T0009120,A000254,C00159,2026-04-23 11:51:09,Transfer Out,Transfer,-904.14,Belgium,Bank Transfer,0,0
T0009653,A003067,C01881,2024-01-14 14:22:55,Transfer In,Transfer,483.17,Belgium,Mobile App,0,0
T0005698,A003378,C02066,2026-06-30 23:54:57,Transfer In,Transfer,161.17,Belgium,Bank Transfer,0,0
T0006390,A000728,C00445,2025-12-04 23:16:54,Transfer In,Transfer,628.6,Netherlands,Bank Transfer,0,0
T0006708,A002322,C01428,2024-12-28 10:10:44,Transfer In,Transfer,33.69,Belgium,Mobile App,0,0
T0007808,A002957,C01808,2026-02-20 18:07:00,Cash Withdrawal,Cash,-200,Belgium,ATM,0,0
T0006724,A000275,C00171,2025-07-10 04:51:40,Transfer In,Transfer,698.52,Germany,Bank Transfer,0,0
T0000937,A001725,C01064,2026-02-10 00:53:11,Interest,Interest,11.76,Belgium,Bank Transfer,0,0
T0009322,A001523,C00936,2026-04-30 09:39:07,Transfer Out,Transfer,-579.38,Belgium,Bank Transfer,0,0
T0007724,A002308,C01418,2025-05-05 22:59:07,Transfer In,Transfer,103.07,Belgium,Mobile App,0,0
T0006504,A000281,C00176,2025-11-15 05:25:27,Cash Withdrawal,Cash,-80,France,ATM,0,0
T0005767,A003817,C02332,2025-04-23 09:02:37,Card Purchase,Fuel,-100.78,France,Card Present,0,0
T0000064,A002853,C01743,2024-04-18 07:23:23,Card Purchase,Healthcare,-154.23,Belgium,Card Present,0,0
T0001050,A003279,C02011,2025-07-26 01:06:49,Transfer In,Transfer,346.11,Germany,Bank Transfer,0,0
T0002867,A001205,C00733,2024-08-27 15:02:19,Transfer In,Transfer,288.31,France,Bank Transfer,0,0
T0003834,A002100,C01290,2025-09-07 11:52:57,Transfer Out,Transfer,-991.32,Belgium,Mobile App,0,0
T0008962,A004000,C02445,2024-09-08 10:45:52,Transfer In,Transfer,147.35,France,Bank Transfer,0,0
T0007454,A003463,C02116,2024-07-07 23:36:53,Direct Debit,Housing,-634.67,Belgium,Direct Debit,0,0
T0006252,A001804,C01112,2024-04-29 22:19:33,Direct Debit,Subscriptions,-21.25,Belgium,Direct Debit,0,0
T0003185,A004088,C02500,2024-04-22 08:49:51,Card Purchase,Fuel,-51.49,Germany,Card Present,0,0
T0004573,A002609,C01597,2026-02-16 15:05:21,Transfer Out,Transfer,-106.86,Netherlands,Bank Transfer,0,0
T0009872,A003751,C02291,2025-03-02 18:51:44,Transfer Out,Transfer,-184.44,France,Bank Transfer,0,0
T0006868,A002859,C01746,2025-11-26 17:48:40,Cash Withdrawal,Cash,-150,Belgium,ATM,0,0
T0005962,A002227,C01367,2024-05-20 21:16:27,Transfer In,Transfer,710.46,France,Bank Transfer,0,0
T0004738,A001682,C01034,2024-10-11 02:26:03,Transfer In,Transfer,497.35,Belgium,Bank Transfer,0,0
T0002117,A002168,C01329,2026-06-23 11:19:46,Card Purchase,Travel,-306.86,Belgium,Card Present,0,0
T0003413,A003582,C02191,2026-05-04 15:12:12,Transfer In,Transfer,1439.12,,Bank Transfer,0,0
T0007795,A001150,C00702,2025-03-20 09:23:57,Card Purchase,Groceries,-63.1,Netherlands,Mobile App,0,0
T0008368,A001782,C01099,2025-04-08 23:26:28,Card Purchase,Travel,-142.3,Belgium,Online,0,0
T0007751,A002077,C01275,2025-07-21 23:43:45,Cash Withdrawal,Cash,-40,Belgium,ATM,0,0
T0008340,A000993,C00606,2026-05-20 05:31:01,Transfer In,Transfer,385.82,Belgium,Mobile App,0,0
T0007612,A001045,C00637,2024-09-15 09:10:07,Direct Debit,Telecom,-83.01,Germany,Direct Debit,0,0
T0002565,A002991,C01829,2024-09-22 05:20:47,Transfer Out,Transfer,-79.03,Belgium,Mobile App,0,1
T0003991,A001798,C01109,2024-06-24 19:04:16,Salary,Salary,2123.19,Germany,Mobile App,0,0
T0005509,A000705,C00430,2024-09-25 11:19:01,Card Purchase,E-commerce,-191.49,Luxembourg,Card Present,0,0
T0001513,A000498,C00310,2026-04-12 16:15:15,Transfer In,Transfer,777.23,Belgium,Bank Transfer,0,0
T0002702,A000876,C00536,2026-04-30 12:30:40,Card Purchase,Groceries,-70.11,France,Online,0,0
T0009159,A001940,C01189,2025-07-20 19:53:54,Card Purchase,Travel,-103.95,Netherlands,Card Present,0,0
T0001018,A003695,C02258,2025-07-07 22:34:22,Transfer In,Transfer,398.46,France,Mobile App,0,0
T0005388,A001506,C00925,2025-03-27 13:33:32,Transfer Out,Transfer,-483.81,Netherlands,Bank Transfer,0,0
T0009635,A003786,C02312,2024-07-24 22:14:01,Cash Withdrawal,Cash,-100,Belgium,ATM,0,0
T0001155,A001011,C00618,2026-04-16 16:10:17,Transfer Out,Transfer,-674.65,Netherlands,Mobile App,0,0
T0001539,A003838,C02345,2025-08-29 12:23:20,Direct Debit,Insurance,-112.79,Germany,Direct Debit,0,0
T0001942,A002835,C01730,2025-07-11 20:30:17,Card Purchase,Entertainment,-58.89,Belgium,Mobile App,0,0
T0006074,A004051,C02475,2025-05-09 22:09:55,Salary,Salary,3849.65,Belgium,Bank Transfer,0,0
T0009673,A001617,C00995,2026-03-08 12:31:39,Card Purchase,Entertainment,-8.32,Belgium,Card Present,0,0
T0004979,A002405,C01477,2026-05-19 20:37:08,Card Purchase,Retail,-30.17,Belgium,Card Present,0,0
T0000942,A002576,C01581,2025-09-01 21:28:52,Card Purchase,Dining,-46.11,France,Online,0,0
T0001872,A002785,C01703,2025-12-28 00:30:49,Transfer In,Transfer,351.56,Luxembourg,Mobile App,0,0
T0005889,A002252,C01384,2026-03-30 05:14:48,Transfer Out,Transfer,-243.99,Germany,Bank Transfer,0,0
T0002944,A000056,C00033,2024-07-14 01:12:33,Transfer Out,Transfer,-860.66,Belgium,Mobile App,0,0
T0005183,A003126,C01911,2024-05-07 23:43:14,Transfer In,Transfer,277.99,France,Bank Transfer,0,0
T0007422,A003347,C02048,2026-04-17 22:54:27,Transfer Out,Transfer,-144.99,Belgium,Bank Transfer,0,0
T0000133,A004009,C02451,2026-01-17 04:17:39,Transfer In,Transfer,594.96,Germany,Bank Transfer,0,0
T0005808,A000049,C00029,2024-12-29 22:26:45,Salary,Salary,2492.51,Netherlands,Mobile App,0,0
T0008945,A000373,C00233,2024-12-13 09:47:37,Transfer In,Transfer,134.37,France,Bank Transfer,0,0
T0003527,A003645,C02230,2026-08-25 04:49:52,Card Purchase,Retail,-65.15,Belgium,Mobile App,0,0
T0007965,A002236,C01373,2025-03-31 12:29:45,Transfer Out,Transfer,-171.24,Belgium,Mobile App,0,0
T0003293,A003628,C02219,2024-03-23 18:51:22,Transfer Out,Transfer,-304.53,France,Mobile App,0,0
T0006968,A002821,C01722,2025-05-07 14:59:49,Direct Debit,Telecom,-72.8,Germany,Direct Debit,0,0
T0002136,A002576,C01581,2024-06-21 23:00:53,Salary,Salary,3438.05,France,Bank Transfer,0,0
T0004498,A001145,C00700,2025-06-14 14:31:55,Transfer Out,Transfer,-220.24,Belgium,Mobile App,0,0
T0000120,A003352,C02051,2025-05-10 09:31:37,Cash Withdrawal,Cash,-100,Belgium,ATM,0,0
T0002476,A004070,C02487,2026-07-03 17:01:23,Transfer In,Transfer,119.55,France,Bank Transfer,0,0
T0006759,A003266,C02001,2025-08-20 11:11:09,Card Purchase,Entertainment,-20.69,Belgium,Card Present,0,0
T0001228,A001490,C00916,2025-11-12 11:28:06,Card Purchase,Groceries,-113.82,Belgium,Card Present,0,0
T0002343,A001433,C00879,2025-03-06 15:06:25,Direct Debit,Utilities,-192.58,Belgium,Direct Debit,0,0
T0007706,A000780,C00478,2024-01-31 06:19:09,Salary,Salary,3021.38,France,Bank Transfer,0,0
T0008055,A003945,C02413,2025-11-05 01:21:52,Card Purchase,Travel,-117.36,Belgium,Card Present,0,0
T0005581,A001034,C00631,2025-01-09 04:38:03,Transfer Out,,-241.62,Belgium,Mobile App,0,0
T0008864,A000674,C00414,2025-09-03 20:08:20,Interest,Interest,17.19,Luxembourg,Bank Transfer,0,0
T0002435,A002761,C01688,2026-08-31 12:05:38,Card Purchase,Dining,-27.59,Luxembourg,Card Present,1,0
T0002783,A004009,C02451,2024-01-03 08:37:36,Transfer Out,Transfer,-76.3,Germany,Mobile App,0,0
T0007873,A001085,C00661,2024-05-02 16:13:49,Card Purchase,Dining,-77.08,Belgium,Card Present,0,1
T0004039,A000195,C00121,2024-01-05 17:41:36,Transfer In,Transfer,1044.52,Germany,Mobile App,0,0
T0009069,A000480,C00297,2025-09-09 18:10:28,Transfer Out,Transfer,-138.12,France,Bank Transfer,0,0
T0002929,A001056,C00643,2024-07-30 23:54:18,Direct Debit,Housing,-889.97,Netherlands,Direct Debit,0,0
T0004638,A003596,C02200,2024-12-31 19:07:23,Card Purchase,Healthcare,-54.05,Netherlands,Online,0,0
T0008033,A000073,C00044,2024-10-10 04:07:58,Transfer In,Transfer,129.76,Netherlands,Mobile App,0,0
T0005305,A002245,C01379,2024-05-24 03:55:26,Transfer In,Transfer,316.62,Belgium,Bank Transfer,0,0
T0001990,A002648,C01619,2024-04-25 02:46:22,Transfer In,Transfer,269.43,Belgium,Mobile App,0,0
T0007619,A001573,C00967,2024-08-22 21:54:10,Direct Debit,Housing,-874.08,Germany,Direct Debit,0,0
T0003759,A002547,C01561,2025-08-10 09:14:53,Card Purchase,Travel,-333.39,Germany,Card Present,0,0
T0001167,A000123,C00074,2025-04-23 09:56:50,Direct Debit,Utilities,-172.43,Belgium,Direct Debit,0,0
T0003312,A002966,C01813,2026-06-03 05:30:11,Transfer In,Transfer,235.17,Netherlands,Bank Transfer,0,0
T0006575,A002165,C01327,2026-01-04 18:05:15,Card Purchase,Dining,-48.6,Netherlands,Online,0,0
T0003417,A004013,C02453,2024-09-24 07:10:00,Direct Debit,Housing,-688.98,France,Direct Debit,0,0
T0006324,A002649,C01620,2024-07-14 10:11:00,Salary,Salary,4622.86,Germany,Mobile App,0,0
T0007384,A003030,C01856,2024-08-19 15:54:40,Salary,Salary,2971.59,Germany,Mobile App,0,0
T0002156,A000263,C00164,2026-02-19 02:28:19,Transfer Out,Transfer,-136.39,Netherlands,Mobile App,0,0
T0008352,A000932,C00570,2026-02-16 21:19:21,Card Purchase,Dining,-89.16,Belgium,Card Present,0,0
T0000940,A002159,C01324,2026-03-09 03:04:55,Transfer Out,Transfer,-526.13,France,Mobile App,0,0
T0000315,A003622,C02215,2024-06-23 01:12:15,Card Purchase,Travel,-250.95,Belgium,Card Present,0,0
T0001998,A002934,C01793,2024-03-29 11:08:20,Card Purchase,Healthcare,-132.21,Belgium,Mobile App,0,0
T0006929,A001781,C01099,2024-12-17 00:34:41,Transfer In,Transfer,179.51,Belgium,Bank Transfer,0,0
T0007181,A001558,C00956,2024-04-26 00:14:58,Card Purchase,Fuel,-50.87,Belgium,Card Present,0,0
T0001850,A002701,C01651,2025-03-17 08:17:32,Salary,Salary,5176.52,France,Bank Transfer,0,0
T0007266,A000997,C00608,2025-10-14 00:32:35,Card Purchase,Retail,-103.28,Belgium,Card Present,0,0
T0001457,A003171,C01940,2024-01-30 17:21:49,Transfer Out,Transfer,-294.95,Netherlands,Bank Transfer,0,0
T0005812,A002677,C01634,2025-06-04 14:14:06,Card Purchase,Travel,-760.07,Netherlands,Card Present,0,0
T0000136,A001742,C01076,2025-01-20 10:59:38,Transfer In,Transfer,462.25,Belgium,Bank Transfer,0,0
T0006917,A002177,C01334,2025-04-18 20:56:45,Cash Withdrawal,Cash,-80,Belgium,ATM,0,0
T0008216,A003786,C02312,2026-04-08 02:33:30,Interest,Interest,1.54,Belgium,Bank Transfer,0,0
T0008722,A000651,C00400,2024-03-12 10:01:30,Transfer In,Transfer,788.47,Netherlands,Bank Transfer,0,0
T0009171,A002491,C01529,2026-02-13 09:54:01,Card Purchase,E-commerce,-178.22,Netherlands,Card Present,0,0
T0004825,A001084,C00661,2026-01-06 18:24:10,Transfer In,Transfer,418.58,Belgium,Bank Transfer,0,0
T0009684,A001317,C00811,2024-12-07 23:43:33,Direct Debit,Insurance,-143.28,Belgium,Direct Debit,0,0
T0006026,A001018,C00622,2026-01-06 12:35:14,Transfer In,Transfer,42.99,France,Mobile App,0,0
T0004917,A001633,C01004,2025-08-09 19:46:15,Transfer Out,Transfer,-179.73,Netherlands,Mobile App,0,0
T0006901,A001028,C00627,2026-08-02 13:20:33,Card Purchase,Fuel,-25.14,Germany,Online,0,0
T0002717,A003340,C02044,2026-05-22 14:08:10,Card Purchase,Dining,-20.56,Belgium,Online,0,0
T0009825,A001275,C00782,2026-07-07 05:38:34,Salary,Salary,4886.45,Netherlands,Mobile App,0,0
T0002653,A000695,C00425,2026-03-14 00:19:32,Transfer In,Transfer,322.04,Belgium,Bank Transfer,0,0
T0002586,A002758,C01685,2025-07-23 19:29:56,Transfer In,Transfer,131.12,Luxembourg,Bank Transfer,0,0
T0006605,A000156,C00095,2024-08-26 13:39:31,Transfer In,Transfer,223.11,France,Mobile App,0,0
T0006202,A000239,C00151,2024-09-28 17:00:29,Interest,Interest,16.08,Belgium,Mobile App,0,0
T0008459,A003184,C01951,2024-07-30 08:24:58,Card Purchase,Retail,-82.85,Belgium,Online,0,0
T0000047,A000623,C00384,2025-09-06 17:15:09,Transfer In,Transfer,514.7,Belgium,Mobile App,0,0
T0006722,A000714,C00436,2025-10-03 20:35:12,Transfer Out,Transfer,-1499.01,France,Bank Transfer,0,0
T0009781,A002853,C01743,2025-06-18 18:07:18,Transfer In,Transfer,208.88,Belgium,Bank Transfer,0,0
T0008461,A001147,C00700,2024-10-22 05:36:21,Card Purchase,E-commerce,-65.47,Belgium,Online,0,0
T0001729,A000707,C00431,2024-03-03 10:03:34,Card Purchase,Retail,-63.71,Belgium,Online,0,0
T0009939,A001395,C00855,2025-04-25 14:01:57,Transfer In,Transfer,2030.56,Netherlands,Mobile App,0,0
T0001337,A003430,C02097,2024-01-27 04:09:08,Direct Debit,Utilities,-120.2,Netherlands,Direct Debit,0,0
T0009713,A003914,C02396,2024-04-14 10:28:15,Transfer In,Transfer,2172.3,Netherlands,Bank Transfer,0,0
T0005721,A002425,C01488,2025-01-14 18:06:39,Card Purchase,Dining,-40.28,Belgium,Online,0,0
T0004450,A000638,C00392,2024-09-30 06:02:39,Card Purchase,Fuel,-26.49,Germany,Online,0,0
T0008921,A001739,C01074,2026-07-16 22:59:23,Transfer In,Transfer,1857.92,Belgium,Mobile App,0,0
T0009049,A001560,C00957,2025-07-24 20:34:05,Transfer In,Transfer,303.56,Netherlands,Bank Transfer,0,0
T0001885,A002107,C01295,2025-10-16 13:06:16,Direct Debit,Subscriptions,-25.33,Belgium,Direct Debit,0,0
T0007692,A000349,C00216,2024-05-09 21:18:50,Transfer Out,Transfer,-267.9,Belgium,Bank Transfer,0,0
T0000310,A003250,C01991,2026-08-28 23:25:34,Direct Debit,Housing,-782.58,Belgium,Direct Debit,0,0
T0003331,A000740,C00452,2024-06-13 03:27:42,Transfer Out,Transfer,-274.64,Belgium,Bank Transfer,0,0
T0003838,A000316,C00195,2025-03-26 08:05:09,Transfer In,Transfer,207.48,Belgium,Mobile App,0,0
T0008629,A001404,C00862,2026-06-23 16:30:51,Card Purchase,Travel,-348.45,France,Card Present,0,0
T0003238,A001939,C01189,2024-06-26 10:41:46,Transfer Out,Transfer,-503.49,Netherlands,Mobile App,0,0
T0004845,A002795,C01709,2025-01-12 21:25:01,Transfer In,Transfer,1404.49,Netherlands,Bank Transfer,0,0
T0002154,A000643,C00395,2025-06-22 22:15:44,Transfer In,Transfer,312.3,Netherlands,Bank Transfer,0,0
T0006558,A002353,C01445,2025-12-22 21:49:20,Transfer In,Transfer,97.41,Netherlands,Bank Transfer,0,0
T0008837,A000780,C00478,2025-07-09 10:41:57,Card Purchase,Retail,-123.66,France,Card Present,0,0
T0009549,A001547,C00950,2024-09-15 19:11:22,Transfer Out,Transfer,-277.72,Belgium,Bank Transfer,0,0
T0007089,A002539,C01556,2024-08-24 08:13:02,Transfer In,Transfer,1225.58,Germany,Bank Transfer,0,0
T0004133,A002102,C01292,2026-04-02 16:24:41,Direct Debit,Subscriptions,-18.85,Netherlands,Direct Debit,0,0
T0005050,A001439,C00883,2026-02-16 16:41:00,Card Purchase,Dining,-6.63,France,Online,1,0
T0005485,A001846,C01136,2026-03-04 04:56:39,Transfer In,Transfer,313.18,Luxembourg,Bank Transfer,0,0
T0006939,A002869,C01752,2025-04-27 05:10:39,Transfer In,Transfer,404.51,Belgium,Bank Transfer,0,0
T0001706,A000609,C00375,2025-05-26 22:54:51,Transfer Out,Transfer,-491.76,Germany,Mobile App,0,0
T0007557,A001372,C00842,2025-05-25 03:09:50,Card Purchase,Entertainment,-51.65,Germany,Online,0,0
T0009227,A002650,C01620,2026-04-08 23:20:31,Card Purchase,Fuel,-84.87,Germany,Card Present,0,0
T0007592,A003146,C01924,2025-03-24 12:00:46,Transfer Out,Transfer,-201.32,Netherlands,Mobile App,0,0
T0000262,A000395,C00246,2025-07-31 12:15:45,Card Purchase,Healthcare,-45.2,Belgium,Online,0,0
T0005321,A000976,C00596,2024-09-23 23:59:13,Card Purchase,Fuel,-44.9,Belgium,Mobile App,0,0
T0000029,A001348,C00827,2025-12-29 06:26:19,Card Purchase,Groceries,-45.44,Belgium,Card Present,0,0
T0000968,A000229,C00146,2025-11-15 19:35:28,Transfer In,Transfer,259.3,Belgium,Mobile App,0,0
T0006269,A001482,C00911,2025-11-20 09:20:00,Card Purchase,Entertainment,-18.36,France,Card Present,0,0
T0003168,A001978,C01211,2024-09-22 20:39:42,Card Purchase,Groceries,-36.56,France,Card Present,0,0
T0005985,A003253,C01993,2026-01-08 23:36:55,Card Purchase,Dining,-65.03,Belgium,Online,0,0
T0006781,A000321,C00197,2025-12-11 13:41:30,Card Purchase,Dining,-57.9,France,Online,0,0
T0003674,A000211,C00132,2025-01-01 18:30:12,Transfer Out,Transfer,-147.01,France,Mobile App,0,0
T0004379,A000448,C00279,2025-12-27 10:46:59,Direct Debit,Insurance,-111.49,Belgium,Direct Debit,0,0
T0004102,A003794,C02316,2025-04-17 18:01:21,Card Purchase,Groceries,-139.05,Belgium,Card Present,0,0
T0007665,A002467,C01514,2025-01-02 07:42:08,Transfer In,Transfer,105.91,Belgium,Mobile App,0,0
T0004145,A002229,C01368,2026-02-19 21:09:19,Transfer Out,Transfer,-277.79,Netherlands,Mobile App,0,0
T0000825,A003645,C02230,2025-01-24 14:39:27,Direct Debit,Utilities,-173.6,Belgium,Direct Debit,0,0
T0004323,A002886,C01761,2024-08-05 13:29:35,Card Purchase,Groceries,-126.34,Belgium,Online,0,0
T0003379,A001702,C01047,2025-12-24 23:19:59,Transfer Out,Transfer,-569.46,Germany,Bank Transfer,0,0
T0002470,A002145,C01317,2025-01-12 00:51:44,Card Purchase,Groceries,-40.05,Netherlands,Card Present,0,0
T0002580,A001485,C00913,2024-01-23 23:43:12,Card Purchase,Travel,-403.79,Belgium,Card Present,0,0
T0005105,A002906,C01773,2025-11-25 02:14:10,Transfer In,Transfer,291.15,France,Bank Transfer,0,0
T0000398,A002291,C01408,2026-02-06 13:16:19,Transfer In,Transfer,221.84,Netherlands,Mobile App,0,0
T0000623,A001458,C00893,2026-03-08 19:44:20,Transfer In,Transfer,117.66,Belgium,Mobile App,0,0
T0008249,A003868,C02364,2025-04-14 04:24:47,Cash Withdrawal,Cash,-200,Netherlands,ATM,0,0
T0000443,A001809,C01115,2025-06-06 19:05:38,Transfer Out,Transfer,-471.16,Belgium,Bank Transfer,0,0
T0004728,A001458,C00893,2025-04-01 02:41:36,Transfer In,Transfer,516.41,Belgium,Bank Transfer,0,0
T0002058,A001382,C00847,2026-08-30 06:13:03,Transfer In,Transfer,222.29,Belgium,Bank Transfer,0,0
T0009057,A003614,C02211,2025-07-21 08:18:24,Card Purchase,Fuel,-81.04,France,Mobile App,0,0
T0005062,A003695,C02258,2025-02-28 23:27:54,Interest,Interest,4.57,France,Mobile App,0,0
T0009625,A000261,C00163,2024-11-18 04:26:16,Card Purchase,E-commerce,-114.96,Germany,Card Present,0,0
T0000322,A001695,C01043,2025-01-03 09:46:40,Direct Debit,Housing,-671.49,Luxembourg,Direct Debit,0,0
T0003361,A001102,C00671,2025-09-04 00:59:22,Transfer In,Transfer,1330.14,Belgium,Bank Transfer,0,0
T0002866,A004000,C02445,2024-12-27 12:42:33,Transfer In,Transfer,1116.96,France,Mobile App,0,0
T0007008,A003190,C01954,2026-03-22 09:09:19,Transfer Out,Transfer,-1167.7,Luxembourg,Mobile App,0,0
T0002529,A003797,C02317,2025-11-26 22:37:57,Card Purchase,E-commerce,-58.82,Netherlands,Card Present,0,0
T0004312,A001954,C01198,2025-12-30 20:03:26,Transfer In,Transfer,108.98,Netherlands,Bank Transfer,0,0
T0008791,A000264,C00164,2025-11-01 00:08:40,Direct Debit,Telecom,-79.89,Netherlands,Direct Debit,0,0
T0002413,A003114,C01904,2024-07-05 18:55:16,Card Purchase,Travel,-271.45,France,Online,0,0
T0004943,A003603,C02204,2024-09-17 12:28:35,Transfer Out,Transfer,-250.8,Netherlands,Bank Transfer,0,0
T0001665,A001146,C00700,2026-01-22 09:03:52,Transfer Out,Transfer,-288.27,Belgium,Bank Transfer,0,0
T0008086,A002499,C01532,2026-01-07 13:17:25,Card Purchase,Dining,-16.0,Belgium,Card Present,0,0
T0009352,A000670,C00410,2024-05-29 16:21:08,Transfer Out,Transfer,-1890.27,Netherlands,Mobile App,0,0
T0003949,A003346,C02048,2026-08-22 06:45:24,Transfer In,Transfer,265.56,Belgium,Mobile App,0,0
T0005047,A001087,C00663,2026-04-12 20:26:45,Transfer Out,Transfer,-84.71,Belgium,Mobile App,0,0
T0005308,A003312,C02029,2026-06-09 11:40:19,Card Purchase,E-commerce,-154.96,Luxembourg,Online,0,0
T0005017,A003285,C02013,2024-10-04 12:28:17,Transfer In,Transfer,451.83,Netherlands,Mobile App,0,0
T0005361,A002429,C01491,2025-05-02 03:56:11,Card Purchase,Dining,-17.11,Belgium,Card Present,0,0
T0002641,A001481,C00911,2026-02-06 08:27:53,Card Purchase,Entertainment,-20.98,France,Online,0,0
T0008815,A001821,C01123,2026-07-16 04:33:53,Transfer Out,Transfer,-466.24,France,Mobile App,0,1
T0004347,A001317,C00811,2024-05-09 01:37:49,Direct Debit,Utilities,-107.18,Belgium,Direct Debit,0,0
T0008261,A003920,C02398,2026-06-07 20:10:04,Transfer In,Transfer,459.97,France,Bank Transfer,0,0
T0001193,A002605,C01595,2025-12-24 06:05:56,Interest,Interest,14.38,France,Bank Transfer,0,0
T0008350,A000683,C00418,2025-09-16 18:46:05,Card Purchase,Retail,-101.33,France,Card Present,0,0
T0006631,A003297,C02021,2024-06-01 17:48:50,Card Purchase,Groceries,-48.14,Netherlands,Card Present,0,0
T0007838,A001959,C01202,2024-11-29 12:48:40,Transfer In,Transfer,329.8,Netherlands,Mobile App,0,0
T0002997,A002634,C01611,2024-01-17 14:27:37,Transfer Out,Transfer,-346.07,Netherlands,Mobile App,0,0
T0004834,A001246,C00762,2026-06-10 22:47:45,Card Purchase,Retail,-141.82,France,Online,0,0
T0007637,A001107,C00675,2024-11-29 17:38:59,Transfer In,Transfer,917.25,Belgium,Mobile App,0,0
T0001153,A003759,C02295,2025-05-30 06:48:39,Card Purchase,Retail,-118.87,Belgium,Card Present,0,0
T0009348,A002109,C01296,2025-09-10 18:17:47,Card Purchase,Healthcare,-46.12,Belgium,Card Present,0,0
T0007566,A003493,C02136,2024-09-08 18:57:47,Transfer Out,Transfer,-126.76,France,Bank Transfer,0,0
T0000832,A000417,C00260,2026-03-27 04:32:32,Card Purchase,Fuel,-73.88,France,Card Present,0,0
T0002303,A002167,C01328,2025-02-08 04:49:01,Card Purchase,Retail,-180.01,Belgium,Card Present,0,0
T0008183,A000197,C00123,2024-07-27 01:59:53,Transfer Out,Transfer,-561.45,France,Mobile App,0,0
T0002430,A000550,C00340,2025-04-05 04:51:14,Card Purchase,Travel,-263.79,Belgium,Card Present,0,0
T0004433,A003986,C02437,2025-10-11 21:06:47,Card Purchase,Retail,-101.68,France,Online,0,0
T0003055,A003943,C02413,2024-02-08 16:25:07,Interest,Interest,2.98,Belgium,Bank Transfer,0,0
T0003033,A003699,C02260,2024-03-11 06:18:12,Card Purchase,E-commerce,-72.16,Netherlands,Card Present,0,0
T0002292,A002607,C01595,2024-02-26 07:15:18,Card Purchase,Healthcare,-75.2,France,Online,0,0
T0000789,A001933,C01186,2024-04-06 02:56:21,Card Purchase,Dining,-80.26,Belgium,Card Present,0,0
T0001984,A001943,C01191,2025-10-22 21:51:59,Direct Debit,Telecom,-70.45,France,Direct Debit,0,0
T0003859,A001707,C01052,2024-06-05 03:03:57,Transfer Out,Transfer,-660.57,Belgium,Bank Transfer,0,0
T0008621,A001794,C01106,2024-10-01 00:09:58,Salary,Salary,2267.66,Germany,Mobile App,0,0
T0007197,A001441,C00884,2026-05-16 00:13:30,Card Purchase,Travel,-125.41,Germany,Online,0,0
T0005521,A003145,C01923,2026-05-16 13:50:53,Card Purchase,Entertainment,-38.08,Netherlands,Card Present,0,0
T0005740,A000011,C00006,2024-12-01 06:07:21,Direct Debit,Insurance,-117.17,Netherlands,Direct Debit,0,0
T0007303,A002941,C01798,2025-08-14 10:13:26,Transfer Out,Transfer,-1035.82,Belgium,Bank Transfer,0,0
T0007929,A000253,C00159,2025-06-18 17:47:22,Card Purchase,Travel,-516.75,Belgium,Online,0,0
T0005363,A000150,C00091,2024-02-25 08:02:35,Transfer In,Transfer,329.8,Netherlands,Mobile App,0,0
T0000742,A002484,C01525,2026-04-10 00:13:28,Cash Withdrawal,Cash,-250,Germany,ATM,0,0
T0003351,A001005,C00614,2025-10-14 11:33:47,Direct Debit,Utilities,-137.37,Germany,Direct Debit,0,0
T0005436,A001405,C00863,2024-03-14 10:32:58,Transfer Out,Transfer,-75.46,Netherlands,Mobile App,0,0
T0005976,A003057,C01874,2026-02-06 11:56:49,Card Purchase,Dining,-78.43,Belgium,Online,0,0
T0002202,A003251,C01992,2024-11-08 22:21:40,Transfer In,Transfer,575.04,Luxembourg,Mobile App,0,0
T0003699,A003370,C02061,2024-12-25 15:40:57,Card Purchase,Dining,-99.49,Belgium,Card Present,0,0
T0001838,A001151,C00703,2024-02-23 08:49:43,Card Purchase,Travel,-219.79,France,Online,0,0
T0009083,A001843,C01135,2025-12-27 12:52:59,Card Purchase,E-commerce,-59.59,Netherlands,Online,0,0
T0001324,A001183,C00722,2025-08-10 19:12:39,Transfer In,Transfer,247.56,France,Bank Transfer,0,0
T0007304,A001807,C01114,2025-08-07 17:19:03,Direct Debit,Subscriptions,-24.07,Belgium,Direct Debit,0,0
T0004575,A003163,C01935,2024-01-03 23:07:05,Transfer In,Transfer,2054.28,Germany,Mobile App,0,0
T0002766,A002239,C01376,2026-08-19 15:15:49,Transfer In,Transfer,97.14,Germany,Mobile App,0,0
T0004162,A001420,C00872,2025-06-07 12:20:09,Card Purchase,Groceries,-164.43,Belgium,Card Present,0,0
T0009745,A003474,C02124,2025-06-08 14:25:07,Transfer In,Transfer,320.67,Belgium,Bank Transfer,0,0
T0003826,A001004,C00613,2026-01-24 12:25:39,Transfer In,Transfer,68.42,France,Mobile App,0,0
T0004734,A002976,C01819,2025-07-19 11:21:37,Card Purchase,Dining,-15.9,Belgium,Mobile App,0,0
T0007218,A003287,C02014,2026-07-19 08:17:50,Transfer In,Transfer,461.8,Belgium,Bank Transfer,0,0
T0005825,A003020,C01849,2025-08-03 16:27:50,Transfer In,Transfer,124.0,Belgium,Mobile App,0,0
T0003371,A002447,C01503,2024-09-25 10:19:01,Transfer Out,Transfer,-178.31,Belgium,Mobile App,0,0
T0002210,A000157,C00095,2024-08-05 10:08:38,Transfer In,Transfer,267.92,France,Mobile App,0,0
T0007387,A000857,C00526,2026-01-13 01:32:12,Interest,Interest,3.1,Netherlands,Mobile App,0,0
T0004507,A000931,C00569,2025-06-13 21:44:54,Transfer In,Transfer,467.24,France,Bank Transfer,0,0
T0009389,A003762,C02297,2026-05-19 04:35:01,Salary,Salary,2748.7,Belgium,Bank Transfer,0,0
T0002824,A003501,C02141,2026-02-12 10:59:47,Direct Debit,Telecom,-81.39,Belgium,Direct Debit,0,0
T0003059,A001429,C00877,2025-09-30 20:35:14,Salary,Salary,2973.25,France,Mobile App,0,0
T0004444,A000795,C00486,2025-02-22 08:54:44,Transfer In,Transfer,81.22,Belgium,Mobile App,0,0
T0002785,A000915,C00559,2025-07-24 04:22:57,Transfer Out,Transfer,-257.71,Germany,Mobile App,0,0
T0006239,A000807,C00492,2026-04-29 12:24:36,Transfer Out,Transfer,-200.61,France,Bank Transfer,0,0
T0004031,A002581,C01582,2024-06-04 09:38:16,Card Purchase,Travel,-173.07,France,Card Present,0,0
T0000697,A002723,C01664,2026-01-07 07:41:09,Card Purchase,Fuel,-51.63,Belgium,Card Present,0,0
T0006494,A002667,C01629,2026-06-15 19:22:40,Card Purchase,Travel,-345.61,Spain,Card Present,1,0
T0007162,A001075,C00654,2025-06-30 17:52:46,Direct Debit,Telecom,-37.22,Belgium,Direct Debit,0,0
T0008885,A003583,C02192,2024-09-19 13:33:38,Interest,Interest,12.17,Belgium,Bank Transfer,0,0
T0007567,A002688,C01641,2026-02-14 22:23:38,Card Purchase,Fuel,-67.96,Belgium,Card Present,0,0
T0005532,A003744,C02288,2026-07-01 05:51:19,Card Purchase,Entertainment,-73.46,Germany,Card Present,0,0
T0001733,A003437,C02103,2026-03-29 13:48:07,Card Purchase,Retail,-54.45,Germany,Card Present,0,0
T0002423,A000095,C00056,2026-03-25 08:33:26,Card Purchase,Healthcare,-99.99,Belgium,Card Present,0,0
T0006867,A000114,C00067,2025-06-10 21:28:44,Transfer Out,Transfer,-215.67,Germany,Bank Transfer,0,0
T0005505,A003045,C01867,2024-06-18 21:03:43,Cash Withdrawal,Cash,-150,Belgium,ATM,0,0
T0003395,A000452,C00281,2026-06-26 23:37:00,Card Purchase,Travel,-230.04,Portugal,Card Present,1,0
T0000929,A003162,C01935,2025-05-09 19:23:21,Direct Debit,Housing,-809.05,Germany,Direct Debit,0,0
T0006864,A003690,C02255,2024-12-14 08:21:56,Transfer Out,Transfer,-160.05,France,Mobile App,0,0
T0009404,A001416,C00869,2025-09-22 23:39:23,Card Purchase,E-commerce,-85.37,Luxembourg,Card Present,0,0
T0003075,A003999,C02445,2025-11-10 21:07:15,Direct Debit,Utilities,-181.87,France,Direct Debit,0,0
T0007544,A002734,C01670,2025-06-09 00:17:10,Card Purchase,Travel,-342.48,France,Card Present,0,0
T0007280,A003427,C02095,2026-04-25 15:01:43,Transfer In,Transfer,234.5,Belgium,Mobile App,0,0
T0005041,A003701,C02261,2026-03-27 09:59:48,Transfer In,Transfer,349.27,Belgium,Mobile App,0,0
T0005722,A001546,C00950,2024-08-05 10:58:00,Direct Debit,Utilities,-91.75,Belgium,Direct Debit,0,0
T0001829,A003859,C02358,2025-12-27 11:07:06,Direct Debit,Subscriptions,-18.61,Belgium,Direct Debit,0,0
T0004757,A000184,C00113,2025-09-15 04:57:02,Transfer Out,Transfer,-80.46,Germany,Mobile App,0,0
T0003648,A002751,C01681,2026-03-16 07:27:48,Cash Withdrawal,Cash,-50,France,ATM,0,0
T0007357,A002181,C01336,2025-04-21 03:50:47,Transfer In,Transfer,226.73,Belgium,Bank Transfer,0,0
T0009240,A003144,C01922,2025-08-25 02:56:02,Card Purchase,Groceries,-48.93,France,Card Present,0,0
T0008036,A003591,C02196,2024-07-01 04:00:18,Transfer Out,Transfer,-91.52,France,Mobile App,0,0
T0003054,A001786,C01101,2025-08-12 03:30:25,Transfer In,Transfer,791.59,Belgium,Bank Transfer,0,0
T0004147,A003814,C02330,2024-01-05 01:10:53,Direct Debit,Telecom,-67.53,Belgium,Direct Debit,0,0
T0007823,A003739,C02285,2024-03-09 19:50:48,Card Purchase,Retail,-35.35,Germany,Online,0,0
T0006138,A000592,C00365,2025-08-24 06:12:09,Card Purchase,Entertainment,-35.34,Belgium,Card Present,0,0
T0006552,A000376,C00235,2025-02-27 05:26:04,Transfer Out,Transfer,-384.96,France,Mobile App,0,0
T0008038,A003977,C02431,2026-01-17 13:52:15,Transfer In,Transfer,450.08,Luxembourg,Mobile App,0,0
T0001691,A003677,C02248,2024-09-06 20:27:55,Transfer Out,Transfer,-259.59,France,Bank Transfer,0,0
T0009548,A003705,C02264,2026-08-16 23:08:21,Transfer Out,Transfer,-836.43,Belgium,Bank Transfer,0,0
T0000313,A001739,C01074,2025-10-25 01:04:23,Transfer In,Transfer,965.58,Belgium,Bank Transfer,0,0
T0003233,A003678,C02249,2024-09-30 20:58:18,Direct Debit,Subscriptions,-29.19,France,Direct Debit,0,0
T0006342,A002819,C01720,2026-02-10 04:49:02,Salary,Salary,3388.7,France,Bank Transfer,0,0
T0009215,A003985,C02436,2025-12-28 16:55:33,Card Purchase,E-commerce,-259.38,Belgium,Online,0,0
T0000668,A000382,C00238,2025-09-03 07:12:42,Transfer Out,Transfer,-94.41,Belgium,Bank Transfer,0,0
T0005664,A000299,C00186,2024-01-13 01:01:13,Transfer Out,Transfer,-1365.53,Belgium,Mobile App,0,0
T0000041,A001088,C00663,2024-05-12 16:23:15,Card Purchase,Retail,-50.19,Germany,Online,1,0
T0006405,A000492,C00307,2026-03-17 11:16:59,Transfer In,Transfer,328.76,Germany,Mobile App,0,0
T0004892,A002197,C01347,2025-06-08 23:06:38,Transfer In,Transfer,139.73,Belgium,Mobile App,0,0
T0002777,A000822,C00502,2025-01-16 04:40:26,Cash Withdrawal,Cash,-60,Netherlands,ATM,0,0
T0009363,A000505,C00314,2024-03-17 19:37:19,Card Purchase,Retail,-166.86,Belgium,Card Present,0,0
T0009565,A000573,C00354,2025-10-22 01:34:00,Card Purchase,E-commerce,-37.32,Belgium,Online,0,0
T0003814,A001497,C00919,2026-04-24 22:01:35,Salary,Salary,3089.26,Luxembourg,Bank Transfer,0,0
T0003010,A003393,C02074,2025-03-18 03:39:45,Transfer Out,Transfer,-30.16,Belgium,Bank Transfer,0,0
T0000003,A002078,C01275,2026-06-13 23:55:16,Card Purchase,E-commerce,-39.26,Belgium,Card Present,0,0
T0009262,A003230,C01980,2024-09-13 22:08:32,Transfer In,Transfer,690.48,France,Bank Transfer,0,0
T0005621,A000402,C00251,2026-07-02 10:27:44,Salary,Salary,1688.03,Luxembourg,Bank Transfer,0,0
T0000510,A002121,C01301,2024-10-30 00:13:24,Transfer In,Transfer,377.77,Belgium,Bank Transfer,0,0
T0001533,A001665,C01023,2026-07-20 01:54:20,Transfer In,Transfer,172.92,Netherlands,Bank Transfer,0,0
T0004306,A003879,C02371,2024-08-05 17:45:29,Direct Debit,Utilities,-65.63,Belgium,Direct Debit,0,0
T0002019,A003640,C02226,2024-04-03 19:28:04,Transfer Out,Transfer,-365.84,France,Mobile App,0,0
T0001425,A004068,C02486,2024-04-28 20:12:54,Direct Debit,Utilities,-90.37,Belgium,Direct Debit,0,0
T0007416,A001650,C01014,2025-04-26 15:09:57,Transfer Out,Transfer,-3060.79,Luxembourg,Mobile App,0,0
T0004154,A000276,C00172,2025-11-23 04:45:55,Card Purchase,Entertainment,-25.14,France,Online,0,0
T0001075,A001194,C00728,2024-05-25 14:10:36,Card Purchase,Fuel,-69.58,Netherlands,Online,0,0
T0000837,A001061,C00645,2025-07-04 12:41:03,Card Purchase,Fuel,-64.86,Netherlands,Online,0,0
T0008107,A000522,C00323,2024-02-29 20:21:02,Transfer In,Transfer,488.35,Belgium,Mobile App,0,0
T0004317,A000758,C00465,2024-12-14 23:03:14,Card Purchase,E-commerce,-28.97,Belgium,Online,0,0
T0007556,A003078,C01886,2026-08-07 05:51:12,Transfer Out,Transfer,-222.44,France,Mobile App,0,0
T0005679,A004020,C02457,2026-06-10 19:55:58,Card Purchase,Healthcare,-102.57,Germany,Online,0,0
T0005386,A002873,C01754,2024-04-17 13:53:33,Transfer Out,Transfer,-323.93,Netherlands,Mobile App,0,0
T0007675,A001417,C00869,2024-08-17 16:50:31,Transfer In,Transfer,412.41,Luxembourg,Mobile App,0,0
T0009970,A001228,C00748,2025-08-08 02:12:01,Transfer In,Transfer,902.87,Belgium,Mobile App,0,0
T0000330,A002818,C01720,2025-02-02 23:46:14,Transfer In,Transfer,217.09,France,Bank Transfer,0,0
T0008952,A000831,C00506,2024-11-18 19:01:58,Transfer In,Transfer,3381.57,Germany,Mobile App,0,0
T0007445,A000468,C00289,2025-12-23 17:05:29,Direct Debit,Utilities,-181.61,Belgium,Direct Debit,0,0
T0000616,A001836,C01131,2025-11-18 23:05:34,Transfer In,Transfer,143.49,Belgium,Mobile App,0,0
T0007578,A001748,C01080,2024-02-02 14:06:53,Card Purchase,Travel,-220.5,Netherlands,Card Present,0,0
T0004168,A002179,C01335,2025-08-24 01:15:47,Card Purchase,Fuel,-66.68,Belgium,Card Present,0,0
T0007127,A004039,C02466,2025-03-04 02:04:14,Salary,Salary,2321.56,France,Bank Transfer,0,0
T0002499,A003824,C02336,2025-03-31 07:25:35,Salary,Salary,2903.15,Belgium,Mobile App,0,0
T0004853,A003081,C01887,2025-08-16 18:58:44,Card Purchase,Entertainment,-44.09,Netherlands,Card Present,0,0
T0005934,A002854,C01744,2024-02-26 18:09:44,Transfer Out,Transfer,-799.42,Belgium,Bank Transfer,0,0
T0003969,A001115,C00680,2024-05-14 15:51:26,Transfer In,Transfer,127.78,Belgium,Mobile App,0,0
T0007470,A000113,C00067,2024-03-06 20:32:56,Card Purchase,Dining,-20.9,Germany,Online,0,0
T0003001,A003368,C02061,2025-08-07 14:59:20,Transfer Out,Transfer,-55.76,Belgium,Mobile App,0,0
T0007878,A001999,C01227,2025-02-18 13:39:58,Card Purchase,E-commerce,-58.16,Belgium,Card Present,0,0
T0006625,A003349,C02049,2024-01-21 01:34:23,Transfer In,Transfer,761.08,Belgium,Bank Transfer,0,0
T0005311,A001710,C01055,2026-02-10 07:38:08,Salary,Salary,4383.49,Netherlands,Mobile App,0,0
T0002368,A001641,C01008,2024-02-19 17:23:44,Card Purchase,Healthcare,-21.56,Netherlands,Card Present,0,0
T0005385,A001071,C00651,2025-06-09 18:26:07,Transfer Out,Transfer,-295.27,Belgium,Bank Transfer,0,0
T0002271,A000473,C00292,2024-09-13 11:52:18,Transfer In,Transfer,96.11,Belgium,Bank Transfer,0,0
T0004961,A002496,C01531,2025-06-01 17:26:55,Transfer Out,Transfer,-453.79,,Mobile App,0,0
T0005628,A002015,C01236,2026-05-19 02:27:27,Interest,Interest,13.8,France,Bank Transfer,0,0
T0005686,A002028,C01245,2024-10-06 00:24:03,Card Purchase,E-commerce,-108.05,Belgium,Card Present,0,0
T0002810,A001688,C01039,2024-01-12 16:43:45,Interest,Interest,16.59,Belgium,Bank Transfer,0,0
T0002787,A003513,C02148,2024-09-26 17:49:11,Card Purchase,Entertainment,-12.21,Belgium,Card Present,0,0
T0001283,A000145,C00088,2025-06-28 10:13:28,Transfer Out,Transfer,-481.24,Netherlands,Bank Transfer,0,0
T0001421,A001462,C00896,2024-04-02 18:13:52,Transfer In,Transfer,723.84,Netherlands,Bank Transfer,0,0
T0002982,A000012,C00006,2025-09-18 00:13:20,Transfer Out,Transfer,-195.82,Netherlands,Bank Transfer,0,0
T0002100,A004048,C02473,2026-03-23 20:59:06,Direct Debit,Telecom,-50.92,Netherlands,Direct Debit,0,0
T0007203,A001185,C00723,2024-11-19 06:33:51,Cash Withdrawal,Cash,-150,Belgium,ATM,0,0
T0005860,A001495,C00918,2026-06-23 02:02:31,Transfer Out,Transfer,-3293.94,Belgium,Bank Transfer,0,0
T0007404,A002078,C01275,2024-01-06 07:59:59,Card Purchase,Dining,-42.96,Belgium,Mobile App,0,0
T0001927,A002602,C01594,2024-05-21 20:20:56,Card Purchase,Dining,-18.72,Germany,Mobile App,0,0
T0002967,A001143,C00698,2025-07-02 09:17:57,Card Purchase,Travel,-521.34,Belgium,Online,0,0
T0004732,A001812,C01117,2025-03-28 04:06:27,Transfer Out,Transfer,-2353.11,Netherlands,Bank Transfer,0,0
T0008997,A001123,C00684,2024-03-09 06:08:03,Cash Withdrawal,Cash,-150,France,ATM,0,0
T0002147,A003264,C02001,2025-09-19 11:43:13,Direct Debit,Housing,-696.75,Belgium,Direct Debit,0,0
T0008505,A003330,C02038,2026-02-05 06:27:39,Transfer In,Transfer,822.01,Netherlands,Bank Transfer,0,0
T0008213,A001496,C00919,2026-04-09 07:48:19,Transfer Out,Transfer,-122.98,Luxembourg,Bank Transfer,0,0
T0001340,A002226,C01367,2025-09-19 10:15:40,Card Purchase,Fuel,-33.95,France,Card Present,0,0
T0000275,A003243,C01988,2025-06-04 05:39:52,Transfer In,Transfer,420.46,Belgium,Mobile App,0,0
T0005160,A001968,C01207,2026-07-11 13:39:58,Interest,Interest,16.29,Netherlands,Bank Transfer,0,0
T0001521,A002422,C01487,2026-07-02 12:23:22,Card Purchase,Groceries,-47.46,Spain,Card Present,1,0
T0005294,A002132,C01308,2026-01-10 18:01:00,Direct Debit,Insurance,-132.18,Luxembourg,Direct Debit,0,0
T0002755,A000886,C00541,2025-01-16 09:31:16,Card Purchase,Dining,-104.97,Germany,Card Present,0,0
T0002971,A002394,C01470,2025-05-02 05:20:14,Transfer Out,Transfer,-523.54,Belgium,Mobile App,0,0
T0001096,A002128,C01305,2026-03-10 17:18:32,Transfer In,Transfer,180.36,Netherlands,Bank Transfer,0,0
T0008777,A004057,C02479,2024-12-03 16:34:39,Card Purchase,Healthcare,-87.47,Belgium,Online,0,0
T0008477,A000063,C00037,2025-01-15 23:30:20,Transfer In,Transfer,433.47,Netherlands,Bank Transfer,0,0
T0003782,A002387,C01466,2026-06-23 07:30:07,Transfer In,Transfer,259.49,Germany,Mobile App,0,0
T0000543,A004075,C02491,2025-08-09 08:38:37,Card Purchase,Fuel,-78.11,Belgium,Card Present,0,0
T0005073,A001861,C01144,2026-03-08 06:49:08,Card Purchase,Fuel,-53.5,France,Online,0,0
T0008904,A001345,C00826,2025-11-14 18:04:27,Card Purchase,Dining,-67.75,Belgium,Online,0,0
T0005555,A002776,C01698,2025-08-26 14:12:14,Transfer In,Transfer,154.28,Luxembourg,Bank Transfer,0,0
T0001520,A000470,C00290,2024-04-27 17:41:14,Card Purchase,E-commerce,-195.32,Netherlands,Mobile App,0,0
T0008528,A001830,C01129,2024-12-10 18:22:32,Direct Debit,Telecom,-71.03,Netherlands,Direct Debit,0,0
T0008906,A001535,C00942,2024-12-29 07:47:15,Transfer In,Transfer,183.65,Belgium,Bank Transfer,0,0
T0007681,A000916,C00560,2024-01-08 12:15:26,Transfer Out,Transfer,-239.39,Luxembourg,Bank Transfer,0,0
T0001999,A000011,C00006,2026-07-22 01:19:07,Cash Withdrawal,Cash,-100,Netherlands,ATM,0,0
T0001923,A000236,C00149,2025-11-08 16:51:48,Card Purchase,Travel,-476.19,France,Card Present,0,0
T0007239,A000174,C00106,2025-09-23 16:44:49,Card Purchase,Dining,-58.17,Netherlands,Online,0,0
T0007347,A002264,C01391,2024-11-05 00:46:34,Card Purchase,E-commerce,-75.73,Netherlands,Mobile App,0,0
T0005723,A002344,C01439,2025-11-15 21:43:04,Card Purchase,E-commerce,-61.73,Belgium,Online,0,0
T0005710,A002275,C01398,2026-04-04 03:15:29,Card Purchase,Healthcare,-33.32,Belgium,Online,0,1
T0005887,A003145,C01923,2025-09-27 11:48:35,Card Purchase,E-commerce,-58.58,Netherlands,Online,0,0
T0002738,A001176,C00716,2025-03-22 21:20:16,Cash Withdrawal,Cash,-200,France,ATM,0,0
T0007647,A000587,C00362,2025-05-16 15:22:01,Salary,Salary,3553.01,France,Bank Transfer,0,0
T0004222,A003205,C01964,2025-10-04 06:31:30,Transfer Out,Transfer,-139.46,France,Mobile App,0,0
T0006065,A000065,C00038,2025-11-18 05:02:10,Salary,Salary,2802.45,France,Bank Transfer,0,0
T0004084,A000054,C00032,2025-05-08 05:57:01,Card Purchase,Healthcare,-86.07,Belgium,Mobile App,0,0
T0005830,A001336,C00821,2025-05-16 05:54:11,Card Purchase,Groceries,-89.2,Netherlands,Online,0,0
T0006510,A001729,C01067,2025-05-24 21:51:22,Transfer Out,Transfer,-448.51,Belgium,Mobile App,0,0
T0005307,A001986,C01216,2025-10-10 15:33:15,Transfer In,,157.02,Netherlands,Bank Transfer,0,0
T0006137,A000725,C00442,2025-05-11 01:20:12,Transfer In,Transfer,1229.81,France,Mobile App,0,0
T0003924,A001892,C01162,2024-05-17 04:28:21,Transfer In,Transfer,588.43,Belgium,Bank Transfer,0,0
T0007877,A002141,C01313,2025-12-28 21:07:32,Transfer Out,Transfer,-198.5,Netherlands,Mobile App,0,0
T0001803,A002092,C01284,2024-01-29 10:05:55,Transfer Out,Transfer,-569.4,Belgium,Mobile App,0,0
T0005149,A001957,C01200,2024-06-20 04:41:24,Transfer In,Transfer,339.43,Germany,Mobile App,0,0
T0009583,A003595,C02200,2025-09-28 13:03:00,Direct Debit,Telecom,-38.31,Netherlands,Direct Debit,0,0
T0008206,A003394,C02075,2025-11-25 07:41:17,Card Purchase,E-commerce,-135.15,Belgium,Online,0,0
T0001417,A000815,C00497,2024-04-03 00:50:43,Transfer Out,Transfer,-252.2,Netherlands,Bank Transfer,0,0
T0002414,A003964,C02424,2024-04-30 06:00:27,Card Purchase,Travel,-214.64,Belgium,Card Present,0,0
T0007678,A003508,C02146,2024-05-15 05:49:08,Cash Withdrawal,Cash,-200,Netherlands,ATM,0,0
T0003599,A001460,C00895,2024-07-07 12:13:23,Transfer Out,Transfer,-159.29,Belgium,Mobile App,0,0
T0000589,A002834,C01730,2024-11-08 05:19:32,Transfer In,Transfer,507.74,Belgium,Bank Transfer,0,0
T0009502,A001120,C00683,2024-09-30 08:10:10,Card Purchase,Dining,-46.78,Belgium,Card Present,0,0
T0005095,A001367,C00839,2025-11-16 06:41:11,Transfer Out,Transfer,-954.81,Belgium,Mobile App,0,1
T0005470,A002700,C01650,2026-06-23 00:46:46,Transfer In,Transfer,315.3,Belgium,Mobile App,0,0
T0009184,A002457,C01508,2026-07-25 09:28:40,Card Purchase,Fuel,-72.73,Belgium,Online,0,0
T0008991,A000075,C00045,2024-03-12 22:36:56,Transfer Out,Transfer,-270.52,Netherlands,Mobile App,0,0
T0007526,A001331,C00819,2024-11-03 11:22:31,Direct Debit,Insurance,-81.44,Luxembourg,Direct Debit,0,0
T0004255,A003233,C01981,2025-03-23 11:02:49,Transfer In,Transfer,40.28,Belgium,Mobile App,0,0
T0008035,A001581,C00972,2026-06-25 13:47:57,Card Purchase,Healthcare,-36.68,Netherlands,Card Present,0,0
T0004913,A003019,C01849,2025-03-02 04:10:05,Direct Debit,Telecom,-60.66,Belgium,Direct Debit,0,0
T0006972,A000858,C00526,2024-04-07 05:33:55,Card Purchase,Entertainment,-81.78,Netherlands,Online,0,0
T0009193,A002609,C01597,2025-05-05 16:26:58,Transfer Out,Transfer,-167.88,Netherlands,Bank Transfer,0,0
T0006841,A002810,C01717,2024-09-12 14:51:07,Transfer In,Transfer,494.26,France,Mobile App,0,0
T0005785,A001247,C00763,2026-06-27 05:37:34,Direct Debit,Utilities,-88.68,Belgium,Direct Debit,0,0
T0003440,A000884,C00540,2026-05-05 02:34:12,Card Purchase,Fuel,-72.46,Belgium,Card Present,0,0
T0009551,A001036,C00632,2024-05-18 17:56:55,Card Purchase,Fuel,-52.84,Belgium,Mobile App,0,0
T0005259,A003433,C02099,2025-12-03 19:20:31,Card Purchase,Groceries,-45.8,Netherlands,Online,0,0
T0008712,A003300,C02023,2025-09-30 10:50:32,Card Purchase,Healthcare,-130.62,Belgium,Card Present,0,0
T0006003,A001109,C00676,2024-04-17 20:47:00,Card Purchase,Entertainment,-26.01,Netherlands,Online,0,0
T0009651,A002969,C01815,2025-05-13 03:42:24,Transfer Out,Transfer,-590.92,France,Mobile App,0,0
T0000552,A000162,C00099,2025-07-10 21:17:00,Direct Debit,Utilities,-152.77,Belgium,Direct Debit,0,0
T0009315,A000852,C00521,2025-01-04 04:38:10,Card Purchase,E-commerce,-123.54,France,Card Present,0,0
T0000165,A003001,C01836,2025-08-26 05:02:08,Card Purchase,E-commerce,-55.02,Spain,Card Present,1,0
T0006643,A001652,C01016,2025-07-06 15:42:51,Card Purchase,Retail,-166.46,Netherlands,Card Present,0,0
T0008767,A001753,C01083,2025-09-11 11:54:27,Transfer Out,Transfer,-264.24,Belgium,Mobile App,0,0
T0000981,A003775,C02306,2025-02-16 23:58:21,Card Purchase,Fuel,-90.23,Netherlands,Mobile App,0,0
T0005043,A002275,C01398,2024-10-15 18:28:53,Card Purchase,Fuel,-51.26,Belgium,Online,0,0
T0006231,A001831,C01129,2024-12-06 00:54:19,Transfer Out,Transfer,-401.96,Netherlands,Bank Transfer,0,0
T0003253,A001532,C00941,2026-01-20 07:35:18,Card Purchase,Healthcare,-33.95,Belgium,Card Present,0,0
T0009293,A003401,C02079,2024-12-07 02:24:02,Salary,Salary,4594.24,Belgium,Bank Transfer,0,0
T0007030,A001490,C00916,2024-01-13 03:12:02,Cash Withdrawal,Cash,-20,Belgium,ATM,0,0
T0006881,A000946,C00577,2026-06-10 23:50:25,Transfer In,Transfer,340.08,Netherlands,Mobile App,0,0
T0008316,A000452,C00281,2025-02-08 03:43:52,Direct Debit,Housing,-1168.95,Belgium,Direct Debit,0,0
T0002485,A002145,C01317,2024-03-20 07:43:06,Transfer In,Transfer,131.3,Netherlands,Mobile App,0,0
T0004533,A001801,C01111,2025-10-26 21:41:50,Transfer Out,Transfer,-168.38,Belgium,Mobile App,0,0
T0006306,A001756,C01085,2025-03-01 01:35:17,Transfer Out,Transfer,-150.55,Netherlands,Mobile App,0,0
T0006987,A002721,C01663,2024-12-13 16:47:43,Card Purchase,Entertainment,-94.78,Belgium,Online,0,0
T0005758,A000911,C00557,2024-10-23 16:25:33,Transfer In,Transfer,422.44,Belgium,Bank Transfer,0,0
T0004067,A002105,C01294,2025-03-02 23:34:37,Transfer Out,Transfer,-872.14,France,Bank Transfer,0,0
T0004686,A001061,C00645,2024-09-20 20:16:44,Card Purchase,Healthcare,-32.89,Netherlands,Online,0,0
T0002501,A000855,C00524,2024-06-06 08:20:58,Transfer In,Transfer,681.11,Belgium,Bank Transfer,0,0
T0009037,A002342,C01439,2025-05-07 10:52:19,Transfer In,Transfer,599.11,Belgium,Mobile App,0,0
T0000922,A003337,C02042,2025-08-11 17:47:09,Transfer In,Transfer,368.31,Netherlands,Mobile App,0,0
T0006696,A000365,C00229,2024-06-02 12:55:52,Salary,Salary,3857.77,Germany,Bank Transfer,0,0
T0000595,A000130,C00078,2024-03-17 04:37:12,Direct Debit,Utilities,-156.19,France,Direct Debit,0,0
T0000249,A001365,C00837,2025-03-06 19:24:53,Direct Debit,Insurance,-99.96,Belgium,Direct Debit,0,0
T0002656,A001706,C01051,2026-05-24 11:39:19,Direct Debit,Housing,-858.98,Belgium,Direct Debit,0,0
T0003498,A000932,C00570,2024-03-27 19:52:26,Salary,Salary,1578.46,Belgium,Mobile App,0,0
T0001079,A003236,C01983,2025-04-11 10:02:14,Card Purchase,Healthcare,-44.32,France,Online,0,0
T0008501,A001568,C00963,2024-07-01 07:12:02,Transfer In,Transfer,598.84,Belgium,Bank Transfer,0,0
T0005075,A000945,C00577,2025-12-23 08:46:08,Card Purchase,Travel,-91.04,Netherlands,Card Present,0,0
T0008847,A001555,C00954,2025-12-19 07:11:59,Transfer In,Transfer,130.47,Belgium,Mobile App,0,0
T0000680,A001696,C01044,2025-11-05 06:09:04,Card Purchase,Dining,-68.51,Netherlands,Card Present,0,0
T0000373,A001307,C00803,2024-04-30 13:35:14,Direct Debit,Housing,-738.13,Luxembourg,Direct Debit,0,0
T0000835,A000541,C00335,2024-12-10 22:51:45,Transfer In,Transfer,132.03,Belgium,Bank Transfer,0,0
T0008381,A001242,C00758,2025-08-21 19:41:27,Transfer Out,Transfer,-290.47,Belgium,Bank Transfer,0,0
T0005643,A002201,C01351,2026-05-28 05:00:57,Card Purchase,Dining,-63.12,Luxembourg,Online,0,0
T0000536,A001609,C00990,2026-07-06 02:41:45,Card Purchase,Travel,-132.48,Netherlands,Card Present,0,0
T0004923,A000855,C00524,2026-06-16 17:57:10,Transfer In,Transfer,223.17,Belgium,Mobile App,0,0
T0009752,A003373,C02063,2025-12-09 16:17:33,Transfer In,Transfer,240.55,Belgium,Mobile App,0,0
T0001793,A003747,C02290,2024-08-02 08:48:26,Transfer In,Transfer,385.18,Belgium,Bank Transfer,0,0
T0004478,A002820,C01721,2024-09-11 22:47:04,Cash Withdrawal,Cash,-80,Netherlands,ATM,0,0
T0003297,A000749,C00458,2024-02-02 04:37:00,Transfer Out,Transfer,-900.11,Luxembourg,Mobile App,0,0
T0009761,A000648,C00397,2026-04-29 13:13:55,Card Purchase,Retail,-79.02,Germany,Card Present,0,0
T0007502,A002906,C01773,2025-12-23 05:31:23,Transfer Out,Transfer,-174.83,France,Mobile App,0,0
T0004924,A003546,C02167,2024-12-01 00:28:30,Transfer Out,Transfer,-405.07,Netherlands,Mobile App,0,0
T0004682,A003522,C02154,2024-11-09 16:18:14,Transfer In,Transfer,641.68,Germany,Mobile App,0,0
T0006639,A003993,C02441,2024-08-05 19:00:18,Transfer In,Transfer,580.11,France,Bank Transfer,0,0
T0000538,A003187,C01952,2024-04-03 07:16:24,Card Purchase,Dining,-62.51,Luxembourg,Card Present,0,0
T0003327,A003691,C02255,2025-01-15 00:26:48,Transfer In,Transfer,76.54,France,Bank Transfer,0,0
T0000548,A002415,C01483,2025-10-16 22:39:17,Transfer Out,Transfer,-1000.03,France,Mobile App,0,0
T0000408,A003364,C02058,2026-03-01 13:53:34,Transfer Out,Transfer,-253.64,Belgium,Mobile App,0,0
T0003749,A001710,C01055,2024-01-28 04:16:45,Card Purchase,E-commerce,-77.31,Netherlands,Online,0,0
T0003089,A001688,C01039,2025-02-07 05:34:27,Transfer In,Transfer,1057.24,Belgium,Mobile App,0,0
T0004509,A000105,C00062,2024-02-13 19:54:00,Direct Debit,Insurance,-107.21,Netherlands,Direct Debit,0,0
T0003112,A003988,C02438,2025-01-23 02:18:48,Card Purchase,Dining,-77.12,France,Card Present,0,0
T0000216,A002388,C01467,2026-01-30 01:52:21,Card Purchase,Dining,-33.59,Belgium,Card Present,0,0
T0001983,A000316,C00195,2024-09-22 17:48:53,Transfer In,Transfer,423.05,Belgium,Mobile App,0,0
T0006767,A000373,C00233,2025-06-12 19:13:00,Transfer Out,Transfer,-945.73,France,Bank Transfer,0,0
T0008848,A001860,C01144,2026-01-23 07:10:10,Transfer In,Transfer,195.94,France,Mobile App,0,0
T0009647,A000104,C00061,2025-12-26 03:14:17,Card Purchase,Retail,-93.3,Belgium,Card Present,0,0
T0003465,A003842,C02347,2025-11-25 11:19:36,Transfer In,Transfer,581.39,Belgium,Bank Transfer,0,0
T0008290,A003899,C02386,2025-12-26 23:18:18,Transfer In,Transfer,415.39,Luxembourg,Bank Transfer,0,0
T0005610,A003220,C01974,2025-07-23 13:28:36,Transfer In,Transfer,364.52,Netherlands,Mobile App,0,0
T0006431,A002731,C01668,2026-02-24 07:42:20,Salary,Salary,4245.63,Luxembourg,Bank Transfer,0,0
T0009730,A002923,C01785,2024-07-01 23:53:23,Card Purchase,E-commerce,-155.05,Belgium,Online,0,0
T0001287,A002416,C01484,2025-09-20 17:55:33,Card Purchase,Dining,-20.45,France,Online,0,0
T0004355,A002286,C01405,2024-10-28 04:46:08,Card Purchase,Entertainment,-34.02,Luxembourg,Card Present,0,0
T0002858,A003054,C01872,2025-11-09 13:47:24,Card Purchase,Entertainment,-39.69,Belgium,Card Present,0,0
T0008133,A000885,C00541,2024-12-21 20:00:52,Transfer Out,Transfer,-243.62,Germany,Mobile App,0,0
T0009101,A003957,C02419,2025-06-01 07:18:38,Transfer Out,Transfer,-208.79,Belgium,Bank Transfer,0,0
T0009173,A002604,C01594,2025-03-13 16:25:54,Card Purchase,Retail,-25.35,Germany,Card Present,0,0
T0003266,A000025,C00016,2025-01-25 14:22:46,Direct Debit,Subscriptions,-19.72,Germany,Direct Debit,0,0
T0002109,A000604,C00372,2026-04-17 07:00:00,Transfer Out,Transfer,-429.08,France,Bank Transfer,0,0
T0002883,A001428,C00876,2024-06-12 22:51:12,Card Purchase,Retail,-90.78,Belgium,Online,0,1
T0006357,A001605,C00988,2024-06-22 13:57:22,Transfer In,Transfer,484.08,France,Mobile App,0,0
T0007632,A004057,C02479,2026-06-08 23:07:22,Card Purchase,Groceries,-77.81,Belgium,Online,0,0
T0005782,A002739,C01674,2024-01-24 10:20:19,Card Purchase,Entertainment,-205.55,Netherlands,Card Present,1,0
T0001864,A001290,C00791,2024-10-18 13:28:55,Card Purchase,Dining,-48.48,Belgium,Card Present,0,0
T0007881,A003742,C02287,2026-08-05 16:33:37,Transfer Out,Transfer,-508.46,France,Mobile App,0,0
T0000182,A001929,C01184,2024-08-24 12:25:21,Transfer In,Transfer,797.64,Netherlands,Mobile App,0,0
T0006897,A001971,C01208,2025-03-04 15:30:04,Transfer In,Transfer,23.06,Netherlands,Mobile App,0,0
T0008222,A000156,C00095,2025-06-30 05:26:38,Transfer In,Transfer,44.09,France,Bank Transfer,0,0
T0006014,A000231,C00147,2024-12-14 15:02:54,Card Purchase,Dining,-12.97,Netherlands,Card Present,0,0
T0006114,A001170,C00713,2026-04-21 03:02:48,Interest,Interest,6.11,Belgium,Mobile App,0,0
T0004328,A002977,C01820,2024-06-01 11:26:35,Transfer Out,Transfer,-229.78,Belgium,Mobile App,0,0
T0009062,A002348,C01441,2024-11-19 04:21:11,Cash Withdrawal,Cash,-50,France,ATM,0,0
T0000991,A002721,C01663,2025-09-23 12:38:21,Cash Withdrawal,Cash,-150,Belgium,ATM,0,0
T0002176,A001910,C01174,2025-09-01 07:39:07,Transfer In,Transfer,311.98,Belgium,Mobile App,0,0
T0009267,A003944,C02413,2025-10-20 20:32:10,Salary,Salary,1908.43,Belgium,Mobile App,0,0
T0009368,A002527,C01548,2024-10-04 14:19:12,Transfer In,Transfer,940.51,Netherlands,Bank Transfer,0,0
T0006323,A002107,C01295,2024-02-19 13:51:33,Cash Withdrawal,Cash,-50,Belgium,ATM,0,0
T0009820,A000274,C00170,2024-08-03 02:20:18,Transfer Out,Transfer,-118.28,Germany,Mobile App,0,0
T0009952,A000062,C00037,2026-06-10 13:45:43,Transfer In,Transfer,309.85,Netherlands,Mobile App,0,0
T0000062,A000221,C00139,2025-09-14 20:44:18,Transfer In,Transfer,922.88,France,Mobile App,0,0
T0005110,A003511,C02147,2026-05-13 11:46:06,Transfer In,Transfer,550.75,Germany,Bank Transfer,0,0
T0001859,A001706,C01051,2025-08-12 16:44:27,Transfer Out,Transfer,-669.35,Belgium,Bank Transfer,0,0
T0009118,A002162,C01325,2024-07-07 15:13:28,Card Purchase,Healthcare,-138.2,Belgium,Mobile App,0,0
T0009377,A000653,C00401,2026-08-17 13:03:34,Card Purchase,Entertainment,-20.32,Belgium,Mobile App,0,0
T0005586,A002982,C01823,2026-04-18 04:01:50,Transfer In,Transfer,115.18,Netherlands,Bank Transfer,0,0
T0007753,A003194,C01957,2024-03-18 03:30:53,Direct Debit,Insurance,-124.0,France,Direct Debit,0,0
T0000150,A000997,C00608,2025-06-08 12:35:24,Cash Withdrawal,Cash,-50,Belgium,ATM,0,0
T0005339,A003020,C01849,2024-10-13 18:34:56,Transfer In,Transfer,779.41,Belgium,Bank Transfer,0,0
T0000593,A002204,C01353,2025-05-28 16:09:12,Card Purchase,Entertainment,-37.84,Belgium,Card Present,0,0
T0009897,A001693,C01042,2025-02-02 02:21:11,Card Purchase,Travel,-330.66,Germany,Card Present,0,0
T0006397,A000444,C00277,2026-01-22 07:06:24,Card Purchase,Healthcare,-76.54,Belgium,Card Present,0,0
T0006491,A003879,C02371,2025-02-23 16:56:58,Transfer In,Transfer,2259.61,Belgium,Bank Transfer,0,0
T0009923,A000562,C00346,2025-06-19 06:21:52,Card Purchase,Groceries,-63.12,France,Card Present,0,0
T0007831,A004087,C02500,2025-06-30 07:51:37,Card Purchase,Healthcare,-119.23,Germany,Online,0,0
T0001689,A003846,C02350,2024-06-10 16:22:06,Transfer Out,Transfer,-656.51,Netherlands,Bank Transfer,0,0
T0008469,A003236,C01983,2025-02-15 11:18:38,Salary,Salary,2518.53,France,Mobile App,0,0
T0000670,A003116,C01906,2024-12-27 18:10:20,Card Purchase,Fuel,-51.15,Netherlands,Online,0,0
T0004497,A004012,C02453,2025-07-16 03:34:47,Interest,Interest,10.1,France,Bank Transfer,0,0
T0002900,A000113,C00067,2024-01-03 22:02:26,Card Purchase,Entertainment,-86.94,Germany,Card Present,0,0
T0005136,A002213,C01357,2024-01-21 11:52:55,Transfer Out,Transfer,-298.73,Belgium,Mobile App,0,0
T0001681,A001253,C00766,2026-02-21 03:41:16,Transfer Out,Transfer,-783.61,Belgium,Mobile App,0,0
T0003511,A001609,C00990,2024-10-14 14:04:15,Card Purchase,Groceries,-76.5,Netherlands,Card Present,0,0
T0005804,A002271,C01396,2025-11-28 09:56:17,Card Purchase,Retail,-37.28,France,Card Present,0,0
T0000234,A001321,C00813,2026-07-27 13:35:12,Transfer Out,Transfer,-126.48,Germany,Bank Transfer,0,0
T0004600,A003249,C01991,2026-06-04 02:25:10,Transfer Out,Transfer,-96.71,Belgium,Mobile App,0,0
T0006004,A002082,C01277,2026-04-14 00:08:22,Transfer Out,Transfer,-256.52,France,Mobile App,0,0
T0005556,A002396,C01472,2024-07-06 12:10:32,Card Purchase,Fuel,-128.92,France,Online,0,0
T0009898,A001916,C01177,2025-02-26 21:38:18,Direct Debit,Insurance,-115.53,Belgium,Direct Debit,0,0
T0008557,A000502,C00313,2026-01-07 14:41:36,Card Purchase,Retail,-295.14,Belgium,Online,0,0
T0004739,A002053,C01259,2024-03-04 13:06:39,Transfer Out,Transfer,-894.05,Belgium,Bank Transfer,0,0
T0007158,A000901,C00551,2025-08-19 19:30:52,Card Purchase,E-commerce,-99.94,Belgium,Card Present,0,0
T0002492,A002019,C01239,2026-05-13 21:12:07,Transfer In,Transfer,112.93,Netherlands,Bank Transfer,0,0
T0009213,A003785,C02311,2026-05-27 10:13:55,Interest,Interest,8.98,Netherlands,Bank Transfer,0,0
T0004111,A003698,C02260,2024-05-23 16:59:08,Card Purchase,Entertainment,-24.4,Netherlands,Card Present,0,0
T0009011,A000242,C00153,2026-04-25 05:41:26,Transfer Out,Transfer,-161.65,Germany,Bank Transfer,0,0
T0009842,A002360,C01449,2025-10-05 12:12:54,Salary,Salary,4116.25,Belgium,Mobile App,0,0
T0009721,A001361,C00834,2024-05-02 14:20:32,Transfer Out,Transfer,-390.77,Belgium,Mobile App,0,0
T0004850,A002381,C01463,2025-07-26 08:04:54,Card Purchase,Entertainment,-23.25,Belgium,Mobile App,0,0
T0008935,A000354,C00220,2026-06-16 06:06:42,Interest,Interest,13.91,Netherlands,Mobile App,0,0
T0005227,A003110,C01902,2026-03-23 11:03:50,Transfer In,Transfer,606.12,Germany,Mobile App,0,0
T0000840,A000756,C00463,2024-02-01 11:02:22,Direct Debit,Telecom,-41.57,Germany,Direct Debit,0,0
T0008399,A003227,C01978,2025-12-20 12:25:21,Card Purchase,Retail,-108.52,Luxembourg,Card Present,0,0
T0001843,A002850,C01741,2025-11-02 04:17:29,Card Purchase,Travel,-322.77,Germany,Card Present,0,0
T0009422,A001132,C00690,2025-10-03 18:57:44,Transfer In,Transfer,132.49,Belgium,Mobile App,0,0
T0007479,A000865,C00529,2024-01-06 22:01:40,Cash Withdrawal,Cash,-20,Belgium,ATM,0,0
T0001531,A001751,C01082,2024-02-24 17:38:40,Transfer Out,Transfer,-280.83,Belgium,Mobile App,0,0
T0003533,A002128,C01305,2026-08-15 00:37:54,Cash Withdrawal,Cash,-50,Netherlands,ATM,0,0
T0007166,A003851,C02353,2024-09-21 08:25:59,Direct Debit,Housing,-1097.05,France,Direct Debit,0,0
T0003791,A000867,C00530,2026-07-14 22:23:36,Card Purchase,Groceries,-67.94,France,Online,0,0
T0009192,A003264,C02001,2024-02-02 15:14:42,Card Purchase,Entertainment,-42.32,Belgium,Card Present,0,0
T0001943,A001284,C00788,2025-05-19 12:19:16,Transfer Out,Transfer,-453.37,Belgium,Bank Transfer,0,0
T0001477,A000956,C00583,2024-12-25 05:30:43,Card Purchase,Dining,-40.25,Italy,Card Present,1,0
T0000335,A001553,C00954,2026-06-18 11:54:19,Salary,Salary,4406.94,Belgium,Bank Transfer,0,0
T0009929,A001275,C00782,2024-11-08 23:16:01,Card Purchase,Dining,-12.1,Netherlands,Card Present,0,0
T0002889,A002778,C01700,2024-02-18 22:28:14,Transfer In,Transfer,3010.78,Netherlands,Mobile App,0,0
T0009182,A003815,C02330,2025-06-30 03:52:31,Card Purchase,Travel,-175.31,Belgium,Online,0,0
T0007107,A001388,C00851,2025-05-10 14:45:30,Transfer Out,Transfer,-654.78,Germany,Bank Transfer,0,0
T0001059,A002148,C01318,2024-11-15 03:51:19,Card Purchase,Healthcare,-40.33,Luxembourg,Card Present,0,0
T0005400,A001677,C01031,2024-11-11 18:37:50,Interest,Interest,14.15,Belgium,Bank Transfer,0,0
T0004790,A003408,C02083,2025-01-20 00:25:22,Salary,Salary,3853.25,Belgium,Mobile App,0,0
T0006244,A002663,C01627,2026-03-21 03:34:50,Direct Debit,Subscriptions,-26.62,Netherlands,Direct Debit,0,0
T0007599,A003920,C02398,2024-05-19 12:04:43,Transfer In,Transfer,53.08,France,Mobile App,0,0
T0008911,A000811,C00494,2024-09-10 17:12:05,Card Purchase,Retail,-128.56,France,Card Present,0,0
T0008045,A000216,C00136,2025-06-19 03:02:03,Transfer In,Transfer,352.79,Netherlands,Mobile App,0,0
T0008125,A000706,C00431,2026-08-17 13:30:28,Card Purchase,Travel,-232.55,Belgium,Online,0,0
T0002706,A003833,C02342,2025-12-29 16:32:56,Transfer In,Transfer,3238.08,Belgium,Bank Transfer,0,0
T0007240,A000322,C00197,2025-06-05 06:37:11,Card Purchase,Fuel,-38.81,France,Card Present,0,0
T0001463,A001041,C00635,2025-01-12 15:22:49,Transfer In,Transfer,176.38,Luxembourg,Mobile App,0,0
T0003316,A004000,C02445,2024-12-27 00:21:59,Transfer In,Transfer,96.68,France,Mobile App,0,0
T0008138,A001325,C00816,2026-05-12 01:35:21,Salary,Salary,8934.26,Germany,Mobile App,0,0
T0002010,A002593,C01588,2024-05-19 05:06:40,Transfer Out,Transfer,-247.26,Germany,Bank Transfer,0,0
T0005124,A001162,C00708,2025-08-17 01:50:51,Card Purchase,E-commerce,-164.67,Luxembourg,Card Present,1,0
T0006603,A003703,C02263,2024-05-12 06:51:21,Transfer Out,Transfer,-532.5,Belgium,Mobile App,0,0
T0002873,A002953,C01805,2025-09-14 09:38:31,Transfer Out,Transfer,-160.87,Germany,Mobile App,0,0
T0002282,A002747,C01678,2026-02-13 01:38:05,Card Purchase,Retail,-106.53,Netherlands,Card Present,0,0
T0001873,A003334,C02041,2025-12-04 20:15:15,Direct Debit,Housing,-980.59,France,Direct Debit,0,0
T0006847,A001943,C01191,2025-09-15 08:47:15,Transfer In,Transfer,232.99,France,Mobile App,0,0
T0001651,A000793,C00485,2024-06-08 23:51:41,Card Purchase,Healthcare,-59.96,Belgium,Card Present,0,0
T0006292,A000258,C00162,2024-12-27 09:51:59,Cash Withdrawal,Cash,-60,France,ATM,0,0
T0005104,A000711,C00434,2025-04-07 18:12:54,Transfer In,Transfer,394.62,Belgium,Mobile App,0,0
T0008371,A000804,C00490,2024-02-16 10:59:57,Transfer In,Transfer,260.73,Belgium,Bank Transfer,0,0
T0007792,A003796,C02317,2024-04-28 14:19:16,Card Purchase,Entertainment,-63.56,Netherlands,Mobile App,0,0
T0009506,A002977,C01820,2024-12-27 16:03:43,Transfer Out,Transfer,-293.91,Belgium,Bank Transfer,0,0
T0003265,A001935,C01187,2025-03-16 09:23:36,Card Purchase,Healthcare,-51.54,Luxembourg,Card Present,0,0
T0009451,A002129,C01305,2026-06-13 14:12:14,Transfer Out,Transfer,-373.56,Netherlands,Bank Transfer,0,0
T0002111,A002375,C01459,2025-09-08 04:25:58,Card Purchase,Dining,-36.97,Belgium,Card Present,0,0
T0009839,A001751,C01082,2024-10-20 20:39:58,Transfer Out,Transfer,-402.39,Belgium,Bank Transfer,0,0
T0002744,A001016,C00621,2024-02-04 15:47:25,Direct Debit,Housing,-1074.21,France,Direct Debit,0,0
T0006117,A002469,C01515,2025-10-18 04:28:04,Transfer Out,Transfer,-220.67,Germany,Mobile App,0,0
T0005842,A003893,C02381,2025-06-22 07:48:30,Card Purchase,Retail,-139.9,Netherlands,Mobile App,0,0
T0006174,A002945,C01800,2026-05-28 08:59:48,Transfer Out,Transfer,-770.51,Netherlands,Mobile App,0,0
T0001482,A003342,C02045,2024-07-18 02:26:24,Card Purchase,Retail,-140.49,Netherlands,Card Present,0,0
T0006298,A004011,C02452,2026-05-02 11:12:45,Cash Withdrawal,Cash,-50,France,ATM,0,0
T0002184,A003060,C01876,2026-05-27 03:17:18,Card Purchase,Healthcare,-135.76,Germany,Online,0,0
T0006031,A003768,C02301,2025-01-25 17:09:05,Card Purchase,Travel,-182.0,Belgium,Online,0,0
T0007394,A002903,C01771,2025-08-30 00:15:53,Direct Debit,Telecom,-48.45,Germany,Direct Debit,0,0
T0005544,A002081,C01277,2024-10-18 03:41:28,Card Purchase,Dining,-66.74,France,Card Present,0,0
T0007616,A003958,C02419,2025-05-14 10:38:24,Card Purchase,E-commerce,-58.01,Germany,Online,1,0
T0003825,A003958,C02419,2026-08-20 11:42:32,Card Purchase,Dining,-44.92,Belgium,Card Present,0,0
T0001823,A000606,C00374,2025-04-27 16:16:57,Transfer In,Transfer,498.51,Luxembourg,Bank Transfer,0,0
T0000823,A000928,C00566,2025-05-31 05:08:40,Card Purchase,Healthcare,-53.42,France,Card Present,0,0
T0009810,A003606,C02206,2025-02-18 11:44:58,Card Purchase,Dining,-58.85,Belgium,Online,0,0
T0008157,A003163,C01935,2025-06-19 03:49:42,Transfer In,Transfer,110.94,Germany,Bank Transfer,0,0
T0008509,A001890,C01160,2026-07-09 21:33:53,Transfer Out,Transfer,-1039.55,France,Mobile App,0,0
T0008156,A004068,C02486,2025-03-03 20:40:22,Card Purchase,E-commerce,-128.29,Belgium,Card Present,0,0
T0005528,A000912,C00558,2024-07-30 00:58:56,Transfer In,Transfer,75.54,Belgium,Bank Transfer,0,0
T0003087,A003236,C01983,2026-07-16 05:13:49,Transfer Out,Transfer,-903.64,France,Mobile App,0,0
T0009164,A001727,C01066,2024-10-12 06:55:06,Cash Withdrawal,Cash,-60,Netherlands,ATM,0,0
T0000392,A001566,C00961,2025-12-29 14:46:59,Salary,Salary,2775.67,Germany,Mobile App,0,0
T0003706,A000172,C00105,2025-11-22 22:13:07,Card Purchase,Entertainment,-45.67,Belgium,Card Present,0,0
T0000679,A001610,C00991,2025-10-26 00:59:23,Transfer In,Transfer,775.24,Netherlands,Mobile App,0,0
T0000714,A003773,C02304,2024-01-27 16:37:30,Card Purchase,Retail,-147.96,Germany,Card Present,0,1
T0004143,A003262,C02000,2025-12-14 12:21:55,Transfer In,Transfer,148.99,Belgium,Mobile App,0,0
T0003339,A002981,C01822,2024-05-30 13:53:57,Interest,Interest,17.32,Belgium,Bank Transfer,0,0
T0006549,A000886,C00541,2025-04-22 16:30:00,Card Purchase,Groceries,-63.12,Germany,Online,0,0
T0002256,A001295,C00795,2025-03-07 13:29:35,Cash Withdrawal,Cash,-20,Belgium,ATM,0,0
T0009354,A000839,C00512,2024-12-28 07:17:20,Transfer In,Transfer,184.08,Germany,Mobile App,0,0
T0009196,A000778,C00477,2025-05-17 11:38:23,Transfer In,Transfer,405.04,Netherlands,Mobile App,0,0
T0004399,A001641,C01008,2024-08-31 09:07:09,Card Purchase,Travel,-121.62,Netherlands,Card Present,0,0
T0000266,A001257,C00768,2026-02-28 00:01:36,Card Purchase,Entertainment,-22.35,France,Online,0,0
T0003705,A000329,C00202,2026-02-25 20:18:53,Transfer In,Transfer,278.51,Luxembourg,Bank Transfer,0,0
T0000636,A001535,C00942,2025-09-24 21:02:59,Transfer Out,Transfer,-100.25,Belgium,Mobile App,0,0
T0002104,A000197,C00123,2026-01-20 23:27:00,Transfer In,Transfer,245.06,France,Bank Transfer,0,0
T0009992,A003487,C02132,2024-07-23 02:25:52,Cash Withdrawal,Cash,-40,Belgium,ATM,0,0
T0009131,A002051,C01258,2024-12-11 16:30:27,Transfer Out,Transfer,-147.6,Germany,Bank Transfer,0,0
T0002973,A004007,C02450,2024-11-22 16:48:52,Transfer In,Transfer,361.88,Netherlands,Bank Transfer,0,0
T0001677,A000070,C00042,2026-01-09 16:38:49,Transfer Out,Transfer,-266.51,Netherlands,Bank Transfer,0,0
T0000899,A001455,C00891,2024-01-21 12:32:51,Card Purchase,Travel,-628.74,Belgium,Card Present,0,0
T0000606,A001376,C00844,2024-02-02 19:03:07,Transfer Out,Transfer,-150.57,Netherlands,Mobile App,0,0
T0002897,A001445,C00886,2026-06-12 01:55:56,Transfer In,Transfer,135.89,Belgium,Bank Transfer,0,0
T0007839,A002497,C01531,2024-12-29 06:54:42,Card Purchase,Entertainment,-72.38,Germany,Card Present,0,0
T0006592,A000301,C00187,2025-01-09 17:05:42,Card Purchase,Groceries,-180.74,France,Mobile App,1,0
T0001119,A001562,C00958,2024-08-21 04:13:10,Transfer In,Transfer,525.08,Belgium,Bank Transfer,0,0
T0004947,A002464,C01512,2026-01-10 05:43:18,Card Purchase,Fuel,-64.76,Belgium,Online,0,0
T0006196,A001583,C00974,2026-07-07 20:46:59,Transfer Out,Transfer,-639.55,Belgium,Bank Transfer,0,0
T0005197,A002811,C01717,2026-05-21 16:09:46,Card Purchase,Fuel,-56.85,France,Card Present,0,0
T0003137,A001740,C01075,2024-10-07 03:00:25,Transfer In,Transfer,617.65,Germany,Bank Transfer,0,0
T0003012,A000618,C00380,2024-11-16 02:07:29,Direct Debit,Subscriptions,-18.42,Netherlands,Direct Debit,0,0
T0009916,A000394,C00245,2024-04-08 05:45:20,Card Purchase,Fuel,-44.45,France,Mobile App,0,0
T0005715,A002455,C01508,2025-04-17 22:52:07,Transfer Out,Transfer,-36.77,Belgium,Mobile App,0,0
T0008773,A001542,C00947,2024-12-21 13:34:03,Direct Debit,Telecom,-53.99,France,Direct Debit,0,0
T0004772,A002196,C01347,2025-09-08 11:34:37,Transfer In,Transfer,46.65,Belgium,Bank Transfer,0,0
T0006352,A002302,C01413,2026-08-16 06:22:38,Transfer Out,Transfer,-870.42,France,Bank Transfer,0,0
T0008822,A002852,C01743,2025-07-05 05:18:53,Transfer In,Transfer,748.2,Belgium,Bank Transfer,0,0
T0009412,A000674,C00414,2026-04-20 18:59:18,Transfer Out,Transfer,-526.13,Luxembourg,Bank Transfer,0,0
T0006691,A003147,C01925,2026-02-09 04:51:43,Card Purchase,Travel,-234.52,Belgium,Online,0,0
T0000509,A000658,C00404,2024-03-20 16:14:56,Transfer Out,Transfer,-185.64,Belgium,Mobile App,0,0
T0003492,A004063,C02482,2024-02-20 23:50:45,Transfer Out,Transfer,-269.64,France,Bank Transfer,0,0
T0003380,A002697,C01648,2026-01-10 06:52:49,Interest,Interest,13.55,Belgium,Bank Transfer,0,0
T0000184,A003461,C02115,2024-03-08 17:21:24,Transfer In,Transfer,1449.78,Germany,Bank Transfer,0,0
T0000180,A001968,C01207,2024-03-27 05:09:26,Transfer In,Transfer,919.6,Netherlands,Mobile App,0,0
T0003236,A000865,C00529,2024-05-20 01:18:11,Salary,Salary,4480.42,Belgium,Bank Transfer,0,0
T0000911,A000828,C00505,2024-12-17 03:21:47,Transfer In,Transfer,197.86,Netherlands,Bank Transfer,0,0
T0000261,A001339,C00822,2024-08-25 17:28:07,Card Purchase,Fuel,-43.81,Luxembourg,Card Present,0,0
T0004595,A000854,C00523,2026-03-16 14:57:06,Transfer Out,Transfer,-433.95,Germany,Mobile App,0,0
T0007869,A001879,C01154,2024-09-29 00:32:51,Card Purchase,Retail,-169.73,Netherlands,Card Present,0,0
T0005583,A001859,C01143,2025-10-22 00:41:03,Card Purchase,Fuel,-84.35,Belgium,Mobile App,0,0
T0005044,A000919,C00562,2025-08-22 09:16:35,Cash Withdrawal,Cash,-250,Belgium,ATM,0,0
T0003345,A003289,C02015,2026-07-17 14:03:10,Transfer In,Transfer,1041.93,France,Bank Transfer,0,0
T0008643,A002224,C01365,2025-10-17 17:42:01,Card Purchase,E-commerce,-61.33,Belgium,Card Present,0,0
T0001745,A000013,C00007,2024-04-09 09:56:55,Transfer In,Transfer,911.66,Belgium,Mobile App,0,0
T0009838,A003429,C02096,2025-12-29 04:54:40,Direct Debit,Housing,-999.62,Germany,Direct Debit,0,0
T0008121,A000015,C00008,2026-01-17 15:51:59,Transfer In,Transfer,310.6,Belgium,Mobile App,0,0
T0003541,A001468,C00900,2026-04-03 01:09:27,Card Purchase,Travel,-85.35,Belgium,Card Present,0,0
T0008244,A002291,C01408,2025-09-27 01:49:31,Transfer Out,Transfer,-598.26,Netherlands,Mobile App,0,0
T0005676,A003777,C02307,2024-05-08 22:41:11,Cash Withdrawal,Cash,-40,France,ATM,0,0
T0005856,A002967,C01814,2024-07-25 11:53:40,Card Purchase,Entertainment,-87.81,Netherlands,Online,0,0
T0006151,A000317,C00195,2024-03-08 23:07:40,Card Purchase,E-commerce,-179.54,Belgium,Online,0,0
T0006548,A003784,C02311,2025-07-17 04:01:42,Direct Debit,Utilities,-203.73,Netherlands,Direct Debit,0,0
T0007038,A002321,C01428,2025-11-28 19:06:45,Card Purchase,Healthcare,-83.93,Belgium,Card Present,0,0
T0003431,A002354,C01446,2026-08-28 03:33:34,Transfer In,Transfer,332.26,Belgium,Mobile App,0,0
T0008903,A003047,C01868,2024-04-01 23:11:19,Card Purchase,Travel,-209.14,Belgium,Card Present,0,0
T0000863,A002683,C01637,2026-02-22 14:42:34,Transfer In,Transfer,884.13,Belgium,Bank Transfer,0,0
T0005653,A001279,C00784,2026-03-25 02:49:36,Transfer In,Transfer,331.08,Netherlands,Bank Transfer,0,0
T0002646,A000945,C00577,2025-10-12 11:39:02,Salary,Salary,3836.01,Netherlands,Bank Transfer,0,0
T0003912,A002276,C01399,2024-03-01 18:49:42,Direct Debit,Utilities,-134.88,Germany,Direct Debit,0,0
T0000601,A004025,C02459,2025-08-19 22:59:57,Card Purchase,Travel,-215.6,France,Card Present,0,0
T0005631,A002601,C01593,2024-10-10 11:23:48,Card Purchase,Groceries,-59.06,Belgium,Card Present,0,0
T0002037,A003910,C02393,2025-01-17 05:10:49,Salary,Salary,2975.05,Belgium,Bank Transfer,0,0
T0006393,A004059,C02480,2025-06-15 15:16:07,Card Purchase,Dining,-67.5,Luxembourg,Card Present,0,0
T0001339,A000437,C00272,2025-03-07 23:30:37,Transfer In,Transfer,195.88,Germany,Bank Transfer,0,0
T0003494,A001049,C00639,2025-11-30 10:37:39,Card Purchase,Travel,-174.71,Germany,Card Present,0,0
T0001206,A003950,C02416,2025-10-18 23:27:12,Card Purchase,Travel,-139.13,Belgium,Card Present,0,0
T0004191,A003047,C01868,2025-06-11 23:56:42,Card Purchase,Travel,-56.21,Belgium,Online,0,0
T0007373,A003705,C02264,2025-03-30 11:39:39,Transfer In,Transfer,1060.06,Belgium,Bank Transfer,0,0
T0008687,A002196,C01347,2024-07-07 20:29:51,Transfer In,Transfer,303.94,Belgium,Bank Transfer,0,0
T0003099,A002201,C01351,2024-01-11 14:43:34,Card Purchase,Entertainment,-91.78,Luxembourg,Card Present,0,0
T0008236,A002453,C01507,2024-12-02 13:12:37,Transfer Out,Transfer,-198.78,Belgium,Mobile App,0,0
T0008851,A000801,C00489,2025-04-22 06:02:40,Card Purchase,Retail,-123.41,Belgium,Online,0,0
T0005796,A002416,C01484,2025-07-15 18:48:08,Transfer Out,Transfer,-647.6,France,Mobile App,0,0
T0001753,A002030,C01245,2024-06-04 23:54:14,Card Purchase,Fuel,-58.22,Belgium,Card Present,0,0
T0001094,A002074,C01272,2026-05-30 23:03:40,Transfer In,Transfer,580.04,Luxembourg,Bank Transfer,0,0
T0002455,A002777,C01699,2024-05-04 11:11:07,Card Purchase,Entertainment,-26.65,Germany,Card Present,0,0
T0001564,A003139,C01919,2026-08-17 04:26:22,Transfer In,Transfer,359.37,Netherlands,Bank Transfer,0,0
T0003250,A003297,C02021,2024-03-15 21:00:40,Transfer Out,Transfer,-150.39,Netherlands,Mobile App,0,0
T0006385,A003204,C01964,2026-06-04 09:38:56,Card Purchase,Travel,-710.32,France,Online,0,0
T0008424,A000166,C00100,2026-05-31 00:33:26,Card Purchase,Groceries,-74.38,Belgium,Card Present,0,0
T0006280,A002122,C01301,2024-05-16 05:42:18,Card Purchase,Fuel,-48.43,Belgium,Card Present,0,0
T0005714,A002867,C01751,2024-03-31 03:25:06,Card Purchase,Dining,-108.54,Belgium,Card Present,0,0
T0002741,A001127,C00686,2024-09-17 08:19:48,Interest,Interest,3.01,Germany,Mobile App,0,0
T0006903,A003223,C01976,2025-04-26 17:12:11,Card Purchase,Travel,-270.62,Germany,Online,0,0
T0006093,A003275,C02008,2024-01-15 14:25:55,Transfer In,Transfer,116.36,Netherlands,Mobile App,0,0
T0001817,A001275,C00782,2025-05-07 20:03:33,Card Purchase,Dining,-29.33,Netherlands,Card Present,0,0
T0000114,A001642,C01008,2026-03-14 11:44:57,Interest,Interest,8.24,Netherlands,Bank Transfer,0,0
T0001210,A001978,C01211,2026-01-22 13:00:01,Card Purchase,E-commerce,-88.64,Belgium,Card Present,1,0
T0005269,A001974,C01210,2025-10-05 21:12:50,Transfer Out,Transfer,-76.75,Germany,Bank Transfer,0,0
T0000423,A001753,C01083,2025-05-18 10:57:03,Transfer In,Transfer,207.01,Belgium,Mobile App,0,0
T0003004,A003197,C01959,2026-04-04 17:30:08,Salary,Salary,2030.52,Belgium,Mobile App,0,0
T0004810,A000647,C00397,2025-07-29 12:06:37,Transfer In,Transfer,797.71,Germany,Mobile App,0,0
T0009429,A002023,C01241,2025-05-11 09:43:30,Transfer In,Transfer,116.55,Belgium,Mobile App,0,0
T0000166,A001814,C01118,2025-03-03 23:42:26,Transfer In,Transfer,367.43,Netherlands,Bank Transfer,0,0
T0003560,A002415,C01483,2025-01-31 00:18:11,Card Purchase,Fuel,-101.45,France,Card Present,0,0
T0000594,A000610,C00376,2025-08-01 12:52:54,Transfer In,,178.04,Belgium,Bank Transfer,0,0
T0004737,A004000,C02445,2024-02-03 06:08:43,Transfer In,Transfer,744.02,France,Mobile App,0,0
T0000768,A002667,C01629,2024-12-24 05:03:55,Card Purchase,E-commerce,-57.31,Netherlands,Card Present,0,0
T0001570,A001622,C00998,2024-01-10 06:24:11,Card Purchase,Retail,-38.39,Belgium,Card Present,0,0
T0007029,A001259,C00769,2025-12-21 01:17:34,Card Purchase,Dining,-21.77,Belgium,Card Present,1,0
T0006230,A002798,C01710,2026-06-15 04:31:08,Card Purchase,Retail,-61.81,Belgium,Online,0,0
T0002377,A003407,C02082,2024-11-26 09:34:25,Transfer Out,Transfer,-117.93,Belgium,Bank Transfer,0,0
T0006415,A003483,C02130,2024-08-01 19:34:48,Card Purchase,Fuel,-19.3,Netherlands,Card Present,0,0
T0006258,A002193,C01346,2024-02-09 14:32:06,Salary,Salary,5782.2,Netherlands,Mobile App,0,0
T0009221,A001969,C01207,2024-02-16 03:33:56,Card Purchase,Fuel,-95.25,Netherlands,Online,0,0
T0005513,A000701,C00428,2024-04-19 14:33:46,Card Purchase,Entertainment,-111.31,Luxembourg,Card Present,1,0
T0003445,A003683,C02251,2025-03-07 07:00:20,Transfer In,Transfer,32.78,Belgium,Mobile App,0,0
T0006448,A003987,C02438,2024-09-05 20:09:29,Transfer Out,Transfer,-324.76,France,Mobile App,0,0
T0002924,A000384,C00239,2024-05-08 15:52:48,Transfer In,Transfer,442.66,Belgium,Bank Transfer,0,0
T0005829,A001329,C00818,2024-12-03 14:50:10,Transfer Out,Transfer,-553.87,France,Bank Transfer,0,0
T0007087,A003766,C02300,2026-08-30 09:02:35,Transfer In,Transfer,548.35,Germany,Mobile App,0,0
T0005657,A000301,C00187,2025-06-10 18:19:21,Card Purchase,Entertainment,-20.43,Luxembourg,Online,0,0
T0004076,A003658,C02238,2025-12-21 15:08:57,Direct Debit,Utilities,-147.57,Belgium,Direct Debit,0,0
T0004652,A000671,C00411,2026-04-09 14:53:53,Salary,Salary,5712.09,Netherlands,Bank Transfer,0,0
T0006139,A001440,C00884,2025-12-10 18:38:47,Transfer In,Transfer,402.42,Germany,Mobile App,0,0
T0006454,A003256,C01995,2025-01-02 09:35:23,Transfer Out,Transfer,-157.94,Belgium,Mobile App,0,0
T0004157,A000958,C00584,2026-01-09 19:59:34,Direct Debit,Telecom,-65.65,Belgium,Direct Debit,0,0
T0001346,A002964,C01812,2025-02-14 14:35:01,Transfer In,Transfer,1790.9,Netherlands,Mobile App,0,0
T0006336,A000945,C00577,2024-08-24 19:49:00,Transfer Out,Transfer,-1047.01,Netherlands,Mobile App,0,0
T0005295,A003347,C02048,2024-04-18 00:16:22,Card Purchase,Dining,-30.28,Belgium,Mobile App,0,0
T0002817,A001971,C01208,2024-04-09 03:27:25,Transfer Out,Transfer,-282.12,Netherlands,Bank Transfer,0,0
T0001462,A000464,C00287,2025-03-12 16:28:54,Transfer Out,Transfer,-323.55,Germany,Bank Transfer,0,0
T0000432,A002087,C01281,2025-12-05 10:11:10,Transfer Out,Transfer,-1120.65,France,Bank Transfer,0,0
T0000859,A001093,C00666,2025-05-12 12:56:00,Transfer Out,Transfer,-266.79,Netherlands,Bank Transfer,0,0
T0008789,A001617,C00995,2025-09-05 13:44:31,Card Purchase,Travel,-235.39,Belgium,Card Present,0,0
T0009272,A001819,C01122,2026-05-13 12:10:38,Card Purchase,Fuel,-30.12,Netherlands,Online,0,0
T0005480,A001375,C00843,2026-04-06 11:16:30,Transfer In,Transfer,37.48,Belgium,Bank Transfer,0,0
T0005515,A000676,C00415,2026-01-02 12:12:50,Transfer In,Transfer,774.53,Germany,Mobile App,0,0
T0000508,A000771,C00473,2024-02-07 00:13:49,Transfer In,Transfer,412.48,Netherlands,Mobile App,0,0
T0002506,A002374,C01458,2025-10-31 00:25:09,Card Purchase,Travel,-135.29,Belgium,Online,0,0
T0001410,A004052,C02476,2024-08-12 03:51:37,Salary,Salary,5327.54,Netherlands,Mobile App,0,0
T0008846,A000549,C00340,2024-12-02 09:16:54,Transfer In,Transfer,619.9,Belgium,Mobile App,0,0
T0004822,A001642,C01008,2026-06-25 14:55:49,Transfer In,Transfer,183.78,Netherlands,Bank Transfer,0,0
T0008088,A001294,C00794,2025-06-13 22:45:17,Direct Debit,Telecom,-70.42,Germany,Direct Debit,0,0
T0001907,A002291,C01408,2026-06-11 16:41:39,Transfer In,Transfer,141.07,Netherlands,Bank Transfer,0,0
T0001250,A003912,C02394,2026-03-15 14:05:43,Direct Debit,Subscriptions,-32.42,Belgium,Direct Debit,0,0
T0008590,A001972,C01208,2025-09-23 18:17:23,Card Purchase,E-commerce,-130.66,Netherlands,Card Present,0,0
T0008568,A000470,C00290,2024-07-12 22:22:04,Card Purchase,Travel,-220.24,Netherlands,Online,0,0
T0005765,A002616,C01601,2025-12-13 11:43:23,Card Purchase,Groceries,-40.02,Belgium,Card Present,0,0
T0001361,A003518,C02152,2025-06-30 22:42:44,Salary,Salary,4524.64,Belgium,Mobile App,0,0
T0006540,A003051,C01871,2026-01-15 13:17:06,Transfer Out,Transfer,-428.52,France,Mobile App,0,0
T0004295,A002570,C01578,2025-04-18 16:58:18,Transfer Out,Transfer,-334.36,Belgium,Bank Transfer,0,0
T0005727,A003733,C02281,2024-12-28 08:17:49,Transfer Out,Transfer,-358.13,Germany,Bank Transfer,0,1
T0009888,A000790,C00484,2024-07-21 21:23:15,Transfer In,Transfer,961.76,Netherlands,Mobile App,0,0
T0009578,A001060,C00645,2024-06-16 17:55:48,Direct Debit,Housing,-1038.75,Netherlands,Direct Debit,0,0
T0008366,A004068,C02486,2026-07-14 19:27:21,Card Purchase,E-commerce,-138.74,Belgium,Card Present,0,0
T0001434,A002695,C01647,2025-12-02 05:30:00,Card Purchase,E-commerce,-193.88,Germany,Card Present,0,0
T0006100,A003215,C01970,2024-11-11 04:41:02,Direct Debit,Utilities,-154.85,Germany,Direct Debit,0,0
T0002412,A001816,C01120,2024-02-01 17:33:59,Transfer In,Transfer,330.72,Netherlands,Bank Transfer,0,0
T0002690,A002619,C01603,2024-03-21 05:25:55,Cash Withdrawal,Cash,-200,Netherlands,ATM,0,0
T0006547,A001824,C01125,2025-04-21 08:30:29,Card Purchase,Retail,-118.5,Luxembourg,Online,0,1
T0001328,A003402,C02079,2024-01-24 06:10:35,Transfer In,Transfer,106.57,Belgium,Mobile App,0,0
T0003981,A000696,C00426,2024-03-29 00:33:25,Transfer Out,Transfer,-1986.61,Germany,Mobile App,0,0
T0007442,A000186,C00114,2024-10-04 03:42:06,Card Purchase,Travel,-188.18,Belgium,Online,0,0
T0000325,A000046,C00026,2025-10-05 04:53:04,Card Purchase,Retail,-113.68,Belgium,Online,0,0
T0003900,A001767,C01092,2026-02-20 21:15:27,Card Purchase,E-commerce,-84.45,Netherlands,Card Present,0,0
T0000736,A002858,C01745,2025-11-06 21:29:53,Interest,Interest,1.42,Belgium,Bank Transfer,0,0
T0007078,A003302,C02025,2025-11-05 21:08:21,Transfer Out,Transfer,-723.0,Netherlands,Bank Transfer,0,0
T0009237,A002098,C01288,2024-04-27 06:31:57,Card Purchase,Travel,-592.45,Netherlands,Card Present,0,0
T0006417,A000024,C00015,2024-02-20 15:12:38,Direct Debit,Utilities,-110.2,Netherlands,Direct Debit,0,0
T0006050,A000415,C00258,2025-08-12 19:56:23,Card Purchase,Travel,-631.8,Belgium,Online,0,0
T0008967,A002121,C01301,2026-07-05 05:03:56,Transfer In,Transfer,345.56,Belgium,Bank Transfer,0,0
T0005270,A002441,C01500,2026-02-21 19:33:20,Transfer Out,Transfer,-24.26,Belgium,Mobile App,0,0
T0002834,A001713,C01058,2026-03-24 15:26:14,Card Purchase,Dining,-60.59,Germany,Online,0,0
T0002892,A002024,C01242,2026-03-21 15:58:56,Salary,Salary,4755.34,Netherlands,Mobile App,0,0
T0009207,A000714,C00436,2025-09-20 22:40:35,Transfer In,Transfer,474.24,France,Bank Transfer,0,0
T0005355,A001817,C01120,2024-05-20 05:34:40,Transfer In,Transfer,365.97,Netherlands,Mobile App,0,0
T0005602,A001144,C00699,2025-11-05 21:42:41,Transfer Out,Transfer,-414.35,France,Bank Transfer,0,0
T0006928,A002040,C01251,2025-04-07 18:03:09,Transfer In,Transfer,281.94,Netherlands,Bank Transfer,0,0
T0002606,A000964,C00588,2025-05-13 23:10:12,Card Purchase,Travel,-109.9,Belgium,Card Present,1,0
T0006952,A000685,C00419,2025-08-24 20:15:01,Card Purchase,Retail,-38.72,Luxembourg,Card Present,0,0
T0009268,A001712,C01057,2026-02-01 18:42:13,Card Purchase,E-commerce,-174.82,Luxembourg,Online,0,0
T0002696,A001141,C00697,2024-06-14 10:33:43,Direct Debit,Housing,-942.0,Netherlands,Direct Debit,0,0
T0007006,A000033,C00020,2025-01-17 23:49:28,Direct Debit,Housing,-1208.74,Netherlands,Direct Debit,0,0
T0004127,A000592,C00365,2024-04-16 08:05:11,Card Purchase,Entertainment,-16.54,Belgium,Online,0,0
T0009360,A003236,C01983,2026-07-22 18:27:13,Cash Withdrawal,Cash,-250,France,ATM,0,0
T0006883,A000834,C00508,2025-03-04 23:21:24,Card Purchase,Retail,-117.91,Netherlands,Online,0,0
T0003051,A002920,C01784,2025-10-19 23:21:01,Card Purchase,Fuel,-124.11,Netherlands,Card Present,0,0
T0000591,A002776,C01698,2026-03-09 17:40:03,Card Purchase,Healthcare,-61.01,Luxembourg,Card Present,0,0
T0000703,A001973,C01209,2025-09-10 17:30:24,Direct Debit,Telecom,-83.31,Germany,Direct Debit,0,0
T0001625,A001848,C01138,2024-05-30 10:08:48,Transfer In,Transfer,313.75,Belgium,Mobile App,0,0
T0000350,A001342,C00825,2025-07-03 21:05:27,Cash Withdrawal,Cash,-60,Belgium,ATM,0,0
T0006166,A000781,C00479,2026-02-18 04:14:30,Salary,Salary,1682.31,Belgium,Bank Transfer,0,0
T0009091,A002018,C01238,2025-01-15 03:07:23,Transfer In,Transfer,801.67,Netherlands,Mobile App,0,0
T0000788,A000255,C00160,2026-04-17 00:31:51,Transfer Out,Transfer,-430.38,Netherlands,Mobile App,0,0
T0003590,A004086,C02500,2026-07-08 02:47:30,Interest,Interest,17.81,Germany,Bank Transfer,0,0
T0003678,A002482,C01523,2025-09-08 00:15:43,Transfer In,Transfer,501.21,Germany,Bank Transfer,0,0
T0008642,A000843,C00514,2025-02-07 10:46:31,Card Purchase,Groceries,-42.01,Belgium,Card Present,0,0
T0004057,A000049,C00029,2025-11-22 05:35:31,Cash Withdrawal,Cash,-60,Netherlands,ATM,0,0
T0008539,A003299,C02022,2024-02-23 13:28:26,Card Purchase,Travel,-635.73,France,Online,1,0
T0009376,A001911,C01175,2025-08-23 14:20:59,Transfer In,Transfer,225.59,Belgium,Mobile App,0,0
T0001107,A003486,C02131,2024-05-22 13:02:53,Card Purchase,Entertainment,-11.2,Luxembourg,Online,0,0
T0004465,A003958,C02419,2024-12-14 05:02:02,Card Purchase,Entertainment,-37.39,Belgium,Card Present,0,0
T0003015,A002995,C01831,2025-03-14 02:47:40,Transfer Out,Transfer,-140.15,Germany,Bank Transfer,0,0
T0003067,A000072,C00044,2025-08-30 16:48:46,Card Purchase,Retail,-120.09,Netherlands,Card Present,0,0
T0002769,A002003,C01230,2026-06-02 14:47:16,Direct Debit,Subscriptions,-30.73,Germany,Direct Debit,0,0
T0001154,A003600,C02202,2026-06-07 14:49:41,Transfer In,Transfer,2888.54,Netherlands,Bank Transfer,0,0
T0003443,A001345,C00826,2026-05-11 22:05:07,Transfer In,Transfer,303.27,Belgium,Mobile App,0,0
T0000344,A003059,C01875,2026-03-05 23:56:25,Transfer In,Transfer,624.07,Netherlands,Mobile App,0,0
T0005034,A000493,C00307,2025-10-01 17:32:40,Transfer Out,Transfer,-740.98,Germany,Bank Transfer,0,0
T0005106,A000616,C00379,2026-06-19 11:10:05,Transfer In,Transfer,1116.04,Belgium,Bank Transfer,0,0
T0008466,A002896,C01766,2025-02-21 13:17:49,Card Purchase,Travel,-171.07,Belgium,Online,0,0
T0007039,A002103,C01292,2025-10-31 19:28:18,Transfer In,Transfer,124.28,Netherlands,Bank Transfer,0,0
T0007962,A000220,C00139,2025-08-08 20:42:51,Card Purchase,Dining,-17.46,France,Online,0,0
T0002305,A003706,C02264,2024-06-03 20:19:47,Cash Withdrawal,Cash,-40,Belgium,ATM,0,0
T0009329,A002305,C01415,2024-02-06 18:28:07,Transfer Out,Transfer,-167.18,Belgium,Bank Transfer,0,0
T0001703,A000813,C00496,2025-09-17 00:02:08,Transfer In,Transfer,110.17,Luxembourg,Bank Transfer,0,0
T0006808,A002753,C01682,2024-09-21 00:09:35,Transfer In,Transfer,206.45,France,Mobile App,0,0
T0007046,A003223,C01976,2026-01-09 08:35:59,Direct Debit,Telecom,-48.37,Germany,Direct Debit,0,0
T0007662,A002286,C01405,2026-02-25 04:13:45,Card Purchase,Fuel,-24.68,Luxembourg,Card Present,0,0
T0004384,A002472,C01517,2024-08-29 11:33:59,Salary,Salary,3155.35,Luxembourg,Bank Transfer,0,0
T0004364,A003930,C02404,2024-02-08 21:22:41,Direct Debit,Housing,-1238.34,Netherlands,Direct Debit,0,0
T0001329,A004052,C02476,2026-07-24 14:46:20,Card Purchase,Travel,-209.15,Netherlands,Card Present,0,0
T0007736,A000618,C00380,2024-11-08 19:16:35,Card Purchase,Groceries,-24.25,Netherlands,Card Present,0,0
T0008195,A003982,C02435,2025-05-30 23:06:25,Transfer In,Transfer,329.39,Belgium,Mobile App,0,0
T0002584,A001402,C00860,2025-12-25 14:04:13,Transfer In,Transfer,92.43,Netherlands,Bank Transfer,0,0
T0005088,A003934,C02407,2024-08-08 16:23:33,Transfer In,Transfer,509.16,Netherlands,Bank Transfer,0,0
T0003650,A000277,C00173,2024-05-10 14:06:16,Transfer Out,Transfer,-688.03,Belgium,Mobile App,0,0
T0004052,A001578,C00971,2026-01-09 15:17:17,Transfer In,Transfer,312.04,France,Bank Transfer,0,0
T0005937,A001383,C00848,2025-11-26 05:07:46,Direct Debit,Telecom,-48.37,Netherlands,Direct Debit,0,0
T0005345,A002991,C01829,2024-06-23 15:27:56,Transfer In,Transfer,582.88,Belgium,Bank Transfer,0,0
T0002090,A004049,C02474,2024-04-14 21:24:21,Card Purchase,Dining,-41.87,Belgium,Card Present,0,0
T0006263,A000920,C00562,2024-05-01 13:04:51,Transfer Out,Transfer,-1183.96,Belgium,Mobile App,0,0
T0004580,A002511,C01540,2025-02-07 02:57:04,Transfer In,Transfer,389.37,France,Bank Transfer,0,0
T0002168,A000562,C00346,2024-02-29 07:47:29,Card Purchase,E-commerce,-55.66,Italy,Card Present,1,0
T0004302,A000564,C00348,2025-05-06 03:50:25,Cash Withdrawal,Cash,-40,Belgium,ATM,0,0
T0001471,A000265,C00165,2025-06-16 16:48:29,Direct Debit,Subscriptions,-35.44,France,Direct Debit,0,0
T0004547,A000787,C00483,2025-10-24 12:57:03,Transfer Out,Transfer,-498.48,Netherlands,Bank Transfer,0,0
T0004214,A002176,C01333,2025-03-11 18:43:20,Card Purchase,E-commerce,-131.94,Germany,Mobile App,0,0
T0006582,A001831,C01129,2025-03-25 06:36:51,Transfer In,Transfer,71.95,Netherlands,Bank Transfer,0,0
T0005177,A000884,C00540,2026-02-13 10:43:13,Card Purchase,Healthcare,-146.54,Belgium,Online,0,0
T0005489,A002538,C01555,2025-01-08 23:28:40,Transfer In,Transfer,134.5,Belgium,Mobile App,0,0
T0006622,A003248,C01990,2024-07-21 14:48:34,Card Purchase,E-commerce,-55.28,Belgium,Card Present,0,0
T0001111,A003172,C01941,2025-05-11 16:20:57,Direct Debit,Subscriptions,-27.24,Belgium,Direct Debit,0,0
T0005340,A000373,C00233,2024-10-03 23:43:57,Interest,Interest,8.43,France,Bank Transfer,0,0
T0001411,A002480,C01522,2025-05-19 23:48:09,Card Purchase,Groceries,-49.56,France,Card Present,0,0
T0001068,A000002,C00002,2024-08-05 10:54:58,Transfer Out,Transfer,-459.8,Netherlands,Mobile App,0,0
T0006109,A000546,C00337,2024-01-19 11:17:00,Card Purchase,Travel,-99.02,France,Online,0,0
T0006525,A003770,C02302,2025-07-14 21:02:04,Transfer In,Transfer,150.82,France,Mobile App,0,0
T0003016,A002423,C01487,2024-11-02 22:07:47,Card Purchase,E-commerce,-29.52,Belgium,Online,0,0
T0000879,A003738,C02285,2025-06-14 18:58:42,Transfer In,Transfer,164.06,Germany,Mobile App,0,0
T0004126,A001060,C00645,2024-05-05 09:24:50,Cash Withdrawal,Cash,-50,Netherlands,ATM,0,0
T0006499,A001781,C01099,2026-07-16 18:40:40,Transfer In,Transfer,164.75,Belgium,Bank Transfer,0,0
T0000943,A003769,C02302,2025-09-20 23:19:14,Card Purchase,E-commerce,-30.23,France,Online,0,0
T0006561,A002348,C01441,2024-05-08 09:42:38,Card Purchase,Dining,-56.42,France,Card Present,0,0
T0002016,A001763,C01090,2026-01-08 21:31:59,Transfer In,Transfer,346.96,France,Bank Transfer,0,0
T0003229,A000046,C00026,2026-08-21 19:16:54,Card Purchase,Travel,-135.91,Belgium,Card Present,0,0
T0005966,A001103,C00672,2024-09-13 20:46:36,Card Purchase,Fuel,-31.49,Netherlands,Online,0,0
T0008659,A003208,C01966,2024-09-12 16:26:03,Card Purchase,Groceries,-65.11,Belgium,Online,0,0
T0002098,A003404,C02081,2026-07-19 03:35:20,Card Purchase,Travel,-447.54,Germany,Card Present,0,0
T0002516,A003318,C02033,2024-08-18 15:23:46,Transfer Out,Transfer,-523.26,Netherlands,Mobile App,0,0
T0009894,A002753,C01682,2025-01-21 14:19:56,Transfer In,Transfer,705.38,France,Bank Transfer,0,0
T0002313,A000038,C00022,2026-03-05 06:44:42,Transfer In,Transfer,252.94,France,Bank Transfer,0,0
T0009235,A001899,C01166,2024-12-07 03:01:40,Direct Debit,Insurance,-106.9,France,Direct Debit,0,0
T0008984,A003441,C02106,2024-01-03 05:50:50,Direct Debit,Utilities,-166.37,Germany,Direct Debit,0,0
T0001381,A000393,C00244,2024-11-16 11:17:48,Direct Debit,Subscriptions,-27.14,Germany,Direct Debit,0,0
T0000802,A001091,C00664,2024-12-10 20:06:25,Card Purchase,Retail,-69.81,France,Card Present,0,0
T0003869,A000736,C00449,2026-05-31 23:38:21,Card Purchase,Retail,-63.51,Netherlands,Online,0,0
T0004425,A002025,C01243,2025-08-24 06:50:59,Card Purchase,Travel,-147.63,Germany,Card Present,0,0
T0002566,A002906,C01773,2025-08-15 02:49:26,Transfer In,Transfer,1836.21,France,Mobile App,0,0
T0003014,A003245,C01988,2024-08-27 02:22:10,Card Purchase,Retail,-247.41,Belgium,Card Present,0,0
T0008232,A000907,C00555,2025-08-12 15:55:16,Card Purchase,Retail,-114.93,Belgium,Card Present,0,0
T0009211,A001009,C00616,2026-07-13 12:14:05,Transfer In,Transfer,200.82,France,Bank Transfer,0,0
T0003199,A003521,C02154,2025-09-10 03:10:38,Card Purchase,Travel,-157.99,Spain,Online,1,0
T0003098,A000201,C00127,2024-05-16 10:56:05,Direct Debit,Housing,-904.58,Belgium,Direct Debit,0,0
T0002250,A000324,C00199,2024-03-15 17:45:22,Card Purchase,Retail,-69.96,France,Online,0,0
T0003474,A000958,C00584,2025-12-15 08:53:19,Card Purchase,Dining,-23.95,Portugal,Card Present,1,0
T0005779,A002423,C01487,2026-08-29 22:39:37,Card Purchase,E-commerce,-135.13,Belgium,Card Present,0,0
T0006826,A002506,C01537,2025-06-27 12:03:30,Transfer Out,Transfer,-181.71,Belgium,Mobile App,0,0
T0008263,A001727,C01066,2024-07-05 06:41:08,Salary,Salary,4451.73,Netherlands,Mobile App,0,0
T0003290,A003803,C02322,2025-05-17 01:16:39,Direct Debit,Subscriptions,-22.98,France,Direct Debit,0,0
T0002446,A000247,C00155,2025-01-05 13:20:46,Transfer Out,Transfer,-65.65,Belgium,Mobile App,0,0
T0006934,A000479,C00296,2026-05-27 09:05:46,Card Purchase,Healthcare,-169.29,United States,Card Present,1,0
T0005563,A004033,C02463,2025-11-13 21:46:37,Salary,Salary,4885.33,France,Bank Transfer,0,0
T0004730,A001397,C00856,2024-01-21 02:34:01,Transfer In,Transfer,687.47,Netherlands,Bank Transfer,0,0
T0004330,A003200,C01962,2025-12-24 14:41:02,Direct Debit,Utilities,-155.58,Netherlands,Direct Debit,0,0
T0007228,A000855,C00524,2024-02-24 01:20:52,Transfer Out,Transfer,-403.26,Belgium,Bank Transfer,0,0
T0008255,A003764,C02298,2024-10-24 22:47:53,Transfer In,Transfer,274.0,,Bank Transfer,0,0
T0009410,A003289,C02015,2024-02-14 10:43:20,Transfer In,Transfer,151.56,France,Mobile App,0,0
T0007220,A001157,C00706,2025-01-20 10:30:22,Direct Debit,Housing,-748.76,Netherlands,Direct Debit,0,0
T0004839,A001721,C01062,2025-02-26 12:51:40,Transfer In,Transfer,619.32,Belgium,Bank Transfer,0,0
T0001770,A003342,C02045,2025-02-02 05:39:04,Card Purchase,Travel,-137.18,Netherlands,Mobile App,0,0
T0000647,A000986,C00602,2026-01-23 19:53:04,Card Purchase,Fuel,-25.14,Belgium,Online,0,0
T0003090,A002855,C01744,2024-09-03 09:20:48,Card Purchase,Travel,-130.15,Belgium,Card Present,0,0
T0009797,A000820,C00500,2024-12-31 05:37:16,Card Purchase,Healthcare,-74.53,Germany,Card Present,0,0
T0004332,A003358,C02055,2026-03-06 23:33:42,Transfer In,Transfer,1183.38,Belgium,Bank Transfer,0,0
T0008637,A001606,C00989,2025-10-20 10:30:51,Transfer In,Transfer,412.28,Belgium,Mobile App,0,0
T0009090,A000707,C00431,2026-06-19 09:38:46,Card Purchase,Entertainment,-76.3,Belgium,Card Present,0,0
T0000175,A003595,C02200,2024-09-06 20:56:44,Salary,Salary,4446.96,Netherlands,Bank Transfer,0,0
T0001441,A000362,C00227,2025-05-10 22:42:44,Transfer In,Transfer,241.72,Germany,Bank Transfer,0,0
T0008556,A000493,C00307,2024-03-02 15:49:28,Transfer In,Transfer,357.27,Germany,Mobile App,0,0
T0003197,A001992,C01222,2024-07-20 13:45:51,Card Purchase,Travel,-336.97,Belgium,Mobile App,0,0
T0003627,A002658,C01625,2024-11-01 01:47:06,Salary,Salary,2860.01,Belgium,Bank Transfer,0,0
T0003346,A001531,C00940,2025-11-01 15:25:01,Transfer Out,Transfer,-178.58,Germany,Mobile App,0,0
T0009082,A000784,C00481,2025-06-28 19:14:20,Transfer Out,Transfer,-417.02,Luxembourg,Mobile App,0,0
T0001549,A003340,C02044,2024-04-14 23:32:37,Salary,Salary,2656.77,Belgium,Mobile App,0,0
T0003322,A003961,C02422,2025-04-12 14:03:48,Transfer In,Transfer,755.09,Germany,Bank Transfer,0,0
T0005848,A002595,C01589,2026-08-31 00:22:29,Card Purchase,Fuel,-69.94,Belgium,Online,0,0
T0005807,A001737,C01073,2026-06-09 01:19:34,Transfer In,Transfer,224.19,France,Bank Transfer,0,0
T0002092,A001485,C00913,2025-06-06 10:48:25,Card Purchase,Travel,-494.73,United States,Card Present,1,0
T0005549,A002573,C01579,2024-10-03 03:41:33,Card Purchase,Fuel,-91.28,Belgium,Online,0,0
T0007065,A000281,C00176,2025-03-24 12:42:50,Card Purchase,E-commerce,-152.15,France,Online,0,0
T0008918,A001291,C00792,2025-08-09 11:31:30,Salary,Salary,3343.95,Belgium,Mobile App,0,0
T0001961,A004011,C02452,2024-12-19 11:50:41,Direct Debit,Utilities,-155.79,France,Direct Debit,0,0
T0009981,A000530,C00327,2026-03-27 08:39:42,Card Purchase,Entertainment,-20.87,France,Card Present,0,0
T0000118,A003348,C02049,2026-08-22 20:54:50,Direct Debit,Utilities,-180.19,Belgium,Direct Debit,0,0
T0005517,A001529,C00939,2024-03-29 12:13:57,Direct Debit,Utilities,-157.84,France,Direct Debit,0,0
T0009679,A001166,C00711,2024-09-13 11:54:14,Direct Debit,Telecom,-53.89,Germany,Direct Debit,0,0
T0001048,A000298,C00185,2025-12-28 06:02:10,Card Purchase,E-commerce,-70.74,Belgium,Online,0,0
T0007257,A000270,C00168,2025-06-14 01:21:36,Salary,Salary,2166.04,Belgium,Bank Transfer,0,0
T0005881,A001481,C00911,2024-04-19 07:00:00,Card Purchase,Fuel,-78.41,France,Card Present,0,0
T0003152,A003395,C02076,2024-12-02 23:41:46,Direct Debit,Insurance,-146.92,Belgium,Direct Debit,0,0
T0004766,A003560,C02175,2025-09-12 01:17:59,Card Purchase,Fuel,-29.01,Belgium,Online,0,0
T0004263,A001577,C00970,2024-10-01 17:24:51,Direct Debit,Telecom,-64.13,Germany,Direct Debit,0,0
T0001344,A002650,C01620,2024-07-07 09:35:07,Card Purchase,Groceries,-67.33,Germany,Card Present,0,0
T0008289,A002986,C01825,2025-08-02 19:29:37,Card Purchase,Dining,-49.12,Germany,Card Present,0,0
T0006846,A001422,C00872,2024-05-01 01:01:04,Card Purchase,Travel,-120.19,Germany,Card Present,1,0
T0006130,A000261,C00163,2025-05-05 00:18:48,Cash Withdrawal,Cash,-20,Germany,ATM,0,0
T0005599,A001162,C00708,2025-07-16 17:36:03,Card Purchase,Dining,-14.95,Netherlands,Card Present,0,0
T0004100,A001389,C00851,2026-01-12 15:33:11,Transfer In,Transfer,432.67,Germany,Bank Transfer,0,0
T0004193,A001528,C00939,2025-03-08 17:31:49,Transfer In,Transfer,960.57,France,Mobile App,0,0
T0004363,A002653,C01622,2025-12-16 15:07:58,Transfer In,Transfer,308.56,Belgium,Mobile App,0,0
T0000976,A002357,C01447,2025-01-15 17:59:59,Card Purchase,Travel,-205.36,Belgium,Online,0,0
T0004151,A000349,C00216,2026-07-05 07:01:56,Transfer In,Transfer,511.32,Belgium,Bank Transfer,0,0
T0001395,A002629,C01608,2026-08-04 06:00:34,Salary,Salary,2760.27,Germany,Bank Transfer,0,0
T0008959,A002159,C01324,2025-02-02 18:36:23,Card Purchase,E-commerce,-63.27,France,Card Present,0,0
T0007959,A001500,C00922,2025-01-07 18:02:18,Transfer In,Transfer,1480.87,Netherlands,Bank Transfer,0,0
T0001561,A002700,C01650,2026-03-25 15:55:09,Transfer In,Transfer,255.97,Belgium,Bank Transfer,0,0
T0009963,A001685,C01037,2025-02-05 00:44:25,Transfer Out,Transfer,-1134.22,France,Bank Transfer,0,0
T0002841,A003377,C02065,2024-05-29 01:21:40,Transfer In,Transfer,492.52,Germany,Bank Transfer,0,0
T0004244,A003064,C01879,2026-02-18 22:38:11,Cash Withdrawal,Cash,-100,Netherlands,ATM,0,0
T0002688,A003205,C01964,2024-02-26 22:25:21,Transfer In,Transfer,539.15,France,Bank Transfer,0,0
T0001836,A001167,C00711,2026-06-01 02:52:05,Card Purchase,Dining,-193.38,Germany,Card Present,0,0
T0000974,A000354,C00220,2024-01-05 07:31:47,Card Purchase,Fuel,-55.35,Netherlands,Card Present,0,0
T0000471,A001547,C00950,2024-08-10 11:50:28,Transfer Out,Transfer,-401.13,Belgium,Bank Transfer,0,0
T0008354,A002385,C01465,2025-05-30 06:45:33,Interest,Interest,11.89,Belgium,Bank Transfer,0,0
T0009439,A003278,C02010,2026-05-14 07:05:58,Transfer In,Transfer,1351.09,Belgium,Bank Transfer,0,0
T0005959,A000345,C00214,2024-07-04 00:25:10,Direct Debit,Subscriptions,-27.01,Belgium,Direct Debit,0,0
T0006856,A003817,C02332,2026-07-16 04:21:06,Cash Withdrawal,Cash,-60,France,ATM,0,0
T0000250,A003391,C02073,2025-08-03 04:34:40,Transfer In,Transfer,241.45,Belgium,Mobile App,0,0
T0008224,A002502,C01534,2024-05-10 13:39:33,Card Purchase,Groceries,-57.79,Belgium,Online,0,0
T0008521,A003229,C01979,2024-10-06 19:02:18,Direct Debit,Subscriptions,-20.09,Germany,Direct Debit,0,0
T0007153,A002392,C01469,2024-02-19 22:51:00,Card Purchase,Entertainment,-61.55,France,Online,0,0
T0007841,A002482,C01523,2025-06-22 15:47:48,Transfer Out,Transfer,-133.93,Germany,Bank Transfer,0,0
T0001232,A000159,C00096,2024-11-29 12:41:42,Direct Debit,Telecom,-47.95,Luxembourg,Direct Debit,0,0
T0007563,A003559,C02174,2026-07-17 14:48:36,Card Purchase,Retail,-90.9,Germany,Online,0,0
T0005786,A000275,C00171,2024-12-16 07:32:56,Cash Withdrawal,Cash,-50,Germany,ATM,0,0
T0009274,A002452,C01506,2025-12-25 04:34:26,Card Purchase,E-commerce,-60.42,Netherlands,Card Present,0,0
T0007588,A001815,C01119,2026-07-24 20:59:42,Transfer In,Transfer,258.5,Belgium,Bank Transfer,0,0
T0006209,A000048,C00028,2026-06-14 13:31:59,Card Purchase,E-commerce,-44.88,Germany,Online,0,0
T0000171,A000418,C00260,2024-03-11 07:30:00,Transfer In,Transfer,344.27,France,Bank Transfer,0,0
T0005122,A001870,C01149,2024-11-10 07:00:09,Transfer In,Transfer,119.27,Luxembourg,Bank Transfer,0,0
T0005161,A004073,C02489,2026-04-21 12:15:38,Transfer In,Transfer,207.07,Belgium,Bank Transfer,0,0
T0002722,A002300,C01412,2026-05-17 14:18:08,Transfer Out,Transfer,-156.07,Netherlands,Bank Transfer,0,0
T0003115,A001505,C00925,2024-01-27 09:16:12,Transfer Out,Transfer,-28.56,Netherlands,Mobile App,0,0
T0000954,A003428,C02095,2024-06-21 11:51:13,Transfer In,Transfer,196.86,Belgium,Mobile App,0,0
T0008778,A003280,C02011,2025-07-31 05:12:36,Transfer In,Transfer,109.36,Germany,Bank Transfer,0,0
T0009624,A001733,C01071,2024-01-19 05:46:09,Transfer In,Transfer,162.41,Luxembourg,Bank Transfer,0,0
T0001741,A001948,C01195,2025-11-29 21:54:25,Direct Debit,Insurance,-115.95,Netherlands,Direct Debit,0,0
T0006412,A002376,C01459,2024-04-27 09:04:13,Transfer In,Transfer,183.51,Belgium,Mobile App,0,0
T0000994,A001929,C01184,2024-02-24 18:08:28,Interest,Interest,15.19,Netherlands,Bank Transfer,0,0
T0007746,A002276,C01399,2025-11-12 19:26:50,Direct Debit,Subscriptions,-14.54,Germany,Direct Debit,0,0
T0006551,A000664,C00407,2024-04-11 12:14:41,Card Purchase,Dining,-35.73,Belgium,Card Present,0,0
T0000640,A003131,C01914,2026-01-30 07:47:58,Card Purchase,Travel,-254.2,Luxembourg,Card Present,1,0
T0004875,A003014,C01845,2024-10-03 13:40:51,Transfer In,Transfer,3793.3,Netherlands,Mobile App,0,0
T0008097,A001704,C01049,2024-01-12 00:30:57,Card Purchase,Dining,-117.17,Netherlands,Card Present,0,0
T0004291,A000468,C00289,2024-02-10 13:40:14,Card Purchase,E-commerce,-101.08,Belgium,Card Present,0,0
T0007190,A001534,C00942,2025-07-19 23:14:52,Salary,Salary,3548.18,Belgium,Mobile App,0,0
T0007314,A003564,C02178,2025-05-20 09:03:39,Transfer In,Transfer,296.23,Belgium,Mobile App,0,0
T0006761,A003815,C02330,2025-05-20 09:17:04,Card Purchase,Travel,-424.49,Belgium,Mobile App,0,0
T0007770,A001911,C01175,2024-01-21 12:57:02,Transfer In,Transfer,1367.79,Belgium,Mobile App,0,0
T0008891,A002196,C01347,2024-02-28 01:47:02,Transfer In,Transfer,621.76,Belgium,Bank Transfer,0,0
T0008112,A002524,C01546,2026-07-23 20:08:22,Card Purchase,Groceries,-23.72,Belgium,Card Present,0,0
T0003353,A000305,C00190,2026-02-20 16:51:23,Card Purchase,Groceries,-27.18,Belgium,Online,0,0
T0009773,A003402,C02079,2025-12-15 03:45:14,Transfer In,Transfer,114.41,Belgium,Mobile App,0,0
T0006640,A001788,C01103,2026-05-20 10:02:10,Salary,Salary,3756.68,Belgium,Bank Transfer,0,0
T0000198,A001661,C01021,2024-01-19 12:42:09,Card Purchase,Entertainment,-40.11,Germany,Card Present,0,0
T0007094,A002236,C01373,2025-04-20 12:45:41,Transfer In,Transfer,369.4,Belgium,Mobile App,0,0
T0006294,A002636,C01612,2024-06-29 10:59:12,Transfer In,Transfer,252.2,Germany,Mobile App,0,0
T0002475,A003071,C01884,2025-11-22 11:06:02,Card Purchase,Fuel,-35.41,Luxembourg,Card Present,0,0
T0003153,A002778,C01700,2024-10-18 21:19:36,Transfer In,Transfer,219.73,Netherlands,Mobile App,0,0
T0000927,A002271,C01396,2024-05-29 07:11:00,Transfer Out,Transfer,-364.53,France,Bank Transfer,0,0
T0004508,A000379,C00237,2025-10-24 20:47:01,Card Purchase,Fuel,-68.99,Luxembourg,Online,0,0
T0007344,A002564,C01573,2024-03-27 05:54:15,Card Purchase,Travel,-350.99,Netherlands,Card Present,0,0
T0000972,A001255,C00768,2024-07-30 20:08:08,Transfer In,Transfer,847.44,France,Mobile App,0,0
T0002936,A000896,C00548,2024-06-25 19:55:55,Transfer In,Transfer,69.24,France,Bank Transfer,0,0
T0008188,A004062,C02481,2025-12-26 18:28:37,Card Purchase,Travel,-809.87,Luxembourg,Online,0,0
T0007316,A002570,C01578,2026-04-19 11:45:52,Transfer Out,Transfer,-166.01,Belgium,Mobile App,0,0
T0002165,A001934,C01186,2024-09-20 13:25:26,Transfer Out,Transfer,-432.98,Belgium,Mobile App,0,0
T0006326,A002379,C01461,2024-01-24 03:05:49,Card Purchase,Healthcare,-45.29,Belgium,Card Present,0,0
T0007188,A003199,C01961,2025-06-08 23:44:30,Transfer Out,Transfer,-803.47,Germany,Mobile App,0,0
T0009934,A000445,C00277,2024-07-14 22:33:45,Card Purchase,E-commerce,-175.91,Belgium,Mobile App,0,0
T0006035,A002144,C01316,2026-06-02 01:20:17,Transfer Out,Transfer,-719.53,Netherlands,Mobile App,0,0
T0004525,A002384,C01465,2025-04-28 03:18:11,Cash Withdrawal,Cash,-20,Belgium,ATM,0,0
T0006421,A000187,C00115,2025-01-07 15:03:42,Card Purchase,Healthcare,-77.57,Belgium,Card Present,0,0
T0006806,A001625,C00999,2026-07-24 08:11:09,Transfer Out,Transfer,-150.39,Belgium,Bank Transfer,0,0
T0009309,A000155,C00094,2026-06-04 11:00:10,Transfer Out,Transfer,-519.06,Netherlands,Bank Transfer,0,0
T0006964,A002368,C01455,2024-04-06 15:00:24,Transfer In,Transfer,155.09,Belgium,Mobile App,0,0
T0007101,A002522,C01545,2024-11-07 01:36:30,Transfer Out,Transfer,-171.07,Belgium,Mobile App,0,0
T0009204,A000103,C00061,2024-01-03 19:33:03,Transfer Out,Transfer,-159.54,Belgium,Mobile App,0,0
T0008499,A003361,C02056,2024-05-31 09:57:17,Transfer Out,Transfer,-1042.83,France,Bank Transfer,0,0
T0000718,A003305,C02026,2025-11-11 07:53:33,Interest,Interest,6.07,Belgium,Mobile App,0,0
T0006156,A003769,C02302,2026-04-06 20:40:02,Direct Debit,Subscriptions,-24.78,France,Direct Debit,0,0
T0008626,A003367,C02060,2025-10-28 07:26:53,Transfer In,Transfer,218.47,Belgium,Mobile App,0,0
T0007780,A003919,C02398,2025-03-22 16:27:27,Direct Debit,Subscriptions,-21.92,France,Direct Debit,0,0
T0006816,A002240,C01376,2026-07-27 05:01:49,Transfer Out,Transfer,-437.67,Germany,Bank Transfer,0,0
T0007645,A000298,C00185,2025-07-09 13:01:28,Card Purchase,Fuel,-81.29,Belgium,Online,0,0
T0002914,A001943,C01191,2024-10-07 03:18:34,Card Purchase,Healthcare,-95.67,France,Card Present,0,0
T0004001,A001556,C00955,2025-01-13 23:01:32,Card Purchase,Retail,-81.68,Netherlands,Card Present,0,0
T0009600,A002897,C01767,2024-04-23 14:10:06,Card Purchase,Travel,-396.69,Netherlands,Online,0,0
T0001659,A000647,C00397,2024-05-15 22:00:47,Salary,Salary,4233.93,Germany,Bank Transfer,0,0
T0000155,A001059,C00645,2024-09-25 21:33:23,Transfer In,Transfer,393.83,Netherlands,Bank Transfer,0,0
T0004606,A002553,C01565,2026-07-03 06:44:10,Card Purchase,E-commerce,-31.82,Italy,Online,1,0
T0003282,A003538,C02162,2026-07-26 22:39:47,Card Purchase,Travel,-594.24,Belgium,Card Present,0,0
T0002946,A003030,C01856,2024-04-05 07:46:57,Direct Debit,Insurance,-66.16,Germany,Direct Debit,0,0
T0005619,A003277,C02009,2024-02-17 14:12:48,Card Purchase,Groceries,-65.24,Netherlands,Card Present,1,0
T0000077,A001045,C00637,2026-07-01 11:34:31,Transfer Out,Transfer,-69.86,Germany,Bank Transfer,0,0
T0002583,A001901,C01168,2024-06-28 23:12:07,Transfer In,Transfer,105.89,Belgium,Bank Transfer,0,0
T0005708,A003568,C02182,2024-06-17 20:20:23,Cash Withdrawal,Cash,-250,Belgium,ATM,0,0
T0009582,A003340,C02044,2025-02-21 01:41:46,Direct Debit,Subscriptions,-34.21,Belgium,Direct Debit,0,0
T0009504,A003979,C02432,2024-06-28 21:41:21,Transfer Out,Transfer,-1108.6,Belgium,Bank Transfer,0,0
T0000901,A001012,C00619,2025-04-09 14:14:10,Transfer Out,Transfer,-54.72,Belgium,Mobile App,0,0
T0007684,A002093,C01285,2024-02-09 02:46:38,Transfer In,Transfer,186.58,France,Bank Transfer,0,0
T0000939,A000244,C00154,2026-02-11 03:28:56,Cash Withdrawal,Cash,-250,Netherlands,ATM,0,0
T0002968,A001645,C01010,2026-01-20 05:21:31,Card Purchase,Healthcare,-81.29,Germany,Card Present,0,0
T0004881,A003862,C02360,2026-01-21 03:14:22,Transfer In,Transfer,206.78,Belgium,Mobile App,0,0
T0003996,A003954,C02417,2024-04-04 23:24:14,Card Purchase,Healthcare,-190.76,Belgium,Mobile App,0,0
T0001299,A003238,C01984,2025-03-08 06:38:41,Transfer In,Transfer,889.11,Belgium,Mobile App,0,0
T0009228,A001366,C00838,2025-06-10 02:38:26,Cash Withdrawal,Cash,-250,Belgium,ATM,0,0
T0003444,A000867,C00530,2025-08-17 02:55:13,Card Purchase,Entertainment,-52.48,France,Online,0,0
T0009670,A002396,C01472,2025-09-24 06:29:35,Card Purchase,E-commerce,-58.52,France,Card Present,0,0
T0008876,A002944,C01800,2025-12-04 05:00:47,Card Purchase,Travel,-319.13,Netherlands,Card Present,0,0
T0004395,A003680,C02250,2024-09-17 03:00:26,Transfer Out,Transfer,-168.31,Belgium,Mobile App,0,0
T0007868,A000219,C00138,2025-03-19 10:51:02,Transfer Out,Transfer,-682.49,France,Bank Transfer,0,0
T0006876,A004020,C02457,2026-07-13 23:59:26,Transfer In,Transfer,343.07,Germany,Bank Transfer,0,0
T0005506,A000185,C00113,2024-08-16 13:43:04,Card Purchase,Travel,-563.67,Germany,Card Present,0,0
T0008769,A003288,C02015,2025-06-24 12:53:15,Transfer Out,Transfer,-346.51,France,Bank Transfer,0,0
T0003062,A000407,C00253,2025-10-21 14:43:00,Card Purchase,Groceries,-55.71,Netherlands,Mobile App,0,0
T0003476,A000870,C00532,2026-04-24 19:38:44,Direct Debit,Insurance,-163.85,Belgium,Direct Debit,0,0
T0009720,A002698,C01648,2024-05-11 16:23:37,Card Purchase,E-commerce,-164.29,Luxembourg,Card Present,1,0
T0006812,A003803,C02322,2025-09-06 10:06:21,Direct Debit,Utilities,-130.96,France,Direct Debit,0,0
T0009534,A003585,C02192,2025-09-16 08:33:02,Card Purchase,Fuel,-79.41,Belgium,Card Present,0,0
T0001161,A001915,C01176,2024-08-21 16:28:54,Card Purchase,Entertainment,-42.92,Belgium,Online,0,0
T0000472,A001609,C00990,2026-01-01 17:36:35,Card Purchase,Fuel,-45.27,Netherlands,Card Present,0,0
T0004479,A001021,C00624,2025-03-15 15:13:54,Card Purchase,Retail,-54.69,Germany,Card Present,0,0
T0004697,A000457,C00284,2024-10-19 23:01:53,Card Purchase,Travel,-1353.56,Belgium,Mobile App,0,0
T0001964,A001190,C00725,2026-06-03 17:55:10,Transfer Out,Transfer,-86.61,Germany,Bank Transfer,0,0
T0006702,A003355,C02053,2025-02-11 04:48:39,Salary,Salary,1943.17,France,Mobile App,0,0
T0004170,A002295,C01410,2025-10-17 11:21:21,Card Purchase,Dining,-42.96,Belgium,Card Present,0,0
T0002708,A003049,C01869,2024-10-02 14:35:38,Transfer In,Transfer,613.76,Belgium,Mobile App,0,0
T0005372,A001835,C01131,2026-07-30 10:58:02,Card Purchase,Retail,-20.33,Belgium,Online,0,0
T0009169,A000637,C00391,2024-04-16 13:13:02,Transfer In,Transfer,220.6,Netherlands,Mobile App,0,0
T0003512,A002995,C01831,2025-05-07 06:18:01,Transfer In,Transfer,478.32,Germany,Mobile App,0,0
T0009201,A001477,C00907,2024-05-06 23:33:38,Transfer In,Transfer,225.18,Netherlands,Mobile App,0,0
T0009257,A001841,C01134,2026-07-02 00:25:45,Interest,Interest,6.23,Netherlands,Bank Transfer,0,0
T0002193,A002888,C01762,2025-12-26 11:53:54,Transfer In,Transfer,290.31,Netherlands,Mobile App,0,0
T0006916,A003905,C02391,2026-06-18 16:31:33,Transfer In,Transfer,519.66,Luxembourg,Bank Transfer,0,0
T0009108,A000221,C00139,2024-11-08 09:27:31,Transfer Out,Transfer,-335.26,France,Mobile App,0,0
T0001583,A003291,C02017,2025-08-16 22:39:46,Transfer Out,Transfer,-224.85,Belgium,Bank Transfer,0,0
T0009917,A003202,C01963,2025-06-12 18:34:07,Transfer Out,Transfer,-582.64,France,Mobile App,0,0
T0003778,A001421,C00872,2026-01-26 16:48:02,Transfer In,Transfer,368.1,Belgium,Bank Transfer,0,0
T0001194,A001859,C01143,2026-07-27 12:39:38,Direct Debit,Housing,-1096.29,Belgium,Direct Debit,0,0
T0006011,A003682,C02251,2025-04-27 06:02:20,Transfer In,Transfer,410.31,Belgium,Mobile App,0,0
T0000394,A000201,C00127,2024-02-12 11:37:01,Card Purchase,Entertainment,-12.02,Belgium,Card Present,0,0
T0004139,A001766,C01092,2024-02-06 17:58:44,Transfer In,Transfer,227.32,Netherlands,Mobile App,0,0
T0002790,A003131,C01914,2025-10-16 07:36:24,Card Purchase,Retail,-115.22,Germany,Card Present,0,0
T0005392,A001760,C01088,2026-05-11 05:36:30,Transfer In,Transfer,193.24,Germany,Mobile App,0,0
T0007081,A001391,C00853,2026-06-15 23:50:39,Transfer In,Transfer,309.11,Germany,Mobile App,0,0
T0009148,A002368,C01455,2024-10-19 01:43:27,Transfer In,Transfer,86.63,Belgium,Mobile App,0,0
T0005726,A002957,C01808,2024-05-14 22:08:26,Card Purchase,Dining,-39.68,Belgium,Online,0,0
T0007343,A000509,C00316,2026-08-02 13:37:37,Card Purchase,Retail,-121.64,France,Card Present,0,0
T0006857,A002011,C01234,2025-08-25 13:09:07,Card Purchase,Travel,-127.27,Belgium,Card Present,0,0
T0000772,A002302,C01413,2025-08-10 05:00:42,Transfer Out,Transfer,-973.06,France,Bank Transfer,0,0
T0000624,A003667,C02243,2025-04-15 22:25:38,Direct Debit,Utilities,-147.0,Netherlands,Direct Debit,0,0
T0000734,A002430,C01491,2025-07-06 23:48:07,Card Purchase,Groceries,-35.34,Belgium,Mobile App,0,0
T0007725,A003411,C02084,2024-08-05 01:25:27,Card Purchase,Entertainment,-54.04,Germany,Card Present,0,0
T0000276,A001163,C00709,2025-02-23 19:41:21,Card Purchase,Dining,-52.36,Belgium,Online,0,0
T0002938,A003652,C02234,2025-01-25 20:44:25,Direct Debit,Utilities,-117.19,Belgium,Direct Debit,0,0
T0007983,A000481,C00298,2024-07-24 08:25:32,Salary,Salary,4834.95,France,Mobile App,0,0
T0007224,A003927,C02402,2026-02-02 17:37:00,Transfer Out,Transfer,-216.68,Belgium,Mobile App,0,0
T0005495,A003984,C02436,2026-01-03 14:47:59,Card Purchase,E-commerce,-33.72,Belgium,Online,0,0
T0008437,A000482,C00299,2025-11-29 17:14:45,Transfer Out,Transfer,-337.05,Belgium,Mobile App,0,0
T0009050,A002109,C01296,2024-04-08 21:37:21,Transfer Out,Transfer,-209.04,Belgium,Bank Transfer,0,0
T0001275,A003482,C02129,2026-05-17 03:07:37,Card Purchase,Groceries,-69.35,Belgium,Card Present,0,0
T0009255,A002632,C01610,2024-03-13 19:46:11,Salary,Salary,4398.86,Netherlands,Mobile App,0,0
T0000164,A003585,C02192,2025-08-15 07:58:14,Card Purchase,Healthcare,-51.8,Belgium,Card Present,0,1
T0009372,A002282,C01402,2024-05-28 09:16:51,Card Purchase,Travel,-264.27,Belgium,Online,0,0
T0000580,A001968,C01207,2025-02-24 17:25:59,Transfer In,Transfer,595.87,Netherlands,Bank Transfer,0,0
T0006699,A003689,C02254,2025-08-08 01:48:37,Card Purchase,Dining,-15.92,Belgium,Card Present,0,0
T0003566,A001881,C01155,2024-09-01 21:08:07,Transfer In,Transfer,364.28,France,Mobile App,0,0
T0005909,A003646,C02230,2025-01-09 13:43:43,Transfer Out,Transfer,-136.74,Belgium,Bank Transfer,0,0
T0007244,A002364,C01452,2026-08-03 18:53:00,Card Purchase,Healthcare,-84.67,Germany,Online,0,0
T0003349,A001620,C00997,2026-06-29 02:34:10,Transfer In,Transfer,189.29,Belgium,Mobile App,0,0
T0004748,A003869,C02364,2024-11-01 14:56:13,Transfer In,Transfer,139.64,Netherlands,Mobile App,0,0
T0002004,A002481,C01523,2024-08-24 10:14:19,Direct Debit,Utilities,-124.32,Germany,Direct Debit,0,0
T0001500,A002947,C01802,2025-12-10 14:34:54,Transfer In,Transfer,446.25,Germany,Bank Transfer,0,0
T0009787,A000288,C00180,2026-05-05 00:31:13,Transfer In,Transfer,1343.41,Netherlands,Mobile App,0,0
T0000050,A000039,C00022,2026-05-14 00:45:46,Transfer In,Transfer,256.84,France,Mobile App,0,0
T0004115,A001082,C00659,2026-03-14 15:08:46,Transfer Out,Transfer,-955.57,Germany,Mobile App,0,0
T0009924,A000967,C00591,2025-01-08 19:31:44,Transfer In,Transfer,169.73,Belgium,Mobile App,0,0
T0009026,A003274,C02007,2024-08-08 19:27:13,Direct Debit,Utilities,-216.45,France,Direct Debit,0,0
T0002449,A004028,C02461,2025-02-03 21:52:03,Transfer In,Transfer,66.25,Germany,Mobile App,0,0
T0004841,A000406,C00253,2024-10-07 13:13:43,Transfer Out,Transfer,-1617.53,Netherlands,Bank Transfer,0,0
T0001552,A002556,C01567,2026-08-12 08:46:16,Card Purchase,Groceries,-54.29,Germany,Online,0,0
T0005654,A000666,C00408,2025-08-25 14:42:02,Card Purchase,Healthcare,-171.24,Germany,Card Present,0,0
T0002759,A003859,C02358,2024-08-09 15:47:02,Direct Debit,Housing,-1113.04,Belgium,Direct Debit,0,0
T0003058,A001889,C01160,2026-07-26 18:00:49,Transfer In,Transfer,174.05,France,Bank Transfer,0,0
T0003664,A001511,C00928,2026-01-28 15:47:46,Card Purchase,Retail,-47.61,France,Card Present,0,0
T0003309,A001163,C00709,2026-06-13 05:33:06,Card Purchase,Groceries,-100.74,Belgium,Online,0,1
T0000755,A003640,C02226,2026-08-26 23:15:39,Transfer Out,Transfer,-3094.4,France,Bank Transfer,0,0
T0001799,A003990,C02439,2024-05-20 19:21:36,Card Purchase,Travel,-322.86,Germany,Card Present,0,0
T0002534,A000742,C00454,2024-01-22 14:36:27,Card Purchase,Entertainment,-36.83,Belgium,Card Present,0,0
T0003983,A002783,C01702,2024-01-27 02:35:08,Transfer In,Transfer,153.88,Belgium,Mobile App,0,0
T0004167,A001134,C00692,2025-09-25 23:15:40,Salary,Salary,2959.07,France,Mobile App,0,0
T0002893,A000955,C00582,2024-10-05 16:54:57,Card Purchase,E-commerce,-74.5,Belgium,Card Present,0,0
T0001524,A003952,C02417,2026-06-07 11:45:01,Transfer In,Transfer,600.78,Belgium,Bank Transfer,0,0
T0007450,A000174,C00106,2024-02-28 20:23:03,Direct Debit,Subscriptions,-33.52,Netherlands,Direct Debit,0,0
T0001947,A003038,C01862,2025-08-23 19:03:47,Card Purchase,Dining,-86.85,Belgium,Mobile App,0,0
T0005312,A003095,C01895,2025-05-02 09:56:21,Card Purchase,Fuel,-30.69,Netherlands,Online,0,0
T0000741,A002784,C01703,2025-02-12 03:33:56,Card Purchase,Groceries,-39.08,Luxembourg,Online,0,0
T0009144,A003065,C01879,2024-05-30 19:21:38,Transfer Out,Transfer,-608.15,Netherlands,Mobile App,0,0
T0004504,A002588,C01585,2024-12-05 08:02:40,Transfer Out,Transfer,-201.6,France,Bank Transfer,0,0
T0009514,A002622,C01604,2024-09-23 18:29:06,Transfer Out,Transfer,-128.45,Germany,Bank Transfer,0,0
T0004209,A001869,C01149,2025-12-15 02:47:42,Card Purchase,Retail,-51.43,Luxembourg,Mobile App,0,0
T0003462,A004084,C02498,2025-12-09 06:07:59,Transfer In,Transfer,280.77,Belgium,Bank Transfer,0,0
T0007904,A000267,C00166,2025-09-24 00:57:32,Card Purchase,Groceries,-22.44,Belgium,Card Present,0,0
T0002066,A001558,C00956,2024-07-23 18:50:35,Card Purchase,Entertainment,-54.1,Belgium,Online,0,0
T0009097,A001273,C00780,2024-11-20 21:43:24,Direct Debit,Housing,-723.0,Germany,Direct Debit,0,0
T0003573,A000438,C00272,2024-07-08 17:44:43,Cash Withdrawal,Cash,-80,Germany,ATM,0,0
T0000730,A002895,C01766,2024-12-28 00:25:55,Card Purchase,Retail,-384.39,Belgium,Card Present,0,0
T0006370,A000007,C00004,2024-01-30 06:18:49,Transfer In,Transfer,507.48,Belgium,Bank Transfer,0,0
T0008284,A004047,C02472,2025-09-22 20:19:47,Card Purchase,Entertainment,-53.96,France,Card Present,0,0
T0001776,A003872,C02366,2026-04-14 12:14:12,Cash Withdrawal,Cash,-150,Germany,ATM,0,0
T0003433,A002861,C01747,2026-08-01 05:00:28,Transfer In,Transfer,65.84,France,Mobile App,0,0
T0005935,A001439,C00883,2026-05-11 00:22:46,Card Purchase,Groceries,-54.91,Belgium,Card Present,0,0
T0007483,A001247,C00763,2025-05-15 05:01:01,Card Purchase,Groceries,-78.64,Belgium,Mobile App,0,0
T0001915,A000169,C00103,2026-04-12 18:35:32,Transfer In,Transfer,413.41,France,Bank Transfer,0,0
T0006218,A000619,C00381,2025-08-06 20:01:15,Direct Debit,Insurance,-141.4,Netherlands,Direct Debit,0,0
T0006288,A003249,C01991,2024-07-08 16:24:27,Interest,Interest,16.45,Belgium,Bank Transfer,0,0
T0000816,A003865,C02362,2025-05-08 05:39:12,Transfer Out,Transfer,-2151.55,France,Mobile App,0,0
T0003041,A003381,C02068,2024-01-05 03:16:47,Transfer Out,Transfer,-271.41,Belgium,Mobile App,0,0
T0004905,A000154,C00094,2025-01-24 04:49:29,Card Purchase,Groceries,-38.27,Netherlands,Online,0,0
T0004452,A002691,C01643,2025-04-29 06:13:54,Transfer Out,Transfer,-197.08,Netherlands,Mobile App,0,0
T0006664,A000137,C00082,2024-12-16 00:49:22,Transfer Out,Transfer,-172.74,,Bank Transfer,0,0
T0000099,A003075,C01885,2024-04-07 11:50:29,Transfer In,Transfer,564.38,Belgium,Bank Transfer,0,0
T0006533,A002655,C01624,2026-05-09 23:19:04,Transfer In,Transfer,249.52,Belgium,Mobile App,0,0
T0005519,A001802,C01111,2024-11-27 10:59:21,Card Purchase,E-commerce,-96.34,Belgium,Card Present,0,0
T0007537,A002211,C01356,2024-08-30 00:27:16,Transfer Out,Transfer,-267.19,France,Bank Transfer,0,0
T0000629,A002077,C01275,2024-05-19 12:28:28,Card Purchase,Travel,-117.23,Belgium,Mobile App,0,0
T0005353,A002634,C01611,2024-06-21 03:32:51,Card Purchase,Travel,-328.4,Netherlands,Online,0,0
T0000750,A000847,C00518,2025-01-01 06:21:45,Transfer In,Transfer,183.63,France,Bank Transfer,0,0
T0002364,A000564,C00348,2024-03-22 03:45:28,Card Purchase,Groceries,-28.22,Belgium,Card Present,0,0
T0008888,A000169,C00103,2025-02-14 22:56:05,Interest,Interest,6.43,France,Mobile App,0,0
T0009282,A000660,C00405,2025-10-13 17:06:48,Card Purchase,Retail,-32.87,Belgium,Card Present,0,0
T0002265,A002455,C01508,2026-01-21 02:28:49,Card Purchase,Dining,-78.18,Belgium,Online,0,0
T0005791,A000503,C00314,2024-07-19 22:43:31,Transfer In,Transfer,320.49,Belgium,Mobile App,0,0
T0007714,A002993,C01830,2025-07-28 20:25:23,Transfer Out,Transfer,-121.87,France,Bank Transfer,0,0
T0006377,A002705,C01654,2025-06-16 18:44:10,Direct Debit,Utilities,-166.77,France,Direct Debit,0,0
T0008949,A002709,C01656,2024-09-16 01:53:29,Card Purchase,Groceries,-308.75,Belgium,Card Present,0,0
T0000644,A000377,C00236,2024-04-18 08:41:03,Transfer Out,Transfer,-48.56,Belgium,Mobile App,0,0
T0006447,A002161,C01325,2025-08-23 12:27:45,Transfer Out,Transfer,-61.4,Belgium,Bank Transfer,0,0
T0008358,A002362,C01451,2025-04-16 22:37:30,Transfer Out,Transfer,-622.54,Germany,Bank Transfer,0,0
T0001824,A002756,C01684,2024-10-31 10:39:14,Transfer In,Transfer,33.36,Germany,Mobile App,0,0
T0001005,A004038,C02465,2025-08-28 06:40:29,Cash Withdrawal,Cash,-50,France,ATM,0,0
T0004974,A001926,C01183,2024-12-26 17:57:10,Direct Debit,Subscriptions,-24.47,France,Direct Debit,0,0
T0001980,A000999,C00610,2024-08-03 11:47:13,Card Purchase,Travel,-198.93,Germany,Card Present,0,0
T0009662,A001511,C00928,2024-03-26 02:11:08,Card Purchase,Retail,-109.02,France,Card Present,0,0
T0003031,A000038,C00022,2024-12-01 04:42:20,Card Purchase,E-commerce,-105.15,France,Online,0,0
T0004449,A000462,C00286,2025-12-27 19:47:59,Transfer Out,Transfer,-320.25,France,Bank Transfer,0,0
T0006910,A001815,C01119,2025-03-27 15:17:29,Direct Debit,Housing,-994.21,Belgium,Direct Debit,0,0
T0000970,A002501,C01533,2025-02-18 09:44:03,Card Purchase,Dining,-44.43,France,Online,0,0
T0007099,A002134,C01309,2025-07-20 22:17:26,Transfer In,Transfer,996.74,Belgium,Bank Transfer,0,0
T0006678,A000100,C00059,2024-08-17 11:19:54,Card Purchase,Travel,-106.4,Germany,Card Present,0,0
T0000512,A002370,C01456,2026-08-11 07:36:57,Transfer Out,Transfer,-764.09,Belgium,Mobile App,0,0
T0005024,A003750,C02291,2024-07-06 06:50:05,Transfer Out,Transfer,-104.52,France,Bank Transfer,0,0
T0009435,A003795,C02316,2024-04-19 04:46:10,Card Purchase,Healthcare,-136.42,Belgium,Card Present,0,0
T0004929,A000506,C00315,2026-05-29 15:30:09,Transfer In,Transfer,247.85,France,Bank Transfer,0,0
T0005702,A003256,C01995,2026-04-30 19:19:26,Transfer In,Transfer,201.82,Belgium,Mobile App,0,0
T0005878,A000642,C00394,2026-03-18 07:37:38,Card Purchase,Dining,-18.81,Belgium,Card Present,0,0
T0000396,A000928,C00566,2026-06-18 16:29:30,Card Purchase,E-commerce,-114.93,France,Card Present,0,0
T0001090,A002958,C01808,2025-02-05 23:03:35,Card Purchase,Entertainment,-50.03,Belgium,Card Present,0,0
T0006392,A000417,C00260,2025-04-23 07:43:21,Card Purchase,Travel,-220.93,France,Mobile App,0,0
T0009717,A000011,C00006,2026-04-13 02:33:25,Salary,Salary,3980.51,Netherlands,Mobile App,0,0
T0009659,A000190,C00118,2024-08-24 06:07:43,Card Purchase,Dining,-21.89,Belgium,Card Present,0,0
T0008346,A000798,C00488,2025-07-08 20:08:56,Direct Debit,Utilities,-159.09,Netherlands,Direct Debit,0,0
T0008680,A001602,C00986,2025-01-15 10:48:40,Interest,Interest,0.75,Belgium,Mobile App,0,0
T0002718,A003495,C02137,2024-10-13 04:48:15,Cash Withdrawal,Cash,-60,Belgium,ATM,0,0
T0000975,A003453,C02111,2026-02-05 18:43:36,Interest,Interest,13.47,Belgium,Bank Transfer,0,0
T0002178,A000658,C00404,2025-07-19 15:39:59,Transfer Out,Transfer,-131.56,Belgium,Bank Transfer,0,0
T0003479,A002833,C01730,2025-10-07 01:54:26,Card Purchase,Groceries,-48.96,Belgium,Online,0,1
T0005448,A001716,C01059,2025-02-06 22:58:43,Transfer In,Transfer,335.82,Belgium,Mobile App,0,0
T0008920,A003267,C02002,2026-04-08 14:13:48,Transfer Out,Transfer,-303.81,Belgium,Bank Transfer,0,0
T0005200,A002143,C01315,2024-09-06 18:56:08,Interest,Interest,11.77,Belgium,Bank Transfer,0,0
T0004661,A002120,C01301,2025-09-24 23:14:07,Direct Debit,Telecom,-74.44,Belgium,Direct Debit,0,0
T0002503,A002982,C01823,2025-05-27 16:16:17,Transfer Out,Transfer,-206.9,Netherlands,Bank Transfer,0,0
T0007781,A003961,C02422,2024-08-02 07:53:38,Card Purchase,Travel,-167.12,Germany,Card Present,0,0
T0008840,A000822,C00502,2026-07-17 23:31:23,Card Purchase,Travel,-218.46,Netherlands,Mobile App,0,0
T0009068,A000982,C00600,2025-01-19 21:01:47,Direct Debit,Insurance,-154.77,Luxembourg,Direct Debit,0,0
T0007115,A002859,C01746,2024-09-12 18:32:58,Salary,Salary,2603.86,Belgium,Bank Transfer,0,0
T0003306,A003845,C02349,2024-10-08 09:05:40,Transfer In,Transfer,698.86,France,Mobile App,0,0
T0009098,A003138,C01918,2025-05-27 00:33:49,Card Purchase,Groceries,-48.34,Netherlands,Online,0,0
T0002380,A001287,C00790,2026-02-10 23:19:42,Transfer In,Transfer,618.61,Belgium,Bank Transfer,0,0
T0007715,A002369,C01455,2025-02-24 12:27:07,Direct Debit,Utilities,-155.71,Belgium,Direct Debit,0,0
T0008971,A003879,C02371,2024-09-25 10:51:07,Salary,Salary,2362.14,Belgium,Mobile App,0,0
T0009313,A001951,C01196,2025-01-22 18:26:45,Card Purchase,Healthcare,-105.36,Belgium,Online,0,0
T0001788,A002614,C01599,2024-07-23 00:24:01,Transfer Out,Transfer,-40.77,Belgium,Bank Transfer,0,0
T0004871,A001327,C00817,2025-02-28 04:55:46,Transfer In,Transfer,332.35,France,Mobile App,0,0
T0007503,A000356,C00221,2025-09-22 05:18:45,Direct Debit,Utilities,-145.94,Belgium,Direct Debit,0,0
T0008843,A003794,C02316,2024-08-04 01:27:23,Card Purchase,Travel,-183.19,Belgium,Online,0,0
T0003643,A002378,C01460,2024-02-02 10:58:04,Transfer Out,Transfer,-1085.36,Belgium,Bank Transfer,0,0
T0002235,A000802,C00489,2024-10-10 16:48:12,Transfer Out,Transfer,-927.15,Belgium,Bank Transfer,0,0
T0001609,A002075,C01273,2025-08-18 21:10:08,Transfer In,Transfer,437.32,Netherlands,Mobile App,0,0
T0000366,A003209,C01966,2025-09-23 14:02:40,Transfer In,Transfer,461.49,Belgium,Mobile App,0,0
T0000112,A000427,C00266,2025-01-21 17:17:15,Card Purchase,Retail,-74.48,Netherlands,Card Present,0,0
T0007379,A001762,C01089,2024-10-28 09:59:12,Salary,Salary,3551.1,Belgium,Bank Transfer,0,0
T0000377,A003059,C01875,2024-11-30 19:04:13,Card Purchase,Travel,-409.75,,Online,0,0
T0000273,A002418,C01485,2026-01-14 21:47:51,Transfer Out,Transfer,-226.68,Netherlands,Mobile App,0,0
T0007334,A002009,C01233,2024-03-03 13:23:20,Transfer In,Transfer,256.93,Germany,Mobile App,0,0
T0006977,A000545,C00337,2025-02-18 20:42:51,Transfer In,Transfer,158.73,France,Mobile App,0,0
T0009630,A002972,C01817,2024-03-30 12:17:52,Transfer In,Transfer,1002.35,France,Mobile App,0,0
T0007207,A001331,C00819,2025-07-18 11:37:29,Transfer Out,Transfer,-921.61,Luxembourg,Bank Transfer,0,0
T0004445,A002798,C01710,2024-04-14 02:26:11,Card Purchase,Travel,-305.27,Belgium,Card Present,0,0
T0005377,A004014,C02453,2025-12-16 19:43:09,Transfer In,Transfer,553.02,France,Mobile App,0,0
T0000993,A000017,C00010,2024-11-23 01:27:24,Direct Debit,Subscriptions,-27.59,Netherlands,Direct Debit,0,0
T0007898,A002401,C01475,2025-08-19 03:05:09,Card Purchase,Travel,-179.18,Belgium,Online,0,0
T0006386,A003578,C02189,2026-04-09 15:22:06,Interest,Interest,5.39,Germany,Mobile App,0,0
T0000311,A002845,C01737,2024-01-27 02:02:36,Card Purchase,Fuel,-125.37,Netherlands,Card Present,0,0
T0001230,A004047,C02472,2024-07-23 06:40:36,Card Purchase,Healthcare,-62.31,France,Online,0,0
T0006673,A003978,C02432,2024-07-09 15:20:05,Transfer Out,Transfer,-153.89,Belgium,Bank Transfer,0,0
T0009045,A001236,C00754,2024-08-05 22:46:53,Direct Debit,Insurance,-142.21,Belgium,Direct Debit,0,0
T0003701,A002665,C01628,2026-04-29 16:26:15,Card Purchase,Fuel,-52.6,,Mobile App,0,0
T0002704,A000769,C00472,2026-07-11 09:29:21,Salary,Salary,2817.05,Belgium,Mobile App,0,0
T0002569,A004028,C02461,2026-07-07 17:32:44,Cash Withdrawal,Cash,-80,Germany,ATM,0,0
T0005148,A003296,C02020,2026-08-03 16:13:54,Transfer Out,Transfer,-1156.79,Belgium,Mobile App,0,0
T0004804,A000769,C00472,2024-03-31 16:14:01,Card Purchase,Fuel,-53.06,Belgium,Card Present,0,0
T0002919,A003430,C02097,2025-10-18 07:31:59,Card Purchase,Travel,-242.24,Netherlands,Online,0,0
T0000376,A000559,C00345,2026-05-17 11:08:53,Card Purchase,Dining,-15.6,Belgium,Card Present,0,0
T0005600,A002428,C01490,2025-09-17 01:13:34,Card Purchase,Entertainment,-46.14,Germany,Online,0,0
T0002081,A001673,C01028,2025-02-16 23:02:54,Card Purchase,Travel,-428.67,Belgium,Card Present,0,0
T0005334,A000392,C00243,2025-12-05 08:55:38,Transfer In,Transfer,252.35,Netherlands,Mobile App,0,0
T0009643,A002095,C01286,2024-07-07 03:41:11,Card Purchase,Groceries,-141.15,Germany,Card Present,0,0
T0004553,A001203,C00732,2024-04-03 03:48:26,Transfer Out,Transfer,-839.1,France,Bank Transfer,0,0
T0000134,A001846,C01136,2024-05-29 14:05:57,Transfer Out,Transfer,-144.94,Luxembourg,Mobile App,0,0
T0004348,A002559,C01569,2025-09-01 17:46:03,Cash Withdrawal,Cash,-80,Belgium,ATM,0,0
T0002588,A003090,C01893,2024-06-12 14:46:37,Transfer In,Transfer,104.19,Belgium,Mobile App,0,0
T0009071,A003038,C01862,2026-04-25 15:46:36,Transfer Out,Transfer,-301.34,Belgium,Mobile App,0,0
T0000931,A001122,C00683,2025-04-14 06:57:54,Card Purchase,E-commerce,-56.06,Belgium,Online,0,0
T0006186,A002218,C01360,2024-02-05 16:26:42,Transfer Out,Transfer,-314.81,Netherlands,Bank Transfer,0,0
T0001166,A002210,C01356,2025-04-15 13:28:36,Card Purchase,Retail,-139.11,France,Card Present,0,0
T0009232,A001478,C00908,2026-03-05 17:18:54,Transfer In,Transfer,411.72,Belgium,Bank Transfer,0,0
T0008926,A001924,C01182,2025-02-22 21:30:26,Transfer Out,,-200.78,Netherlands,Mobile App,0,0
T0009762,A001597,C00983,2024-07-24 13:42:40,Transfer In,Transfer,339.94,Belgium,Mobile App,0,0
T0000364,A003994,C02442,2025-05-17 13:19:55,Salary,Salary,2044.12,Belgium,Bank Transfer,0,0
T0006774,A001528,C00939,2024-01-04 15:11:27,Transfer In,Transfer,391.82,France,Bank Transfer,0,0
T0003776,A002384,C01465,2026-01-28 12:00:07,Card Purchase,Fuel,-55.54,Belgium,Online,0,0
T0002042,A004066,C02485,2024-01-16 04:51:44,Card Purchase,Retail,-31.7,Luxembourg,Online,0,0
T0007045,A002967,C01814,2025-04-27 15:54:03,Transfer In,Transfer,786.08,Netherlands,Bank Transfer,0,0
T0006247,A000517,C00321,2026-04-02 11:41:55,Direct Debit,Housing,-980.49,Belgium,Direct Debit,0,0
T0003341,A002340,C01438,2024-08-02 02:28:41,Transfer In,Transfer,738.2,Belgium,Bank Transfer,0,0
T0006039,A001156,C00705,2024-03-23 03:03:07,Transfer In,Transfer,159.77,Luxembourg,Mobile App,0,0
T0005978,A003008,C01841,2025-10-27 14:17:14,Transfer Out,Transfer,-218.51,Netherlands,Mobile App,0,0
T0003679,A001421,C00872,2026-05-18 23:39:39,Transfer In,Transfer,146.22,Belgium,Mobile App,0,0
T0002471,A000722,C00440,2024-04-03 14:19:05,Card Purchase,Retail,-256.36,Belgium,Online,0,0
T0008910,A001659,C01019,2026-04-01 15:31:41,Transfer In,Transfer,109.61,Belgium,Bank Transfer,0,0
T0001535,A000599,C00369,2025-02-26 17:40:03,Transfer Out,Transfer,-153.98,France,Bank Transfer,0,0
T0007426,A004031,C02462,2025-05-11 09:52:09,Transfer Out,Transfer,-85.71,Netherlands,Bank Transfer,0,0
T0005338,A001512,C00929,2025-09-26 03:34:29,Transfer In,Transfer,224.35,Belgium,Mobile App,0,0
T0006771,A003373,C02063,2024-03-31 11:13:07,Transfer Out,Transfer,-137.21,Belgium,Bank Transfer,0,0
T0007191,A003005,C01838,2024-03-30 18:24:22,Cash Withdrawal,Cash,-250,Belgium,ATM,0,0
T0007002,A003600,C02202,2026-07-24 02:15:23,Interest,Interest,11.5,Netherlands,Mobile App,0,0
T0009892,A001601,C00985,2024-05-15 05:59:31,Transfer Out,Transfer,-1447.49,France,Mobile App,0,0
T0003450,A001056,C00643,2025-11-25 21:46:03,Direct Debit,Utilities,-153.39,Netherlands,Direct Debit,0,0
T0003659,A002733,C01669,2025-04-25 22:43:57,Card Purchase,Healthcare,-158.81,France,Card Present,0,0
T0001356,A001727,C01066,2025-04-02 00:03:57,Direct Debit,Housing,-719.29,Netherlands,Direct Debit,0,0
T0000702,A003443,C02107,2026-04-08 02:16:28,Transfer In,Transfer,481.89,Belgium,Bank Transfer,0,0
T0009223,A002175,C01333,2024-05-26 23:52:26,Transfer Out,Transfer,-83.21,Germany,Mobile App,0,0
T0009623,A002237,C01374,2024-06-28 04:38:20,Transfer In,Transfer,47.94,Netherlands,Mobile App,0,0
T0001556,A000531,C00328,2025-01-21 15:45:27,Card Purchase,Travel,-305.51,Belgium,Online,0,0
T0007697,A002459,C01510,2025-09-11 16:11:32,Cash Withdrawal,Cash,-50,Netherlands,ATM,0,0
T0009266,A000198,C00124,2026-07-03 12:50:43,Transfer Out,Transfer,-1021.45,Netherlands,Bank Transfer,0,0
T0003587,A002618,C01602,2025-07-13 02:28:18,Direct Debit,Insurance,-127.81,Belgium,Direct Debit,0,0
T0007633,A002814,C01718,2024-11-26 22:02:26,Card Purchase,Healthcare,-127.11,Netherlands,Card Present,0,0
T0002429,A002766,C01692,2024-09-29 20:46:57,Card Purchase,Dining,-38.47,Belgium,Online,0,0
T0006892,A000804,C00490,2024-12-30 12:08:32,Transfer In,Transfer,569.76,Belgium,Mobile App,0,0
T0005926,A003535,C02161,2025-09-02 02:14:08,Cash Withdrawal,Cash,-200,Germany,ATM,0,0
T0003198,A002175,C01333,2024-07-03 19:59:08,Transfer In,Transfer,2000.06,Germany,Bank Transfer,0,0
T0007586,A000908,C00555,2024-04-21 18:07:52,Transfer Out,Transfer,-171.43,Belgium,Bank Transfer,0,0
T0004410,A001765,C01091,2024-02-21 14:06:30,Card Purchase,Fuel,-25.76,Belgium,Card Present,0,0
T0003468,A000828,C00505,2025-05-13 00:42:20,Direct Debit,Subscriptions,-29.63,Netherlands,Direct Debit,0,0
T0007251,A002376,C01459,2026-08-19 00:21:22,Transfer In,Transfer,95.47,Belgium,Mobile App,0,0
T0000630,A000006,C00003,2025-01-31 05:50:52,Card Purchase,Healthcare,-94.01,France,Card Present,0,0
T0000002,A000520,C00322,2024-01-17 15:46:25,Direct Debit,Utilities,-155.94,Belgium,Direct Debit,0,0
T0009988,A003072,C01884,2025-03-05 09:04:11,Transfer In,Transfer,230.46,Luxembourg,Mobile App,0,0
T0004417,A002830,C01728,2026-06-02 20:13:28,Transfer In,Transfer,786.14,Germany,Bank Transfer,0,0
T0006032,A003741,C02286,2025-06-28 19:44:20,Card Purchase,Healthcare,-45.59,France,Online,0,0
T0004863,A002398,C01473,2025-09-21 07:24:31,Card Purchase,Groceries,-44.92,Belgium,Mobile App,0,0
T0003091,A002176,C01333,2025-10-07 04:53:02,Card Purchase,Healthcare,-52.66,Germany,Card Present,0,0
T0000928,A000616,C00379,2025-10-26 14:56:56,Cash Withdrawal,Cash,-40,Belgium,ATM,0,0
T0001342,A000020,C00012,2024-07-28 08:54:25,Card Purchase,Groceries,-44.92,France,Card Present,0,0
T0006044,A003573,C02186,2024-03-11 15:19:03,Card Purchase,Fuel,-63.29,Netherlands,Online,0,0
T0009128,A000383,C00239,2024-07-29 20:31:41,Card Purchase,Travel,-326.69,Belgium,Online,0,0
T0005724,A003918,C02397,2025-12-28 22:44:58,Transfer In,Transfer,134.26,Germany,Mobile App,0,0
T0004483,A002308,C01418,2025-02-20 04:03:10,Transfer In,Transfer,143.23,Belgium,Bank Transfer,0,0
T0003811,A002497,C01531,2026-03-12 09:31:45,Card Purchase,Healthcare,-107.63,Germany,Card Present,0,0
T0006546,A002540,C01557,2024-02-09 01:26:48,Transfer Out,Transfer,-63.7,France,Bank Transfer,0,0
T0004416,A002785,C01703,2025-12-22 11:58:29,Transfer In,Transfer,201.78,Luxembourg,Bank Transfer,0,0
T0008386,A001790,C01104,2024-01-15 12:26:45,Direct Debit,Subscriptions,-28.53,Germany,Direct Debit,0,0
T0004643,A003765,C02299,2024-07-15 22:06:37,Direct Debit,Subscriptions,-38.47,Germany,Direct Debit,0,0
T0009523,A001077,C00655,2025-09-12 21:09:30,Salary,Salary,1799.21,Netherlands,Bank Transfer,0,0
T0002548,A002584,C01583,2026-08-11 05:50:18,Card Purchase,Dining,-25.08,Belgium,Card Present,0,0
T0007988,A000835,C00509,2026-06-03 13:26:30,Transfer Out,Transfer,-542.92,France,Bank Transfer,0,0
T0009581,A002240,C01376,2024-07-09 13:12:56,Card Purchase,Travel,-438.17,Luxembourg,Card Present,1,0
T0001345,A002471,C01516,2025-03-31 08:41:27,Transfer In,Transfer,125.27,Germany,Mobile App,0,0
T0000352,A003352,C02051,2025-08-21 11:10:22,Transfer In,Transfer,291.72,Belgium,Bank Transfer,0,0
T0008704,A000686,C00420,2025-09-08 12:30:01,Direct Debit,Insurance,-124.09,Netherlands,Direct Debit,0,0
T0003459,A001103,C00672,2026-02-22 23:35:18,Direct Debit,Telecom,-79.57,Netherlands,Direct Debit,0,0
T0002298,A003933,C02406,2025-03-18 09:43:16,Direct Debit,Housing,-831.18,Netherlands,Direct Debit,0,0
T0005875,A000045,C00026,2024-03-03 03:45:39,Card Purchase,Healthcare,-30.75,Belgium,Mobile App,0,0
T0008804,A002551,C01564,2025-04-21 07:11:31,Cash Withdrawal,Cash,-80,Belgium,ATM,0,0
T0000421,A000825,C00503,2024-10-15 02:59:16,Card Purchase,Fuel,-82.24,Belgium,Online,0,0
T0004939,A001317,C00811,2024-06-08 01:13:43,Card Purchase,Travel,-122.81,Netherlands,Card Present,1,0
T0007329,A002572,C01579,2024-06-02 02:28:59,Card Purchase,Entertainment,-76.24,Belgium,Card Present,0,0
T0000799,A001705,C01050,2026-06-14 16:06:23,Direct Debit,Insurance,-77.79,Belgium,Direct Debit,0,0
T0006581,A001240,C00756,2024-01-31 14:01:42,Transfer In,Transfer,189.58,Netherlands,Mobile App,0,0
T0009956,A003582,C02191,2025-07-18 15:21:07,Direct Debit,Utilities,-105.49,France,Direct Debit,0,0
T0006098,A001207,C00734,2026-06-25 04:16:45,Card Purchase,Dining,-40.87,,Card Present,0,0
T0000895,A001174,C00715,2024-12-08 18:34:16,Transfer In,Transfer,754.46,Netherlands,Bank Transfer,0,0
T0000069,A001677,C01031,2025-11-27 02:27:57,Card Purchase,E-commerce,-77.0,Belgium,Card Present,0,0
T0000610,A001453,C00890,2026-04-14 04:50:31,Card Purchase,Groceries,-52.42,Netherlands,Card Present,0,0
T0006437,A003130,C01913,2025-05-19 10:47:30,Transfer Out,Transfer,-1245.36,Belgium,Mobile App,0,0
T0001545,A002493,C01529,2025-08-31 04:11:39,Card Purchase,Travel,-198.26,Netherlands,Card Present,0,0
T0004131,A002548,C01562,2026-05-11 05:25:19,Card Purchase,Entertainment,-64.27,Germany,Card Present,0,0
T0004773,A002309,C01419,2025-05-12 20:00:41,Direct Debit,Telecom,-55.31,Netherlands,Direct Debit,0,0
T0003421,A002807,C01715,2024-04-20 16:24:43,Transfer Out,Transfer,-84.86,Belgium,Bank Transfer,0,0
T0008131,A003595,C02200,2024-03-02 10:17:18,Card Purchase,Entertainment,-33.22,Netherlands,Card Present,0,0
T0006568,A002877,C01756,2025-11-12 05:04:21,Card Purchase,E-commerce,-59.5,Germany,Card Present,0,0
T0009288,A003422,C02091,2025-11-13 11:48:31,Transfer In,Transfer,174.61,Germany,Bank Transfer,0,0
T0000701,A002300,C01412,2024-05-07 00:56:30,Transfer In,Transfer,1314.42,Netherlands,Mobile App,0,0
T0005275,A003729,C02278,2024-01-26 11:29:08,Transfer In,Transfer,336.2,Belgium,Mobile App,0,0
T0001136,A002041,C01251,2024-01-31 16:43:11,Card Purchase,Dining,-36.11,Netherlands,Card Present,0,0
T0008246,A000591,C00364,2024-03-01 04:19:41,Cash Withdrawal,Cash,-50,Belgium,ATM,0,0
T0004050,A000872,C00534,2024-08-09 05:17:50,Transfer In,Transfer,225.12,Belgium,Bank Transfer,0,0
T0003528,A004074,C02490,2025-02-01 05:40:14,Direct Debit,Utilities,-147.21,Belgium,Direct Debit,0,0
T0004159,A002734,C01670,2024-04-12 21:45:46,Salary,Salary,2200.74,France,Bank Transfer,0,0
T0008154,A002879,C01757,2024-04-15 02:13:04,Cash Withdrawal,Cash,-50,Netherlands,ATM,0,0
T0006935,A002074,C01272,2025-03-16 22:42:53,Transfer In,Transfer,603.55,Luxembourg,Mobile App,0,0
T0009241,A003512,C02148,2026-08-12 00:54:51,Card Purchase,Travel,-214.94,Belgium,Card Present,0,0
T0008506,A003407,C02082,2024-02-19 19:07:57,Transfer In,Transfer,437.15,Belgium,Mobile App,0,0
T0007509,A002576,C01581,2026-01-29 14:00:17,Salary,Salary,3555.98,France,Mobile App,0,0
T0003774,A001827,C01127,2024-06-29 20:00:56,Card Purchase,Groceries,-20.29,Belgium,Card Present,0,0
T0001105,A002991,C01829,2026-05-09 16:04:30,Transfer Out,Transfer,-421.9,Belgium,Mobile App,0,0
T0004988,A002531,C01551,2025-06-16 20:02:26,Transfer Out,Transfer,-352.72,Germany,Mobile App,0,0
T0004305,A000807,C00492,2025-03-16 02:22:57,Transfer Out,Transfer,-79.15,France,Mobile App,0,0
T0002710,A001003,C00612,2026-06-10 00:32:25,Transfer Out,Transfer,-113.73,Germany,Bank Transfer,0,0
T0003593,A002143,C01315,2026-07-27 19:26:13,Transfer In,Transfer,872.1,Belgium,Bank Transfer,0,0
T0003174,A002326,C01430,2025-07-18 17:33:16,Card Purchase,Fuel,-30.62,Belgium,Card Present,0,0
T0000146,A001433,C00879,2025-01-12 16:54:45,Card Purchase,Groceries,-258.94,Belgium,Card Present,0,0
T0006458,A003682,C02251,2024-07-01 13:08:05,Transfer Out,Transfer,-597.07,Belgium,Bank Transfer,0,0
T0007630,A000576,C00356,2025-03-11 23:49:53,Transfer Out,Transfer,-156.69,France,Bank Transfer,0,0
T0005199,A001096,C00667,2024-03-24 12:55:58,Interest,Interest,4.12,France,Mobile App,0,0
T0007944,A002497,C01531,2025-01-08 22:43:12,Transfer In,Transfer,119.96,Germany,Bank Transfer,0,0
T0009739,A002899,C01769,2025-01-05 06:07:30,Transfer In,Transfer,738.97,Belgium,Bank Transfer,0,0
T0003370,A001253,C00766,2024-06-07 08:12:28,Transfer Out,Transfer,-637.32,Belgium,Bank Transfer,0,0
T0001180,A000842,C00514,2025-10-13 15:25:59,Transfer In,Transfer,155.37,Belgium,Mobile App,0,1
T0005650,A001150,C00702,2026-02-08 09:08:27,Transfer In,Transfer,458.19,Netherlands,Bank Transfer,0,0
T0008961,A002123,C01302,2026-06-07 03:40:15,Transfer In,Transfer,971.65,France,Mobile App,0,0
T0005380,A001854,C01141,2024-09-02 00:17:37,Transfer In,Transfer,602.96,Netherlands,Bank Transfer,0,0
T0002837,A000224,C00142,2026-07-07 17:00:59,Transfer Out,Transfer,-73.52,Netherlands,Mobile App,0,0
T0006344,A003078,C01886,2024-02-12 14:21:35,Transfer Out,Transfer,-191.54,France,Mobile App,0,0
T0007070,A000959,C00584,2025-06-17 00:23:35,Transfer Out,Transfer,-211.15,Belgium,Mobile App,0,0
T0003805,A001490,C00916,2024-10-27 02:32:44,Transfer Out,Transfer,-217.33,Belgium,Mobile App,0,0
T0001896,A002338,C01437,2025-06-20 19:42:33,Direct Debit,Housing,-662.68,Belgium,Direct Debit,0,0
T0000131,A001831,C01129,2025-06-16 14:53:30,Transfer In,Transfer,201.99,Netherlands,Mobile App,0,0
T0001941,A000831,C00506,2026-08-07 22:14:29,Transfer In,Transfer,2482.62,Germany,Mobile App,0,0
T0009114,A002963,C01812,2025-02-05 06:53:25,Card Purchase,Healthcare,-80.16,Netherlands,Mobile App,0,0
T0003584,A003762,C02297,2025-04-25 16:02:51,Card Purchase,Retail,-48.03,Belgium,Card Present,0,0
T0000913,A001646,C01011,2024-11-16 15:30:59,Card Purchase,Entertainment,-27.3,Belgium,Card Present,0,0
T0000229,A002793,C01708,2025-02-20 16:04:07,Cash Withdrawal,Cash,-150,Luxembourg,ATM,0,0
T0008148,A000889,C00544,2025-08-02 16:27:19,Transfer Out,Transfer,-743.97,Belgium,Bank Transfer,0,0
T0007497,A002921,C01784,2024-06-15 08:25:35,Transfer Out,Transfer,-194.9,Netherlands,Bank Transfer,0,0
T0000709,A003811,C02328,2025-10-31 07:50:35,Transfer Out,Transfer,-614.37,Belgium,Bank Transfer,0,0
T0008226,A001761,C01088,2025-03-28 12:51:57,Card Purchase,Retail,-175.93,Germany,Card Present,0,0
T0006890,A001167,C00711,2025-09-15 05:08:17,Card Purchase,Entertainment,-33.23,Germany,Online,0,0
T0008422,A001317,C00811,2025-08-29 22:55:10,Transfer Out,Transfer,-867.69,Belgium,Bank Transfer,0,0
T0007995,A001985,C01216,2024-08-06 13:14:54,Card Purchase,Entertainment,-75.59,Netherlands,Mobile App,0,0
T0004806,A000380,C00237,2025-04-01 17:43:58,Transfer In,Transfer,262.19,Luxembourg,Bank Transfer,0,0
T0007961,A003606,C02206,2026-08-24 22:51:19,Transfer In,Transfer,852.15,Belgium,Bank Transfer,0,0
T0006436,A001624,C00999,2025-01-27 16:26:06,Card Purchase,Fuel,-44.42,Belgium,Card Present,0,0
T0006105,A000002,C00002,2025-04-20 16:49:03,Direct Debit,Utilities,-135.89,Netherlands,Direct Debit,0,0
T0000499,A000119,C00071,2024-03-29 22:55:46,Transfer In,Transfer,143.7,Luxembourg,Mobile App,0,0
T0003049,A001933,C01186,2024-01-10 20:03:21,Card Purchase,Retail,-70.81,Belgium,Online,0,0
T0004137,A003101,C01898,2025-07-24 01:36:40,Card Purchase,Travel,-212.62,Belgium,Online,0,0
T0001150,A002835,C01730,2024-09-09 05:21:08,Transfer In,Transfer,181.42,Belgium,Bank Transfer,0,0
T0002018,A000162,C00099,2024-04-14 05:22:18,Direct Debit,Subscriptions,-21.16,Belgium,Direct Debit,0,0
T0006075,A001704,C01049,2025-01-18 22:38:34,Card Purchase,Fuel,-68.26,Netherlands,Mobile App,0,0
T0000557,A002189,C01343,2024-12-22 16:53:59,Cash Withdrawal,Cash,-150,Luxembourg,ATM,0,0
T0004800,A003511,C02147,2025-11-28 00:47:04,Transfer Out,Transfer,-231.02,Germany,Mobile App,0,0
T0006873,A000896,C00548,2026-07-31 04:06:46,Transfer In,Transfer,131.44,France,Mobile App,0,0
T0000732,A000908,C00555,2026-05-02 14:35:33,Transfer In,Transfer,756.05,Belgium,Bank Transfer,0,0
T0006875,A000547,C00338,2026-01-05 10:39:36,Transfer In,Transfer,307.59,Belgium,Bank Transfer,0,0
T0007141,A003850,C02352,2025-03-07 22:22:54,Interest,Interest,15.91,France,Bank Transfer,0,0
T0006965,A001262,C00771,2024-05-16 10:56:13,Card Purchase,Groceries,-118.81,France,Card Present,0,0
T0008006,A001234,C00752,2026-06-26 06:15:38,Transfer In,Transfer,82.56,Belgium,Bank Transfer,0,0
T0008809,A003278,C02010,2026-06-20 19:10:56,Transfer Out,Transfer,-51.98,Belgium,Mobile App,0,0
T0004629,A003708,C02265,2025-08-24 06:47:35,Transfer In,Transfer,124.44,France,Bank Transfer,0,0
T0005858,A002954,C01806,2024-05-06 23:51:47,Transfer Out,Transfer,-295.66,Belgium,Mobile App,0,0
T0000363,A000698,C00427,2024-11-11 13:38:29,Cash Withdrawal,Cash,-250,Belgium,ATM,0,0
T0007171,A003205,C01964,2024-06-13 19:14:04,Transfer Out,Transfer,-200.56,France,Mobile App,0,0
T0007550,A000623,C00384,2024-11-08 23:57:26,Transfer In,Transfer,519.3,Belgium,Bank Transfer,0,0
T0002376,A002618,C01602,2025-10-07 23:14:15,Salary,Salary,3685.72,Belgium,Mobile App,0,0
T0006199,A003352,C02051,2024-08-22 14:33:15,Transfer In,Transfer,740.42,Belgium,Bank Transfer,0,0
T0002541,A004014,C02453,2024-08-29 01:44:10,Card Purchase,Dining,-14.19,France,Online,0,0
T0008810,A002988,C01827,2026-02-20 19:25:25,Transfer In,Transfer,260.37,Germany,Bank Transfer,0,0
T0001217,A001350,C00828,2024-07-01 09:36:24,Card Purchase,Retail,-186.04,Belgium,Card Present,0,0
T0008051,A000765,C00470,2024-05-29 11:45:36,Transfer In,Transfer,74.34,Netherlands,Mobile App,0,0
T0004787,A001579,C00971,2025-12-19 17:33:27,Cash Withdrawal,Cash,-40,France,ATM,0,0
T0009557,A004042,C02468,2025-06-22 21:03:51,Transfer In,Transfer,139.8,Belgium,Bank Transfer,0,0
T0002853,A000096,C00056,2024-06-11 22:59:13,Card Purchase,Groceries,-102.02,Belgium,Card Present,0,0
T0009250,A002047,C01255,2025-12-28 23:07:55,Transfer Out,Transfer,-543.73,Germany,Mobile App,0,0
T0006002,A003290,C02016,2024-08-30 16:12:27,Transfer Out,Transfer,-219.61,Netherlands,Bank Transfer,0,0
T0002350,A002101,C01291,2024-08-27 07:25:38,Salary,Salary,7670.43,Luxembourg,Mobile App,0,0
T0006121,A002277,C01399,2024-01-06 10:50:27,Transfer In,Transfer,807.38,Germany,Bank Transfer,0,0
T0001794,A003762,C02297,2026-06-12 20:21:21,Direct Debit,Housing,-734.72,Belgium,Direct Debit,0,0
T0005516,A003519,C02152,2025-10-21 00:50:33,Card Purchase,Dining,-16.91,Belgium,Online,0,0
T0004621,A000506,C00315,2025-10-24 05:40:24,Transfer In,Transfer,641.06,France,Bank Transfer,0,0
T0008720,A000842,C00514,2024-05-06 04:43:44,Transfer In,Transfer,333.44,Belgium,Bank Transfer,0,0
T0005608,A003750,C02291,2025-11-12 18:54:37,Interest,Interest,14.9,France,Mobile App,0,0
T0002844,A002780,C01700,2025-05-09 19:48:19,Card Purchase,Healthcare,-42.99,Netherlands,Card Present,0,0
T0000462,A000833,C00507,2025-01-01 00:05:11,Card Purchase,Travel,-139.08,Luxembourg,Card Present,1,0
T0002796,A002664,C01627,2024-01-11 20:35:05,Card Purchase,Dining,-112.05,Netherlands,Card Present,0,0
T0005764,A002694,C01646,2026-02-16 11:20:41,Salary,Salary,2794.93,France,Mobile App,0,0
T0004719,A003338,C02043,2024-06-30 09:39:16,Card Purchase,Entertainment,-70.4,Belgium,Mobile App,0,0
T0008370,A003879,C02371,2026-06-28 18:35:13,Card Purchase,Retail,-87.19,Belgium,Card Present,0,0
T0005778,A000909,C00556,2024-07-13 02:32:10,Transfer In,Transfer,155.78,Belgium,Bank Transfer,0,0
T0001727,A001559,C00957,2025-04-25 11:18:53,Card Purchase,Entertainment,-62.37,Netherlands,Card Present,0,0
T0008239,A001269,C00777,2024-07-25 15:07:18,Transfer In,Transfer,98.39,Belgium,Bank Transfer,0,0
T0003170,A002876,C01755,2026-08-06 16:07:58,Card Purchase,E-commerce,-82.97,France,Card Present,0,0
T0000353,A002403,C01476,2025-04-08 08:37:24,Card Purchase,Dining,-94.94,Netherlands,Card Present,0,0
T0005908,A003125,C01911,2024-10-04 04:41:04,Card Purchase,Healthcare,-116.45,France,Online,0,0
T0001547,A002447,C01503,2026-01-04 07:19:26,Transfer Out,Transfer,-971.97,Belgium,Bank Transfer,0,0
T0000688,A000079,C00046,2024-04-19 04:17:41,Card Purchase,Travel,-448.02,United States,Online,1,0
T0008017,A002934,C01793,2026-02-23 08:33:38,Salary,Salary,3551.4,Belgium,Bank Transfer,0,0
T0005952,A000295,C00184,2024-11-15 17:05:38,Salary,Salary,2190.71,Netherlands,Mobile App,0,0
T0003146,A001580,C00972,2026-06-26 22:57:58,Transfer Out,Transfer,-366.75,Netherlands,Mobile App,0,0
T0006206,A002063,C01267,2025-07-10 09:24:22,Transfer In,Transfer,37.09,Germany,Mobile App,0,0
T0006654,A001479,C00909,2026-04-05 10:16:53,Card Purchase,Healthcare,-80.71,Belgium,Card Present,0,0
T0001587,A000581,C00359,2024-07-05 05:49:07,Transfer In,Transfer,333.66,Belgium,Mobile App,0,0
T0009538,A000675,C00415,2026-02-28 17:23:56,Transfer In,Transfer,184.81,Germany,Bank Transfer,0,0
T0007393,A003985,C02436,2025-12-31 10:59:14,Card Purchase,Healthcare,-130.78,Belgium,Card Present,0,0
T0001478,A002936,C01794,2024-11-22 12:10:36,Card Purchase,Dining,-22.48,Netherlands,Online,1,0
T0000659,A003466,C02118,2024-01-28 21:26:34,Transfer Out,Transfer,-310.27,Belgium,Mobile App,0,0
T0002255,A000744,C00456,2025-06-09 09:24:53,Transfer In,Transfer,203.79,Belgium,Mobile App,0,0
T0004743,A000871,C00533,2024-10-04 13:24:18,Direct Debit,Telecom,-48.42,France,Direct Debit,0,0
T0009885,A001374,C00842,2025-10-11 01:45:10,Card Purchase,Travel,-207.0,Germany,Card Present,0,0
T0008600,A002329,C01432,2024-09-29 12:28:55,Transfer In,Transfer,364.87,Netherlands,Bank Transfer,0,0
T0003182,A003408,C02083,2025-04-05 19:16:02,Transfer Out,Transfer,-493.29,Belgium,Bank Transfer,0,0
T0009281,A001739,C01074,2025-05-12 22:46:10,Transfer Out,Transfer,-165.72,Belgium,Bank Transfer,0,0
T0001012,A001336,C00821,2025-11-26 00:32:29,Card Purchase,E-commerce,-61.71,Netherlands,Card Present,0,0
T0000026,A003338,C02043,2025-03-03 08:42:15,Card Purchase,E-commerce,-51.35,Belgium,Mobile App,0,0
T0003637,A003604,C02205,2025-12-22 10:40:03,Transfer Out,Transfer,-108.5,Belgium,Mobile App,0,0
T0006668,A002554,C01565,2026-06-28 14:33:13,Card Purchase,Travel,-131.51,Belgium,Online,0,0
T0008001,A000186,C00114,2026-04-02 05:28:40,Direct Debit,Utilities,-163.37,Belgium,Direct Debit,0,0
T0002964,A003238,C01984,2025-06-24 07:08:36,Transfer In,Transfer,65.59,Belgium,Bank Transfer,0,0
T0003267,A001524,C00937,2025-11-29 14:44:46,Card Purchase,Groceries,-52.44,Germany,Online,0,0
T0008403,A000649,C00398,2024-10-17 12:28:26,Transfer Out,Transfer,-18.72,France,Mobile App,0,0
T0001469,A004027,C02460,2024-04-07 10:07:52,Transfer Out,,-140.47,Luxembourg,Bank Transfer,0,0
T0000450,A003554,C02171,2026-02-25 04:41:47,Transfer In,Transfer,672.42,Belgium,Mobile App,0,0
T0005288,A003441,C02106,2024-02-18 00:00:10,Transfer Out,Transfer,-40.7,Germany,Bank Transfer,0,0
T0000088,A001773,C01096,2024-02-28 11:51:37,Interest,Interest,11.14,Netherlands,Bank Transfer,0,0
T0007782,A003295,C02019,2026-04-09 18:33:08,Card Purchase,Groceries,-67.86,Belgium,Online,0,0
T0004242,A003422,C02091,2025-04-25 07:31:43,Transfer In,Transfer,404.98,Germany,Mobile App,0,0
T0001767,A003556,C02172,2024-04-13 08:07:36,Card Purchase,Fuel,-130.62,Netherlands,Card Present,0,0
T0007551,A003631,C02221,2024-02-27 16:56:28,Transfer Out,Transfer,-822.55,Netherlands,Mobile App,0,0
T0001101,A001732,C01070,2026-05-19 07:25:48,Transfer In,Transfer,3574.2,Belgium,Bank Transfer,0,0
T0005569,A003007,C01840,2025-01-26 03:03:36,Direct Debit,Insurance,-49.14,Belgium,Direct Debit,0,0
T0001731,A000906,C00554,2024-09-02 14:40:54,Transfer In,Transfer,212.72,Netherlands,Mobile App,0,0
T0004642,A002610,C01597,2024-01-03 18:09:00,Transfer Out,Transfer,-157.9,Netherlands,Bank Transfer,0,0
T0008007,A002394,C01470,2026-03-18 08:28:18,Transfer Out,Transfer,-114.75,Belgium,Bank Transfer,0,0
T0002050,A001589,C00978,2025-03-13 22:10:52,Transfer In,Transfer,226.32,Belgium,Mobile App,0,0
T0002264,A001598,C00983,2025-07-03 12:51:02,Card Purchase,Dining,-51.92,Belgium,Mobile App,0,0
T0008958,A003103,C01899,2026-01-13 02:17:25,Card Purchase,Fuel,-22.99,Netherlands,Mobile App,0,0
T0002474,A001235,C00753,2026-07-12 04:02:22,Card Purchase,Dining,-20.07,France,Card Present,0,0
T0003160,A000388,C00241,2024-11-12 16:57:32,Card Purchase,E-commerce,-89.97,France,Online,0,0
T0005069,A001488,C00915,2024-02-23 17:44:21,Card Purchase,Fuel,-227.05,Netherlands,Online,0,0
T0009028,A000138,C00083,2024-01-23 09:19:11,Salary,Salary,4661.56,Belgium,Bank Transfer,0,0
T0007415,A000476,C00293,2024-05-28 07:20:20,Transfer Out,Transfer,-1139.04,Germany,Mobile App,0,0
T0001214,A000794,C00486,2025-04-20 09:40:46,Salary,Salary,5469.87,Belgium,Mobile App,0,0
T0004388,A000250,C00157,2026-07-04 08:19:43,Transfer In,Transfer,575.77,Belgium,Mobile App,0,0
T0001222,A002553,C01565,2025-09-20 09:21:01,Card Purchase,E-commerce,-84.09,Spain,Online,1,0
T0006328,A004077,C02492,2025-08-17 14:44:54,Transfer Out,Transfer,-92.78,Netherlands,Bank Transfer,0,0
T0005975,A003372,C02063,2026-01-09 09:56:58,Direct Debit,Subscriptions,-25.09,Belgium,Direct Debit,0,0
T0008410,A003254,C01994,2024-05-10 18:56:32,Transfer Out,Transfer,-173.88,France,Bank Transfer,0,0
T0006523,A002063,C01267,2024-07-31 14:23:42,Transfer In,Transfer,136.32,Germany,Bank Transfer,0,0
T0002624,A003090,C01893,2026-07-22 11:23:15,Transfer Out,Transfer,-361.79,Belgium,Bank Transfer,0,0
T0004172,A002106,C01294,2025-08-05 17:09:17,Transfer In,Transfer,139.44,France,Mobile App,0,0
T0004651,A002378,C01460,2024-02-01 05:24:38,Card Purchase,Fuel,-49.3,Belgium,Card Present,0,0
T0008085,A003512,C02148,2025-12-06 07:24:15,Card Purchase,Healthcare,-67.6,Belgium,Online,0,0
T0006611,A002177,C01334,2024-03-08 06:33:35,Card Purchase,Fuel,-124.23,Belgium,Card Present,0,0
T0002816,A001186,C00723,2024-01-20 01:30:06,Transfer In,Transfer,420.71,Belgium,Bank Transfer,0,0
T0006017,A001148,C00701,2026-06-01 15:49:28,Transfer Out,Transfer,-101.0,Netherlands,Mobile App,0,0
T0006739,A000839,C00512,2026-05-28 05:06:34,Transfer Out,Transfer,-232.03,Germany,Bank Transfer,0,0
T0008237,A001610,C00991,2025-03-24 23:20:45,Card Purchase,Groceries,-57.95,Netherlands,Online,0,0
T0003583,A002540,C01557,2026-02-14 19:59:52,Transfer In,Transfer,315.71,France,Mobile App,0,0
T0000756,A003883,C02374,2026-02-07 10:12:30,Transfer Out,Transfer,-458.69,France,Bank Transfer,0,0
T0003670,A000173,C00106,2025-12-15 04:57:34,Transfer In,Transfer,352.49,Netherlands,Bank Transfer,0,0
T0002513,A000876,C00536,2026-08-31 18:42:40,Transfer Out,Transfer,-36.05,France,Bank Transfer,0,0
T0000889,A002559,C01569,2025-07-14 15:09:27,Transfer Out,Transfer,-192.79,Belgium,Bank Transfer,0,0
T0006476,A002559,C01569,2024-01-04 00:03:05,Transfer Out,Transfer,-246.87,Belgium,Bank Transfer,0,0
T0000368,A001781,C01099,2024-02-02 10:14:15,Transfer Out,Transfer,-295.51,Belgium,Mobile App,0,0
T0004626,A001793,C01105,2024-09-11 08:39:12,Card Purchase,Entertainment,-26.55,Germany,Mobile App,0,0
T0006545,A001536,C00943,2026-02-18 03:32:46,Transfer In,Transfer,849.19,Germany,Mobile App,0,0
T0001375,A001241,C00757,2025-11-18 21:04:17,Direct Debit,Housing,-981.86,France,Direct Debit,0,0
T0002664,A002387,C01466,2026-08-29 05:01:58,Transfer In,Transfer,152.4,Germany,Bank Transfer,0,0
T0006021,A002622,C01604,2024-09-14 17:50:01,Transfer In,Transfer,576.77,Germany,Mobile App,0,0
T0006414,A001801,C01111,2025-01-05 12:39:43,Transfer In,Transfer,449.45,Belgium,Mobile App,0,0
T0002378,A002087,C01281,2025-10-14 23:08:27,Transfer Out,Transfer,-801.04,France,Mobile App,0,0
T0001162,A000121,C00072,2024-04-09 13:23:55,Direct Debit,Telecom,-77.61,Netherlands,Direct Debit,0,0
T0002528,A000919,C00562,2024-04-06 19:29:05,Direct Debit,Insurance,-113.69,Belgium,Direct Debit,0,0
T0009303,A000416,C00259,2025-09-12 00:56:38,Direct Debit,Subscriptions,-12.84,Netherlands,Direct Debit,0,0
T0005185,A004055,C02478,2025-04-05 09:09:52,Direct Debit,Utilities,-152.71,Netherlands,Direct Debit,0,0
T0001786,A002024,C01242,2026-08-27 05:07:22,Salary,Salary,4376.4,Netherlands,Mobile App,0,0
T0005014,A000923,C00564,2026-07-29 14:10:47,Transfer Out,Transfer,-75.78,Germany,Bank Transfer,0,0
T0008185,A003706,C02264,2024-08-28 00:13:28,Salary,Salary,3029.46,Belgium,Bank Transfer,0,0
T0000920,A001134,C00692,2026-07-05 13:31:07,Transfer Out,Transfer,-819.62,France,Mobile App,0,0
T0008683,A000423,C00263,2026-07-06 04:24:15,Card Purchase,Healthcare,-43.88,Germany,Online,0,0
T0003683,A002790,C01705,2026-06-30 23:26:39,Transfer Out,Transfer,-189.11,Belgium,Bank Transfer,0,0
T0003354,A003928,C02403,2024-12-07 12:32:10,Transfer In,Transfer,664.52,Belgium,Bank Transfer,0,0
T0000227,A001836,C01131,2026-04-04 03:59:44,Transfer In,Transfer,687.91,Belgium,Mobile App,0,0
T0000288,A000775,C00475,2025-03-15 04:58:49,Transfer Out,Transfer,-46.29,Belgium,Mobile App,0,0
T0001047,A000770,C00472,2024-05-06 22:31:00,Card Purchase,Entertainment,-72.53,Belgium,Online,0,0
T0007589,A003602,C02203,2024-09-10 23:41:09,Card Purchase,Dining,-65.17,Germany,Card Present,0,0
T0002780,A001092,C00665,2025-01-28 01:54:44,Transfer In,Transfer,1860.88,France,Mobile App,0,0
T0008640,A002094,C01286,2024-09-17 00:23:33,Salary,Salary,2813.39,Germany,Mobile App,0,0
T0007185,A003873,C02367,2025-05-30 15:25:09,Transfer In,Transfer,771.83,Netherlands,Bank Transfer,0,0
T0009599,A003324,C02035,2025-01-29 18:33:35,Card Purchase,Dining,-23.82,Netherlands,Card Present,0,0
T0001507,A003010,C01842,2025-08-10 03:15:58,Card Purchase,Groceries,-28.57,Belgium,Card Present,0,0
T0009564,A000654,C00402,2025-07-01 06:44:10,Direct Debit,Utilities,-119.93,Netherlands,Direct Debit,0,0
T0005736,A004084,C02498,2024-03-20 15:15:22,Transfer Out,Transfer,-242.72,Belgium,Mobile App,0,0
T0000627,A000583,C00360,2025-10-25 13:00:11,Card Purchase,Fuel,-133.12,Germany,Online,0,0
T0001396,A003262,C02000,2025-03-14 13:09:57,Card Purchase,Healthcare,-111.33,Belgium,Card Present,0,0
T0001120,A002219,C01361,2025-03-27 18:26:53,Salary,Salary,4858.66,France,Bank Transfer,0,0
T0005394,A002200,C01350,2024-10-28 08:59:58,Card Purchase,Groceries,-44.7,Luxembourg,Online,0,0
T0002633,A003512,C02148,2026-04-06 11:03:45,Card Purchase,Retail,-81.47,Belgium,Card Present,0,0
T0003414,A002820,C01721,2025-08-18 11:17:27,Transfer Out,Transfer,-429.3,Netherlands,Bank Transfer,0,0
T0000782,A002212,C01356,2024-11-27 06:48:01,Card Purchase,E-commerce,-142.22,France,Online,0,0
T0006663,A003131,C01914,2025-01-29 08:57:51,Card Purchase,Fuel,-82.05,Germany,Card Present,0,0
T0009559,A000395,C00246,2025-09-22 16:12:09,Cash Withdrawal,Cash,-60,Belgium,ATM,0,0
T0000055,A001005,C00614,2026-01-10 07:24:25,Transfer Out,Transfer,-346.2,Germany,Bank Transfer,0,0
T0000898,A000064,C00038,2026-06-15 03:05:30,Transfer Out,Transfer,-278.51,France,Mobile App,0,0
T0007437,A003879,C02371,2026-04-21 21:58:27,Card Purchase,Healthcare,-219.51,Belgium,Card Present,0,0
T0004437,A001050,C00640,2025-10-21 19:45:29,Transfer In,Transfer,222.27,Belgium,Mobile App,0,0
T0008523,A000826,C00504,2025-12-30 21:17:41,Transfer In,Transfer,439.3,France,Mobile App,0,0
T0006650,A003272,C02005,2025-06-05 18:45:03,Transfer Out,Transfer,-704.79,Belgium,Mobile App,0,0
T0006569,A001161,C00708,2025-04-09 08:18:28,Direct Debit,Subscriptions,-22.74,Netherlands,Direct Debit,0,0
T0005134,A001591,C00979,2024-12-07 12:44:12,Transfer Out,Transfer,-191.04,Belgium,Bank Transfer,0,0
T0005434,A002928,C01789,2024-07-06 01:42:32,Salary,Salary,3414.3,Belgium,Bank Transfer,0,0
T0000836,A001462,C00896,2024-03-22 19:01:04,Card Purchase,Fuel,-100.97,Netherlands,Online,0,0
T0004144,A003543,C02166,2026-07-21 18:39:19,Cash Withdrawal,Cash,-150,France,ATM,0,0
T0002365,A000479,C00296,2025-04-12 16:53:56,Card Purchase,Dining,-35.98,Germany,Card Present,0,0
T0007880,A002988,C01827,2026-07-10 13:04:59,Card Purchase,Retail,-359.82,Germany,Card Present,0,0
T0002650,A000697,C00426,2025-05-09 10:01:36,Card Purchase,Healthcare,-75.67,Germany,Card Present,0,0
T0005203,A002745,C01677,2025-05-09 20:03:34,Direct Debit,Utilities,-160.3,Belgium,Direct Debit,0,0
T0003277,A003661,C02240,2024-06-05 06:13:06,Transfer In,Transfer,1258.86,,Bank Transfer,0,0
T0008806,A001302,C00800,2024-04-20 12:53:57,Transfer Out,Transfer,-471.85,Germany,Bank Transfer,0,0
T0003270,A003386,C02070,2026-02-14 12:01:04,Transfer Out,Transfer,-101.15,Germany,Mobile App,0,0
T0000727,A001173,C00715,2024-12-30 19:39:45,Card Purchase,Entertainment,-20.65,Netherlands,Online,0,0
T0009951,A001114,C00680,2025-10-11 10:05:41,Card Purchase,Fuel,-143.35,Belgium,Card Present,0,0
T0006870,A001923,C01182,2024-12-17 19:51:20,Card Purchase,E-commerce,-41.91,Netherlands,Card Present,0,0
T0009722,A002236,C01373,2025-11-07 16:09:56,Transfer In,Transfer,321.59,Belgium,Mobile App,0,0
T0003381,A000349,C00216,2026-02-01 22:24:33,Transfer In,Transfer,224.13,Belgium,Bank Transfer,0,0
T0009419,A003007,C01840,2025-11-23 18:22:32,Card Purchase,E-commerce,-72.87,Belgium,Card Present,0,0
T0004718,A001499,C00921,2025-01-03 04:25:18,Transfer Out,Transfer,-366.58,Belgium,Bank Transfer,0,0
T0002617,A003907,C02392,2025-11-23 03:24:44,Card Purchase,E-commerce,-126.63,Belgium,Card Present,0,0
T0004281,A000698,C00427,2025-04-27 03:45:40,Direct Debit,Insurance,-144.62,Belgium,Direct Debit,0,0
T0008817,A003645,C02230,2025-07-27 23:22:52,Card Purchase,Entertainment,-40.97,Belgium,Online,0,0
T0004704,A003313,C02030,2025-03-25 00:12:26,Transfer Out,Transfer,-95.22,France,Bank Transfer,0,0
T0007161,A002000,C01228,2024-03-15 11:57:50,Transfer Out,Transfer,-259.33,Belgium,Mobile App,0,0
T0003428,A001835,C01131,2025-10-20 06:00:18,Transfer In,Transfer,311.04,Belgium,Mobile App,0,0
T0008217,A002508,C01538,2025-10-08 20:39:26,Card Purchase,Travel,-229.07,Netherlands,Card Present,0,0
T0005706,A000424,C00264,2025-07-24 03:20:59,Direct Debit,Subscriptions,-18.47,France,Direct Debit,0,0
T0006205,A003461,C02115,2025-12-20 17:49:53,Transfer Out,Transfer,-43.74,Germany,Bank Transfer,0,0
T0009915,A003486,C02131,2024-04-29 00:44:49,Card Purchase,Fuel,-90.28,Luxembourg,Online,0,0
T0009022,A001801,C01111,2025-01-31 17:37:22,Transfer In,Transfer,215.69,Belgium,Bank Transfer,0,0
T0009157,A001530,C00940,2024-04-23 06:24:37,Transfer In,Transfer,694.01,Germany,Bank Transfer,0,0
T0007031,A002671,C01631,2026-05-18 07:24:50,Card Purchase,E-commerce,-89.62,France,Online,0,0
T0009833,A002366,C01454,2024-04-04 03:48:00,Card Purchase,E-commerce,-81.32,Netherlands,Card Present,0,0
T0002047,A003864,C02361,2024-11-13 05:24:59,Transfer In,Transfer,244.4,Netherlands,Mobile App,0,0
T0002723,A003556,C02172,2026-03-29 07:39:22,Direct Debit,Telecom,-45.05,Netherlands,Direct Debit,0,0
T0006495,A003246,C01989,2026-04-05 07:02:59,Transfer In,Transfer,234.84,Belgium,Mobile App,0,0
T0002909,A000711,C00434,2026-03-18 23:00:56,Interest,Interest,5.53,Belgium,Mobile App,0,0
T0003887,A001585,C00975,2025-06-29 17:40:07,Transfer In,Transfer,193.88,Belgium,Mobile App,0,0
T0008436,A002216,C01359,2024-08-25 13:17:54,Salary,Salary,2418.2,Belgium,Bank Transfer,0,0
T0003151,A001037,C00632,2024-09-19 21:43:48,Transfer Out,Transfer,-258.47,Belgium,Mobile App,0,0
T0002731,A001162,C00708,2025-04-07 04:06:53,Transfer In,Transfer,1147.45,Netherlands,Mobile App,0,0
T0006347,A003739,C02285,2024-08-19 14:28:52,Card Purchase,Retail,-107.59,Germany,Mobile App,0,0
T0007580,A003424,C02093,2025-06-09 21:29:23,Card Purchase,Retail,-52.58,Belgium,Card Present,0,0
T0004339,A001282,C00786,2024-10-19 00:02:12,Card Purchase,Healthcare,-84.93,Belgium,Card Present,0,0
T0005678,A003310,C02028,2024-01-06 16:59:08,Card Purchase,Travel,-201.06,Belgium,Online,0,0
T0005287,A000833,C00507,2025-11-07 10:06:46,Card Purchase,E-commerce,-149.89,France,Card Present,0,0
T0006908,A000962,C00587,2024-08-26 10:58:59,Direct Debit,Telecom,-51.61,Belgium,Direct Debit,0,0
T0008100,A003232,C01980,2025-08-14 18:46:19,Card Purchase,Retail,-39.68,France,Mobile App,0,0
T0008664,A003025,C01853,2026-04-02 21:30:02,Interest,Interest,4.57,France,Bank Transfer,0,0
T0009074,A003616,C02212,2026-08-02 05:35:47,Transfer In,Transfer,286.87,Netherlands,Bank Transfer,0,0
T0004818,A000902,C00552,2024-03-27 21:15:48,Card Purchase,Dining,-110.12,Netherlands,Online,0,0
T0002878,A002447,C01503,2024-04-30 11:11:04,Transfer In,Transfer,79.29,Belgium,Mobile App,0,0
T0009539,A003096,C01896,2025-04-13 16:13:35,Direct Debit,Housing,-941.17,Germany,Direct Debit,0,0
T0009818,A001461,C00896,2025-12-17 05:37:04,Transfer In,Transfer,470.26,Netherlands,Mobile App,0,0
T0005100,A000164,C00100,2025-08-08 19:29:36,Card Purchase,Entertainment,-65.16,Belgium,Online,0,0
T0007871,A003419,C02089,2026-08-08 13:49:03,Transfer In,Transfer,423.46,Germany,Bank Transfer,0,0
T0001940,A002442,C01500,2026-08-16 23:44:55,Transfer In,Transfer,616.38,Belgium,Bank Transfer,0,0
T0007297,A001539,C00945,2026-04-11 16:06:49,Transfer In,Transfer,634.13,Belgium,Bank Transfer,0,0
T0009664,A000153,C00093,2024-12-29 12:06:59,Card Purchase,E-commerce,-79.45,Belgium,Online,0,0
T0009373,A003566,C02180,2025-11-07 17:27:48,Direct Debit,Utilities,-112.22,Belgium,Direct Debit,0,0
T0006007,A003172,C01941,2025-02-28 05:15:06,Direct Debit,Insurance,-145.36,,Direct Debit,0,0
T0007353,A003983,C02435,2024-05-13 04:20:48,Card Purchase,Retail,-257.27,Belgium,Card Present,0,0
T0006052,A000388,C00241,2025-10-01 10:32:25,Card Purchase,Groceries,-63.07,France,Online,0,0
T0008077,A000643,C00395,2025-08-30 02:39:09,Interest,Interest,16.84,Netherlands,Bank Transfer,0,0
T0002645,A001773,C01096,2025-06-30 00:48:46,Transfer In,Transfer,134.84,Netherlands,Bank Transfer,0,0
T0006610,A000821,C00501,2024-03-28 03:39:57,Transfer Out,Transfer,-586.43,Netherlands,Mobile App,0,0
T0001550,A002672,C01631,2026-07-23 20:46:17,Transfer In,Transfer,234.11,France,Bank Transfer,0,0
T0006855,A000665,C00408,2026-03-10 14:39:42,Card Purchase,Travel,-55.38,Portugal,Online,1,0
T0003506,A000141,C00086,2026-04-27 04:03:06,Card Purchase,Fuel,-76.08,France,Card Present,0,0
T0006833,A001774,C01096,2025-04-20 05:43:46,Card Purchase,Dining,-121.49,Netherlands,Card Present,0,0
T0007455,A002722,C01663,2024-07-13 14:09:55,Card Purchase,Travel,-194.32,Belgium,Card Present,0,0
T0003288,A003555,C02171,2025-01-07 11:25:12,Salary,Salary,3102.87,Belgium,Bank Transfer,0,0
T0007398,A000423,C00263,2026-05-16 11:17:57,Card Purchase,Dining,-17.3,Germany,Card Present,0,0
T0004002,A002753,C01682,2026-03-28 03:07:52,Transfer Out,Transfer,-2958.27,France,Bank Transfer,0,0
T0005099,A002258,C01388,2026-05-26 08:50:57,Transfer Out,Transfer,-56.15,Netherlands,Mobile App,0,0
T0001667,A001058,C00644,2024-03-13 05:24:51,Card Purchase,Fuel,-65.54,France,Card Present,0,0
T0000753,A002109,C01296,2025-07-28 18:55:17,Cash Withdrawal,Cash,-100,Belgium,ATM,0,0
T0003708,A000899,C00550,2026-04-23 05:12:12,Transfer In,Transfer,96.06,Belgium,Mobile App,0,0
T0001889,A002157,C01323,2024-06-06 10:27:39,Card Purchase,Groceries,-141.06,Belgium,Online,0,0
T0005817,A004049,C02474,2024-07-25 17:46:23,Card Purchase,Retail,-91.71,Belgium,Card Present,0,0
T0004022,A001446,C00886,2025-01-05 13:30:58,Card Purchase,Entertainment,-16.79,Belgium,Online,0,0
T0007867,A001581,C00972,2025-07-29 06:15:38,Card Purchase,Travel,-150.38,Netherlands,Card Present,0,0
T0005026,A000303,C00188,2024-08-20 01:23:47,Transfer Out,Transfer,-710.15,Netherlands,Bank Transfer,0,0
T0008511,A003815,C02330,2026-06-24 17:43:54,Card Purchase,Fuel,-37.69,Belgium,Online,0,0
T0004722,A001521,C00934,2024-02-25 14:03:53,Card Purchase,Dining,-15.0,Belgium,Card Present,0,0
T0003332,A001240,C00756,2025-07-21 09:55:08,Card Purchase,Entertainment,-18.64,Netherlands,Card Present,0,0
T0008276,A003067,C01881,2026-04-20 06:01:09,Card Purchase,E-commerce,-74.21,Belgium,Card Present,0,0
T0001780,A003907,C02392,2024-12-28 10:52:07,Transfer In,Transfer,230.66,Belgium,Mobile App,0,0
T0005772,A000634,C00389,2024-12-22 12:45:22,Card Purchase,Fuel,-109.39,Belgium,Card Present,0,0
T0003281,A000810,C00493,2025-08-12 14:35:43,Transfer In,Transfer,448.25,France,Bank Transfer,0,0
T0001221,A000375,C00234,2024-06-17 12:01:42,Direct Debit,Telecom,-70.39,Netherlands,Direct Debit,0,0
T0001870,A003373,C02063,2025-11-18 01:37:57,Interest,Interest,16.14,Belgium,Mobile App,0,0
T0000329,A000481,C00298,2024-12-29 15:00:01,Direct Debit,Insurance,-136.52,France,Direct Debit,0,0
T0008149,A001179,C00719,2024-09-12 14:26:00,Card Purchase,Healthcare,-120.33,Belgium,Card Present,0,0
T0001746,A003420,C02090,2024-05-30 20:17:56,Card Purchase,Dining,-16.87,Belgium,Card Present,0,0
T0003451,A001439,C00883,2025-04-15 03:38:51,Direct Debit,Insurance,-75.38,Belgium,Direct Debit,0,0
T0009453,A000909,C00556,2024-02-03 15:14:27,Cash Withdrawal,Cash,-100,Belgium,ATM,0,0
T0003841,A003341,C02045,2025-07-28 13:58:27,Transfer Out,Transfer,-931.3,Netherlands,Bank Transfer,0,0
T0001777,A002208,C01355,2024-04-04 06:40:53,Direct Debit,Subscriptions,-25.95,Netherlands,Direct Debit,0,0
T0008612,A000140,C00085,2025-12-12 06:06:30,Transfer Out,Transfer,-288.51,France,Bank Transfer,0,0
T0001688,A000302,C00188,2024-02-22 05:40:05,Transfer Out,Transfer,-206.18,Netherlands,Bank Transfer,0,0
T0002765,A003817,C02332,2026-04-08 16:01:44,Cash Withdrawal,Cash,-150,France,ATM,0,0
T0002958,A002193,C01346,2025-03-25 21:30:25,Card Purchase,Entertainment,-29.76,Netherlands,Card Present,0,0
T0003434,A002737,C01672,2024-10-30 16:12:48,Card Purchase,Entertainment,-74.75,Belgium,Online,0,0
T0002590,A003324,C02035,2025-07-26 05:50:25,Card Purchase,Entertainment,-85.41,Netherlands,Online,0,0
T0002073,A000898,C00549,2025-07-07 05:59:30,Transfer In,Transfer,99.51,Luxembourg,Mobile App,0,0
T0006030,A002546,C01560,2026-05-30 23:30:59,Transfer In,Transfer,148.22,Germany,Bank Transfer,0,0
T0003400,A001645,C01010,2026-05-20 03:46:00,Card Purchase,Groceries,-128.88,Germany,Online,0,0
T0006542,A003795,C02316,2025-11-30 11:34:39,Transfer In,Transfer,88.39,Belgium,Mobile App,0,0
T0008619,A003090,C01893,2025-07-09 13:54:38,Transfer Out,Transfer,-181.67,Belgium,Mobile App,0,0
T0000916,A003293,C02018,2026-01-08 21:23:47,Salary,Salary,2798.79,France,Bank Transfer,0,0
T0001467,A000257,C00161,2024-05-03 22:02:46,Card Purchase,Fuel,-35.0,Belgium,Online,0,0
T0005852,A001614,C00993,2024-02-24 13:33:40,Transfer Out,Transfer,-41.4,Belgium,Bank Transfer,0,0
T0001887,A003600,C02202,2024-11-13 01:53:36,Transfer Out,Transfer,-523.65,Netherlands,Bank Transfer,0,0
T0007972,A003082,C01888,2025-04-09 00:44:47,Interest,Interest,11.67,Belgium,Bank Transfer,0,0
T0000766,A003466,C02118,2025-08-06 22:01:21,Transfer In,Transfer,72.6,Belgium,Bank Transfer,0,0
T0008279,A000985,C00601,2026-06-11 11:21:59,Transfer In,Transfer,1288.98,Netherlands,Mobile App,0,0
T0000371,A001533,C00941,2025-08-20 05:26:13,Transfer In,Transfer,201.2,Belgium,Bank Transfer,0,0
T0005414,A002447,C01503,2024-05-16 20:37:28,Transfer In,Transfer,176.01,Belgium,Bank Transfer,0,0
T0001387,A003172,C01941,2024-06-03 11:05:17,Transfer In,Transfer,540.6,Belgium,Bank Transfer,0,0
T0007912,A003651,C02234,2025-07-21 22:22:49,Transfer In,Transfer,550.06,Belgium,Mobile App,0,0
T0005357,A000373,C00233,2025-06-26 13:17:57,Transfer Out,Transfer,-962.36,France,Bank Transfer,0,0
T0009856,A001849,C01138,2026-08-22 03:52:36,Transfer Out,Transfer,-971.06,Belgium,Mobile App,0,0
T0004666,A002669,C01630,2024-10-25 19:04:34,Card Purchase,Groceries,-99.16,Belgium,Card Present,0,0
T0000607,A003515,C02150,2026-06-02 12:54:31,Interest,Interest,2.62,France,Bank Transfer,0,0
T0001563,A000085,C00049,2025-10-31 19:33:27,Card Purchase,Entertainment,-18.19,Belgium,Online,0,0
T0002814,A001668,C01026,2024-07-21 09:23:02,Transfer Out,Transfer,-80.23,Belgium,Mobile App,0,0
T0006176,A000544,C00337,2024-12-29 14:06:18,Card Purchase,Entertainment,-44.85,France,Online,0,0
T0000878,A000797,C00487,2024-06-03 13:21:04,Interest,Interest,15.81,France,Bank Transfer,0,0
T0006786,A003050,C01870,2024-02-15 10:15:47,Direct Debit,Telecom,-49.68,Belgium,Direct Debit,0,0
T0009543,A001807,C01114,2025-10-23 12:53:43,Direct Debit,Insurance,-155.76,Belgium,Direct Debit,0,0
T0003866,A002697,C01648,2026-05-13 10:37:01,Transfer In,Transfer,693.42,Belgium,Bank Transfer,0,0
T0004984,A003274,C02007,2024-04-28 01:02:56,Direct Debit,Insurance,-125.48,France,Direct Debit,0,0
T0000018,A001458,C00893,2025-05-20 06:45:51,Interest,Interest,4.61,Belgium,Bank Transfer,0,0
T0007722,A001700,C01046,2024-07-28 13:11:02,Card Purchase,Fuel,-93.45,France,Card Present,0,0
T0004882,A001995,C01224,2024-09-22 09:18:08,Card Purchase,Entertainment,-56.6,Belgium,Mobile App,0,0
T0004327,A003477,C02126,2024-09-12 19:04:56,Transfer In,Transfer,109.23,Belgium,Mobile App,0,0
T0008727,A002508,C01538,2025-04-02 18:29:45,Interest,Interest,8.4,Netherlands,Mobile App,0,0
T0003342,A000400,C00249,2025-03-07 21:38:55,Card Purchase,Entertainment,-23.93,Netherlands,Card Present,0,0
T0009860,A002982,C01823,2026-08-21 23:16:37,Transfer In,Transfer,273.34,Netherlands,Mobile App,0,0
T0009137,A002501,C01533,2025-08-16 23:49:24,Direct Debit,Subscriptions,-21.95,France,Direct Debit,0,0
T0007214,A001400,C00858,2024-01-02 16:53:29,Card Purchase,Groceries,-80.96,Belgium,Online,0,0
T0008122,A002040,C01251,2024-09-15 18:32:17,Transfer In,Transfer,516.59,Netherlands,Bank Transfer,0,0
T0009528,A003646,C02230,2025-04-14 19:32:22,Transfer In,,277.41,Belgium,Mobile App,0,0
T0004322,A001494,C00918,2024-12-03 09:23:10,Card Purchase,Travel,-352.5,Belgium,Mobile App,0,0
T0005458,A000239,C00151,2025-07-11 16:23:15,Transfer Out,Transfer,-711.34,Belgium,Mobile App,0,0
T0006889,A003952,C02417,2025-09-19 18:04:12,Transfer In,Transfer,578.48,Belgium,Mobile App,0,0
T0004994,A001688,C01039,2024-05-13 02:40:24,Transfer Out,Transfer,-666.94,Belgium,Mobile App,0,0
T0008985,A003388,C02071,2025-03-07 22:15:26,Transfer Out,Transfer,-1537.95,Belgium,Bank Transfer,0,0
T0000817,A003028,C01855,2026-07-12 13:12:47,Card Purchase,Dining,-61.62,Germany,Online,0,0
T0009113,A000400,C00249,2024-08-03 03:48:19,Card Purchase,Dining,-35.65,Netherlands,Online,0,0
T0002903,A001440,C00884,2026-04-30 07:21:40,Card Purchase,Travel,-231.31,Germany,Card Present,0,0
T0006556,A002117,C01300,2025-04-20 23:52:29,Direct Debit,Housing,-707.48,Belgium,Direct Debit,0,0
T0006078,A001706,C01051,2024-09-04 02:24:25,Direct Debit,Telecom,-55.23,Belgium,Direct Debit,0,0
T0000604,A003491,C02135,2025-10-15 11:57:57,Transfer Out,Transfer,-82.36,Belgium,Mobile App,0,0
T0008432,A004027,C02460,2025-09-21 01:42:29,Transfer In,Transfer,230.97,Luxembourg,Mobile App,0,0
T0001819,A000770,C00472,2024-10-17 02:11:57,Card Purchase,Dining,-41.85,Belgium,Online,0,0
T0009941,A001053,C00642,2024-09-20 04:00:18,Salary,Salary,3612.37,Germany,Mobile App,0,0
T0009010,A002991,C01829,2025-05-25 06:22:43,Transfer In,Transfer,446.7,Belgium,Bank Transfer,0,0
T0009541,A002481,C01523,2024-03-05 17:31:15,Transfer Out,Transfer,-91.87,Germany,Bank Transfer,0,0
T0003372,A002750,C01680,2026-04-11 22:52:41,Transfer In,Transfer,514.27,Belgium,Bank Transfer,0,0
T0001978,A001773,C01096,2026-05-15 09:02:53,Transfer In,Transfer,670.69,Netherlands,Mobile App,0,0
T0003149,A000785,C00481,2025-08-05 05:51:50,Card Purchase,Healthcare,-58.98,Luxembourg,Card Present,0,0
T0002405,A001154,C00704,2026-07-17 00:22:44,Cash Withdrawal,Cash,-80,Luxembourg,ATM,0,0
T0009346,A003600,C02202,2025-12-18 02:12:51,Transfer In,Transfer,671.07,Netherlands,Mobile App,0,0
T0006459,A001455,C00891,2024-03-19 00:12:30,Card Purchase,Groceries,-41.72,Belgium,Card Present,0,0
T0007985,A003172,C01941,2024-10-31 11:28:09,Card Purchase,Groceries,-40.59,Belgium,Card Present,0,0
T0009467,A001273,C00780,2025-12-13 05:49:36,Direct Debit,Housing,-677.75,Germany,Direct Debit,0,0
T0007984,A002221,C01363,2024-12-13 18:56:22,Transfer In,Transfer,501.54,Belgium,Bank Transfer,0,0
T0005111,A001980,C01212,2024-09-23 15:37:49,Transfer In,Transfer,170.96,Belgium,Mobile App,0,0
T0007041,A000089,C00051,2025-06-17 10:16:27,Card Purchase,Dining,-36.63,Belgium,Online,0,0
T0001089,A004040,C02466,2024-02-05 10:25:32,Transfer In,Transfer,211.66,France,Mobile App,0,0
T0005399,A003257,C01996,2025-07-31 13:59:55,Card Purchase,Travel,-376.74,Germany,Card Present,0,0
T0008999,A001222,C00745,2025-09-26 12:32:47,Cash Withdrawal,Cash,-40,Netherlands,ATM,0,0
T0007434,A001562,C00958,2025-06-19 12:06:02,Transfer In,Transfer,122.23,Belgium,Bank Transfer,0,0
T0003232,A000717,C00438,2025-10-02 05:02:59,Direct Debit,Subscriptions,-27.39,Belgium,Direct Debit,0,0
T0009111,A000911,C00557,2025-10-27 11:15:29,Transfer Out,Transfer,-293.67,Belgium,Mobile App,0,0
T0009161,A001250,C00764,2026-03-10 15:27:44,Direct Debit,Insurance,-79.64,Luxembourg,Direct Debit,0,0
T0004727,A000040,C00023,2024-09-30 07:31:19,Transfer Out,Transfer,-453.33,Netherlands,Mobile App,0,0
T0004854,A001208,C00735,2025-09-16 12:47:00,Transfer Out,Transfer,-225.3,Netherlands,Bank Transfer,0,0
T0002788,A000497,C00309,2024-11-13 11:16:37,Interest,Interest,17.2,Germany,Mobile App,0,0
T0000420,A001851,C01139,2025-12-13 18:10:00,Direct Debit,Utilities,-122.91,Germany,Direct Debit,0,0
T0008916,A003334,C02041,2024-08-27 20:49:36,Card Purchase,Travel,-382.24,France,Online,0,0
T0002183,A000836,C00509,2026-03-30 10:17:40,Card Purchase,Retail,-50.83,France,Online,0,0
T0005606,A003847,C02350,2026-04-19 00:40:08,Transfer In,Transfer,45.4,Netherlands,Mobile App,0,0
T0006529,A001673,C01028,2025-07-22 05:26:30,Transfer Out,Transfer,-1121.78,Belgium,Mobile App,0,0
T0000419,A002708,C01655,2024-09-02 13:11:51,Card Purchase,Groceries,-30.83,Belgium,Online,0,0
T0000492,A001623,C00998,2026-07-29 10:25:48,Transfer Out,Transfer,-612.02,Belgium,Bank Transfer,0,0
T0002358,A001862,C01145,2025-10-15 10:08:40,Transfer Out,Transfer,-362.4,Belgium,Bank Transfer,0,0
T0003602,A002639,C01614,2024-06-09 23:14:38,Card Purchase,Groceries,-52.04,Belgium,Card Present,0,0
T0009645,A001208,C00735,2024-12-15 18:46:19,Transfer Out,Transfer,-72.92,Netherlands,Mobile App,0,0
T0004186,A003468,C02120,2026-03-15 03:25:15,Direct Debit,Telecom,-43.22,Belgium,Direct Debit,0,0
T0009524,A003110,C01902,2026-03-06 12:37:25,Transfer In,Transfer,138.52,Germany,Mobile App,0,0
T0002338,A002020,C01239,2024-09-26 00:22:19,Direct Debit,Insurance,-124.77,Netherlands,Direct Debit,0,0
T0004843,A001149,C00701,2025-04-09 06:12:20,Card Purchase,Retail,-110.34,Netherlands,Online,0,0
T0005348,A003468,C02120,2025-11-14 04:04:56,Cash Withdrawal,Cash,-50,Belgium,ATM,0,0
T0005441,A003388,C02071,2026-04-28 10:01:53,Transfer In,Transfer,78.35,Belgium,Mobile App,0,0
T0005900,A000231,C00147,2026-04-15 21:50:16,Direct Debit,Insurance,-114.19,Netherlands,Direct Debit,0,0
T0007702,A003731,C02279,2026-03-10 07:27:18,Interest,Interest,12.83,Germany,Bank Transfer,0,0
T0000094,A000708,C00432,2024-03-17 03:57:53,Card Purchase,Retail,-39.49,France,Card Present,0,0
T0007001,A002953,C01805,2025-10-21 18:25:18,Transfer In,Transfer,101.75,Germany,Bank Transfer,0,0
T0004602,A003140,C01920,2026-02-26 09:15:21,Card Purchase,Groceries,-72.66,Spain,Card Present,1,0
T0007577,A001261,C00771,2025-04-06 06:27:11,Transfer In,Transfer,335.96,France,Bank Transfer,0,0
T0000684,A002651,C01621,2025-09-26 10:57:24,Card Purchase,Travel,-252.82,Belgium,Card Present,0,0
T0006741,A004017,C02454,2024-10-02 22:46:13,Card Purchase,Dining,-52.32,Belgium,Mobile App,0,0
T0009610,A003110,C01902,2025-09-06 20:42:05,Transfer In,Transfer,42.24,Germany,Mobile App,0,0
T0004314,A003159,C01933,2026-03-19 16:00:03,Card Purchase,Retail,-47.22,Netherlands,Card Present,0,0
T0007027,A000068,C00040,2026-03-19 07:48:00,Transfer In,Transfer,460.62,Netherlands,Mobile App,0,0
T0005130,A000158,C00095,2024-05-26 05:40:43,Card Purchase,E-commerce,-51.0,France,Card Present,0,0
T0005880,A001230,C00750,2025-03-31 03:22:43,Card Purchase,E-commerce,-116.8,Belgium,Card Present,0,0
T0002974,A002085,C01280,2024-01-27 02:58:37,Transfer In,Transfer,133.24,Germany,Bank Transfer,0,0
T0001398,A003504,C02143,2025-02-22 18:04:59,Transfer In,Transfer,188.19,Belgium,Mobile App,0,0
T0006994,A001131,C00690,2025-12-29 00:08:12,Card Purchase,E-commerce,-115.84,Belgium,Mobile App,0,0
T0003565,A000472,C00291,2025-04-09 18:18:06,Card Purchase,Retail,-71.66,Germany,Card Present,0,0
T0007356,A001762,C01089,2025-05-30 16:09:55,Card Purchase,Travel,-162.24,Belgium,Card Present,0,0
T0002465,A004018,C02455,2026-07-10 01:50:33,Transfer Out,Transfer,-276.56,France,Bank Transfer,0,0
T0004844,A000673,C00413,2026-01-21 22:28:19,Transfer Out,Transfer,-363.28,Belgium,Bank Transfer,0,0
T0007971,A000140,C00085,2024-04-24 12:17:26,Transfer In,Transfer,1220.15,France,Mobile App,0,0
T0000534,A001617,C00995,2026-04-21 13:19:41,Card Purchase,E-commerce,-253.99,Belgium,Card Present,0,0
T0002310,A000707,C00431,2024-06-09 21:18:19,Card Purchase,Fuel,-91.71,Belgium,Card Present,0,0
T0009995,A001070,C00650,2025-09-06 13:28:21,Transfer In,Transfer,102.72,Belgium,Mobile App,0,0
T0000925,A000223,C00141,2025-04-16 04:49:08,Card Purchase,E-commerce,-98.19,Luxembourg,Card Present,0,0
T0004142,A003139,C01919,2024-04-29 12:35:18,Transfer Out,Transfer,-292.62,Netherlands,Bank Transfer,0,0
T0004759,A000321,C00197,2024-04-09 14:29:11,Transfer Out,Transfer,-386.49,France,Bank Transfer,0,0
T0001285,A002478,C01521,2026-06-04 10:36:02,Transfer In,Transfer,274.23,Belgium,Bank Transfer,0,0
T0001948,A003485,C02131,2025-11-03 10:02:54,Transfer Out,Transfer,-496.83,Luxembourg,Mobile App,0,0
T0007791,A000321,C00197,2026-01-15 23:10:59,Transfer Out,Transfer,-736.35,France,Mobile App,0,0
T0002013,A003558,C02174,2024-10-01 16:58:34,Transfer Out,Transfer,-543.32,Germany,Mobile App,0,0
T0002764,A003284,C02013,2026-02-20 22:37:17,Transfer In,Transfer,250.86,Netherlands,Bank Transfer,0,0
T0005280,A000349,C00216,2025-03-04 09:19:56,Transfer In,Transfer,324.55,Belgium,Bank Transfer,0,0
T0005238,A000246,C00155,2025-06-25 12:43:06,Direct Debit,Insurance,-120.87,Belgium,Direct Debit,0,0
T0009450,A003904,C02390,2025-08-06 07:54:35,Transfer Out,Transfer,-112.7,Luxembourg,Bank Transfer,0,0
T0009949,A001974,C01210,2025-04-21 21:15:13,Transfer Out,Transfer,-126.54,Germany,Bank Transfer,0,0
T0001555,A000288,C00180,2026-02-12 07:34:23,Transfer In,Transfer,212.86,Netherlands,Bank Transfer,0,0
T0000104,A000572,C00353,2024-12-23 08:11:37,Transfer In,Transfer,630.23,France,Mobile App,0,0
T0009674,A003715,C02270,2025-08-13 02:52:04,Transfer In,Transfer,83.91,Luxembourg,Bank Transfer,0,0
T0008331,A001380,C00846,2024-04-01 05:34:13,Cash Withdrawal,Cash,-20,Germany,ATM,0,0
T0005221,A003570,C02184,2026-08-14 18:45:33,Transfer In,Transfer,220.63,Belgium,Bank Transfer,0,0
T0002025,A002519,C01543,2025-01-09 09:23:43,Transfer In,Transfer,248.48,Luxembourg,Bank Transfer,0,0
T0004998,A000842,C00514,2025-08-15 22:57:23,Transfer In,Transfer,490.39,Belgium,Bank Transfer,0,0
T0004668,A000594,C00366,2026-08-20 03:32:26,Transfer In,Transfer,341.44,Belgium,Mobile App,0,0
T0001936,A002139,C01312,2024-02-26 03:03:18,Card Purchase,Groceries,-17.36,Belgium,Online,0,0
T0008537,A000755,C00462,2024-09-28 22:59:42,Transfer Out,Transfer,-690.14,France,Bank Transfer,0,0
T0007407,A004022,C02457,2024-08-29 06:25:37,Card Purchase,Groceries,-49.69,Germany,Card Present,0,0
T0008668,A002421,C01486,2026-06-12 09:16:07,Card Purchase,Travel,-276.92,Spain,Card Present,1,0
T0005652,A003015,C01846,2026-08-22 05:35:07,Transfer In,Transfer,46.5,Netherlands,Mobile App,0,0
T0002079,A003047,C01868,2026-06-04 20:10:47,Card Purchase,E-commerce,-98.39,Belgium,Card Present,0,0
T0007134,A003827,C02338,2025-04-19 23:55:35,Direct Debit,Housing,-838.27,France,Direct Debit,0,0
T0009749,A002337,C01436,2025-09-06 08:54:42,Transfer In,Transfer,2315.75,Germany,Mobile App,0,0
T0000091,A000836,C00509,2025-03-19 05:25:30,Card Purchase,Travel,-279.89,France,Card Present,0,0
T0002355,A002874,C01754,2024-08-10 10:19:04,Direct Debit,Utilities,-200.41,Netherlands,Direct Debit,0,0
T0008163,A004025,C02459,2024-10-05 17:28:18,Card Purchase,Fuel,-303.3,France,Card Present,0,0
T0009571,A000694,C00425,2025-12-15 06:20:20,Cash Withdrawal,Cash,-150,Belgium,ATM,0,0
T0008208,A000650,C00399,2024-02-21 12:34:52,Card Purchase,E-commerce,-82.8,France,Card Present,0,0
T0005845,A003881,C02372,2025-12-05 18:37:32,Transfer In,Transfer,106.93,Belgium,Bank Transfer,0,0
T0006980,A000322,C00197,2025-08-03 01:05:19,Card Purchase,Travel,-605.91,France,Card Present,0,0
T0005488,A000636,C00391,2025-01-09 02:24:34,Salary,Salary,2639.3,Netherlands,Bank Transfer,0,0
T0000826,A001569,C00964,2024-08-31 14:56:55,Transfer In,Transfer,748.19,Belgium,Mobile App,0,0
T0004362,A002983,C01824,2025-12-09 15:24:03,Direct Debit,Subscriptions,-21.16,Belgium,Direct Debit,0,0
T0007491,A000965,C00589,2024-10-30 07:37:33,Transfer Out,Transfer,-976.99,Netherlands,Bank Transfer,0,0
T0003017,A000737,C00450,2026-03-17 23:02:08,Card Purchase,E-commerce,-91.59,France,Card Present,0,0
T0002297,A000089,C00051,2025-10-23 22:26:58,Card Purchase,Dining,-13.13,Belgium,Mobile App,0,0
T0006597,A004011,C02452,2025-06-11 19:07:01,Direct Debit,Insurance,-135.75,France,Direct Debit,0,0
T0000883,A001912,C01175,2025-07-12 07:04:35,Salary,Salary,2203.06,Belgium,Bank Transfer,0,0
T0004459,A002811,C01717,2025-10-17 02:18:01,Card Purchase,E-commerce,-63.0,Spain,Card Present,1,0
T0001579,A000890,C00545,2025-01-16 23:47:32,Transfer Out,Transfer,-550.11,Netherlands,Mobile App,0,0
T0003598,A000771,C00473,2025-01-12 08:14:51,Transfer Out,Transfer,-236.29,Netherlands,Mobile App,0,0
T0002077,A002579,C01582,2026-08-09 03:22:11,Transfer Out,Transfer,-327.07,France,Bank Transfer,0,0
T0007177,A000583,C00360,2024-03-04 02:49:59,Transfer Out,Transfer,-172.42,Germany,Bank Transfer,0,0
T0001543,A001289,C00791,2025-07-24 14:57:48,Card Purchase,Entertainment,-32.71,Belgium,Card Present,0,0
T0002279,A002491,C01529,2025-06-10 17:18:31,Card Purchase,Groceries,-42.05,Netherlands,Online,0,0
T0009652,A002420,C01486,2024-06-20 06:37:20,Interest,Interest,6.72,Luxembourg,Bank Transfer,0,0
T0005292,A003398,C02078,2024-02-24 23:20:09,Transfer Out,Transfer,-150.03,Luxembourg,Bank Transfer,0,0
T0007475,A001206,C00734,2025-06-16 23:46:06,Card Purchase,Travel,-126.57,Belgium,Card Present,0,0
T0005543,A001730,C01068,2026-01-19 22:09:11,Card Purchase,Travel,-410.38,Germany,Online,0,0
T0001968,A001188,C00724,2024-08-29 05:05:42,Transfer In,Transfer,170.05,Luxembourg,Mobile App,0,0
T0009945,A003282,C02012,2025-06-23 18:04:27,Card Purchase,Entertainment,-53.0,Netherlands,Online,0,0
T0003191,A003764,C02298,2026-03-27 10:43:55,Transfer Out,Transfer,-590.39,France,Bank Transfer,0,0
T0001501,A002693,C01645,2024-04-16 14:42:54,Card Purchase,Retail,-30.89,Belgium,Card Present,0,0
T0002855,A002403,C01476,2024-02-05 16:19:53,Cash Withdrawal,Cash,-100,Netherlands,ATM,0,0
T0004275,A002793,C01708,2024-10-14 10:37:15,Card Purchase,Healthcare,-59.35,Luxembourg,Mobile App,0,0
T0007620,A001074,C00653,2024-02-28 11:39:06,Card Purchase,Fuel,-69.48,Belgium,Card Present,0,0
T0000869,A001821,C01123,2024-06-10 01:10:38,Interest,Interest,16.98,France,Mobile App,0,0
T0009667,A001680,C01032,2025-08-11 15:25:05,Transfer In,Transfer,527.37,Belgium,Bank Transfer,0,0
T0001303,A000483,C00300,2025-01-29 00:48:30,Transfer In,Transfer,408.69,Belgium,Bank Transfer,0,0
T0003974,A002232,C01371,2025-10-19 04:55:00,Transfer In,Transfer,593.54,Belgium,Mobile App,0,0
T0002594,A001239,C00756,2025-11-26 22:51:21,Cash Withdrawal,Cash,-20,Netherlands,ATM,0,0
T0006613,A001572,C00966,2026-08-20 04:38:49,Card Purchase,Groceries,-65.96,United States,Online,1,0
T0000719,A000525,C00325,2024-10-29 18:22:54,Transfer In,Transfer,171.79,Netherlands,Mobile App,0,0
T0004423,A003870,C02365,2024-02-15 22:14:39,Transfer Out,Transfer,-548.22,Netherlands,Mobile App,0,0
T0009823,A003485,C02131,2026-08-16 19:03:14,Transfer In,Transfer,1764.32,Luxembourg,Mobile App,0,0
T0000691,A003188,C01953,2026-02-20 19:23:01,Card Purchase,Healthcare,-119.9,France,Card Present,0,0
T0007858,A001846,C01136,2024-07-20 10:52:16,Transfer Out,Transfer,-124.34,Luxembourg,Mobile App,0,0
T0000140,A001737,C01073,2024-04-21 13:56:03,Interest,Interest,9.43,France,Bank Transfer,0,0
T0000446,A000479,C00296,2024-02-29 00:10:14,Card Purchase,E-commerce,-163.17,Spain,Card Present,1,0
T0002263,A000919,C00562,2024-04-29 12:19:26,Direct Debit,Utilities,-137.79,Belgium,Direct Debit,0,0
T0002051,A001259,C00769,2025-11-08 05:16:00,Card Purchase,Entertainment,-44.64,Germany,Mobile App,0,0
T0002121,A000063,C00037,2024-05-26 08:52:30,Transfer Out,Transfer,-1577.15,Netherlands,Mobile App,0,0
T0002627,A002001,C01228,2026-01-16 06:35:24,Transfer Out,Transfer,-133.62,Belgium,Bank Transfer,0,0
T0001414,A003680,C02250,2026-06-29 15:54:01,Transfer In,Transfer,145.18,Belgium,Mobile App,0,0
T0002150,A003559,C02174,2025-01-31 10:43:25,Card Purchase,Healthcare,-60.1,Germany,Card Present,0,0
T0006006,A000281,C00176,2025-06-14 02:48:46,Card Purchase,Travel,-271.89,France,Card Present,0,0
T0002155,A003359,C02055,2026-05-24 14:46:11,Card Purchase,Groceries,-52.48,Belgium,Online,0,0
T0006740,A003655,C02235,2026-03-29 05:35:12,Interest,Interest,15.59,Netherlands,Bank Transfer,0,0
T0009942,A001447,C00887,2024-07-09 20:33:18,Direct Debit,Subscriptions,-7.05,Netherlands,Direct Debit,0,0
T0006493,A000789,C00483,2025-09-06 19:37:56,Card Purchase,Travel,-242.13,Netherlands,Mobile App,0,0
T0008409,A003900,C02387,2026-06-13 04:56:18,Transfer In,Transfer,1074.0,France,Bank Transfer,0,0
T0005882,A001847,C01137,2025-10-13 13:32:49,Direct Debit,Telecom,-96.19,Belgium,Direct Debit,0,0
T0005876,A003490,C02134,2026-02-24 22:21:24,Transfer Out,,-80.68,Germany,Mobile App,0,0
T0003510,A000194,C00120,2026-02-22 05:11:34,Direct Debit,Telecom,-71.77,Belgium,Direct Debit,0,0
T0003158,A003129,C01912,2024-05-19 04:20:08,Card Purchase,Healthcare,-103.11,Luxembourg,Card Present,0,0
T0003060,A002262,C01390,2025-05-16 07:55:39,Transfer In,Transfer,1487.98,Belgium,Bank Transfer,0,0
T0007182,A003512,C02148,2025-10-20 12:47:05,Direct Debit,Insurance,-132.49,Belgium,Direct Debit,0,0
T0008020,A004085,C02499,2026-01-18 14:34:17,Interest,Interest,1.05,Luxembourg,Bank Transfer,0,0
T0008094,A003213,C01968,2026-04-19 19:42:55,Transfer Out,Transfer,-2459.91,Belgium,Mobile App,0,0
T0006612,A002139,C01312,2026-02-12 07:25:15,Card Purchase,Entertainment,-59.11,,Online,0,0
T0000147,A003231,C01980,2024-04-12 15:21:45,Direct Debit,Housing,-777.62,France,Direct Debit,0,0
T0003930,A003838,C02345,2025-08-27 21:35:13,Card Purchase,Groceries,-25.9,Germany,Card Present,0,0
T0005468,A003135,C01916,2026-05-10 17:40:05,Transfer In,Transfer,138.95,Germany,Bank Transfer,0,0
T0003125,A001998,C01227,2026-06-16 03:38:00,Transfer Out,Transfer,-106.93,Belgium,Bank Transfer,0,0
T0001046,A003568,C02182,2026-06-24 11:17:53,Card Purchase,Travel,-154.83,Belgium,Card Present,0,0
T0001476,A000914,C00559,2024-11-03 11:53:11,Transfer In,Transfer,289.54,,Bank Transfer,0,0
T0009786,A001884,C01157,2025-11-03 10:54:10,Direct Debit,Utilities,-138.44,Belgium,Direct Debit,0,0
T0007201,A002578,C01581,2024-03-07 22:29:51,Card Purchase,Entertainment,-9.36,France,Online,0,0
T0008037,A001814,C01118,2025-12-24 08:25:27,Transfer In,Transfer,411.92,Netherlands,Bank Transfer,0,0
T0009835,A000156,C00095,2025-07-17 09:41:27,Transfer In,Transfer,342.15,France,Bank Transfer,0,0
T0005475,A002341,C01438,2024-03-26 16:07:22,Card Purchase,Travel,-50.34,Belgium,Card Present,0,0
T0004518,A001116,C00681,2024-05-04 23:10:32,Transfer In,Transfer,156.6,Netherlands,Mobile App,0,0
T0003771,A002537,C01555,2025-03-11 08:12:11,Card Purchase,Fuel,-44.65,Belgium,Card Present,0,0
T0009977,A000469,C00289,2025-12-30 02:03:32,Card Purchase,E-commerce,-99.06,Belgium,Mobile App,0,0
T0000687,A002415,C01483,2025-09-15 02:03:58,Transfer In,Transfer,1320.76,France,Mobile App,0,0
T0005228,A002070,C01271,2026-07-24 13:49:32,Transfer In,Transfer,139.51,Belgium,Bank Transfer,0,0
T0001415,A001259,C00769,2024-04-02 00:19:20,Card Purchase,E-commerce,-103.49,Germany,Card Present,0,0
T0005624,A002662,C01626,2024-07-05 16:40:09,Card Purchase,Retail,-328.46,Netherlands,Card Present,0,0
T0004687,A000994,C00607,2024-10-12 08:51:22,Cash Withdrawal,Cash,-150,Netherlands,ATM,0,0
T0003737,A001756,C01085,2026-08-29 09:38:18,Transfer Out,Transfer,-260.45,Netherlands,Bank Transfer,0,0
T0007310,A000776,C00475,2026-01-10 21:41:31,Transfer In,Transfer,251.16,Belgium,Bank Transfer,0,0
T0004990,A003259,C01997,2025-06-02 00:51:26,Transfer In,Transfer,421.54,Netherlands,Mobile App,0,0
T0002129,A003948,C02415,2024-08-13 01:59:52,Transfer In,Transfer,476.32,Germany,Mobile App,0,0
T0009657,A000505,C00314,2025-07-14 06:53:12,Card Purchase,Dining,-89.95,Belgium,Online,0,0
T0008333,A001796,C01107,2026-06-29 11:49:06,Card Purchase,Travel,-160.42,Belgium,Online,0,0
T0008164,A001119,C00682,2024-12-07 16:06:25,Transfer In,Transfer,598.01,Belgium,Mobile App,0,0
T0003577,A000126,C00075,2025-09-05 11:45:39,Transfer Out,Transfer,-533.37,Belgium,Bank Transfer,0,0
T0005094,A000232,C00147,2024-05-26 20:54:31,Card Purchase,Entertainment,-28.95,Netherlands,Card Present,0,0
T0002424,A003361,C02056,2026-08-26 14:09:29,Transfer In,Transfer,306.32,France,Mobile App,0,0
T0007290,A000302,C00188,2026-05-18 10:36:40,Transfer In,Transfer,281.82,Netherlands,Mobile App,0,0
T0008009,A002758,C01685,2024-05-18 23:19:17,Interest,Interest,0.45,Luxembourg,Bank Transfer,0,0
T0005463,A001160,C00707,2024-11-26 11:42:07,Card Purchase,Retail,-67.66,Belgium,Card Present,0,0
T0001301,A002198,C01348,2026-04-21 10:45:20,Salary,Salary,3237.42,Netherlands,Mobile App,0,0
T0001557,A000835,C00509,2026-04-17 07:45:23,Interest,Interest,3.12,France,Mobile App,0,0
T0009689,A003336,C02042,2025-10-31 15:26:16,Direct Debit,Utilities,-184.59,Netherlands,Direct Debit,0,0
T0004140,A001165,C00710,2026-01-20 04:43:33,Transfer Out,Transfer,-63.65,Belgium,Bank Transfer,0,0
T0007400,A000655,C00403,2024-09-22 15:17:52,Transfer Out,Transfer,-42.9,Belgium,Bank Transfer,0,0
T0003289,A001343,C00825,2026-06-12 05:54:06,Transfer Out,Transfer,-271.66,Belgium,Bank Transfer,0,0
T0007522,A001480,C00910,2026-03-02 09:51:24,Transfer In,Transfer,167.55,Belgium,Mobile App,0,0
T0009436,A001117,C00681,2025-12-20 21:19:52,Card Purchase,Fuel,-115.38,Netherlands,Online,0,0
T0002319,A003964,C02424,2025-06-28 08:05:54,Card Purchase,Travel,-102.41,Netherlands,Card Present,1,0
T0000881,A000419,C00261,2026-05-29 05:25:33,Cash Withdrawal,Cash,-20,France,ATM,0,0
T0007834,A000170,C00104,2026-08-22 03:25:34,Direct Debit,Housing,-1039.13,Belgium,Direct Debit,0,0
T0003751,A000109,C00064,2024-06-30 17:35:59,Card Purchase,Groceries,-136.45,Belgium,Mobile App,0,0
T0001331,A000177,C00108,2024-10-11 16:49:19,Card Purchase,Travel,-354.42,France,Online,0,0
T0000712,A002907,C01774,2024-08-06 19:38:40,Transfer Out,Transfer,-572.67,Belgium,Bank Transfer,0,0
T0003653,A000084,C00049,2025-01-16 20:33:33,Interest,Interest,7.88,Belgium,Mobile App,0,0
T0007461,A002407,C01478,2025-03-19 12:03:56,Card Purchase,Healthcare,-66.35,Netherlands,Mobile App,0,0
T0004981,A001509,C00927,2024-09-02 21:20:57,Direct Debit,Telecom,-59.99,Netherlands,Direct Debit,0,0
T0005552,A001893,C01163,2026-01-10 05:42:43,Transfer In,Transfer,150.73,France,Mobile App,0,0
T0000563,A002727,C01665,2025-04-03 05:40:23,Card Purchase,E-commerce,-94.55,Belgium,Online,0,0
T0000912,A001062,C00646,2026-02-05 13:33:47,Direct Debit,Telecom,-63.18,Belgium,Direct Debit,0,0
T0005030,A001849,C01138,2025-12-20 11:16:28,Transfer Out,Transfer,-1421.38,Belgium,Mobile App,0,0
T0002404,A002671,C01631,2024-07-29 07:52:54,Card Purchase,Travel,-346.49,France,Online,0,0
T0007897,A000023,C00014,2024-01-24 15:05:00,Direct Debit,Telecom,-65.57,Luxembourg,Direct Debit,0,0
T0003052,A001056,C00643,2025-12-04 10:38:10,Card Purchase,Travel,-233.31,Netherlands,Online,0,0
T0004097,A002977,C01820,2026-06-10 04:54:54,Direct Debit,Utilities,-208.88,Belgium,Direct Debit,0,0
T0008215,A001594,C00981,2026-07-22 00:04:42,Transfer Out,Transfer,-198.74,Netherlands,Bank Transfer,0,0
T0009608,A003418,C02088,2026-05-10 04:06:57,Transfer Out,Transfer,-168.02,Germany,Mobile App,0,0
T0004116,A002090,C01283,2026-01-22 08:32:21,Transfer Out,Transfer,-115.51,Belgium,Bank Transfer,0,0
T0000191,A000382,C00238,2025-01-13 15:50:58,Transfer Out,Transfer,-285.25,Belgium,Bank Transfer,0,0
T0004098,A003230,C01980,2025-09-27 01:24:30,Transfer In,Transfer,138.67,France,Bank Transfer,0,0
T0005089,A000758,C00465,2025-03-31 01:57:37,Card Purchase,Groceries,-70.17,Belgium,Card Present,0,0
T0004859,A002895,C01766,2025-11-04 01:08:52,Card Purchase,Entertainment,-50.56,Belgium,Online,0,0
T0008205,A002696,C01647,2025-07-14 20:13:24,Transfer In,Transfer,436.66,Germany,Bank Transfer,0,0
T0005499,A003383,C02069,2026-05-02 16:22:03,Transfer In,Transfer,644.24,Netherlands,Bank Transfer,0,0
T0006863,A002090,C01283,2024-10-06 20:23:04,Transfer In,Transfer,530.62,Belgium,Bank Transfer,0,0
T0003649,A000301,C00187,2024-12-18 21:35:44,Card Purchase,Travel,-253.71,Luxembourg,Card Present,0,0
T0001000,A002563,C01572,2026-08-14 18:49:34,Transfer Out,,-1035.73,Belgium,Bank Transfer,0,0
T0008886,A002863,C01748,2025-08-29 21:42:03,Transfer Out,Transfer,-1879.67,Belgium,Mobile App,0,0
T0002879,A000090,C00052,2024-03-10 10:41:33,Transfer Out,Transfer,-649.48,Belgium,Bank Transfer,0,0
T0004633,A000670,C00410,2026-05-22 13:32:42,Transfer In,Transfer,152.0,Netherlands,Bank Transfer,0,0
T0002009,A000892,C00546,2025-12-03 08:00:12,Direct Debit,Insurance,-178.73,Belgium,Direct Debit,0,0
T0005733,A003483,C02130,2025-09-14 07:22:15,Transfer Out,Transfer,-309.66,Netherlands,Mobile App,0,0
T0007480,A002920,C01784,2025-09-07 04:51:39,Salary,Salary,2256.26,Netherlands,Mobile App,0,0
T0000724,A003249,C01991,2024-09-15 20:58:38,Transfer Out,Transfer,-363.11,Belgium,Bank Transfer,0,0
T0007281,A000202,C00128,2025-04-30 22:17:21,Card Purchase,Healthcare,-171.58,Belgium,Card Present,0,0
T0005118,A000526,C00325,2026-04-21 08:47:40,Direct Debit,Insurance,-134.7,Netherlands,Direct Debit,0,0
T0000367,A003882,C02373,2026-06-30 11:48:18,Card Purchase,Travel,-373.94,Belgium,Online,0,0
T0004278,A002970,C01816,2026-03-26 16:21:56,Transfer In,Transfer,217.67,Netherlands,Mobile App,0,0
T0002418,A000345,C00214,2025-10-29 17:52:35,Salary,Salary,1881.37,Belgium,Mobile App,0,0
T0003836,A003481,C02129,2024-03-14 16:06:16,Transfer In,Transfer,363.87,Belgium,Bank Transfer,0,0
T0006282,A000862,C00528,2024-12-27 13:14:57,Salary,Salary,2881.7,Germany,Bank Transfer,0,0
T0006439,A000212,C00133,2024-10-04 00:26:35,Transfer Out,Transfer,-225.68,Germany,Mobile App,0,0
T0006758,A000585,C00361,2026-01-23 20:00:17,Direct Debit,Utilities,-175.0,France,Direct Debit,0,0
T0006687,A001786,C01101,2026-02-12 08:00:36,Transfer Out,Transfer,-510.04,Belgium,Mobile App,0,0
T0007440,A001010,C00617,2024-07-29 18:30:19,Transfer In,Transfer,585.94,Belgium,Mobile App,0,0
T0004731,A003966,C02425,2026-01-28 15:59:43,Transfer In,Transfer,102.6,Netherlands,Bank Transfer,0,0
T0004866,A001440,C00884,2024-05-20 18:31:49,Card Purchase,E-commerce,-185.46,Germany,Online,0,0
T0004227,A001389,C00851,2025-12-02 18:56:49,Transfer In,Transfer,59.26,Germany,Mobile App,0,0
T0007520,A003602,C02203,2024-07-26 17:00:37,Card Purchase,Fuel,-62.72,Germany,Card Present,0,0
T0008415,A002936,C01794,2025-08-04 11:53:34,Card Purchase,Healthcare,-46.86,Belgium,Card Present,0,0
T0002602,A002016,C01237,2024-10-19 04:59:50,Direct Debit,Insurance,-103.98,Germany,Direct Debit,0,0
T0002596,A003008,C01841,2026-03-04 03:04:32,Card Purchase,Retail,-188.96,Netherlands,Card Present,0,0
T0005453,A001816,C01120,2024-12-28 14:40:20,Transfer Out,Transfer,-241.05,Netherlands,Mobile App,0,0
T0006422,A001550,C00952,2024-02-02 17:51:20,Cash Withdrawal,Cash,-100,France,ATM,0,0
T0000648,A000831,C00506,2026-01-05 11:12:55,Transfer Out,Transfer,-447.07,Germany,Mobile App,0,0
T0002329,A001662,C01021,2024-12-17 00:04:59,Transfer In,Transfer,960.46,Germany,Mobile App,0,0
T0001159,A002229,C01368,2024-11-25 02:36:50,Transfer In,Transfer,168.6,Netherlands,Bank Transfer,0,0
T0000354,A002693,C01645,2025-06-05 16:36:11,Direct Debit,Housing,-762.5,Belgium,Direct Debit,0,0
T0004985,A003458,C02113,2024-10-18 17:43:48,Transfer Out,Transfer,-623.22,France,Bank Transfer,0,0
T0008211,A003826,C02337,2025-06-05 17:45:53,Card Purchase,Dining,-16.98,Belgium,Card Present,0,0
T0004183,A001899,C01166,2024-11-09 10:18:34,Card Purchase,E-commerce,-78.93,France,Online,0,0
T0009247,A003214,C01969,2026-03-17 23:12:15,Transfer In,Transfer,236.39,Germany,Bank Transfer,0,0
T0000549,A001371,C00841,2024-02-13 21:09:29,Card Purchase,Travel,-198.32,Belgium,Online,0,0
T0004569,A000288,C00180,2024-12-21 14:54:32,Transfer Out,Transfer,-150.72,Netherlands,Mobile App,0,0
T0001650,A000443,C00276,2024-02-20 22:04:32,Transfer In,Transfer,48.46,Belgium,Bank Transfer,0,0
T0003057,A003026,C01853,2026-04-03 16:48:36,Card Purchase,Travel,-336.65,France,Card Present,0,0
T0003990,A002295,C01410,2026-03-08 04:00:13,Direct Debit,Housing,-1018.46,Belgium,Direct Debit,0,0
T0004554,A003261,C01999,2025-10-13 09:58:22,Card Purchase,E-commerce,-55.63,Portugal,Card Present,1,0
T0008412,A000901,C00551,2025-10-12 08:36:42,Salary,Salary,6256.77,Belgium,Bank Transfer,0,0
T0006684,A003398,C02078,2025-03-11 20:46:52,Salary,Salary,2042.05,Luxembourg,Bank Transfer,0,0
T0001752,A001748,C01080,2025-04-24 03:02:28,Card Purchase,Dining,-61.65,Netherlands,Online,0,0
T0004313,A003765,C02299,2024-06-03 21:18:15,Transfer In,Transfer,679.22,Germany,Bank Transfer,0,0
T0001666,A003334,C02041,2024-05-20 23:54:24,Direct Debit,Insurance,-131.06,France,Direct Debit,0,0
T0006404,A001188,C00724,2024-12-11 22:50:24,Transfer In,Transfer,516.99,Luxembourg,Bank Transfer,0,0
T0008857,A002780,C01700,2024-11-03 10:28:34,Card Purchase,Retail,-49.1,Netherlands,Online,0,0
T0003962,A003894,C02382,2026-06-28 00:31:52,Card Purchase,Retail,-29.65,France,Online,0,0
T0006845,A002034,C01247,2025-03-19 07:05:54,Card Purchase,Groceries,-59.39,Italy,Card Present,1,0
T0003239,A002213,C01357,2026-06-14 20:02:22,Transfer Out,Transfer,-100.02,Belgium,Bank Transfer,0,0
T0009704,A000052,C00032,2024-03-16 10:33:58,Transfer In,Transfer,274.09,Belgium,Bank Transfer,0,0
T0010000,A001476,C00907,2025-04-06 12:40:29,Transfer In,Transfer,229.41,Netherlands,Mobile App,0,0
T0007021,A001102,C00671,2026-05-01 13:32:51,Card Purchase,Retail,-105.28,Belgium,Online,0,0
T0005729,A000170,C00104,2024-05-03 00:53:44,Card Purchase,Dining,-30.22,Belgium,Online,0,0
T0005001,A001488,C00915,2024-10-16 13:17:33,Transfer In,Transfer,147.12,Netherlands,Mobile App,0,0
T0007825,A000567,C00350,2024-06-09 20:05:58,Card Purchase,E-commerce,-114.31,Belgium,Online,0,0
T0001416,A002253,C01385,2025-07-12 12:40:39,Transfer In,Transfer,898.52,Luxembourg,Mobile App,0,0
T0004678,A000064,C00038,2025-12-11 16:15:15,Transfer In,Transfer,366.91,France,Mobile App,0,0
T0009172,A003045,C01867,2026-01-02 22:26:31,Direct Debit,Utilities,-150.38,Belgium,Direct Debit,0,0
T0006410,A002442,C01500,2024-11-25 19:24:24,Card Purchase,E-commerce,-40.02,Belgium,Card Present,0,0
T0004198,A000080,C00047,2026-01-03 06:44:39,Transfer In,Transfer,172.52,Belgium,Mobile App,0,0
T0009858,A002283,C01402,2024-11-07 18:39:29,Card Purchase,Fuel,-63.29,Belgium,Online,0,0
T0005271,A002427,C01490,2025-10-27 16:16:43,Transfer In,Transfer,204.68,Germany,Bank Transfer,0,0
T0006646,A003054,C01872,2026-06-14 16:17:47,Card Purchase,Healthcare,-46.38,Belgium,Online,0,0
T0006509,A002099,C01289,2024-02-17 19:35:05,Direct Debit,Subscriptions,-24.95,France,Direct Debit,0,0
T0009803,A003230,C01980,2026-03-27 08:40:13,Transfer Out,Transfer,-83.03,France,Bank Transfer,0,0
T0004873,A001571,C00966,2025-06-04 08:26:21,Card Purchase,Travel,-331.02,Belgium,Online,0,0
T0009358,A001888,C01159,2026-01-28 18:47:44,Cash Withdrawal,Cash,-50,France,ATM,0,0
T0006560,A001065,C00648,2024-06-15 03:42:25,Transfer Out,Transfer,-863.51,Netherlands,Mobile App,0,0
T0002401,A001870,C01149,2026-02-10 19:08:26,Transfer Out,Transfer,-685.44,Luxembourg,Bank Transfer,0,0
T0000664,A002291,C01408,2025-06-24 05:04:22,Transfer In,Transfer,277.11,Netherlands,Bank Transfer,0,0
T0004726,A003275,C02008,2025-05-09 17:03:27,Transfer In,Transfer,400.69,Netherlands,Mobile App,0,0
T0000951,A001116,C00681,2026-03-28 11:38:56,Transfer In,Transfer,80.79,Netherlands,Mobile App,0,0
T0002730,A001045,C00637,2024-10-23 22:23:28,Card Purchase,Travel,-135.19,Germany,Online,0,0
T0007801,A000915,C00559,2024-07-05 15:04:42,Transfer In,Transfer,97.48,Germany,Bank Transfer,0,0
T0000628,A000497,C00309,2025-10-25 19:58:23,Transfer Out,Transfer,-123.9,Germany,Mobile App,0,0
T0002969,A001093,C00666,2025-08-06 08:56:15,Transfer Out,Transfer,-128.23,Netherlands,Bank Transfer,0,0
T0007117,A003964,C02424,2024-02-18 12:34:29,Card Purchase,Entertainment,-27.73,Belgium,Online,0,0
T0007414,A001432,C00878,2024-11-26 18:36:15,Direct Debit,Housing,-834.08,Netherlands,Direct Debit,0,0
T0003495,A002166,C01328,2025-10-02 14:25:31,Interest,Interest,17.35,Belgium,Mobile App,0,0
T0004861,A003813,C02329,2024-03-03 15:14:50,Card Purchase,Dining,-20.32,Belgium,Card Present,0,0
T0001882,A001140,C00696,2025-11-12 20:07:06,Card Purchase,E-commerce,-12.4,Belgium,Online,0,0
T0002697,A000880,C00538,2024-03-28 08:40:35,Card Purchase,Entertainment,-48.14,Germany,Card Present,0,0
T0008141,A001899,C01166,2024-08-12 17:43:05,Card Purchase,Travel,-404.19,France,Card Present,0,0
T0008948,A002243,C01378,2024-02-05 11:09:44,Interest,Interest,16.64,Belgium,Bank Transfer,0,0
T0002052,A000263,C00164,2025-12-21 11:06:45,Transfer In,Transfer,77.32,Netherlands,Mobile App,0,0
T0004499,A003133,C01915,2024-03-28 22:16:25,Transfer Out,Transfer,-208.4,Belgium,Mobile App,0,0
T0006112,A002355,C01446,2024-07-10 22:48:13,Transfer Out,Transfer,-347.27,Belgium,Mobile App,0,0
T0000124,A000689,C00422,2025-09-19 22:12:57,Transfer Out,Transfer,-364.46,Belgium,Bank Transfer,0,0
T0008609,A000416,C00259,2026-01-07 12:19:41,Card Purchase,Fuel,-20.82,Netherlands,Online,0,0
T0008604,A003089,C01892,2026-06-25 16:34:21,Transfer In,Transfer,858.9,Netherlands,Mobile App,0,0
T0000362,A001335,C00821,2025-08-24 03:18:58,Transfer In,Transfer,120.73,Netherlands,Bank Transfer,0,0
T0006056,A001386,C00849,2024-04-20 09:23:02,Transfer In,Transfer,178.92,France,Bank Transfer,0,0
T0002966,A003576,C02187,2024-10-29 20:12:31,Transfer Out,Transfer,-762.68,Belgium,Mobile App,0,0
T0002677,A002784,C01703,2026-02-07 11:33:24,Direct Debit,Telecom,-70.08,Luxembourg,Direct Debit,0,0
T0001517,A001497,C00919,2024-12-10 10:52:40,Direct Debit,Subscriptions,-31.06,Luxembourg,Direct Debit,0,0
T0009177,A001583,C00974,2025-02-20 15:51:49,Transfer Out,Transfer,-395.59,Belgium,Bank Transfer,0,0
T0002990,A002723,C01664,2024-08-24 12:23:59,Salary,Salary,2217.97,Belgium,Mobile App,0,0
T0005792,A002639,C01614,2026-08-06 07:53:52,Card Purchase,Dining,-81.74,Belgium,Card Present,0,0
T0006168,A003740,C02286,2024-02-05 18:42:55,Direct Debit,Insurance,-95.75,France,Direct Debit,0,0
T0002920,A000516,C00320,2024-05-17 06:32:30,Card Purchase,Groceries,-49.06,Belgium,Card Present,0,0
T0007855,A000958,C00584,2024-10-08 11:22:38,Card Purchase,Travel,-64.33,Belgium,Online,0,0
T0007022,A002576,C01581,2025-12-15 11:56:54,Card Purchase,Groceries,-117.66,France,Mobile App,0,0
T0002039,A001526,C00938,2024-10-14 17:25:22,Transfer Out,Transfer,-742.05,Belgium,Mobile App,0,0
T0007501,A000490,C00305,2024-11-30 02:38:31,Transfer Out,Transfer,-250.73,Germany,Bank Transfer,0,0
T0008982,A002142,C01314,2025-05-29 17:31:00,Direct Debit,Housing,-870.68,Belgium,Direct Debit,0,0
T0000456,A002055,C01260,2024-04-13 10:16:08,Interest,Interest,12.1,Belgium,Bank Transfer,0,0
T0007541,A003236,C01983,2024-01-29 12:44:57,Transfer Out,Transfer,-189.1,France,Bank Transfer,0,0
T0006388,A001392,C00853,2024-05-18 13:52:32,Transfer In,Transfer,406.85,Germany,Mobile App,0,0
T0005750,A001605,C00988,2024-05-17 05:31:31,Transfer Out,Transfer,-1007.01,France,Mobile App,0,0
T0002847,A000270,C00168,2024-10-23 23:23:41,Transfer Out,Transfer,-304.22,Belgium,Mobile App,0,0
T0004387,A002531,C01551,2025-11-23 00:24:50,Card Purchase,E-commerce,-65.52,Germany,Card Present,0,0
T0007963,A001323,C00815,2024-03-02 20:22:24,Transfer In,Transfer,895.95,Belgium,Mobile App,0,0
T0001280,A002343,C01439,2025-07-08 05:55:36,Card Purchase,E-commerce,-81.98,Belgium,Card Present,0,0
T0000632,A003053,C01872,2026-04-03 13:26:15,Transfer Out,Transfer,-320.49,Belgium,Bank Transfer,0,0
T0002871,A003248,C01990,2024-07-23 13:37:33,Direct Debit,Insurance,-135.11,Belgium,Direct Debit,0,0
T0004024,A001487,C00914,2026-07-23 01:37:48,Card Purchase,Fuel,-19.93,Germany,Card Present,0,0
T0003214,A003665,C02241,2024-06-12 23:03:37,Transfer In,Transfer,276.31,Belgium,Bank Transfer,0,0
T0001755,A002704,C01653,2024-08-16 13:06:12,Transfer In,Transfer,500.54,Germany,Bank Transfer,0,0
T0002332,A001102,C00671,2025-05-18 14:50:22,Transfer In,Transfer,210.16,Belgium,Mobile App,0,0
T0008533,A002434,C01495,2026-01-27 11:21:03,Card Purchase,Retail,-257.53,Belgium,Card Present,0,0
T0005254,A001654,C01017,2025-10-28 22:48:09,Cash Withdrawal,Cash,-50,Belgium,ATM,0,0
T0002402,A002173,C01332,2025-06-14 16:46:19,Transfer In,Transfer,458.04,Belgium,Mobile App,0,0
T0008947,A000957,C00583,2025-07-21 13:58:22,Card Purchase,Travel,-484.54,Belgium,Online,0,0
T0002698,A003502,C02142,2025-03-23 12:33:10,Transfer Out,Transfer,-1165.58,Belgium,Mobile App,0,0
T0006181,A001245,C00761,2024-12-17 16:12:05,Card Purchase,E-commerce,-15.61,Germany,Card Present,0,0
T0008546,A003196,C01958,2024-02-29 21:34:14,Transfer Out,Transfer,-944.62,France,Bank Transfer,0,0
T0002161,A000299,C00186,2025-01-07 01:03:55,Direct Debit,Telecom,-73.76,Belgium,Direct Debit,0,0
T0008065,A000750,C00459,2025-04-04 13:22:00,Card Purchase,Healthcare,-58.32,France,Mobile App,0,0
T0005421,A001704,C01049,2026-08-04 22:28:50,Card Purchase,Travel,-63.81,Netherlands,Online,0,0
T0000048,A002922,C01784,2025-07-11 13:57:46,Card Purchase,Travel,-175.58,Netherlands,Card Present,0,0
T0008931,A000787,C00483,2026-07-24 08:54:30,Transfer In,Transfer,799.14,Netherlands,Mobile App,0,0
T0001390,A000867,C00530,2024-10-22 04:07:24,Card Purchase,Travel,-191.13,France,Card Present,0,0
T0007048,A000982,C00600,2024-07-16 15:06:36,Card Purchase,Dining,-44.66,Luxembourg,Card Present,0,0
T0003394,A002026,C01244,2025-07-11 10:26:30,Salary,Salary,1905.98,France,Bank Transfer,0,0
T0007703,A003951,C02416,2026-02-10 13:20:45,Transfer In,Transfer,221.55,Belgium,Mobile App,0,0
T0008731,A003293,C02018,2025-02-05 12:48:13,Direct Debit,Utilities,-173.62,France,Direct Debit,0,0
T0001908,A002185,C01339,2024-03-10 03:37:36,Card Purchase,Travel,-702.07,Netherlands,Online,0,0
T0006828,A000710,C00433,2026-07-31 21:32:25,Direct Debit,Subscriptions,-30.4,Germany,Direct Debit,0,0
T0004333,A001746,C01079,2026-01-05 05:18:59,Salary,Salary,1899.08,France,Mobile App,0,0
T0006401,A001738,C01074,2024-07-01 18:20:21,Transfer Out,Transfer,-513.24,Belgium,Mobile App,0,0
T0009711,A000503,C00314,2025-09-05 15:28:46,Direct Debit,Utilities,-169.5,Belgium,Direct Debit,0,0
T0001792,A001518,C00932,2024-07-21 10:55:42,Card Purchase,E-commerce,-172.97,Germany,Card Present,0,0
T0003652,A001622,C00998,2024-06-02 00:34:02,Direct Debit,Subscriptions,-19.69,Belgium,Direct Debit,0,0
T0003261,A000348,C00216,2025-09-18 13:28:23,Card Purchase,Dining,-28.15,Belgium,Card Present,0,0
T0000721,A003012,C01844,2025-06-20 06:35:52,Transfer Out,Transfer,-98.64,Belgium,Bank Transfer,0,0
T0008880,A000822,C00502,2025-01-12 14:51:14,Cash Withdrawal,Cash,-100,Netherlands,ATM,0,0
T0009690,A001242,C00758,2024-06-25 12:18:17,Card Purchase,Fuel,-97.04,Belgium,Card Present,0,0
T0008398,A003936,C02408,2026-03-02 08:40:56,Transfer Out,Transfer,-157.01,Belgium,Mobile App,0,0
T0003221,A002503,C01535,2025-10-04 06:43:50,Card Purchase,Retail,-119.64,Belgium,Mobile App,0,0
T0004760,A001038,C00633,2026-08-28 07:19:20,Card Purchase,Dining,-24.75,Netherlands,Card Present,0,0
T0002733,A001727,C01066,2026-01-29 03:50:47,Transfer In,Transfer,149.35,Netherlands,Bank Transfer,0,0
T0004538,A000816,C00497,2025-07-13 08:19:21,Card Purchase,Travel,-167.19,Netherlands,Online,0,0
T0001626,A002835,C01730,2024-08-23 07:00:46,Card Purchase,Healthcare,-62.35,Belgium,Card Present,0,0
T0003263,A001745,C01078,2025-03-08 06:31:36,Cash Withdrawal,Cash,-100,Germany,ATM,0,0
T0008742,A002049,C01256,2025-03-29 21:01:58,Transfer In,Transfer,905.51,Germany,Bank Transfer,0,0
T0005578,A003813,C02329,2026-01-31 14:41:31,Card Purchase,Travel,-200.73,Belgium,Card Present,0,0
T0005133,A002956,C01807,2024-08-11 16:08:05,Cash Withdrawal,Cash,-200,Luxembourg,ATM,0,0
T0008516,A001759,C01087,2025-09-09 22:58:07,Transfer In,Transfer,184.62,Belgium,Bank Transfer,0,0
T0007886,A000146,C00088,2024-07-24 09:06:33,Transfer In,Transfer,560.55,Netherlands,Bank Transfer,0,0
T0004453,A003085,C01890,2024-12-02 05:00:45,Card Purchase,Fuel,-82.79,Belgium,Card Present,0,0
T0001170,A003110,C01902,2025-08-19 21:10:39,Interest,Interest,0.31,Germany,Mobile App,0,0
T0001480,A000614,C00378,2025-01-10 06:03:14,Transfer In,Transfer,45.65,Belgium,Mobile App,0,0
T0007891,A003631,C02221,2026-01-30 02:41:23,Salary,Salary,1928.72,Netherlands,Bank Transfer,0,0
T0002213,A002298,C01411,2024-03-17 01:42:25,Transfer In,Transfer,251.93,Netherlands,Bank Transfer,0,0
T0001098,A003362,C02056,2025-02-17 09:09:51,Transfer In,Transfer,162.63,France,Mobile App,0,0
T0007757,A001081,C00659,2024-08-17 06:23:14,Card Purchase,E-commerce,-213.15,France,Online,1,0
T0006488,A003335,C02041,2026-06-01 05:29:50,Transfer In,Transfer,286.74,France,Mobile App,0,0
T0005690,A000763,C00469,2025-04-09 14:30:10,Card Purchase,Entertainment,-51.39,Germany,Card Present,0,0
T0003262,A001138,C00694,2024-02-06 16:30:22,Card Purchase,Entertainment,-51.43,Belgium,Card Present,0,0
T0001486,A003687,C02254,2026-02-26 20:27:15,Transfer In,Transfer,107.71,Belgium,Bank Transfer,0,0
T0000135,A003210,C01967,2025-10-11 14:14:00,Salary,Salary,3675.26,France,Mobile App,0,0
T0004784,A003482,C02129,2025-09-28 01:22:09,Card Purchase,Retail,-103.73,Belgium,Card Present,0,0
T0008348,A001786,C01101,2025-10-31 11:55:04,Transfer In,Transfer,276.15,Belgium,Bank Transfer,0,0
T0006627,A000840,C00513,2025-02-16 17:11:47,Direct Debit,Housing,-992.4,Belgium,Direct Debit,0,0
T0009107,A003951,C02416,2025-06-08 18:42:33,Transfer In,Transfer,535.82,Belgium,Mobile App,0,0
T0005265,A002847,C01738,2024-01-08 11:01:46,Card Purchase,Entertainment,-36.32,Belgium,Online,0,0
T0008286,A002393,C01470,2025-08-05 23:09:40,Salary,Salary,1463.32,Belgium,Mobile App,0,0
T0007301,A004005,C02449,2025-06-16 22:29:11,Transfer Out,Transfer,-135.9,Luxembourg,Mobile App,0,0
T0009307,A002863,C01748,2024-12-31 01:37:17,Transfer Out,Transfer,-142.32,Belgium,Bank Transfer,0,0
T0005496,A000449,C00280,2026-03-04 08:07:19,Transfer Out,Transfer,-146.18,Belgium,Mobile App,0,0
T0002024,A000184,C00113,2025-01-30 19:12:43,Card Purchase,Healthcare,-31.85,Germany,Card Present,0,0
T0009055,A001697,C01045,2024-08-02 21:28:17,Direct Debit,Insurance,-52.61,Germany,Direct Debit,0,0
T0009943,A001015,C00620,2025-01-22 12:37:53,Card Purchase,Groceries,-41.55,Belgium,Card Present,0,0
T0001992,A003573,C02186,2025-11-19 11:44:05,Cash Withdrawal,Cash,-250,Netherlands,ATM,0,0
T0009378,A000869,C00531,2024-02-04 18:50:00,Transfer In,Transfer,334.97,Belgium,Bank Transfer,0,0
T0009256,A003051,C01871,2025-06-12 15:12:25,Transfer Out,Transfer,-397.52,,Mobile App,0,0
T0000873,A003066,C01880,2026-03-08 15:35:50,Transfer Out,Transfer,-170.5,Germany,Mobile App,0,0
T0009553,A003399,C02078,2026-04-20 15:14:14,Transfer In,Transfer,745.69,Luxembourg,Bank Transfer,0,0
T0002222,A000665,C00408,2026-06-02 22:14:49,Cash Withdrawal,Cash,-40,Germany,ATM,0,0
T0006182,A000036,C00021,2026-04-06 06:55:15,Direct Debit,Insurance,-91.03,Belgium,Direct Debit,0,0
T0007830,A002046,C01254,2026-01-13 00:11:56,Direct Debit,Insurance,-121.57,Belgium,Direct Debit,0,0
T0002634,A001138,C00694,2025-03-03 08:08:30,Transfer Out,Transfer,-253.32,Belgium,Mobile App,0,0
T0004922,A003557,C02173,2026-04-13 02:24:12,Card Purchase,Groceries,-33.24,France,Card Present,0,0
T0001693,A000714,C00436,2024-08-14 04:09:18,Interest,Interest,17.76,France,Bank Transfer,0,0
T0001432,A002001,C01228,2024-12-19 21:02:51,Card Purchase,Groceries,-127.59,Belgium,Card Present,0,0
T0007345,A002300,C01412,2025-11-17 08:18:02,Transfer In,Transfer,248.14,Netherlands,Mobile App,0,0
T0001589,A001248,C00763,2025-02-09 06:27:00,Interest,Interest,14.24,Belgium,Bank Transfer,0,0
T0009126,A002196,C01347,2025-03-21 07:15:01,Interest,Interest,7.26,Belgium,Mobile App,0,0
T0008678,A001068,C00649,2024-03-21 23:50:56,Card Purchase,Entertainment,-62.93,Luxembourg,Online,0,0
T0005591,A003650,C02233,2024-11-12 15:05:08,Card Purchase,Dining,-42.24,Luxembourg,Online,0,0
T0001352,A001802,C01111,2026-05-13 18:14:03,Card Purchase,Dining,-38.87,Belgium,Online,0,0
T0000907,A000793,C00485,2024-02-01 08:17:15,Card Purchase,Entertainment,-153.44,Belgium,Card Present,0,0
T0002144,A003157,C01931,2026-06-20 11:30:19,Cash Withdrawal,Cash,-250,France,ATM,0,0
T0001863,A000099,C00059,2025-01-08 17:00:32,Transfer Out,Transfer,-484.78,Germany,Bank Transfer,0,0
T0006975,A000439,C00273,2024-01-01 02:07:18,Salary,Salary,2031.76,Netherlands,Bank Transfer,0,0
T0006848,A003670,C02244,2024-07-05 02:23:39,Card Purchase,E-commerce,-109.24,France,Card Present,0,0
T0003166,A002210,C01356,2026-06-21 18:37:23,Card Purchase,Travel,-389.93,France,Card Present,0,0
T0000129,A002063,C01267,2025-11-12 16:54:43,Interest,Interest,9.02,Germany,Bank Transfer,0,0
T0005822,A001530,C00940,2024-10-09 21:10:32,Cash Withdrawal,Cash,-20,Germany,ATM,0,0
T0002246,A002103,C01292,2025-12-06 11:22:25,Transfer Out,Transfer,-330.41,Netherlands,Mobile App,0,0
T0005282,A003376,C02065,2025-06-10 12:01:27,Transfer Out,Transfer,-224.79,Germany,Bank Transfer,0,0
T0001832,A003001,C01836,2025-10-23 05:52:21,Card Purchase,Healthcare,-71.16,Germany,Card Present,0,0
T0008761,A000665,C00408,2024-01-11 02:42:18,Direct Debit,Subscriptions,-16.53,Germany,Direct Debit,0,0
T0009707,A000516,C00320,2025-08-16 11:14:51,Card Purchase,Groceries,-30.4,Belgium,Card Present,0,0
T0005314,A001531,C00940,2026-03-22 20:02:35,Transfer In,Transfer,214.88,Germany,Mobile App,0,0
T0000949,A000619,C00381,2025-08-14 20:57:34,Transfer Out,Transfer,-24.74,Netherlands,Mobile App,0,0
T0003529,A000342,C00211,2026-04-06 06:05:07,Transfer Out,Transfer,-58.34,Netherlands,Mobile App,0,0
T0009505,A000378,C00236,2026-02-19 00:11:20,Transfer In,Transfer,214.94,Belgium,Bank Transfer,0,0
T0006799,A002031,C01246,2024-04-10 22:39:17,Interest,Interest,4.12,Belgium,Mobile App,0,0
T0000204,A004001,C02446,2025-02-07 21:08:22,Transfer Out,Transfer,-434.04,Belgium,Mobile App,0,0
T0008330,A000412,C00257,2024-02-08 21:58:07,Transfer Out,Transfer,-604.87,Belgium,Bank Transfer,0,0
T0003020,A003233,C01981,2026-04-23 05:33:34,Transfer Out,Transfer,-579.14,Belgium,Bank Transfer,0,0
T0006905,A000982,C00600,2024-07-02 19:41:39,Direct Debit,Telecom,-70.4,Luxembourg,Direct Debit,0,0
T0003139,A003515,C02150,2024-01-15 21:16:58,Transfer In,Transfer,639.08,France,Mobile App,0,0
T0002639,A001936,C01187,2024-01-19 14:39:05,Card Purchase,E-commerce,-36.61,Luxembourg,Card Present,0,0
T0006425,A002627,C01607,2025-08-23 12:10:08,Transfer In,Transfer,126.64,France,Mobile App,0,0
T0003536,A001382,C00847,2024-06-21 15:01:35,Transfer Out,Transfer,-202.91,Belgium,Bank Transfer,0,0
T0009495,A002855,C01744,2024-07-10 12:36:48,Card Purchase,Travel,-181.09,United States,Mobile App,1,0
T0004299,A002320,C01427,2024-07-23 07:28:46,Direct Debit,Telecom,-86.22,Belgium,Direct Debit,0,0
T0001538,A001548,C00950,2026-05-06 14:03:57,Card Purchase,Entertainment,-37.6,Belgium,Card Present,0,0
T0003955,A000126,C00075,2024-04-21 22:02:56,Transfer Out,Transfer,-230.14,Belgium,Mobile App,0,0
T0002511,A003001,C01836,2025-04-06 21:49:18,Card Purchase,Fuel,-66.27,Germany,Card Present,0,0
T0008968,A002201,C01351,2026-01-18 04:48:04,Salary,Salary,4740.03,Luxembourg,Bank Transfer,0,0
T0000123,A002138,C01311,2025-11-04 14:45:30,Transfer Out,Transfer,-27.96,Belgium,Bank Transfer,0,0
T0002644,A001553,C00954,2024-06-04 04:59:29,Direct Debit,Insurance,-145.12,Belgium,Direct Debit,0,0
T0009471,A000571,C00353,2026-06-14 21:40:09,Cash Withdrawal,Cash,-150,France,ATM,0,0
T0000625,A000835,C00509,2024-01-10 03:09:11,Transfer In,Transfer,389.53,France,Bank Transfer,0,0
T0002898,A001424,C00873,2025-05-24 02:48:23,Transfer In,Transfer,657.21,France,Bank Transfer,0,0
T0008193,A003569,C02183,2025-12-11 19:24:40,Card Purchase,Entertainment,-70.33,Belgium,Card Present,0,0
T0004956,A001390,C00852,2025-09-16 04:44:53,Direct Debit,Utilities,-98.47,Belgium,Direct Debit,0,0
T0000997,A002644,C01617,2026-06-22 18:11:57,Card Purchase,Retail,-141.99,Belgium,Online,0,0
T0003616,A002046,C01254,2026-04-04 01:03:08,Card Purchase,Healthcare,-66.91,France,Online,1,0
T0000517,A001325,C00816,2024-10-02 10:58:00,Direct Debit,Subscriptions,-15.97,Germany,Direct Debit,0,0
T0003111,A000559,C00345,2025-11-29 07:52:07,Direct Debit,Telecom,-79.89,Belgium,Direct Debit,0,0
T0008988,A002084,C01279,2025-06-06 21:17:15,Transfer Out,Transfer,-210.67,Netherlands,Mobile App,0,0
T0001798,A003398,C02078,2025-09-29 19:10:25,Direct Debit,Subscriptions,-16.65,Luxembourg,Direct Debit,0,0
T0005351,A001482,C00911,2024-12-03 08:16:23,Card Purchase,E-commerce,-35.14,United States,Online,1,0
T0006189,A002924,C01786,2024-09-24 14:39:16,Card Purchase,Travel,-69.42,Belgium,Card Present,0,0
T0008293,A000955,C00582,2024-08-17 14:09:23,Direct Debit,Insurance,-68.02,Belgium,Direct Debit,0,0
T0008004,A001727,C01066,2026-07-08 13:33:07,Transfer Out,Transfer,-1438.28,Netherlands,Bank Transfer,0,0
T0009299,A003067,C01881,2025-11-07 19:31:17,Card Purchase,Travel,-608.85,Belgium,Card Present,0,0
T0001306,A003903,C02390,2025-05-14 20:51:44,Transfer In,Transfer,249.04,Luxembourg,Bank Transfer,0,0
T0003032,A000777,C00476,2026-01-04 07:04:45,Direct Debit,Housing,-760.49,Netherlands,Direct Debit,0,0
T0004392,A001016,C00621,2024-03-20 03:40:27,Direct Debit,Subscriptions,-17.35,France,Direct Debit,0,0
T0001077,A001958,C01201,2026-08-22 07:46:28,Direct Debit,Insurance,-85.42,France,Direct Debit,0,0
T0005590,A001710,C01055,2024-08-03 22:34:16,Direct Debit,Housing,-725.89,Netherlands,Direct Debit,0,0
T0009665,A000005,C00003,2025-07-16 11:33:50,Transfer In,Transfer,134.84,France,Mobile App,0,0
T0009289,A001748,C01080,2024-10-23 06:43:54,Card Purchase,Fuel,-15.42,Netherlands,Card Present,0,0
T0003176,A002812,C01718,2026-02-02 22:37:50,Card Purchase,Entertainment,-55.89,Netherlands,Online,0,0
T0005929,A004044,C02469,2025-12-23 07:34:09,Card Purchase,Entertainment,-27.63,Belgium,Card Present,0,0
T0008702,A003329,C02038,2025-10-20 15:48:25,Direct Debit,Housing,-909.25,Netherlands,Direct Debit,0,0
T0007973,A002146,C01317,2026-04-21 03:53:13,Transfer Out,Transfer,-135.11,Netherlands,Bank Transfer,0,0
T0000676,A000288,C00180,2026-08-22 20:51:31,Transfer In,Transfer,77.14,Netherlands,Mobile App,0,0
T0008288,A001381,C00847,2026-03-04 09:42:03,Direct Debit,Telecom,-60.35,Belgium,Direct Debit,0,0
T0007274,A001344,C00825,2024-06-10 03:25:41,Card Purchase,Entertainment,-44.62,Belgium,Card Present,0,0
T0009448,A000716,C00437,2024-07-07 11:35:51,Transfer Out,Transfer,-412.34,Belgium,Bank Transfer,0,0
T0008416,A001745,C01078,2025-08-12 06:05:17,Card Purchase,E-commerce,-56.65,Germany,Card Present,0,0
T0002585,A002171,C01331,2024-07-27 07:05:19,Transfer Out,Transfer,-319.92,Germany,Mobile App,0,0
T0001607,A002332,C01434,2025-01-16 00:48:15,Transfer In,Transfer,830.94,Germany,Bank Transfer,0,0
T0002228,A002051,C01258,2025-06-09 21:49:03,Transfer Out,Transfer,-299.15,Germany,Bank Transfer,0,0
T0009815,A000483,C00300,2025-05-01 15:06:30,Transfer Out,Transfer,-155.38,Belgium,Mobile App,0,0
T0005438,A000631,C00388,2024-07-03 02:46:37,Direct Debit,Subscriptions,-21.27,Belgium,Direct Debit,0,0
T0009347,A003528,C02158,2025-11-23 08:20:44,Transfer Out,Transfer,-264.33,Netherlands,Mobile App,0,0
T0008897,A001411,C00866,2024-05-19 04:59:12,Card Purchase,Travel,-378.92,Belgium,Card Present,0,0
T0002318,A001084,C00661,2024-09-13 06:04:41,Transfer Out,Transfer,-356.1,Belgium,Mobile App,0,0
T0000507,A002478,C01521,2024-09-22 22:22:21,Transfer In,Transfer,309.66,Belgium,Mobile App,0,0
T0000437,A001734,C01072,2024-07-17 13:24:57,Transfer Out,Transfer,-78.45,Netherlands,Bank Transfer,0,0
T0007259,A001522,C00935,2026-03-06 01:47:33,Card Purchase,Retail,-129.35,Netherlands,Online,0,0
T0005021,A002092,C01284,2024-08-22 14:17:01,Transfer Out,Transfer,-138.53,Belgium,Bank Transfer,0,0
T0001117,A003456,C02112,2026-08-31 10:11:17,Card Purchase,Retail,-28.08,Belgium,Card Present,0,0
T0006243,A002884,C01760,2024-09-12 20:54:01,Cash Withdrawal,Cash,-200,Netherlands,ATM,0,0
T0007663,A001848,C01138,2025-06-13 19:11:35,Transfer Out,Transfer,-1455.99,Belgium,Mobile App,0,0
T0007534,A003113,C01904,2025-07-03 12:40:39,Transfer In,Transfer,1556.73,France,Bank Transfer,0,0
T0006667,A003671,C02245,2024-06-21 06:07:10,Card Purchase,Healthcare,-43.98,France,Card Present,0,0
T0002631,A000002,C00002,2024-06-07 11:59:01,Transfer In,Transfer,69.03,Netherlands,Bank Transfer,0,0
T0004261,A002139,C01312,2026-01-27 23:22:36,Card Purchase,Dining,-38.24,Belgium,Online,0,0
T0003959,A001880,C01154,2024-06-05 21:16:47,Transfer In,Transfer,1062.34,Netherlands,Mobile App,0,0
T0009387,A000230,C00146,2026-01-17 09:11:25,Direct Debit,Housing,-1011.29,Belgium,Direct Debit,0,0
T0006009,A000303,C00188,2025-12-13 16:56:15,Transfer Out,Transfer,-424.38,Netherlands,Mobile App,0,0
T0007386,A000441,C00275,2025-06-06 21:05:47,Transfer Out,Transfer,-362.97,Belgium,Mobile App,0,0
T0001239,A003473,C02123,2026-04-01 23:20:47,Transfer In,Transfer,60.71,France,Mobile App,0,0
T0002852,A002723,C01664,2025-12-14 06:22:40,Card Purchase,Dining,-39.6,Belgium,Card Present,0,0
T0005352,A000107,C00062,2026-04-10 11:57:44,Card Purchase,Fuel,-61.61,Netherlands,Online,0,0
T0001489,A002249,C01382,2026-07-11 22:59:14,Transfer Out,Transfer,-287.01,Belgium,Bank Transfer,0,0
T0007247,A002016,C01237,2025-10-14 16:30:45,Cash Withdrawal,Cash,-100,Germany,ATM,0,0
T0001805,A000126,C00075,2026-05-10 12:49:39,Transfer In,Transfer,415.19,Belgium,Mobile App,0,0
T0009005,A001413,C00867,2025-03-05 15:13:46,Card Purchase,Healthcare,-69.45,Belgium,Card Present,0,0
T0009478,A003609,C02208,2026-04-01 06:37:42,Direct Debit,Utilities,-132.45,Belgium,Direct Debit,0,0
T0000444,A002867,C01751,2025-02-02 17:23:30,Transfer In,Transfer,269.57,Belgium,Bank Transfer,0,0
T0007216,A001686,C01038,2024-02-09 03:13:36,Card Purchase,E-commerce,-98.71,Portugal,Online,1,0
T0006296,A003930,C02404,2025-08-04 20:32:42,Direct Debit,Housing,-820.16,Netherlands,Direct Debit,0,0
T0002782,A002300,C01412,2025-12-06 09:10:11,Transfer Out,Transfer,-137.4,Netherlands,Mobile App,0,0
T0003269,A003974,C02429,2024-08-02 05:34:57,Transfer In,Transfer,840.9,Belgium,Mobile App,0,0
T0003245,A001352,C00828,2025-06-29 05:16:23,Card Purchase,Entertainment,-53.05,Belgium,Card Present,0,0
T0008283,A002745,C01677,2026-04-21 09:07:25,Cash Withdrawal,Cash,-200,Belgium,ATM,0,0
T0007699,A000820,C00500,2025-10-01 18:44:57,Card Purchase,Groceries,-36.71,Germany,Online,0,0
T0009141,A001692,C01041,2024-11-22 05:26:12,Transfer Out,Transfer,-109.87,France,Mobile App,0,0
T0002078,A003099,C01897,2025-06-07 02:11:14,Transfer In,Transfer,819.18,Luxembourg,Mobile App,0,0
T0005484,A002865,C01750,2024-08-02 00:21:02,Card Purchase,Dining,-104.63,Belgium,Online,0,0
T0006652,A003576,C02187,2025-09-02 15:26:11,Transfer In,Transfer,347.05,Belgium,Mobile App,0,0
T0001717,A000525,C00325,2025-01-23 10:28:47,Transfer Out,Transfer,-473.71,Netherlands,Mobile App,0,0
T0003118,A001584,C00974,2024-09-05 05:44:45,Transfer Out,Transfer,-1077.9,Belgium,Mobile App,0,0
T0001956,A001190,C00725,2025-04-25 12:53:52,Transfer Out,Transfer,-1661.86,Germany,Bank Transfer,0,0
T0001140,A001345,C00826,2026-07-15 19:13:23,Card Purchase,Travel,-136.8,Belgium,Card Present,0,0
T0002600,A003726,C02277,2024-08-01 15:29:16,Transfer Out,Transfer,-198.27,Belgium,Mobile App,0,0
T0007938,A003677,C02248,2026-06-21 01:58:05,Transfer In,Transfer,329.21,France,Bank Transfer,0,0
T0001293,A000536,C00332,2025-07-18 07:35:21,Direct Debit,Housing,-936.22,France,Direct Debit,0,0
T0005336,A000306,C00190,2024-11-16 16:14:33,Card Purchase,Dining,-103.51,Belgium,Card Present,0,0
T0004293,A001860,C01144,2026-04-19 10:21:45,Transfer Out,Transfer,-157.22,France,Bank Transfer,0,0
T0001053,A002312,C01421,2024-10-05 01:00:17,Transfer Out,Transfer,-1539.9,Netherlands,Bank Transfer,0,0
T0009225,A002253,C01385,2025-07-26 01:20:08,Card Purchase,Dining,-80.42,Luxembourg,Online,0,0
T0002269,A003256,C01995,2024-08-17 03:51:22,Salary,Salary,3301.32,Belgium,Mobile App,0,0
T0007275,A000943,C00576,2025-11-25 14:15:49,Transfer In,Transfer,194.43,Belgium,Bank Transfer,0,0
T0000933,A003761,C02296,2024-03-06 21:52:25,Card Purchase,Retail,-219.69,France,Online,0,0
T0007136,A002088,C01281,2025-12-17 11:40:23,Transfer In,Transfer,72.94,France,Bank Transfer,0,0
T0005918,A001212,C00738,2026-03-19 18:47:24,Transfer In,Transfer,458.56,France,Bank Transfer,0,0
T0005572,A000502,C00313,2024-03-28 21:17:05,Direct Debit,Subscriptions,-26.07,Belgium,Direct Debit,0,0
T0000386,A003159,C01933,2025-07-13 12:36:14,Transfer In,Transfer,88.7,Netherlands,Bank Transfer,0,0
T0008866,A002930,C01790,2026-04-04 01:35:29,Direct Debit,Insurance,-129.63,Belgium,Direct Debit,0,0
T0005788,A000398,C00248,2025-08-26 05:23:59,Transfer Out,Transfer,-207.23,Germany,Bank Transfer,0,0
T0005366,A003259,C01997,2025-05-06 09:22:28,Card Purchase,Fuel,-62.26,Netherlands,Card Present,0,0
T0008572,A003436,C02102,2025-10-23 05:14:23,Direct Debit,Telecom,-82.44,Germany,Direct Debit,0,0
T0006635,A003535,C02161,2025-06-24 21:53:38,Transfer In,Transfer,317.58,Germany,Bank Transfer,0,0
T0009003,A000289,C00180,2025-12-28 12:46:58,Card Purchase,E-commerce,-117.12,Netherlands,Card Present,0,0
T0001953,A002279,C01401,2025-11-18 10:07:16,Transfer In,Transfer,274.73,France,Mobile App,0,0
T0006159,A002082,C01277,2025-03-24 03:31:05,Transfer In,Transfer,237.48,France,Bank Transfer,0,0
T0003953,A003085,C01890,2025-12-23 05:11:07,Card Purchase,Travel,-122.25,Belgium,Card Present,0,0
T0001814,A001900,C01167,2025-05-18 23:28:02,Transfer Out,Transfer,-406.44,Luxembourg,Mobile App,0,0
T0008879,A002547,C01561,2026-05-10 12:44:53,Direct Debit,Utilities,-131.18,Germany,Direct Debit,0,0
T0003393,A000496,C00309,2025-02-26 13:51:16,Direct Debit,Housing,-871.22,Germany,Direct Debit,0,0
T0001401,A002324,C01430,2026-01-26 04:10:21,Transfer In,Transfer,144.59,Belgium,Mobile App,0,0
T0009104,A000043,C00025,2024-11-23 10:39:41,Direct Debit,Subscriptions,-17.33,Germany,Direct Debit,0,0
T0003410,A001642,C01008,2024-02-11 15:37:34,Transfer In,Transfer,505.05,Netherlands,Bank Transfer,0,0
T0002965,A002648,C01619,2025-08-04 18:42:35,Transfer Out,Transfer,-400.02,Belgium,Mobile App,0,0
T0005478,A000700,C00428,2025-02-22 13:54:24,Transfer In,Transfer,161.58,Belgium,Bank Transfer,0,0
T0008559,A001048,C00639,2026-07-07 08:55:35,Cash Withdrawal,Cash,-250,Germany,ATM,0,0
T0000959,A002114,C01299,2026-05-30 19:58:57,Transfer In,Transfer,439.05,France,Bank Transfer,0,0
T0006822,A000827,C00504,2025-01-21 10:06:49,Card Purchase,E-commerce,-104.57,France,Online,0,0
T0006073,A004041,C02467,2025-09-27 22:14:58,Direct Debit,Subscriptions,-27.45,Belgium,Direct Debit,0,0
T0000956,A000988,C00603,2026-07-04 23:29:07,Card Purchase,Travel,-525.49,Germany,Online,0,0
T0005537,A001300,C00799,2024-10-10 19:29:17,Transfer Out,Transfer,-1076.55,Germany,Mobile App,0,0
T0001205,A000498,C00310,2024-04-12 12:55:12,Transfer Out,Transfer,-30.18,Belgium,Bank Transfer,0,0
T0000295,A001490,C00916,2025-06-15 12:54:28,Transfer Out,Transfer,-725.9,Belgium,Bank Transfer,0,0
T0005588,A001284,C00788,2024-08-17 03:19:45,Transfer In,Transfer,420.14,Belgium,Mobile App,0,0
T0002746,A002245,C01379,2025-03-31 07:27:11,Transfer Out,Transfer,-238.72,Belgium,Bank Transfer,0,0
T0001223,A000156,C00095,2026-08-24 23:58:23,Transfer In,Transfer,298.49,France,Mobile App,0,0
T0000218,A000652,C00401,2024-07-09 14:28:26,Card Purchase,Travel,-308.74,Belgium,Card Present,0,0
T0003508,A002907,C01774,2024-08-15 01:52:21,Transfer In,Transfer,317.8,Belgium,Bank Transfer,0,0
T0002366,A001621,C00997,2024-12-16 00:49:56,Card Purchase,Travel,-176.27,Belgium,Card Present,0,0
T0000474,A003921,C02399,2024-10-31 23:02:19,Cash Withdrawal,Cash,-40,Belgium,ATM,0,0
T0003951,A001768,C01093,2024-03-06 08:12:15,Salary,Salary,4081.59,Netherlands,Bank Transfer,0,0
T0003408,A000856,C00525,2026-01-28 14:44:20,Direct Debit,Housing,-725.56,Netherlands,Direct Debit,0,0
T0005452,A002693,C01645,2024-10-24 10:12:40,Salary,Salary,2689.14,Belgium,Mobile App,0,0
T0001801,A000482,C00299,2024-01-10 09:51:03,Transfer In,Transfer,190.55,,Bank Transfer,0,0
T0001768,A001439,C00883,2025-10-10 08:57:27,Direct Debit,Insurance,-85.84,Belgium,Direct Debit,0,0
T0006406,A003278,C02010,2026-06-05 14:48:19,Transfer In,Transfer,820.09,Belgium,Mobile App,0,0
T0002693,A001385,C00849,2024-12-01 18:08:26,Cash Withdrawal,Cash,-150,France,ATM,0,0
T0005356,A000126,C00075,2024-12-17 09:21:39,Transfer In,Transfer,351.18,Belgium,Mobile App,0,0
T0007187,A003483,C02130,2025-11-23 17:32:38,Salary,Salary,4336.1,Netherlands,Mobile App,0,0
T0008362,A003126,C01911,2024-02-22 12:40:17,Transfer Out,Transfer,-345.08,France,Bank Transfer,0,0
T0004015,A002216,C01359,2025-06-24 03:57:35,Transfer Out,Transfer,-610.04,Belgium,Mobile App,0,0
T0008934,A001861,C01144,2025-09-20 04:13:28,Card Purchase,Dining,-15.24,France,Card Present,0,0
T0004877,A001499,C00921,2026-06-17 02:23:45,Transfer Out,Transfer,-282.35,Belgium,Mobile App,0,0
T0001049,A002523,C01546,2024-07-21 06:27:52,Transfer Out,Transfer,-1162.8,Belgium,Bank Transfer,0,0
T0000384,A002181,C01336,2025-10-21 14:47:34,Transfer In,Transfer,713.52,Belgium,Mobile App,0,0
T0008064,A000495,C00308,2024-07-08 15:12:15,Transfer In,Transfer,139.05,Belgium,Mobile App,0,0
T0006756,A001844,C01135,2024-07-16 01:33:13,Card Purchase,Entertainment,-52.4,Netherlands,Online,0,0
T0004515,A003511,C02147,2024-11-04 07:26:02,Transfer In,Transfer,501.49,Germany,Bank Transfer,0,0
T0006363,A000064,C00038,2024-06-13 03:33:05,Transfer In,Transfer,700.36,France,Bank Transfer,0,0
T0009362,A001632,C01004,2025-10-24 10:12:20,Card Purchase,Travel,-223.2,Netherlands,Online,0,0
T0001839,A002115,C01299,2025-01-12 05:57:44,Card Purchase,Healthcare,-160.63,France,Card Present,0,0
T0001422,A002686,C01639,2024-06-17 06:03:39,Salary,Salary,4264.8,Germany,Mobile App,0,0
T0008514,A002251,C01383,2024-02-10 04:55:18,Transfer In,Transfer,81.89,Germany,Mobile App,0,0
T0006524,A000700,C00428,2026-04-18 22:36:02,Transfer In,Transfer,53.77,Belgium,Mobile App,0,0
T0003094,A003185,C01951,2026-07-08 00:00:18,Transfer In,Transfer,2044.84,Belgium,Bank Transfer,0,0
T0007333,A002944,C01800,2025-03-12 15:44:40,Transfer In,Transfer,201.08,Netherlands,Bank Transfer,0,0
T0001260,A003226,C01977,2024-10-19 02:13:08,Transfer Out,Transfer,-702.31,Belgium,Bank Transfer,0,0
T0003765,A001429,C00877,2024-01-04 01:30:37,Transfer Out,Transfer,-118.37,France,Mobile App,0,0
T0004620,A003052,C01871,2025-04-19 08:31:42,Card Purchase,E-commerce,-75.46,France,Card Present,0,0
T0006339,A002387,C01466,2024-09-23 18:11:07,Transfer In,Transfer,111.44,Germany,Mobile App,0,0
T0009146,A003216,C01970,2024-02-16 13:30:09,Transfer Out,Transfer,-283.15,Germany,Mobile App,0,0
T0004847,A000102,C00061,2026-05-14 04:49:27,Card Purchase,Fuel,-61.33,Belgium,Online,0,0
T0002192,A002011,C01234,2024-08-17 19:14:54,Card Purchase,Healthcare,-126.28,Netherlands,Online,1,0
T0008234,A003496,C02137,2024-06-19 21:44:48,Card Purchase,Healthcare,-53.06,Belgium,Card Present,0,0
T0007064,A002535,C01553,2025-04-07 22:00:58,Transfer In,Transfer,2085.71,Germany,Mobile App,0,0
T0001652,A002216,C01359,2024-01-22 23:38:36,Direct Debit,Subscriptions,-19.13,Belgium,Direct Debit,0,0
T0005871,A002583,C01583,2025-03-02 08:37:26,Transfer In,,281.1,Belgium,Mobile App,0,0
T0007978,A000801,C00489,2025-06-02 21:14:34,Card Purchase,Travel,-263.09,Belgium,Card Present,0,0
T0005466,A000688,C00422,2025-09-24 19:03:44,Direct Debit,Telecom,-60.01,Belgium,Direct Debit,0,0
T0002599,A001721,C01062,2026-01-29 22:15:20,Transfer In,Transfer,94.66,Belgium,Mobile App,0,0
T0009691,A002709,C01656,2025-09-11 00:53:13,Interest,Interest,4.69,Belgium,Mobile App,0,0
T0001785,A001625,C00999,2024-11-29 02:26:09,Transfer In,Transfer,876.91,Belgium,Bank Transfer,0,0
T0008784,A003138,C01918,2025-10-05 00:59:57,Direct Debit,Utilities,-181.78,Netherlands,Direct Debit,0,0
T0007260,A001316,C00810,2025-05-04 13:41:55,Card Purchase,Entertainment,-71.94,Belgium,Card Present,0,0
T0002444,A001283,C00787,2026-05-20 10:33:48,Transfer In,Transfer,354.14,France,Mobile App,0,0
T0008227,A003251,C01992,2025-12-31 17:46:17,Transfer In,Transfer,499.66,Luxembourg,Mobile App,0,0
T0003764,A000157,C00095,2024-09-26 05:58:46,Salary,Salary,5086.55,France,Mobile App,0,0
T0005487,A001107,C00675,2024-06-15 21:48:16,Transfer Out,Transfer,-276.57,Belgium,Mobile App,0,0
T0004035,A001465,C00899,2024-02-28 18:32:54,Transfer In,Transfer,122.06,Belgium,Mobile App,0,0
T0008203,A002705,C01654,2025-11-20 14:42:54,Transfer Out,Transfer,-173.05,France,Bank Transfer,0,0
T0000223,A003599,C02202,2026-02-28 15:21:27,Card Purchase,Retail,-251.83,Netherlands,Online,0,0
T0003109,A001891,C01161,2025-12-18 04:22:28,Direct Debit,Housing,-674.93,France,Direct Debit,0,0
T0009012,A000861,C00527,2025-05-16 16:31:30,Card Purchase,E-commerce,-104.55,Germany,Card Present,0,0
T0002589,A001658,C01019,2025-10-05 04:10:11,Transfer In,Transfer,227.59,Belgium,Mobile App,0,0
T0004386,A003771,C02303,2025-08-18 03:23:58,Direct Debit,Insurance,-93.35,Luxembourg,Direct Debit,0,0
T0006371,A003863,C02360,2026-03-11 07:34:26,Transfer In,Transfer,850.61,Belgium,Bank Transfer,0,0
T0009130,A003148,C01925,2025-06-20 12:15:00,Transfer In,Transfer,492.23,Belgium,Bank Transfer,0,0
T0007505,A003453,C02111,2024-04-08 10:42:40,Transfer Out,Transfer,-735.0,Belgium,Bank Transfer,0,0
T0008978,A003722,C02274,2024-07-04 02:40:27,Card Purchase,Healthcare,-22.63,Germany,Online,0,0
T0008513,A000928,C00566,2026-08-16 10:48:26,Card Purchase,Entertainment,-54.39,France,Card Present,0,0
T0008688,A003634,C02223,2025-05-23 05:04:39,Cash Withdrawal,Cash,-250,Belgium,ATM,0,0
T0005783,A002075,C01273,2024-03-21 09:52:29,Transfer Out,Transfer,-2336.29,Netherlands,Bank Transfer,0,0
T0005165,A004049,C02474,2025-03-14 04:14:32,Cash Withdrawal,Cash,-40,Belgium,ATM,0,0
T0001530,A002939,C01796,2024-07-04 15:19:16,Transfer In,Transfer,136.77,Belgium,Bank Transfer,0,0
T0002206,A003186,C01952,2025-09-27 11:46:04,Card Purchase,Entertainment,-5.76,Luxembourg,Card Present,0,0
T0001458,A000834,C00508,2025-03-07 19:50:53,Transfer In,Transfer,160.63,Netherlands,Mobile App,0,0
T0009000,A002478,C01521,2024-11-22 18:01:28,Transfer In,Transfer,345.07,Belgium,Bank Transfer,0,0
T0002605,A002126,C01304,2024-12-22 18:00:27,Cash Withdrawal,Cash,-60,Netherlands,ATM,0,0
T0006773,A002337,C01436,2026-02-08 19:12:06,Transfer Out,Transfer,-608.59,Germany,Mobile App,0,0
T0007364,A001811,C01116,2026-05-06 04:50:31,Card Purchase,Retail,-43.81,France,Card Present,0,0
T0002308,A001205,C00733,2026-06-15 03:09:49,Transfer Out,Transfer,-510.56,France,Bank Transfer,0,0
T0005559,A000434,C00270,2024-02-29 00:07:32,Card Purchase,Groceries,-93.48,France,Card Present,0,0
T0008963,A001295,C00795,2024-07-06 05:39:36,Card Purchase,Entertainment,-63.88,Belgium,Mobile App,0,0
T0000598,A003149,C01925,2024-09-08 03:43:21,Card Purchase,Groceries,-66.43,Belgium,Online,0,0
T0008351,A003126,C01911,2026-01-07 08:06:56,Transfer Out,Transfer,-96.68,France,Bank Transfer,0,0
T0006277,A000901,C00551,2024-11-20 07:14:30,Card Purchase,E-commerce,-76.39,Belgium,Online,0,0
T0004579,A002009,C01233,2026-06-15 02:54:27,Transfer In,Transfer,152.4,Germany,Mobile App,0,0
T0004338,A001718,C01061,2025-02-17 16:41:14,Direct Debit,Housing,-718.17,Belgium,Direct Debit,0,0
T0009009,A000115,C00068,2024-09-19 13:47:00,Transfer Out,Transfer,-106.76,Netherlands,Bank Transfer,0,0
T0000841,A001813,C01118,2025-08-04 16:30:06,Salary,Salary,3049.66,Netherlands,Mobile App,0,0
T0000054,A003492,C02136,2024-08-23 23:09:46,Card Purchase,Groceries,-121.54,Luxembourg,Online,1,0
T0007800,A004025,C02459,2026-03-03 14:05:46,Card Purchase,Entertainment,-33.16,France,Mobile App,0,0
T0009710,A002751,C01681,2025-01-16 11:42:04,Transfer Out,Transfer,-2071.21,France,Bank Transfer,0,0
T0009900,A003915,C02396,2025-01-11 11:22:22,Transfer In,Transfer,215.99,Netherlands,Mobile App,0,0
T0002169,A001595,C00982,2026-07-21 04:38:02,Direct Debit,Insurance,-113.28,France,Direct Debit,0,0
T0006793,A001885,C01157,2026-02-17 07:46:36,Transfer In,Transfer,635.33,Belgium,Mobile App,0,0
T0000725,A002162,C01325,2025-12-26 08:42:03,Card Purchase,Dining,-75.57,Belgium,Card Present,0,0
T0007976,A001837,C01132,2025-03-14 03:52:09,Transfer Out,Transfer,-587.65,Belgium,Mobile App,0,0
T0008329,A001842,C01134,2025-08-07 03:54:37,Card Purchase,Retail,-63.94,Netherlands,Online,0,0
T0007850,A003682,C02251,2025-03-31 08:00:12,Transfer Out,Transfer,-82.74,Belgium,Mobile App,0,0
T0001298,A003899,C02386,2025-12-02 15:13:29,Transfer Out,Transfer,-364.87,Luxembourg,Bank Transfer,0,0
T0007063,A003868,C02364,2026-07-23 09:33:01,Cash Withdrawal,Cash,-100,Netherlands,ATM,0,0
T0004966,A002825,C01724,2025-12-18 17:34:30,Card Purchase,Fuel,-241.75,Belgium,Card Present,0,0
T0009614,A000599,C00369,2026-03-02 02:10:09,Card Purchase,Fuel,-49.06,France,Card Present,0,0
T0004152,A002657,C01624,2026-08-12 23:06:05,Card Purchase,Travel,-1220.55,Belgium,Online,0,0
T0004021,A002366,C01454,2026-01-17 09:20:55,Salary,Salary,1362.57,Netherlands,Mobile App,0,0
T0001856,A002839,C01733,2026-01-10 04:30:08,Card Purchase,E-commerce,-11.22,Belgium,Card Present,0,0
T0003088,A002060,C01264,2026-05-02 16:28:47,Transfer In,Transfer,940.78,Netherlands,Mobile App,0,0
T0001168,A002068,C01269,2024-06-20 15:49:14,Transfer In,Transfer,831.5,Germany,Mobile App,0,0
T0001646,A001603,C00987,2024-09-24 05:24:30,Direct Debit,Housing,-752.42,Belgium,Direct Debit,0,0
T0004529,A003334,C02041,2024-03-21 00:19:21,Salary,Salary,3154.76,France,Mobile App,0,0
T0003076,A002128,C01305,2025-01-08 19:32:32,Direct Debit,Telecom,-51.65,Netherlands,Direct Debit,0,0
T0004069,A002601,C01593,2025-12-19 16:28:04,Card Purchase,Groceries,-52.44,Belgium,Online,0,0
T0003621,A000625,C00385,2025-12-02 15:35:57,Interest,Interest,15.95,Belgium,Mobile App,0,0
T0004813,A001712,C01057,2024-06-23 06:39:26,Cash Withdrawal,Cash,-200,Luxembourg,ATM,0,0
T0001628,A002389,C01468,2024-01-13 23:46:38,Transfer Out,Transfer,-207.21,Belgium,Mobile App,0,0
T0006685,A003508,C02146,2026-08-11 14:00:17,Card Purchase,Travel,-127.06,Netherlands,Card Present,0,0
T0003815,A001390,C00852,2024-03-08 12:51:16,Card Purchase,Retail,-105.78,Belgium,Online,0,0
T0006728,A003219,C01973,2025-12-19 12:17:00,Cash Withdrawal,Cash,-50,France,ATM,0,0
T0001045,A001300,C00799,2024-11-04 21:10:41,Transfer Out,Transfer,-1349.57,Germany,Bank Transfer,0,0
T0009530,A002798,C01710,2026-04-14 10:01:50,Card Purchase,Entertainment,-48.11,Belgium,Card Present,0,0
T0001244,A001897,C01165,2026-01-24 17:45:28,Interest,Interest,12.36,Germany,Mobile App,0,0
T0002431,A001309,C00805,2024-09-18 13:14:42,Transfer Out,Transfer,-188.32,Belgium,Mobile App,0,0
T0000824,A001870,C01149,2024-09-05 19:52:20,Transfer Out,Transfer,-86.93,Luxembourg,Mobile App,0,0
T0004898,A001033,C00631,2024-09-23 05:31:15,Direct Debit,Subscriptions,-15.57,Belgium,Direct Debit,0,0
T0005113,A001494,C00918,2024-05-19 15:52:36,Direct Debit,Utilities,-148.35,Belgium,Direct Debit,0,0
T0009920,A003259,C01997,2026-07-30 06:00:19,Card Purchase,Travel,-242.16,Netherlands,Online,0,0
T0003966,A003156,C01930,2024-10-30 18:33:07,Interest,Interest,16.12,Belgium,Mobile App,0,0
T0007639,A000905,C00553,2024-08-23 00:13:04,Cash Withdrawal,Cash,-50,Belgium,ATM,0,0
T0009031,A001809,C01115,2024-09-14 21:59:51,Direct Debit,Subscriptions,-21.0,Belgium,Direct Debit,0,0
T0001825,A003827,C02338,2025-12-22 15:47:02,Transfer In,Transfer,529.72,France,Bank Transfer,0,0
T0006872,A001464,C00898,2024-12-18 03:42:53,Direct Debit,Housing,-997.68,Belgium,Direct Debit,0,0
T0009443,A003100,C01897,2025-01-30 21:09:43,Card Purchase,Retail,-49.4,Luxembourg,Card Present,0,0
T0002099,A000335,C00206,2025-01-13 09:37:19,Card Purchase,E-commerce,-91.54,Germany,Card Present,0,0
T0009918,A003060,C01876,2026-04-23 06:08:51,Direct Debit,Subscriptions,-27.01,Germany,Direct Debit,0,0
T0007806,A003828,C02338,2026-06-01 02:49:24,Transfer Out,Transfer,-421.77,France,Bank Transfer,0,0
T0006836,A002001,C01228,2026-01-22 10:43:45,Card Purchase,Retail,-324.86,Belgium,Online,0,0
T0008127,A002890,C01762,2025-11-26 03:59:49,Card Purchase,Travel,-566.0,Netherlands,Card Present,0,0
T0008273,A000215,C00136,2025-04-23 05:13:23,Interest,Interest,16.77,Netherlands,Bank Transfer,0,0
T0001710,A000673,C00413,2024-11-22 01:24:16,Transfer In,Transfer,142.32,Belgium,Mobile App,0,0
T0003622,A002697,C01648,2025-09-25 15:31:49,Interest,Interest,12.73,Belgium,Bank Transfer,0,0
T0006487,A001547,C00950,2026-02-25 02:08:15,Transfer In,Transfer,113.3,Belgium,Mobile App,0,0
T0009729,A001449,C00888,2026-03-13 03:32:11,Direct Debit,Insurance,-156.23,Belgium,Direct Debit,0,0
T0001715,A001740,C01075,2026-04-28 22:26:48,Transfer In,Transfer,215.19,Germany,Mobile App,0,0
T0001114,A004061,C02481,2025-09-30 14:48:59,Card Purchase,E-commerce,-188.67,,Card Present,0,0
T0004808,A000516,C00320,2025-01-23 08:55:17,Card Purchase,Entertainment,-45.63,Belgium,Card Present,0,0
T0001141,A002235,C01373,2025-06-02 16:57:28,Transfer Out,Transfer,-66.25,Belgium,Mobile App,0,0
T0000244,A002287,C01406,2025-02-13 13:07:46,Transfer In,Transfer,231.15,Germany,Mobile App,0,0
T0008705,A004030,C02462,2026-04-19 18:35:20,Transfer Out,Transfer,-321.9,Netherlands,Bank Transfer,0,0
T0004945,A002506,C01537,2026-06-10 10:31:44,Card Purchase,Groceries,-75.4,Belgium,Card Present,0,0
T0004128,A001867,C01148,2024-05-01 08:23:53,Transfer Out,Transfer,-340.32,Germany,Bank Transfer,0,0
T0001078,A001256,C00768,2025-06-06 23:58:05,Salary,Salary,1799.88,France,Mobile App,0,0
T0007634,A002297,C01411,2024-10-21 06:48:50,Direct Debit,Telecom,-66.34,Netherlands,Direct Debit,0,0
T0007947,A001528,C00939,2026-04-11 18:44:24,Transfer Out,Transfer,-55.16,France,Mobile App,0,0
T0002926,A000293,C00183,2024-06-26 11:28:13,Transfer In,Transfer,263.44,Belgium,Mobile App,0,0
T0001809,A000506,C00315,2024-05-11 19:25:40,Transfer Out,Transfer,-363.3,France,Bank Transfer,0,0
T0004377,A000950,C00579,2024-09-14 15:32:08,Transfer In,Transfer,121.68,Netherlands,Bank Transfer,0,0
T0007738,A001255,C00768,2025-04-24 13:22:14,Transfer Out,Transfer,-152.37,France,Bank Transfer,0,0
T0008503,A000242,C00153,2025-07-06 10:16:43,Cash Withdrawal,Cash,-80,Germany,ATM,0,0
T0004391,A003046,C01868,2024-02-10 19:25:53,Card Purchase,Groceries,-38.73,Belgium,Card Present,0,0
T0007315,A002080,C01276,2024-04-17 16:26:03,Card Purchase,Retail,-142.28,France,Card Present,0,0
T0001438,A002800,C01711,2024-04-02 15:23:25,Transfer In,Transfer,111.78,Netherlands,Bank Transfer,0,0
T0007007,A000974,C00595,2024-01-06 19:26:35,Transfer Out,Transfer,-319.59,Belgium,Mobile App,0,0
T0006562,A002493,C01529,2026-02-09 15:55:03,Card Purchase,Entertainment,-37.78,Netherlands,Card Present,0,0
T0006926,A003280,C02011,2025-10-01 06:08:04,Transfer Out,Transfer,-388.81,Germany,Bank Transfer,0,0
T0006674,A000881,C00539,2025-08-16 09:01:28,Direct Debit,Insurance,-89.48,Germany,Direct Debit,0,0
T0001600,A002832,C01729,2024-07-30 23:37:43,Card Purchase,Healthcare,-105.46,Germany,Card Present,0,0
T0009035,A001832,C01130,2024-12-12 16:34:37,Transfer In,Transfer,650.19,France,Bank Transfer,0,0
T0002947,A001312,C00807,2024-12-03 05:05:28,Transfer In,Transfer,169.68,France,Bank Transfer,0,0
T0008983,A003649,C02232,2026-05-06 10:57:45,Direct Debit,Insurance,-105.41,France,Direct Debit,0,0
T0000116,A003272,C02005,2024-12-20 14:19:49,Card Purchase,Retail,-69.02,Belgium,Card Present,0,0
T0002859,A003983,C02435,2024-03-28 19:40:35,Card Purchase,Retail,-117.39,Belgium,Card Present,0,0
T0003594,A001562,C00958,2026-02-13 06:17:44,Transfer In,Transfer,756.69,Belgium,Bank Transfer,0,0
T0007721,A002436,C01496,2024-01-08 04:31:18,Interest,Interest,1.04,Luxembourg,Mobile App,0,0
T0004436,A000686,C00420,2025-03-28 13:25:13,Card Purchase,Travel,-153.67,Netherlands,Online,0,0
T0009053,A001109,C00676,2026-06-10 23:14:10,Card Purchase,Travel,-309.13,Netherlands,Card Present,0,0
T0004608,A001113,C00679,2025-08-31 18:51:27,Card Purchase,Dining,-38.26,Belgium,Card Present,0,0
T0004539,A001897,C01165,2024-07-11 12:08:05,Transfer Out,Transfer,-43.8,Germany,Bank Transfer,0,0
T0009459,A002508,C01538,2025-12-18 12:52:37,Direct Debit,Subscriptions,-26.39,Netherlands,Direct Debit,0,0
T0006033,A003152,C01927,2024-12-24 22:43:36,Transfer Out,Transfer,-519.93,Belgium,Mobile App,0,0
T0005547,A001846,C01136,2025-04-10 22:20:08,Transfer In,Transfer,451.18,Luxembourg,Mobile App,0,0
T0001234,A001138,C00694,2026-06-17 17:44:58,Card Purchase,Travel,-171.92,Belgium,Card Present,0,0
T0003731,A003739,C02285,2025-07-29 19:50:58,Card Purchase,Entertainment,-52.7,Germany,Card Present,0,0
T0009020,A000989,C00604,2024-01-06 10:29:12,Direct Debit,Housing,-897.32,Netherlands,Direct Debit,0,0
T0008622,A003514,C02149,2026-05-29 01:51:36,Salary,Salary,2762.31,Luxembourg,Mobile App,0,0
T0007311,A002246,C01379,2025-09-10 15:25:24,Card Purchase,Travel,-107.26,Belgium,Card Present,0,0
T0003607,A001864,C01146,2025-02-20 01:47:24,Transfer In,Transfer,618.07,Netherlands,Mobile App,0,0
T0007802,A002565,C01574,2026-01-12 18:05:33,Transfer Out,Transfer,-422.46,France,Mobile App,0,0
T0001897,A002259,C01389,2026-04-26 04:24:30,Transfer Out,Transfer,-901.9,Belgium,Mobile App,0,0
T0001644,A000520,C00322,2025-03-31 22:13:11,Direct Debit,Insurance,-148.09,Belgium,Direct Debit,0,0
T0008212,A003742,C02287,2026-02-22 13:05:35,Card Purchase,Fuel,-38.2,France,Card Present,0,0
T0008862,A001687,C01038,2025-02-11 01:12:09,Card Purchase,Entertainment,-27.41,France,Card Present,0,0
T0003189,A002188,C01342,2025-09-28 20:04:19,Transfer In,Transfer,258.78,Belgium,Bank Transfer,0,0
T0002060,A002565,C01574,2026-01-10 21:47:16,Cash Withdrawal,Cash,-200,France,ATM,0,0
T0001515,A003291,C02017,2024-07-07 01:43:56,Transfer In,Transfer,402.09,Belgium,Mobile App,0,0
T0000980,A000335,C00206,2024-12-10 07:19:35,Salary,Salary,3352.7,Germany,Mobile App,0,0
T0004592,A001194,C00728,2025-06-17 11:20:05,Transfer Out,Transfer,-206.63,Netherlands,Bank Transfer,0,0
T0000035,A003021,C01850,2025-09-21 07:50:11,Transfer Out,Transfer,-1819.23,Germany,Mobile App,0,0
T0000338,A003123,C01909,2024-11-25 12:29:06,Card Purchase,Fuel,-194.08,Netherlands,Card Present,0,0
T0000783,A003410,C02083,2024-11-15 00:41:49,Card Purchase,Retail,-240.73,Belgium,Card Present,0,0
T0005064,A000243,C00153,2026-06-12 14:23:47,Transfer Out,Transfer,-293.53,Germany,Bank Transfer,0,0
T0008481,A001457,C00893,2024-06-07 08:03:32,Transfer In,Transfer,209.78,Belgium,Mobile App,0,0
T0008192,A003210,C01967,2025-11-15 16:44:36,Transfer In,Transfer,53.14,France,Mobile App,0,0
T0009231,A003954,C02417,2026-04-30 17:17:58,Card Purchase,Dining,-66.81,Belgium,Online,0,0
T0000280,A002263,C01391,2024-09-05 00:08:00,Card Purchase,Travel,-474.99,Netherlands,Card Present,0,0
T0009650,A003882,C02373,2026-08-15 22:42:26,Card Purchase,Groceries,-43.8,Belgium,Mobile App,0,0
T0006364,A000889,C00544,2024-01-03 11:27:17,Transfer Out,Transfer,-653.66,Belgium,Bank Transfer,0,0
T0000260,A000594,C00366,2024-01-15 06:47:05,Transfer In,Transfer,229.92,Belgium,Bank Transfer,0,0
T0005746,A003688,C02254,2025-11-24 05:33:46,Transfer In,Transfer,241.14,Belgium,Mobile App,0,0
T0009769,A002093,C01285,2025-08-07 06:32:43,Salary,Salary,3088.74,France,Bank Transfer,0,0
T0006866,A003908,C02392,2025-05-05 14:43:46,Transfer In,Transfer,345.88,Belgium,Mobile App,0,0
T0005802,A000524,C00324,2024-07-24 05:52:58,Card Purchase,Fuel,-19.77,Luxembourg,Card Present,0,0
T0008152,A001762,C01089,2024-01-29 07:57:49,Card Purchase,Groceries,-47.15,Belgium,Card Present,0,0
T0000843,A001924,C01182,2025-09-17 20:25:36,Transfer In,Transfer,133.62,Netherlands,Bank Transfer,0,0
T0000390,A000489,C00304,2025-04-23 21:46:12,Card Purchase,Entertainment,-35.77,Belgium,Card Present,0,0
T0002230,A003820,C02333,2025-07-11 04:50:31,Card Purchase,Travel,-482.36,Netherlands,Card Present,0,0
T0000793,A000681,C00417,2026-02-07 10:56:53,Card Purchase,Healthcare,-79.47,Germany,Card Present,0,0
T0002135,A002498,C01532,2024-07-08 01:28:04,Card Purchase,Retail,-144.88,Belgium,Card Present,0,0
T0007531,A002158,C01324,2024-02-01 07:45:52,Transfer In,Transfer,235.58,France,Bank Transfer,0,0
T0001676,A002904,C01772,2025-10-15 21:24:03,Direct Debit,Utilities,-106.23,Belgium,Direct Debit,0,0
T0006736,A000258,C00162,2025-10-15 02:47:28,Direct Debit,Subscriptions,-15.27,France,Direct Debit,0,0
T0005049,A002805,C01714,2024-03-04 22:09:41,Transfer Out,Transfer,-1320.79,France,Bank Transfer,0,0
T0007597,A003721,C02273,2025-01-01 17:46:23,Transfer Out,Transfer,-62.48,Belgium,Bank Transfer,0,0
T0000854,A000653,C00401,2025-09-19 11:14:29,Card Purchase,Dining,-48.62,Belgium,Online,0,0
T0009947,A003086,C01891,2026-04-12 02:43:50,Transfer In,Transfer,287.36,France,Mobile App,0,0
T0000887,A001229,C00749,2025-12-12 14:54:22,Transfer Out,Transfer,-132.87,Belgium,Mobile App,0,0
T0007756,A003459,C02113,2025-07-11 10:30:26,Card Purchase,Groceries,-94.01,France,Online,0,0
T0006827,A001593,C00981,2026-04-14 01:59:45,Direct Debit,Telecom,-70.62,Netherlands,Direct Debit,0,0
T0007150,A001591,C00979,2024-12-09 23:25:47,Transfer In,Transfer,250.98,Belgium,Bank Transfer,0,0
T0002502,A000779,C00477,2025-09-26 14:50:06,Interest,Interest,1.91,Netherlands,Bank Transfer,0,0
T0000365,A000993,C00606,2024-06-26 21:53:12,Card Purchase,Travel,-248.5,Belgium,Card Present,0,0
T0001113,A002858,C01745,2024-02-10 18:11:00,Transfer In,Transfer,112.49,Belgium,Mobile App,0,0
T0009566,A000436,C00271,2026-08-31 19:53:05,Transfer In,Transfer,535.95,France,Bank Transfer,0,0
T0000822,A000363,C00228,2025-09-23 21:09:57,Direct Debit,Telecom,-62.28,France,Direct Debit,0,0
T0002564,A001355,C00831,2025-09-05 15:25:19,Card Purchase,E-commerce,-158.05,Netherlands,Card Present,0,0
T0007388,A001817,C01120,2025-05-17 22:09:41,Transfer In,Transfer,524.02,Netherlands,Mobile App,0,0
T0009361,A003835,C02343,2024-09-15 00:38:06,Salary,Salary,1789.09,France,Bank Transfer,0,0
T0009140,A001931,C01185,2026-07-29 08:00:14,Card Purchase,Travel,-285.3,Belgium,Card Present,0,0
T0007754,A000027,C00017,2026-02-27 07:05:32,Transfer In,Transfer,316.43,Belgium,Mobile App,0,0
T0009271,A000168,C00102,2024-11-19 23:24:22,Transfer Out,Transfer,-25.47,Belgium,Bank Transfer,0,0
T0004556,A000286,C00179,2024-10-21 16:56:54,Card Purchase,E-commerce,-232.38,Belgium,Online,0,0
T0002479,A001024,C00626,2025-05-29 13:44:57,Transfer In,Transfer,1630.14,Belgium,Mobile App,0,0
T0005850,A001220,C00743,2024-03-07 17:08:08,Transfer In,Transfer,186.02,Germany,Mobile App,0,0
T0000665,A002598,C01592,2025-03-12 13:59:55,Transfer In,Transfer,185.53,Belgium,Mobile App,0,0
T0008110,A002332,C01434,2025-03-12 05:25:42,Transfer Out,Transfer,-157.06,Germany,Bank Transfer,0,0
T0006628,A003516,C02151,2026-08-27 08:36:45,Card Purchase,Travel,-369.05,Belgium,Card Present,0,0
T0006312,A003912,C02394,2024-02-19 18:29:39,Direct Debit,Utilities,-167.83,Belgium,Direct Debit,0,0
T0001967,A002280,C01401,2024-02-16 13:18:39,Transfer Out,Transfer,-230.98,France,Bank Transfer,0,0
T0006849,A000165,C00100,2026-06-03 06:06:44,Transfer Out,Transfer,-181.18,Belgium,Bank Transfer,0,0
T0006760,A002883,C01759,2025-02-18 01:00:25,Card Purchase,Dining,-9.41,Belgium,Card Present,0,0
T0009971,A003464,C02116,2025-06-02 21:17:16,Card Purchase,Dining,-18.86,Belgium,Mobile App,0,0
T0001740,A001947,C01194,2025-02-22 20:47:13,Transfer In,Transfer,150.2,Netherlands,Bank Transfer,0,0
T0001123,A003175,C01944,2024-04-09 07:45:20,Transfer Out,Transfer,-263.91,Germany,Bank Transfer,0,0
T0000378,A000914,C00559,2026-04-11 19:09:52,Direct Debit,Utilities,-124.97,Germany,Direct Debit,0,0
T0007733,A001305,C00802,2026-06-18 18:37:04,Interest,Interest,11.26,Germany,Mobile App,0,0
T0004132,A001592,C00980,2024-09-30 10:30:29,Transfer In,Transfer,218.76,Belgium,Bank Transfer,0,0
T0009316,A001290,C00791,2024-11-02 17:00:14,Card Purchase,Entertainment,-40.05,Belgium,Card Present,0,0
T0001201,A002528,C01549,2025-09-24 03:27:43,Transfer In,Transfer,218.76,Germany,Bank Transfer,0,0
T0007676,A001400,C00858,2024-12-20 06:38:45,Direct Debit,Telecom,-79.15,Belgium,Direct Debit,0,0
T0005763,A001937,C01188,2024-07-08 04:57:12,Transfer Out,Transfer,-59.57,Netherlands,Bank Transfer,0,0
T0008912,A000068,C00040,2024-09-12 15:15:52,Card Purchase,Groceries,-50.3,Netherlands,Card Present,0,0
T0009209,A003597,C02201,2024-05-22 05:39:31,Transfer Out,Transfer,-247.95,Belgium,Bank Transfer,0,0
T0000900,A000307,C00191,2024-08-04 04:22:08,Direct Debit,Subscriptions,-23.99,Belgium,Direct Debit,0,0
T0005661,A000472,C00291,2026-01-16 20:14:24,Card Purchase,Entertainment,-57.37,Germany,Online,0,0
T0003184,A001826,C01126,2025-03-03 06:03:29,Card Purchase,Dining,-99.34,Belgium,Online,0,0
T0005313,A003331,C02039,2026-01-06 02:31:41,Direct Debit,Utilities,-144.32,Netherlands,Direct Debit,0,0
T0002127,A003294,C02019,2024-08-30 14:17:31,Transfer In,Transfer,194.76,Belgium,Bank Transfer,0,0
T0002340,A000662,C00407,2025-01-30 01:26:10,Salary,Salary,4164.47,Belgium,Bank Transfer,0,0
T0009116,A000624,C00384,2024-07-18 10:35:11,Card Purchase,Entertainment,-30.61,Belgium,Card Present,0,0
T0006961,A000028,C00017,2025-05-08 15:33:14,Card Purchase,Healthcare,-28.01,Belgium,Online,0,0
T0008303,A001557,C00956,2026-05-16 17:08:04,Transfer Out,Transfer,-317.26,Belgium,Mobile App,0,0
T0007042,A000068,C00040,2024-11-16 08:44:41,Cash Withdrawal,Cash,-200,Netherlands,ATM,0,0
T0004203,A003096,C01896,2024-11-24 13:00:19,Direct Debit,Subscriptions,-23.92,Germany,Direct Debit,0,0
T0008995,A003990,C02439,2024-07-09 18:39:49,Transfer Out,Transfer,-244.59,Germany,Bank Transfer,0,0
T0007525,A000861,C00527,2025-11-08 05:06:43,Card Purchase,Fuel,-110.94,Germany,Mobile App,0,0
T0001240,A002412,C01482,2024-10-01 21:41:35,Transfer Out,Transfer,-287.19,Germany,Bank Transfer,0,0
T0001508,A001090,C00664,2025-10-22 07:29:52,Transfer In,Transfer,70.44,France,Mobile App,0,0
T0005290,A003399,C02078,2025-06-27 17:43:47,Transfer Out,Transfer,-227.25,Luxembourg,Mobile App,0,0
T0004506,A002028,C01245,2025-01-01 03:52:21,Direct Debit,Telecom,-88.82,Belgium,Direct Debit,0,0
T0006423,A001610,C00991,2024-09-05 06:58:01,Direct Debit,Housing,-555.33,Netherlands,Direct Debit,0,0
T0007741,A000847,C00518,2024-07-12 18:09:53,Card Purchase,Travel,-79.56,France,Online,0,0
T0002408,A001111,C00678,2025-08-12 22:23:13,Transfer In,Transfer,228.27,Luxembourg,Mobile App,0,0
T0007411,A002989,C01827,2025-11-21 02:23:08,Transfer In,Transfer,326.4,Germany,Mobile App,0,0
T0001296,A000964,C00588,2025-01-03 05:20:32,Card Purchase,Retail,-77.39,Germany,Card Present,0,0
T0006158,A001567,C00962,2026-07-21 23:08:14,Transfer In,Transfer,659.78,France,Bank Transfer,0,0
T0007763,A000698,C00427,2026-01-18 19:26:17,Transfer Out,Transfer,-1114.93,Belgium,Mobile App,0,0
T0003619,A000989,C00604,2024-03-30 05:56:12,Direct Debit,Subscriptions,-20.2,Netherlands,Direct Debit,0,0
T0001369,A002979,C01821,2024-12-23 08:59:42,Card Purchase,E-commerce,-104.78,Germany,Card Present,0,0
T0005951,A001876,C01152,2024-08-29 11:24:16,Direct Debit,Housing,-1049.0,Belgium,Direct Debit,0,0
T0005550,A003908,C02392,2026-05-12 20:15:24,Transfer In,Transfer,2215.18,Belgium,Mobile App,0,0
T0009065,A001127,C00686,2025-02-17 15:03:41,Transfer Out,Transfer,-32.77,Germany,Mobile App,0,0
T0009359,A002214,C01358,2026-03-25 19:06:19,Transfer Out,Transfer,-605.46,Germany,Mobile App,0,0
T0007673,A000355,C00220,2025-07-20 22:53:44,Transfer Out,Transfer,-998.62,Netherlands,Mobile App,0,0
T0005998,A003291,C02017,2024-05-10 23:18:45,Transfer In,Transfer,188.31,Belgium,Bank Transfer,0,0
T0005262,A003417,C02088,2026-06-16 10:53:35,Card Purchase,E-commerce,-93.87,Germany,Card Present,0,0
T0006993,A003116,C01906,2025-03-23 19:04:14,Card Purchase,Groceries,-152.45,Netherlands,Card Present,0,0
T0009843,A001104,C00673,2025-05-06 02:04:19,Direct Debit,Telecom,-38.0,Germany,Direct Debit,0,0
T0009318,A003630,C02220,2025-07-22 13:07:19,Transfer In,,215.71,Belgium,Mobile App,0,0
T0002140,A001704,C01049,2025-11-28 05:22:36,Transfer Out,Transfer,-122.21,Netherlands,Bank Transfer,0,0
T0002170,A003933,C02406,2025-08-02 13:29:41,Transfer Out,Transfer,-69.53,Netherlands,Mobile App,0,0
T0009078,A003869,C02364,2025-09-20 10:30:30,Transfer In,Transfer,109.84,Netherlands,Bank Transfer,0,0
T0006238,A001804,C01112,2026-03-28 23:33:48,Direct Debit,Insurance,-105.23,Belgium,Direct Debit,0,0
T0005890,A003293,C02018,2025-03-22 08:31:53,Cash Withdrawal,Cash,-150,France,ATM,0,0
T0005742,A001372,C00842,2025-03-10 22:11:00,Cash Withdrawal,Cash,-200,Germany,ATM,0,0
T0008715,A000896,C00548,2025-03-12 15:08:13,Transfer In,Transfer,232.59,France,Bank Transfer,0,0
T0001290,A002827,C01726,2024-08-01 03:47:56,Card Purchase,Dining,-89.52,Germany,Online,0,0
T0004938,A001210,C00737,2024-04-04 20:56:23,Transfer In,,222.35,Belgium,Mobile App,0,0
T0004933,A002682,C01637,2024-05-13 23:52:55,Card Purchase,Groceries,-107.67,Belgium,Card Present,0,0
T0006260,A000980,C00599,2025-01-10 19:36:40,Transfer In,Transfer,140.45,Netherlands,Bank Transfer,0,0
T0009705,A000270,C00168,2025-06-15 11:00:39,Transfer Out,Transfer,-167.96,Belgium,Mobile App,0,0
T0003449,A003539,C02163,2025-11-21 16:45:25,Salary,Salary,1854.01,Belgium,Bank Transfer,0,0
T0005229,A003036,C01860,2026-06-24 20:08:31,Card Purchase,Dining,-50.5,France,Card Present,0,0
T0008631,A000112,C00066,2025-03-01 00:04:31,Card Purchase,E-commerce,-94.17,Belgium,Card Present,0,0
T0007918,A002537,C01555,2025-08-27 02:36:00,Card Purchase,Travel,-327.52,United States,Mobile App,1,0
T0005841,A000586,C00361,2024-11-03 23:13:36,Transfer Out,Transfer,-133.09,France,Mobile App,0,0
T0002351,A001389,C00851,2024-02-09 08:14:49,Transfer Out,Transfer,-377.29,Germany,Bank Transfer,0,0
T0002480,A001171,C00714,2024-08-08 09:01:28,Card Purchase,Retail,-59.58,Belgium,Mobile App,0,0
T0001116,A002700,C01650,2024-12-15 00:42:21,Transfer Out,Transfer,-499.24,Belgium,Bank Transfer,0,0
T0004383,A000962,C00587,2025-01-31 19:24:41,Transfer Out,Transfer,-208.07,Belgium,Mobile App,0,0
T0006090,A003348,C02049,2025-02-07 23:37:20,Transfer Out,Transfer,-54.9,Belgium,Mobile App,0,0
T0006398,A002407,C01478,2025-03-11 01:19:13,Card Purchase,Healthcare,-73.97,Netherlands,Card Present,0,0
T0008831,A001773,C01096,2026-02-04 08:04:07,Transfer In,Transfer,449.51,Netherlands,Bank Transfer,0,0
T0004169,A002075,C01273,2024-03-12 07:50:33,Transfer In,Transfer,169.46,Netherlands,Bank Transfer,0,0
T0008531,A003772,C02303,2026-01-29 02:59:23,Interest,Interest,15.92,Luxembourg,Bank Transfer,0,0
T0003939,A003514,C02149,2024-03-12 22:27:55,Transfer In,Transfer,741.74,Luxembourg,Bank Transfer,0,0
T0009620,A000964,C00588,2026-06-03 21:06:56,Card Purchase,Dining,-13.18,Germany,Card Present,0,0
T0005142,A000310,C00192,2026-05-25 09:13:04,Transfer Out,Transfer,-199.28,Netherlands,Mobile App,0,0
T0008089,A003086,C01891,2025-03-01 08:32:50,Transfer In,Transfer,185.88,France,Mobile App,0,0
T0007205,A002247,C01380,2024-11-16 09:09:44,Direct Debit,Telecom,-46.58,France,Direct Debit,0,0
T0008737,A001461,C00896,2025-09-14 02:25:52,Transfer In,Transfer,711.63,Netherlands,Mobile App,0,0
T0006735,A001973,C01209,2025-04-28 12:52:32,Card Purchase,Fuel,-38.46,Germany,Card Present,0,0
T0002752,A003588,C02194,2024-01-16 00:54:43,Card Purchase,E-commerce,-133.47,Luxembourg,Online,0,0
T0005687,A001658,C01019,2026-01-30 00:02:43,Direct Debit,Utilities,-145.34,Belgium,Direct Debit,0,0
T0003132,A001765,C01091,2025-04-10 07:50:34,Card Purchase,Groceries,-21.55,Belgium,Online,0,0
T0006219,A001877,C01153,2025-05-21 17:06:53,Transfer In,Transfer,160.16,Belgium,Mobile App,0,0
T0000463,A000475,C00293,2025-04-16 14:52:45,Card Purchase,Retail,-48.63,Portugal,Card Present,1,0
T0000043,A000760,C00467,2026-03-17 14:58:53,Cash Withdrawal,Cash,-80,Belgium,ATM,0,0
T0001215,A001400,C00858,2025-08-17 04:56:35,Card Purchase,Fuel,-116.71,Spain,Online,1,1
T0005749,A003053,C01872,2025-10-02 13:11:05,Transfer In,Transfer,1094.72,Belgium,Mobile App,0,0
T0004032,A003314,C02031,2024-09-30 18:02:25,Card Purchase,E-commerce,-75.46,Belgium,Card Present,0,0
T0004848,A000686,C00420,2024-06-15 14:25:40,Card Purchase,Groceries,-151.6,Netherlands,Card Present,0,0
T0002901,A000417,C00260,2026-08-15 13:17:52,Card Purchase,Dining,-25.1,France,Online,0,0
T0008056,A002741,C01675,2025-10-13 04:35:37,Card Purchase,Entertainment,-55.22,Belgium,Online,0,0
T0004701,A000848,C00519,2026-08-25 05:18:40,Direct Debit,Insurance,-172.36,Netherlands,Direct Debit,0,0
T0008219,A000110,C00065,2026-03-08 00:24:22,Transfer Out,Transfer,-159.05,Belgium,Bank Transfer,0,0
T0007449,A003318,C02033,2024-04-30 03:55:10,Direct Debit,Subscriptions,-25.88,Netherlands,Direct Debit,0,0
T0001661,A000681,C00417,2026-04-14 13:56:21,Card Purchase,Dining,-52.93,Germany,Card Present,0,0
T0000654,A000501,C00312,2026-07-04 18:58:42,Direct Debit,Utilities,-91.12,Belgium,Direct Debit,0,0
T0000590,A000783,C00480,2025-06-06 23:59:17,Transfer In,Transfer,251.09,Germany,Mobile App,0,0
T0001437,A002160,C01325,2026-04-03 19:53:52,Direct Debit,Utilities,-138.73,Belgium,Direct Debit,0,0
T0002976,A002268,C01393,2024-03-03 16:00:12,Transfer In,Transfer,233.38,Luxembourg,Mobile App,0,0
T0006076,A001331,C00819,2026-06-22 23:58:34,Transfer Out,Transfer,-89.9,Luxembourg,Mobile App,0,0
T0002159,A000661,C00406,2026-01-22 08:15:26,Card Purchase,E-commerce,-80.3,Belgium,Card Present,0,0
T0001063,A000461,C00285,2025-01-21 21:15:21,Transfer In,Transfer,550.12,France,Bank Transfer,0,0
T0009715,A003131,C01914,2024-06-26 17:36:45,Card Purchase,Entertainment,-22.58,Germany,Card Present,0,0
T0006343,A003034,C01859,2025-08-20 04:21:42,Card Purchase,E-commerce,-198.2,Netherlands,Mobile App,0,0
T0007894,A000821,C00501,2024-04-12 16:13:13,Card Purchase,E-commerce,-98.94,Netherlands,Mobile App,0,0
T0007807,A003216,C01970,2026-08-09 23:57:30,Transfer In,Transfer,318.58,Germany,Bank Transfer,0,0
T0002352,A003813,C02329,2025-08-06 10:10:25,Card Purchase,Retail,-203.74,Belgium,Online,0,0
T0000324,A002134,C01309,2026-04-02 06:48:15,Transfer In,Transfer,519.99,Belgium,Bank Transfer,0,0
T0003625,A000221,C00139,2024-12-26 00:38:00,Transfer In,Transfer,5707.55,France,Mobile App,0,0
T0003177,A001562,C00958,2025-06-20 01:33:44,Transfer In,Transfer,452.21,Belgium,Mobile App,0,0
T0005720,A002883,C01759,2025-12-24 19:19:48,Card Purchase,E-commerce,-139.69,Belgium,Card Present,0,0
T0007591,A002239,C01376,2024-08-09 22:56:27,Transfer Out,Transfer,-165.1,Germany,Bank Transfer,0,0
T0008914,A003587,C02194,2026-03-03 00:53:10,Transfer In,Transfer,174.37,Luxembourg,Mobile App,0,0
T0005424,A000704,C00430,2024-11-17 22:50:43,Card Purchase,Fuel,-48.82,Luxembourg,Card Present,0,0
T0009465,A000271,C00168,2025-03-06 04:55:34,Transfer In,Transfer,1231.54,Belgium,Bank Transfer,0,0
T0004980,A003112,C01903,2024-01-23 15:28:55,Card Purchase,Travel,-262.94,Belgium,Card Present,0,0
T0000137,A002604,C01594,2025-08-20 10:04:57,Card Purchase,Dining,-27.3,Germany,Online,0,0
T0008889,A001836,C01131,2025-01-24 00:44:15,Transfer In,Transfer,106.25,Belgium,Bank Transfer,0,0
T0005923,A003713,C02268,2026-04-22 23:41:39,Transfer In,Transfer,431.53,Belgium,Mobile App,0,0
T0000429,A003619,C02213,2026-05-01 07:08:56,Card Purchase,Fuel,-84.93,Belgium,Card Present,0,0
T0001603,A002199,C01349,2025-05-03 22:18:01,Transfer In,Transfer,84.07,Germany,Bank Transfer,0,0
T0009573,A002267,C01393,2025-11-02 12:33:01,Cash Withdrawal,Cash,-40,Luxembourg,ATM,0,0
T0006737,A001811,C01116,2025-07-31 15:56:35,Card Purchase,Groceries,-37.87,France,Card Present,0,0
T0001840,A001629,C01002,2024-04-08 21:20:48,Direct Debit,Subscriptions,-23.35,Luxembourg,Direct Debit,0,0
T0002106,A001543,C00948,2025-02-25 03:50:22,Transfer In,Transfer,726.87,Belgium,Bank Transfer,0,0
T0006027,A001012,C00619,2025-04-28 00:04:20,Transfer Out,Transfer,-45.92,Belgium,Bank Transfer,0,0
T0004178,A003152,C01927,2025-12-03 11:34:32,Transfer In,Transfer,301.26,Belgium,Bank Transfer,0,0
T0004860,A000257,C00161,2024-01-03 11:42:29,Card Purchase,Groceries,-21.79,Belgium,Online,0,0
T0003515,A001789,C01103,2024-09-25 10:56:41,Card Purchase,E-commerce,-105.03,Germany,Online,1,0
T0000283,A002704,C01653,2026-06-10 02:26:34,Transfer In,Transfer,378.03,Germany,Mobile App,0,0
T0006264,A003825,C02337,2025-03-09 01:23:08,Transfer In,Transfer,974.39,Belgium,Mobile App,0,0
T0001470,A001148,C00701,2026-03-17 07:30:25,Card Purchase,Dining,-23.71,Netherlands,Card Present,0,0
T0009855,A000641,C00394,2024-11-09 01:11:11,Transfer Out,Transfer,-712.33,Belgium,Mobile App,0,0
T0005389,A003896,C02384,2026-02-23 00:07:24,Transfer Out,Transfer,-158.24,Belgium,Mobile App,0,0
T0009123,A000684,C00419,2025-02-22 14:22:10,Transfer In,Transfer,23.64,Luxembourg,Bank Transfer,0,0
T0001027,A000159,C00096,2024-04-30 02:47:34,Direct Debit,Subscriptions,-24.96,Luxembourg,Direct Debit,0,0
T0003000,A002939,C01796,2024-12-23 09:12:37,Transfer Out,Transfer,-390.74,Belgium,Bank Transfer,0,0
T0009474,A000868,C00531,2026-06-21 13:45:43,Transfer In,Transfer,354.65,Belgium,Mobile App,0,0
T0006577,A000986,C00602,2026-02-24 19:04:46,Card Purchase,Dining,-55.42,Belgium,Card Present,0,0
T0006361,A002980,C01822,2025-04-29 15:32:16,Card Purchase,Dining,-59.69,Belgium,Online,0,0
T0009492,A002172,C01332,2026-05-05 09:35:50,Direct Debit,Telecom,-74.47,Belgium,Direct Debit,0,0
T0006979,A001630,C01003,2026-04-15 17:01:58,Transfer In,Transfer,83.73,Germany,Bank Transfer,0,0
T0001492,A000128,C00077,2024-03-19 00:29:08,Interest,Interest,10.54,Germany,Bank Transfer,0,0
T0009099,A003136,C01917,2025-02-21 19:33:17,Transfer In,Transfer,34.76,France,Bank Transfer,0,0
T0009911,A002258,C01388,2024-01-12 06:15:11,Transfer In,Transfer,634.72,Netherlands,Mobile App,0,0
T0004672,A002329,C01432,2024-08-23 03:50:14,Transfer In,Transfer,171.25,Netherlands,Bank Transfer,0,0
T0006701,A003737,C02284,2024-12-28 23:21:05,Card Purchase,Retail,-99.79,Germany,Card Present,0,0
T0008763,A000989,C00604,2024-11-07 01:24:03,Salary,Salary,1764.95,Netherlands,Mobile App,0,0
T0007693,A002492,C01529,2025-12-04 09:42:18,Transfer Out,Transfer,-964.33,Netherlands,Bank Transfer,0,0
T0008709,A001823,C01124,2026-04-20 04:06:54,Card Purchase,Healthcare,-109.66,France,Online,0,0
T0006055,A002080,C01276,2024-01-30 06:37:57,Card Purchase,Entertainment,-18.1,France,Card Present,0,0
T0004466,A000485,C00301,2024-07-02 22:37:36,Card Purchase,Travel,-239.06,Belgium,Online,0,0
T0003036,A000369,C00231,2026-01-11 14:16:47,Interest,Interest,14.99,Netherlands,Mobile App,0,0
T0001067,A002236,C01373,2025-11-13 19:54:01,Transfer In,Transfer,244.56,Belgium,Mobile App,0,0
T0002856,A001053,C00642,2025-10-12 13:53:35,Salary,Salary,3943.1,Germany,Mobile App,0,0
T0002164,A002863,C01748,2025-12-21 17:17:03,Transfer Out,Transfer,-76.52,Belgium,Mobile App,0,0
T0002674,A002761,C01688,2024-11-25 18:46:13,Direct Debit,Telecom,-85.74,Germany,Direct Debit,0,0
T0003027,A001957,C01200,2026-03-10 13:19:26,Transfer In,Transfer,309.5,Germany,Mobile App,0,0
T0003192,A002364,C01452,2025-08-30 11:13:02,Card Purchase,Travel,-409.98,Netherlands,Card Present,1,1
T0007376,A000125,C00075,2024-11-29 04:16:12,Direct Debit,Telecom,-48.81,Belgium,Direct Debit,0,0
T0000320,A000678,C00416,2026-05-20 11:31:16,Card Purchase,Fuel,-82.27,France,Mobile App,0,0
T0005713,A004035,C02464,2024-08-15 18:11:32,Card Purchase,E-commerce,-107.8,Spain,Mobile App,1,0
T0000973,A002673,C01632,2024-06-06 09:24:59,Card Purchase,Travel,-241.69,Belgium,Card Present,0,0
T0001903,A001270,C00778,2024-06-18 04:41:31,Card Purchase,Travel,-376.23,Belgium,Online,0,0
T0005755,A000866,C00530,2024-04-25 17:53:54,Cash Withdrawal,Cash,-20,France,ATM,0,0
T0006838,A001292,C00792,2024-01-25 15:46:57,Transfer In,Transfer,316.44,Belgium,Bank Transfer,0,0
T0007654,A000886,C00541,2025-06-21 10:30:21,Card Purchase,Travel,-504.39,France,Mobile App,1,0
T0000989,A001121,C00683,2024-04-01 12:58:50,Transfer In,Transfer,1707.07,Belgium,Bank Transfer,0,0
T0006025,A002970,C01816,2025-04-12 18:29:17,Direct Debit,Subscriptions,-16.4,Netherlands,Direct Debit,0,0
T0006204,A000312,C00193,2025-08-28 17:35:44,Cash Withdrawal,Cash,-100,Belgium,ATM,0,0
T0009475,A001259,C00769,2024-12-20 01:06:12,Card Purchase,E-commerce,-104.54,United States,Online,1,0
T0007073,A001872,C01150,2024-02-10 10:45:02,Direct Debit,Telecom,-65.6,Germany,Direct Debit,0,0
T0001126,A002053,C01259,2026-08-07 17:23:55,Transfer In,Transfer,91.59,Belgium,Bank Transfer,0,0
T0002436,A001490,C00916,2024-09-04 12:34:35,Direct Debit,Telecom,-54.12,Belgium,Direct Debit,0,0
T0001496,A001211,C00737,2024-03-28 06:26:26,Card Purchase,Retail,-90.51,Belgium,Online,0,0
T0009783,A003193,C01956,2024-07-14 06:15:13,Transfer In,Transfer,51.74,Germany,Bank Transfer,0,0
T0008420,A001222,C00745,2026-02-02 18:17:12,Card Purchase,Healthcare,-75.62,Netherlands,Mobile App,0,0
T0005025,A004044,C02469,2026-06-11 04:21:49,Card Purchase,Travel,-295.82,Belgium,Card Present,0,0
T0000908,A003677,C02248,2025-06-12 09:14:04,Card Purchase,Entertainment,-54.8,France,Online,0,0
T0007279,A002255,C01386,2026-05-18 19:56:31,Transfer In,Transfer,492.23,Belgium,Mobile App,0,0
T0004522,A003554,C02171,2025-08-02 20:00:48,Transfer Out,Transfer,-42.03,Belgium,Bank Transfer,0,0
T0008019,A000420,C00261,2025-11-21 11:17:25,Transfer In,Transfer,524.33,France,Mobile App,0,0
T0000577,A003180,C01948,2024-12-26 15:36:39,Transfer Out,Transfer,-82.67,Belgium,Mobile App,0,0
T0006614,A000292,C00182,2025-09-26 22:27:03,Transfer In,Transfer,213.9,Netherlands,Bank Transfer,0,0
T0007633,A002814,C01718,2024-11-26 22:02:26,Card Purchase,Healthcare,-127.11,Netherlands,Card Present,0,0
T0006255,A002678,C01635,2024-10-10 05:04:14,Card Purchase,Retail,-104.66,Belgium,Card Present,0,0
T0000024,A002525,C01547,2024-09-19 07:24:08,Salary,Salary,2156.61,Belgium,Bank Transfer,0,0
T0005103,A001515,C00931,2024-08-27 20:15:25,Transfer In,Transfer,165.21,Belgium,Mobile App,0,0
T0001687,A002457,C01508,2024-05-01 14:32:29,Card Purchase,Healthcare,-54.67,Belgium,Mobile App,0,0
T0000285,A001761,C01088,2025-04-06 14:03:07,Direct Debit,Subscriptions,-22.1,Germany,Direct Debit,0,0
T0003665,A000254,C00159,2024-10-22 01:10:59,Transfer In,Transfer,367.82,Belgium,Mobile App,0,0
T0004331,A000655,C00403,2026-01-29 14:37:39,Card Purchase,Healthcare,-49.71,Belgium,Online,0,0
T0006278,A000860,C00527,2025-07-07 23:52:09,Direct Debit,Housing,-1089.01,Germany,Direct Debit,0,0
T0001310,A001459,C00894,2024-06-09 06:17:54,Transfer Out,Transfer,-566.19,Luxembourg,Bank Transfer,0,0
T0002177,A000645,C00396,2024-05-04 09:49:39,Direct Debit,Insurance,-180.73,Belgium,Direct Debit,0,0
T0003567,A000668,C00409,2024-05-08 12:20:45,Transfer In,Transfer,393.8,Belgium,Bank Transfer,0,0
T0000051,A002937,C01795,2024-08-21 12:16:21,Transfer Out,Transfer,-379.64,Belgium,Bank Transfer,0,0
T0002736,A000122,C00073,2024-11-03 17:33:32,Card Purchase,E-commerce,-149.57,Luxembourg,Card Present,0,0
T0009899,A000227,C00144,2024-06-03 08:08:52,Card Purchase,Retail,-85.9,France,Online,0,0
T0005011,A003556,C02172,2024-08-25 12:19:40,Direct Debit,Housing,-1186.48,Netherlands,Direct Debit,0,0
T0003242,A002091,C01283,2024-06-09 16:54:32,Card Purchase,Entertainment,-72.01,France,Card Present,1,0
T0004480,A002871,C01753,2025-11-06 21:21:23,Direct Debit,Subscriptions,-25.47,Netherlands,Direct Debit,0,0
T0001373,A002207,C01354,2024-08-22 20:24:19,Transfer Out,Transfer,-452.43,Belgium,Bank Transfer,0,0
T0002805,A003339,C02044,2025-12-01 03:18:10,Transfer In,Transfer,1466.88,Belgium,Bank Transfer,0,0
T0003275,A001857,C01142,2025-08-31 00:04:59,Transfer Out,Transfer,-110.13,France,Bank Transfer,0,0
T0009007,A003138,C01918,2025-11-04 17:07:07,Salary,Salary,3281.74,Netherlands,Bank Transfer,0,0
T0003582,A000994,C00607,2026-02-14 17:00:40,Card Purchase,Dining,-61.73,Netherlands,Online,0,0
T0002838,A003692,C02256,2025-02-08 04:10:55,Transfer Out,Transfer,-202.81,Belgium,Mobile App,0,0
T0006057,A001437,C00881,2025-02-06 17:29:22,Transfer In,Transfer,61.63,Germany,Mobile App,0,0
T0008610,A002401,C01475,2025-01-09 18:26:01,Card Purchase,Groceries,-64.72,Belgium,Online,0,0
T0002295,A003553,C02170,2026-06-29 18:03:08,Transfer Out,Transfer,-555.68,Luxembourg,Mobile App,0,0
T0004078,A003427,C02095,2024-10-01 01:14:10,Direct Debit,Subscriptions,-34.81,Belgium,Direct Debit,0,0
T0004122,A003732,C02280,2025-05-31 15:18:44,Transfer Out,Transfer,-1236.71,Belgium,Bank Transfer,0,0
T0009206,A002283,C01402,2026-01-19 19:49:46,Card Purchase,Fuel,-70.54,Belgium,Online,0,0
T0008697,A001555,C00954,2025-11-05 01:01:50,Card Purchase,Healthcare,-120.49,Belgium,Online,0,0
T0008900,A003473,C02123,2024-02-13 15:30:22,Transfer In,Transfer,164.01,France,Mobile App,0,0
T0002134,A000478,C00295,2025-02-04 05:11:19,Direct Debit,Telecom,-48.68,Belgium,Direct Debit,0,0
T0007014,A001932,C01185,2025-05-06 20:51:43,Card Purchase,Retail,-184.05,Belgium,Online,0,0
T0000221,A001966,C01206,2024-10-31 03:55:11,Direct Debit,Insurance,-86.44,Luxembourg,Direct Debit,0,0
T0002517,A003352,C02051,2024-04-16 09:10:54,Direct Debit,Insurance,-86.03,Belgium,Direct Debit,0,0
T0008606,A001238,C00755,2024-04-06 11:35:24,Salary,Salary,3383.06,Belgium,Mobile App,0,0
T0005915,A003673,C02246,2024-01-29 00:29:36,Direct Debit,Housing,-1050.89,Belgium,Direct Debit,0,0
T0006096,A001076,C00654,2024-06-28 06:28:37,Transfer In,Transfer,84.46,Belgium,Bank Transfer,0,0
T0001675,A000960,C00585,2024-06-11 14:57:40,Transfer In,Transfer,184.43,Belgium,Bank Transfer,0,0
T0002473,A002049,C01256,2024-11-03 02:12:28,Transfer In,Transfer,1276.73,Germany,Mobile App,0,0
T0009908,A001393,C00854,2024-09-13 22:14:03,Direct Debit,Insurance,-67.28,Germany,Direct Debit,0,0
T0006718,A002430,C01491,2024-06-16 17:58:46,Card Purchase,Dining,-38.15,Belgium,Online,0,0
T0004927,A000887,C00542,2026-01-28 18:37:19,Transfer In,Transfer,105.4,Belgium,Bank Transfer,0,0
T0008608,A002477,C01521,2024-09-11 02:46:23,Direct Debit,Subscriptions,-17.75,Belgium,Direct Debit,0,0
T0003934,A001036,C00632,2024-10-16 02:12:22,Card Purchase,Dining,-21.76,Belgium,Card Present,0,0
T0006959,A001660,C01020,2024-09-19 00:01:04,Cash Withdrawal,Cash,-200,Germany,ATM,0,0
T0002771,A002057,C01262,2024-12-19 11:15:14,Transfer Out,Transfer,-51.6,Germany,Bank Transfer,0,0
T0008930,A000618,C00380,2025-09-19 16:31:37,Card Purchase,Healthcare,-57.95,Netherlands,Online,0,0
T0001642,A003687,C02254,2024-07-17 22:38:27,Card Purchase,Entertainment,-51.27,Belgium,Mobile App,0,0
T0000511,A002262,C01390,2026-02-05 01:00:02,Transfer In,Transfer,326.7,Belgium,Bank Transfer,0,0
T0001993,A001916,C01177,2025-05-15 18:35:15,Cash Withdrawal,Cash,-40,Belgium,ATM,0,0
T0001266,A000762,C00469,2026-07-18 03:41:16,Transfer In,Transfer,969.84,Germany,Bank Transfer,0,0
T0006228,A002650,C01620,2025-12-13 01:37:16,Card Purchase,E-commerce,-110.31,Germany,Mobile App,0,0
T0005910,A003867,C02363,2024-12-07 23:29:22,Transfer Out,Transfer,-122.27,Netherlands,Bank Transfer,0,0
T0003133,A001869,C01149,2025-08-08 13:09:28,Cash Withdrawal,Cash,-20,Luxembourg,ATM,0,0
T0007889,A000319,C00196,2026-05-22 01:08:21,Transfer In,Transfer,125.88,Netherlands,Bank Transfer,0,0
T0002536,A001874,C01151,2024-02-25 18:47:08,Card Purchase,Retail,-72.56,Belgium,Online,0,0
T0000569,A000239,C00151,2026-04-28 22:02:51,Transfer Out,Transfer,-74.64,Belgium,Bank Transfer,0,0
T0008030,A002765,C01691,2024-06-28 07:34:25,Direct Debit,Housing,-870.62,France,Direct Debit,0,0
T0000801,A002910,C01777,2025-11-29 04:40:34,Salary,Salary,4366.11,Belgium,Bank Transfer,0,0
T0007085,A003329,C02038,2025-01-13 00:47:09,Direct Debit,Utilities,-140.57,Netherlands,Direct Debit,0,0
T0008128,A001485,C00913,2026-04-26 17:08:27,Card Purchase,Retail,-119.67,Belgium,Card Present,0,0
T0009390,A000202,C00128,2024-04-13 13:11:39,Card Purchase,E-commerce,-173.28,Belgium,Card Present,0,0
T0005579,A000109,C00064,2026-01-23 00:45:34,Cash Withdrawal,Cash,-200,Belgium,ATM,0,0
T0007606,A003207,C01965,2025-10-04 08:25:20,Transfer In,Transfer,194.26,Netherlands,Bank Transfer,0,0
T0007530,A001423,C00873,2025-01-14 17:10:19,Card Purchase,Fuel,-27.16,France,Card Present,0,0
T0005296,A002233,C01372,2025-11-15 02:24:26,Card Purchase,Entertainment,-14.82,Belgium,Card Present,0,0
T0001966,A002932,C01791,2026-07-05 08:57:52,Card Purchase,Entertainment,-76.96,Germany,Online,0,1
T0006461,A003906,C02391,2024-10-29 13:34:48,Card Purchase,Dining,-86.61,Luxembourg,Online,0,0
T0001413,A002148,C01318,2024-05-10 04:20:17,Direct Debit,Telecom,-78.9,Luxembourg,Direct Debit,0,0
T0008754,A002954,C01806,2025-05-09 03:15:14,Card Purchase,Groceries,-83.56,Belgium,Card Present,0,0
T0007405,A002709,C01656,2026-01-28 13:37:39,Direct Debit,Insurance,-146.9,Belgium,Direct Debit,0,0
T0003711,A001526,C00938,2025-12-20 05:21:35,Transfer In,Transfer,304.8,Belgium,Bank Transfer,0,0
T0008374,A001556,C00955,2024-01-27 12:04:33,Transfer In,Transfer,177.8,Netherlands,Mobile App,0,0
T0009423,A000074,C00044,2025-12-03 03:12:38,Card Purchase,Travel,-419.82,Netherlands,Card Present,0,0
T0008356,A003262,C02000,2024-08-01 18:43:28,Card Purchase,Fuel,-35.67,Belgium,Online,0,0
T0005283,A002454,C01507,2026-05-04 23:58:17,Cash Withdrawal,Cash,-200,Belgium,ATM,0,0
T0008551,A001922,C01181,2025-02-06 21:54:26,Direct Debit,Housing,-812.81,Luxembourg,Direct Debit,0,0
T0004246,A002575,C01580,2025-09-21 14:32:11,Transfer In,Transfer,347.48,Belgium,Mobile App,0,0
T0003340,A002710,C01656,2025-01-23 11:39:23,Card Purchase,Healthcare,-94.32,Belgium,Card Present,0,0
T0001997,A002180,C01336,2025-01-08 05:41:48,Transfer Out,Transfer,-762.02,Belgium,Bank Transfer,0,0
T0004552,A002529,C01549,2024-04-11 20:35:12,Direct Debit,Utilities,-143.0,Germany,Direct Debit,0,0
T0006669,A002139,C01312,2025-01-21 04:50:48,Card Purchase,Retail,-58.48,Belgium,Card Present,0,0
T0009867,A002019,C01239,2024-11-29 03:32:05,Transfer In,Transfer,326.69,Netherlands,Mobile App,0,0
T0005240,A001230,C00750,2025-02-01 20:24:39,Transfer Out,Transfer,-232.96,Belgium,Bank Transfer,0,0
T0009110,A003082,C01888,2024-01-08 06:14:53,Transfer Out,Transfer,-51.73,Belgium,Mobile App,0,0
T0006825,A000315,C00194,2024-11-25 04:02:01,Transfer In,Transfer,237.58,Belgium,Mobile App,0,0
T0003725,A001060,C00645,2025-08-14 02:23:21,Salary,Salary,5054.41,Netherlands,Mobile App,0,0
T0006931,A000059,C00035,2026-01-02 09:59:33,Direct Debit,Subscriptions,-26.03,Belgium,Direct Debit,0,0
T0001811,A003973,C02429,2025-01-27 00:50:24,Transfer In,Transfer,505.21,Belgium,Bank Transfer,0,1
T0001874,A003596,C02200,2025-06-14 14:09:23,Card Purchase,Travel,-194.43,Netherlands,Card Present,0,0
T0002467,A002888,C01762,2025-10-14 08:02:09,Transfer In,Transfer,486.53,Netherlands,Bank Transfer,0,0
T0000418,A002283,C01402,2024-01-30 12:36:14,Card Purchase,Entertainment,-54.51,Belgium,Card Present,0,0
T0009265,A004048,C02473,2024-04-10 13:18:51,Cash Withdrawal,Cash,-20,Netherlands,ATM,0,0
T0009457,A001808,C01114,2025-12-27 01:16:33,Card Purchase,E-commerce,-331.58,Belgium,Card Present,0,0
T0002509,A001547,C00950,2026-05-19 10:15:38,Interest,Interest,3.03,Belgium,Bank Transfer,0,0
T0006744,A003387,C02070,2025-10-01 19:48:29,Card Purchase,Healthcare,-108.97,Germany,Card Present,0,0
T0003488,A001156,C00705,2025-07-01 03:50:35,Transfer In,Transfer,122.72,Luxembourg,Mobile App,0,0
T0007466,A003540,C02164,2025-05-14 05:05:19,Card Purchase,Dining,-28.91,Netherlands,Online,0,0
T0000650,A002274,C01398,2025-06-15 16:33:55,Transfer In,Transfer,127.14,Belgium,Bank Transfer,0,0
T0005324,A001229,C00749,2025-04-10 18:04:30,Transfer Out,Transfer,-71.1,Belgium,Bank Transfer,0,0
T0000637,A002205,C01353,2026-01-31 16:38:23,Transfer In,Transfer,326.01,Belgium,Bank Transfer,0,0
T0002226,A000343,C00212,2024-09-13 07:48:28,Cash Withdrawal,Cash,-250,Netherlands,ATM,0,0
T0007457,A001465,C00899,2025-02-12 00:56:08,Card Purchase,Healthcare,-84.67,Belgium,Card Present,0,0
T0004758,A003644,C02229,2026-03-04 18:41:38,Direct Debit,Insurance,-96.04,Belgium,Direct Debit,0,0
T0009556,A000088,C00051,2024-01-03 05:03:28,Card Purchase,Dining,-65.23,Belgium,Card Present,0,0
T0006923,A001593,C00981,2025-03-28 16:54:05,Cash Withdrawal,Cash,-80,Netherlands,ATM,0,0
T0008302,A002962,C01811,2024-03-08 07:37:38,Salary,Salary,1872.29,Germany,Mobile App,0,0
T0001869,A002417,C01484,2025-12-16 15:16:12,Card Purchase,E-commerce,-143.61,France,Card Present,0,0
T0000009,A002368,C01455,2025-02-11 21:56:11,Interest,Interest,4.41,Belgium,Mobile App,0,0
T0001494,A002508,C01538,2024-02-29 15:21:18,Direct Debit,Subscriptions,-28.01,Netherlands,Direct Debit,0,0
T0003762,A000363,C00228,2026-02-28 06:23:47,Salary,Salary,7704.57,France,Bank Transfer,0,0
T0005004,A000718,C00438,2026-06-02 09:10:51,Transfer In,Transfer,246.96,Belgium,Mobile App,0,0
T0006160,A003569,C02183,2025-05-02 16:15:12,Direct Debit,Insurance,-60.26,Belgium,Direct Debit,0,0
T0003628,A000673,C00413,2026-03-04 05:30:37,Transfer In,Transfer,49.43,Belgium,Bank Transfer,0,0
T0004570,A003499,C02139,2024-02-03 00:49:38,Transfer In,Transfer,1059.26,Belgium,Mobile App,0,0
T0004707,A002953,C01805,2025-02-14 05:36:58,Transfer In,Transfer,213.85,Germany,Mobile App,0,0
T0003769,A002357,C01447,2024-03-01 03:55:01,Card Purchase,Healthcare,-77.51,Belgium,Online,0,0
T0003702,A002003,C01230,2026-03-21 16:56:01,Transfer Out,Transfer,-353.42,Germany,Mobile App,0,0
T0004571,A003325,C02036,2024-01-24 05:30:10,Direct Debit,Telecom,-82.52,Germany,Direct Debit,0,0
T0009460,A001475,C00906,2024-02-27 00:27:08,Card Purchase,Dining,-31.65,Belgium,Card Present,0,0
T0004756,A002428,C01490,2025-12-04 12:29:26,Card Purchase,E-commerce,-73.79,Germany,Card Present,0,0
T0009428,A000450,C00280,2024-01-14 03:47:42,Direct Debit,Housing,-942.54,Belgium,Direct Debit,0,0
T0007338,A001630,C01003,2026-05-01 02:17:26,Transfer Out,Transfer,-408.67,Germany,Bank Transfer,0,0
T0000752,A000442,C00276,2024-07-10 10:41:09,Card Purchase,Travel,-253.04,Belgium,Card Present,0,0
T0007004,A000291,C00182,2024-02-29 06:55:48,Transfer Out,Transfer,-350.1,Netherlands,Bank Transfer,0,0
T0004491,A002390,C01468,2026-01-10 20:38:14,Card Purchase,E-commerce,-60.55,Belgium,Mobile App,0,0
T0002676,A001700,C01046,2024-07-22 08:00:17,Card Purchase,Dining,-46.76,France,Online,0,0
T0008794,A002050,C01257,2024-10-18 07:44:33,Transfer In,Transfer,161.79,Netherlands,Bank Transfer,0,0
T0005207,A002462,C01512,2024-06-13 07:56:51,Transfer In,Transfer,162.96,Belgium,Mobile App,0,0
T0008043,A000868,C00531,2025-10-03 05:24:54,Card Purchase,Retail,-131.43,Belgium,Card Present,0,0
T0007584,A003406,C02082,2026-04-05 19:39:49,Direct Debit,Housing,-1066.22,Belgium,Direct Debit,0,0
T0001350,A000744,C00456,2024-08-19 10:28:15,Card Purchase,Retail,-46.1,Belgium,Card Present,0,0
T0004303,A000029,C00018,2025-03-10 11:12:35,Transfer Out,Transfer,-539.62,Belgium,Mobile App,0,0
T0005176,A002101,C01291,2025-03-24 01:07:14,Cash Withdrawal,Cash,-100,Luxembourg,ATM,0,0
T0006126,A001324,C00815,2024-01-05 16:07:51,Card Purchase,Groceries,-24.82,Belgium,Online,0,0
T0007610,A001317,C00811,2026-01-14 05:42:35,Salary,Salary,6515.94,Belgium,Mobile App,0,0
T0009188,A000720,C00440,2025-12-08 06:51:10,Transfer In,Transfer,269.43,Belgium,Mobile App,0,0
T0002537,A002614,C01599,2025-10-21 17:14:35,Interest,Interest,14.36,Belgium,Mobile App,0,0
T0009851,A002306,C01416,2024-08-27 13:35:21,Card Purchase,Fuel,-140.05,Belgium,Card Present,0,0
T0009508,A002348,C01441,2026-01-10 16:44:13,Card Purchase,E-commerce,-93.99,France,Card Present,0,0
T0007919,A001829,C01128,2026-07-04 20:29:07,Card Purchase,Entertainment,-36.33,Netherlands,Mobile App,0,0
T0009913,A002855,C01744,2024-07-04 15:17:17,Direct Debit,Subscriptions,-31.14,Belgium,Direct Debit,0,0
T0009509,A001396,C00856,2024-10-30 12:35:23,Card Purchase,Entertainment,-41.55,Netherlands,Online,0,0
T0002709,A000715,C00437,2025-10-22 14:50:28,Card Purchase,Entertainment,-44.24,Belgium,Card Present,0,0
T0003860,A002522,C01545,2024-06-28 18:02:02,Transfer In,Transfer,119.27,Belgium,Bank Transfer,0,0
T0007125,A002414,C01483,2024-12-02 05:57:49,Transfer Out,Transfer,-75.07,France,Bank Transfer,0,0
T0007896,A001592,C00980,2025-01-19 00:58:14,Transfer Out,Transfer,-145.4,Belgium,Mobile App,0,0
T0003696,A003190,C01954,2025-08-27 09:54:40,Transfer Out,Transfer,-168.02,Luxembourg,Mobile App,0,0
T0006954,A003569,C02183,2026-08-21 06:06:30,Card Purchase,Dining,-66.84,Belgium,Card Present,0,0
T0003646,A002410,C01480,2026-03-08 14:09:38,Card Purchase,Healthcare,-54.35,France,Online,0,0
T0009343,A002462,C01512,2024-11-29 01:52:02,Salary,Salary,3669.26,Belgium,Mobile App,0,0
T0005038,A000914,C00559,2025-10-17 21:27:38,Direct Debit,Insurance,-90.38,Germany,Direct Debit,0,0
T0001483,A000736,C00449,2025-04-12 11:42:01,Card Purchase,Fuel,-273.14,Netherlands,Online,0,0
T0004058,A000862,C00528,2024-06-19 19:46:36,Transfer In,Transfer,1228.47,Germany,Mobile App,0,0
T0006795,A002534,C01552,2025-02-07 07:08:34,Transfer Out,Transfer,-313.26,Belgium,Bank Transfer,0,0
T0004801,A001580,C00972,2024-06-07 02:09:55,Transfer Out,Transfer,-139.98,Netherlands,Bank Transfer,0,0
T0005711,A001013,C00620,2026-04-24 05:18:25,Card Purchase,Entertainment,-35.92,Belgium,Mobile App,0,0
T0003858,A001053,C00642,2024-01-10 16:53:03,Salary,Salary,3952.29,Germany,Bank Transfer,0,0
T0003601,A000945,C00577,2024-05-18 16:03:14,Card Purchase,Retail,-81.03,Netherlands,Online,0,0
T0005395,A000911,C00557,2024-12-28 07:18:30,Transfer Out,Transfer,-194.03,Belgium,Mobile App,0,0
T0006956,A002825,C01724,2025-06-13 00:45:17,Card Purchase,Healthcare,-58.53,Belgium,Mobile App,0,0
T0001184,A003753,C02292,2026-02-16 14:37:22,Salary,Salary,2225.29,Netherlands,Bank Transfer,0,0
T0000891,A003584,C02192,2024-10-15 16:28:19,Transfer Out,Transfer,-125.96,Belgium,Mobile App,0,0
T0003568,A003028,C01855,2025-12-13 12:16:11,Direct Debit,Utilities,-155.39,Germany,Direct Debit,0,0
T0003084,A001488,C00915,2024-03-29 21:22:00,Card Purchase,Groceries,-56.95,Netherlands,Card Present,0,0
T0000314,A002146,C01317,2024-05-28 02:56:30,Interest,Interest,10.0,Netherlands,Bank Transfer,0,0
T0008299,A001302,C00800,2025-06-14 17:03:18,Interest,Interest,7.37,Germany,Mobile App,0,0
T0004950,A002264,C01391,2024-04-04 15:06:41,Card Purchase,Dining,-41.26,Netherlands,Mobile App,0,0
T0005616,A002692,C01644,2024-04-26 00:15:50,Card Purchase,Retail,-209.38,Luxembourg,Online,0,0
T0006424,A001309,C00805,2026-03-09 12:45:39,Transfer In,Transfer,207.08,Belgium,Mobile App,0,0
T0005868,A003976,C02430,2024-03-31 15:32:53,Transfer Out,Transfer,-594.89,Belgium,Mobile App,0,0
T0007547,A000699,C00427,2025-05-15 14:26:00,Transfer In,Transfer,972.43,Belgium,Bank Transfer,0,0
T0007822,A004005,C02449,2025-08-28 01:22:35,Transfer In,Transfer,339.64,Luxembourg,Bank Transfer,0,0
T0006616,A003067,C01881,2025-08-18 19:47:20,Direct Debit,Utilities,-149.65,Belgium,Direct Debit,0,0
T0007687,A000880,C00538,2025-07-24 22:40:54,Card Purchase,Entertainment,-38.29,Germany,Card Present,0,0
T0007223,A002553,C01565,2024-03-20 06:47:21,Card Purchase,Dining,-92.56,Belgium,Mobile App,0,0
T0007069,A000029,C00018,2024-10-09 02:48:47,Transfer In,Transfer,182.39,Belgium,Mobile App,0,0
T0005589,A002967,C01814,2025-05-16 10:19:21,Transfer Out,Transfer,-215.34,Netherlands,Bank Transfer,0,0
T0001143,A003258,C01997,2024-09-21 06:12:59,Direct Debit,Subscriptions,-32.7,Netherlands,Direct Debit,0,0
T0007460,A002938,C01795,2026-04-28 06:39:11,Cash Withdrawal,Cash,-80,Belgium,ATM,0,0
T0005409,A003396,C02076,2025-11-27 03:55:55,Transfer In,Transfer,162.64,Belgium,Mobile App,0,0
T0004120,A000596,C00367,2024-07-02 12:40:48,Transfer Out,Transfer,-1192.61,Germany,Mobile App,0,0
T0000436,A002749,C01679,2024-07-25 06:18:49,Transfer In,Transfer,283.17,France,Bank Transfer,0,0
T0000751,A002455,C01508,2025-05-16 09:22:19,Transfer Out,Transfer,-209.41,Belgium,Bank Transfer,0,0
T0007102,A000336,C00206,2026-07-24 17:21:19,Transfer In,Transfer,253.74,Germany,Mobile App,0,0
T0003271,A000579,C00357,2025-11-24 14:56:06,Transfer Out,Transfer,-327.29,Netherlands,Bank Transfer,0,0
T0002460,A002250,C01383,2025-11-22 17:21:44,Salary,Salary,2773.77,Germany,Mobile App,0,0
T0001546,A000060,C00035,2025-12-07 01:43:28,Transfer In,Transfer,37.3,Belgium,Mobile App,0,0
T0009134,A001069,C00650,2026-05-10 14:49:55,Transfer In,Transfer,268.89,Belgium,Bank Transfer,0,0
T0007054,A000611,C00376,2024-12-03 16:15:32,Direct Debit,Housing,-969.16,Belgium,Direct Debit,0,0
T0008176,A001578,C00971,2024-08-07 10:38:35,Transfer In,Transfer,153.33,France,Bank Transfer,0,0
T0008836,A002092,C01284,2025-01-19 02:09:31,Direct Debit,Subscriptions,-28.18,Belgium,Direct Debit,0,0
T0002440,A001841,C01134,2026-06-26 06:01:45,Transfer Out,Transfer,-123.74,Netherlands,Mobile App,0,0
T0000115,A001722,C01063,2024-03-02 20:45:04,Transfer In,Transfer,653.67,Germany,Mobile App,0,0
T0002832,A000450,C00280,2026-03-20 23:54:20,Card Purchase,Entertainment,-33.15,Belgium,Online,0,0
T0007906,A000572,C00353,2026-06-26 13:22:33,Transfer Out,Transfer,-121.32,France,Bank Transfer,0,0
T0006157,A003068,C01882,2024-05-26 10:34:04,Transfer Out,Transfer,-213.52,Germany,Bank Transfer,0,0
T0004129,A000473,C00292,2024-06-14 10:49:08,Transfer In,Transfer,589.86,Belgium,Mobile App,0,0
T0005770,A000363,C00228,2024-03-11 05:01:43,Card Purchase,Groceries,-89.42,France,Online,0,0
T0001918,A000359,C00224,2026-04-12 18:36:44,Transfer Out,Transfer,-805.93,Netherlands,Bank Transfer,0,0
T0009290,A001658,C01019,2024-02-05 14:13:16,Direct Debit,Subscriptions,-28.09,Belgium,Direct Debit,0,0
T0001989,A002829,C01727,2025-10-21 07:56:33,Transfer Out,Transfer,-126.86,Belgium,Mobile App,0,0
T0005212,A000363,C00228,2025-01-05 21:40:24,Salary,Salary,7424.86,France,Bank Transfer,0,0
T0002985,A001918,C01178,2025-07-09 14:00:17,Card Purchase,Dining,-72.33,Belgium,Card Present,0,0
T0008915,A003387,C02070,2025-10-27 21:06:04,Card Purchase,Fuel,-52.26,Germany,Card Present,0,0
T0006383,A001927,C01183,2025-11-11 01:34:19,Card Purchase,Healthcare,-33.45,France,Online,0,0
T0006586,A000111,C00065,2025-02-20 12:56:00,Card Purchase,Travel,-485.04,Belgium,Card Present,0,0
T0005007,A002542,C01558,2024-04-21 11:03:04,Card Purchase,E-commerce,-41.59,France,Card Present,0,0
T0006600,A001441,C00884,2024-09-12 13:19:27,Card Purchase,Healthcare,-32.12,Germany,Card Present,0,0
T0000303,A001733,C01071,2025-06-07 00:25:56,Transfer In,Transfer,615.54,Luxembourg,Bank Transfer,0,0
T0000819,A001881,C01155,2024-04-20 05:28:04,Card Purchase,Groceries,-31.65,France,Online,0,0
T0004742,A000430,C00268,2025-04-12 14:32:18,Transfer In,Transfer,493.81,Netherlands,Mobile App,0,0
T0007392,A003346,C02048,2026-07-12 07:55:16,Transfer Out,Transfer,-328.11,Belgium,Mobile App,0,0
T0005873,A002606,C01595,2025-02-25 14:58:31,Salary,Salary,4328.76,France,Mobile App,0,0
T0003046,A002101,C01291,2025-04-13 07:15:33,Card Purchase,Retail,-64.89,Luxembourg,Card Present,0,0
T0009386,A002189,C01343,2024-12-04 16:51:08,Card Purchase,Healthcare,-135.74,,Card Present,0,0
T0005343,A000588,C00362,2025-06-05 23:08:06,Transfer In,Transfer,992.3,France,Mobile App,0,0
T0000496,A000947,C00578,2025-07-30 18:45:16,Direct Debit,Utilities,-144.33,Germany,Direct Debit,0,0
T0006040,A003485,C02131,2024-11-04 15:05:04,Transfer Out,Transfer,-935.47,Luxembourg,Bank Transfer,0,0
T0008044,A002718,C01662,2024-10-04 23:36:43,Interest,Interest,1.28,Belgium,Bank Transfer,0,0
T0005893,A001658,C01019,2026-02-04 05:19:39,Direct Debit,Subscriptions,-22.51,Belgium,Direct Debit,0,0
T0002663,A002846,C01738,2025-08-27 02:47:01,Card Purchase,Retail,-97.68,Belgium,Card Present,0,0
T0003071,A002776,C01698,2026-07-04 19:26:18,Cash Withdrawal,Cash,-50,Luxembourg,ATM,0,0
T0006337,A001970,C01208,2024-10-18 09:13:25,Salary,Salary,4350.92,Netherlands,Bank Transfer,0,0
T0005260,A001748,C01080,2025-07-24 13:04:20,Card Purchase,Dining,-104.43,Netherlands,Online,0,0
T0004409,A000181,C00111,2025-10-13 05:48:43,Card Purchase,Healthcare,-31.91,Belgium,Online,0,0
T0001258,A001688,C01039,2025-08-17 09:48:29,Transfer Out,Transfer,-325.67,Belgium,Bank Transfer,0,0
T0006621,A002029,C01245,2025-05-29 11:55:09,Transfer In,Transfer,229.53,Belgium,Bank Transfer,0,0
T0009190,A002246,C01379,2026-04-12 07:04:26,Direct Debit,Subscriptions,-24.46,Belgium,Direct Debit,0,0
T0008596,A004014,C02453,2025-11-19 08:34:22,Card Purchase,E-commerce,-66.14,France,Online,0,0
T0005596,A001038,C00633,2026-02-10 22:19:13,Direct Debit,Housing,-687.3,Netherlands,Direct Debit,0,0
T0004673,A001529,C00939,2025-01-13 02:04:59,Card Purchase,Dining,-16.69,France,Online,0,0
T0008072,A002483,C01524,2025-09-05 05:36:37,Card Purchase,Healthcare,-51.47,Luxembourg,Online,0,0
T0008426,A003498,C02139,2026-04-09 03:45:19,Transfer Out,Transfer,-416.08,Belgium,Bank Transfer,0,0
T0006976,A000094,C00055,2024-04-04 11:05:11,Transfer In,Transfer,743.33,Belgium,Bank Transfer,0,0
T0008871,A004003,C02448,2025-06-01 02:10:08,Transfer In,Transfer,351.98,Netherlands,Mobile App,0,0
T0009741,A003394,C02075,2024-11-01 18:04:26,Transfer In,Transfer,162.84,Belgium,Bank Transfer,0,0
T0004887,A000225,C00143,2025-11-16 16:49:05,Card Purchase,E-commerce,-42.75,Germany,Card Present,0,0
T0005417,A001861,C01144,2024-03-05 23:05:02,Card Purchase,Dining,-36.57,France,Card Present,0,0
T0001775,A001986,C01216,2025-12-09 01:18:39,Transfer In,,827.29,Netherlands,Bank Transfer,0,0
T0003569,A002876,C01755,2024-11-13 00:21:30,Card Purchase,Fuel,-73.3,France,Online,0,0
T0004258,A001465,C00899,2024-09-08 02:25:49,Direct Debit,Subscriptions,-19.38,Belgium,Direct Debit,0,0
T0002618,A003796,C02317,2026-08-25 19:59:19,Card Purchase,Travel,-92.84,Netherlands,Mobile App,0,0
T0009400,A001727,C01066,2024-06-28 06:13:05,Transfer Out,Transfer,-123.55,Netherlands,Bank Transfer,0,0
T0001739,A003528,C02158,2024-08-25 02:58:19,Transfer In,Transfer,341.96,Netherlands,Mobile App,0,0
T0008560,A003185,C01951,2026-01-22 14:46:26,Transfer Out,Transfer,-509.75,Belgium,Bank Transfer,0,0
T0006020,A001316,C00810,2026-01-29 03:28:00,Card Purchase,E-commerce,-194.33,Belgium,Card Present,0,0
T0000255,A002136,C01310,2024-05-08 10:44:14,Card Purchase,Dining,-47.51,Germany,Card Present,0,0
T0000278,A001456,C00892,2024-07-17 18:59:58,Transfer Out,Transfer,-55.36,France,Mobile App,0,0
T0008893,A001265,C00774,2025-07-03 07:32:03,Transfer Out,,-78.43,Belgium,Bank Transfer,0,0
T0001779,A002061,C01265,2024-11-16 10:18:24,Transfer In,Transfer,480.81,Luxembourg,Mobile App,0,0
T0002240,A002796,C01709,2026-01-11 06:37:15,Transfer In,Transfer,1259.05,Netherlands,Mobile App,0,0
T0004349,A001965,C01206,2025-02-20 17:07:10,Transfer Out,Transfer,-469.81,Luxembourg,Bank Transfer,0,0
T0006576,A000672,C00412,2025-07-27 14:19:25,Direct Debit,Utilities,-146.81,Netherlands,Direct Debit,0,0
T0005337,A000884,C00540,2025-03-20 08:07:46,Card Purchase,Dining,-18.75,Belgium,Online,0,0
T0005128,A000028,C00017,2024-11-19 20:14:42,Card Purchase,Entertainment,-30.03,Belgium,Online,0,0
T0003597,A001696,C01044,2026-04-11 19:39:48,Salary,Salary,3634.96,Netherlands,Mobile App,0,0
T0004046,A001290,C00791,2024-08-02 00:13:08,Card Purchase,E-commerce,-91.41,Belgium,Online,0,0
T0009688,A004046,C02471,2024-04-11 08:36:26,Cash Withdrawal,Cash,-60,Belgium,ATM,0,0
T0004864,A002513,C01541,2024-08-17 08:35:59,Cash Withdrawal,Cash,-150,Belgium,ATM,0,0
T0003226,A002733,C01669,2024-06-04 09:34:06,Card Purchase,Retail,-105.28,France,Card Present,0,0
T0003264,A002960,C01809,2026-01-13 16:04:24,Transfer In,Transfer,763.77,Netherlands,Mobile App,0,0
T0005369,A001468,C00900,2025-07-16 17:53:01,Card Purchase,E-commerce,-135.82,Belgium,Online,0,0
T0003272,A001948,C01195,2025-09-05 05:22:52,Direct Debit,Subscriptions,-19.46,Netherlands,Direct Debit,0,0
T0004082,A003763,C02298,2026-02-24 10:43:57,Card Purchase,Healthcare,-62.03,France,Card Present,0,0
T0004962,A003138,C01918,2025-07-13 14:12:08,Card Purchase,Travel,-190.6,Netherlands,Online,0,1
T0002396,A001161,C00708,2024-07-15 15:20:38,Card Purchase,Groceries,-71.64,Netherlands,Online,0,0
T0009284,A002721,C01663,2026-04-25 08:23:40,Direct Debit,Housing,-841.16,Belgium,Direct Debit,0,0
T0002807,A000829,C00505,2024-05-23 20:26:43,Transfer In,Transfer,457.44,Netherlands,Mobile App,0,0
T0003471,A001684,C01036,2025-06-14 20:34:25,Direct Debit,Telecom,-86.2,Netherlands,Direct Debit,0,0
T0001601,A001171,C00714,2025-12-30 23:12:18,Transfer In,Transfer,243.68,Belgium,Bank Transfer,0,0
T0002137,A001018,C00622,2025-12-12 22:35:42,Cash Withdrawal,Cash,-80,France,ATM,0,0
T0008202,A000846,C00517,2024-09-07 05:27:11,Transfer In,Transfer,299.48,Belgium,Mobile App,0,0
T0007790,A003188,C01953,2025-01-17 03:54:02,Transfer Out,,-561.73,France,Bank Transfer,0,0
T0004171,A002408,C01479,2024-01-03 23:17:38,Transfer Out,Transfer,-48.35,Belgium,Mobile App,0,0
T0004647,A002802,C01712,2025-08-10 21:17:13,Direct Debit,Subscriptions,-24.57,France,Direct Debit,0,0
T0008414,A002491,C01529,2024-03-14 22:12:04,Direct Debit,Telecom,-69.62,Netherlands,Direct Debit,0,0
T0000690,A001616,C00994,2026-07-10 03:15:26,Card Purchase,Groceries,-60.26,Belgium,Card Present,1,1
T0003427,A002423,C01487,2025-07-24 13:41:03,Card Purchase,Groceries,-56.36,Belgium,Card Present,0,0
T0000109,A003818,C02333,2025-09-21 11:46:12,Direct Debit,Housing,-731.63,Netherlands,Direct Debit,0,0
T0006200,A000940,C00574,2024-07-05 09:23:54,Card Purchase,Groceries,-94.13,France,Card Present,0,0
T0003963,A000057,C00034,2025-07-27 06:48:34,Transfer Out,Transfer,-144.72,Belgium,Bank Transfer,0,0
T0001981,A000344,C00213,2025-11-29 22:54:42,Transfer In,Transfer,84.07,Germany,Bank Transfer,0,0
T0004130,A001686,C01038,2024-05-30 13:07:50,Card Purchase,Retail,-253.91,France,Online,0,0
T0004180,A003914,C02396,2025-07-02 00:31:35,Transfer Out,Transfer,-462.88,Netherlands,Mobile App,0,0
T0009503,A001913,C01176,2026-02-02 03:04:42,Salary,Salary,1551.26,Belgium,Bank Transfer,0,0
T0009008,A002445,C01501,2024-02-06 09:01:50,Transfer In,Transfer,390.6,Germany,Mobile App,0,0
T0007915,A003467,C02119,2024-07-14 16:23:33,Transfer Out,Transfer,-185.1,Belgium,Bank Transfer,0,0
T0007609,A001936,C01187,2025-02-01 21:33:35,Card Purchase,Healthcare,-61.12,Luxembourg,Card Present,0,0
T0004468,A001233,C00752,2026-08-30 22:48:02,Card Purchase,Travel,-393.4,Belgium,Card Present,0,0
T0002727,A002808,C01716,2025-02-05 00:33:50,Transfer Out,Transfer,-84.78,Belgium,Mobile App,0,0
T0004125,A000812,C00495,2026-05-27 07:53:11,Cash Withdrawal,Cash,-80,France,ATM,0,0
T0000075,A000538,C00333,2024-11-06 05:46:11,Transfer Out,Transfer,-89.11,Belgium,Bank Transfer,0,0
T0001883,A003595,C02200,2024-03-14 14:30:11,Card Purchase,Fuel,-87.49,Netherlands,Card Present,0,0
T0001900,A003623,C02216,2026-01-13 04:20:01,Salary,Salary,5245.48,Belgium,Bank Transfer,0,0
T0002328,A002700,C01650,2026-04-09 10:31:44,Transfer In,Transfer,409.9,Belgium,Bank Transfer,0,0
T0004402,A001153,C00704,2025-07-09 18:06:31,Transfer In,Transfer,142.32,Luxembourg,Mobile App,0,0
T0007742,A002240,C01376,2025-04-29 10:18:03,Card Purchase,Dining,-55.51,Germany,Card Present,0,0
T0002902,A000032,C00019,2024-10-02 23:52:34,Direct Debit,Utilities,-148.58,Netherlands,Direct Debit,0,0
T0006798,A001573,C00967,2026-05-02 08:39:07,Card Purchase,E-commerce,-148.64,Germany,Online,0,0
T0009331,A001912,C01175,2025-08-23 09:01:04,Direct Debit,Insurance,-129.54,Belgium,Direct Debit,0,0
T0005551,A002662,C01626,2025-04-12 23:38:24,Card Purchase,Dining,-114.45,Netherlands,Card Present,0,0
T0001771,A003338,C02043,2024-09-14 07:11:40,Card Purchase,Travel,-419.89,Belgium,Card Present,0,0
T0003830,A003319,C02034,2025-12-04 18:19:13,Card Purchase,E-commerce,-427.02,Belgium,Card Present,0,0
T0007095,A000683,C00418,2026-03-27 03:20:48,Card Purchase,Groceries,-27.9,France,Online,0,0
T0005946,A002544,C01559,2024-06-25 16:10:28,Transfer In,Transfer,415.91,Belgium,Bank Transfer,0,0
T0006043,A002141,C01313,2024-05-08 07:21:34,Transfer Out,Transfer,-593.83,Netherlands,Bank Transfer,0,0
T0008338,A000874,C00535,2024-09-14 18:36:20,Transfer Out,Transfer,-719.63,France,Bank Transfer,0,0
T0008519,A001663,C01021,2026-03-31 17:12:36,Card Purchase,Travel,-475.23,Germany,Card Present,0,0
T0003521,A001411,C00866,2026-07-27 20:36:25,Transfer Out,Transfer,-955.05,Belgium,Mobile App,0,0
T0005561,A003002,C01837,2024-08-22 06:41:43,Transfer In,Transfer,461.83,Germany,Bank Transfer,0,0
T0005055,A000413,C00258,2024-10-03 12:47:20,Direct Debit,Utilities,-83.63,Belgium,Direct Debit,0,0
T0005993,A000700,C00428,2025-02-25 20:15:49,Transfer In,Transfer,210.13,Belgium,Mobile App,0,0
T0000871,A003862,C02360,2024-06-19 17:48:27,Interest,Interest,5.96,Belgium,Mobile App,0,0
T0005960,A003975,C02430,2026-06-18 23:03:59,Card Purchase,Healthcare,-183.1,Belgium,Online,0,0
T0008618,A002244,C01378,2025-08-12 14:07:24,Card Purchase,E-commerce,-45.13,Belgium,Card Present,0,0
T0004816,A003134,C01915,2025-03-13 05:13:54,Card Purchase,Fuel,-106.89,Belgium,Online,0,0
T0007656,A003463,C02116,2026-08-01 04:38:18,Card Purchase,Travel,-177.54,Belgium,Online,0,0
T0004615,A001591,C00979,2025-11-13 07:43:17,Transfer Out,Transfer,-973.21,Belgium,Mobile App,0,0
T0005705,A003453,C02111,2026-08-05 08:04:20,Transfer Out,Transfer,-1259.63,Belgium,Bank Transfer,0,0
T0006474,A000722,C00440,2025-07-12 10:19:50,Card Purchase,Entertainment,-47.75,Belgium,Online,0,0
T0000486,A000950,C00579,2026-03-29 21:44:53,Transfer In,Transfer,191.54,Netherlands,Bank Transfer,0,0
T0009792,A001968,C01207,2026-04-30 05:39:36,Transfer Out,Transfer,-433.54,Netherlands,Bank Transfer,0,0
T0007196,A002298,C01411,2025-10-06 02:26:44,Transfer In,Transfer,468.17,Netherlands,Bank Transfer,0,0
T0005620,A003507,C02145,2024-10-11 12:25:06,Direct Debit,Housing,-454.16,Belgium,Direct Debit,0,0
T0000717,A002628,C01607,2024-08-01 00:34:32,Transfer Out,Transfer,-200.86,France,Mobile App,0,0
T0005673,A004024,C02459,2025-07-23 10:12:49,Transfer In,Transfer,852.01,France,Bank Transfer,0,0
T0009878,A001115,C00680,2026-06-11 18:45:49,Card Purchase,Travel,-259.95,Belgium,Online,0,0
T0006647,A003778,C02307,2025-07-20 20:57:46,Card Purchase,Travel,-42.11,France,Mobile App,0,0
T0005535,A000534,C00330,2025-05-31 00:19:34,Cash Withdrawal,Cash,-80,Belgium,ATM,0,0
T0006989,A000171,C00104,2025-03-13 00:08:02,Transfer Out,Transfer,-282.18,Belgium,Mobile App,0,0
T0001987,A001614,C00993,2026-02-24 11:28:42,Transfer Out,Transfer,-114.64,Belgium,Bank Transfer,0,0
T0002612,A003793,C02316,2025-11-20 09:16:25,Transfer In,Transfer,231.49,Belgium,Bank Transfer,0,0
T0003689,A001960,C01202,2024-05-10 23:52:42,Card Purchase,Travel,-167.49,Netherlands,Card Present,0,0
T0004163,A000636,C00391,2026-02-28 23:15:49,Interest,Interest,14.85,Netherlands,Bank Transfer,0,0
T0003558,A001689,C01039,2025-08-20 03:48:57,Direct Debit,Insurance,-127.79,Belgium,Direct Debit,0,0
T0003978,A002664,C01627,2026-03-21 12:33:30,Card Purchase,E-commerce,-149.4,Netherlands,Card Present,0,0
T0000579,A002844,C01737,2026-05-15 19:28:42,Transfer In,Transfer,478.85,Netherlands,Bank Transfer,0,0
T0007559,A003094,C01895,2024-10-19 06:49:12,Transfer Out,Transfer,-470.66,Netherlands,Bank Transfer,0,0
T0004771,A002139,C01312,2026-02-10 04:31:03,Transfer In,Transfer,271.49,Belgium,Mobile App,0,0
T0009555,A001554,C00954,2026-01-07 10:01:07,Transfer In,Transfer,172.38,Belgium,Bank Transfer,0,0
T0009511,A002481,C01523,2025-05-30 23:43:06,Card Purchase,Travel,-179.72,Germany,Card Present,0,0
T0002494,A003898,C02386,2024-06-01 06:17:49,Salary,Salary,4603.89,Luxembourg,Bank Transfer,0,0
T0001935,A003664,C02241,2026-08-08 01:41:18,Direct Debit,Housing,-841.93,Belgium,Direct Debit,0,0
T0002862,A001536,C00943,2025-01-14 05:36:42,Transfer In,Transfer,192.63,Germany,Bank Transfer,0,0
T0001209,A001637,C01006,2024-02-06 11:56:52,Transfer Out,Transfer,-104.03,France,Bank Transfer,0,0
T0009809,A002372,C01457,2024-08-23 20:07:59,Salary,Salary,1777.51,Belgium,Bank Transfer,0,0
T0009716,A000830,C00505,2025-12-14 10:12:37,Card Purchase,Entertainment,-25.81,Netherlands,Online,0,0
T0001191,A002375,C01459,2024-10-16 15:35:49,Salary,Salary,3696.7,Belgium,Bank Transfer,0,0
T0005359,A000799,C00488,2024-05-05 12:48:28,Transfer In,Transfer,266.4,Netherlands,Mobile App,0,0
T0003008,A003300,C02023,2026-03-02 11:21:45,Transfer In,Transfer,236.56,Belgium,Bank Transfer,0,0
T0008925,A001743,C01076,2025-07-27 13:27:33,Card Purchase,Travel,-328.42,Belgium,Online,0,0
T0001297,A001553,C00954,2025-02-10 11:18:20,Transfer In,Transfer,104.8,Belgium,Bank Transfer,0,0
T0006457,A002156,C01323,2025-01-18 23:13:11,Transfer Out,,-33.68,Belgium,Mobile App,0,0
T0003633,A000433,C00270,2026-02-02 21:13:23,Transfer In,Transfer,111.74,France,Mobile App,0,0
T0000012,A002501,C01533,2025-01-26 15:56:40,Interest,Interest,9.98,France,Mobile App,0,0
T0003194,A004025,C02459,2024-09-02 15:09:07,Card Purchase,E-commerce,-70.11,France,Online,0,0
T0001011,A003195,C01957,2025-11-30 02:46:28,Transfer In,Transfer,256.92,France,Bank Transfer,0,0
T0009328,A001206,C00734,2024-05-08 03:47:05,Direct Debit,Insurance,-122.02,Belgium,Direct Debit,0,0
T0003872,A001629,C01002,2024-10-17 12:27:56,Direct Debit,Insurance,-154.12,Luxembourg,Direct Debit,0,0
T0008015,A003543,C02166,2024-01-02 12:11:06,Direct Debit,Housing,-983.32,France,Direct Debit,0,0
T0004778,A003962,C02423,2025-12-25 02:35:18,Transfer In,Transfer,515.64,Belgium,Bank Transfer,0,0
T0002571,A001450,C00889,2024-12-06 12:35:01,Direct Debit,Telecom,-64.01,Belgium,Direct Debit,0,0
T0000731,A001166,C00711,2025-03-19 09:06:28,Transfer Out,Transfer,-324.36,Germany,Bank Transfer,0,0
T0003931,A002210,C01356,2026-07-09 08:19:06,Card Purchase,Healthcare,-40.33,France,Card Present,0,0
T0003237,A003479,C02127,2026-08-23 06:41:11,Card Purchase,Fuel,-108.62,Luxembourg,Card Present,0,0
T0007152,A002355,C01446,2024-04-12 22:15:59,Transfer Out,Transfer,-510.1,Belgium,Mobile App,0,0
T0003301,A003483,C02130,2024-07-01 12:22:30,Cash Withdrawal,Cash,-60,Netherlands,ATM,0,0
T0006217,A002975,C01819,2025-08-31 21:46:01,Transfer Out,Transfer,-704.2,Belgium,Bank Transfer,0,0
T0001686,A002662,C01626,2024-09-23 07:12:05,Card Purchase,Groceries,-92.15,Netherlands,Card Present,0,0
T0004611,A003996,C02443,2025-05-31 03:58:09,Transfer In,Transfer,428.55,Belgium,Mobile App,0,0
T0002388,A000459,C00285,2024-01-11 16:26:54,Direct Debit,Insurance,-93.63,France,Direct Debit,0,0
T0003344,A001763,C01090,2024-01-28 21:41:38,Transfer In,Transfer,76.1,France,Bank Transfer,0,0
T0002469,A003506,C02144,2024-05-18 10:26:37,Card Purchase,Groceries,-90.3,Belgium,Card Present,0,0
T0003299,A000983,C00600,2025-07-10 03:11:37,Card Purchase,Travel,-116.1,,Card Present,1,0
T0005381,A003884,C02374,2026-02-27 07:17:06,Card Purchase,Fuel,-56.06,France,Card Present,0,0
T0003324,A002497,C01531,2026-04-28 14:07:58,Card Purchase,Retail,-108.66,Germany,Card Present,0,0
T0009690,A001242,C00758,2024-06-25 12:18:17,Card Purchase,Fuel,-97.04,Belgium,Card Present,0,0
T0007051,A001329,C00818,2026-04-12 15:13:37,Cash Withdrawal,Cash,-40,France,ATM,0,0
T0008716,A003472,C02123,2025-09-16 04:51:25,Card Purchase,Groceries,-47.11,France,Card Present,0,0
T0002015,A001966,C01206,2026-01-15 12:48:36,Direct Debit,Telecom,-60.25,Luxembourg,Direct Debit,0,0
T0008326,A001964,C01205,2025-11-12 08:09:02,Transfer In,Transfer,1094.0,Germany,Mobile App,0,0
T0003807,A003238,C01984,2024-12-09 11:12:47,Transfer In,Transfer,661.76,Belgium,Mobile App,0,0
T0003790,A001129,C00688,2025-07-12 11:50:55,Direct Debit,Utilities,-114.06,France,Direct Debit,0,0
T0003100,A001777,C01098,2026-04-17 13:03:08,Direct Debit,Utilities,-189.07,Netherlands,Direct Debit,0,0
T0002456,A001425,C00874,2025-03-06 21:40:18,Transfer In,Transfer,486.57,Belgium,Bank Transfer,0,0
T0004471,A003196,C01958,2026-03-29 13:32:37,Transfer In,Transfer,101.01,France,Mobile App,0,0
T0008078,A001534,C00942,2026-08-18 04:46:43,Card Purchase,Retail,-80.12,Belgium,Card Present,0,0
T0008772,A004028,C02461,2024-04-20 16:23:49,Card Purchase,Retail,-105.55,Germany,Online,0,0
T0005072,A001259,C00769,2025-03-16 09:18:09,Card Purchase,Retail,-108.06,Germany,Card Present,0,0
T0001973,A004033,C02463,2026-01-08 15:40:03,Card Purchase,Entertainment,-29.05,France,Card Present,0,0
T0004210,A000646,C00397,2024-12-10 15:40:27,Transfer Out,Transfer,-394.95,Germany,Mobile App,0,0
T0003522,A000308,C00191,2025-01-02 02:21:16,Card Purchase,Travel,-184.85,Belgium,Online,0,0
T0008853,A003619,C02213,2024-04-10 11:36:53,Card Purchase,E-commerce,-31.79,Belgium,Online,0,0
T0001076,A003016,C01846,2024-01-15 19:32:38,Transfer Out,Transfer,-422.73,Netherlands,Bank Transfer,0,0
T0006111,A002129,C01305,2025-06-23 23:59:50,Transfer Out,Transfer,-51.14,Netherlands,Mobile App,0,0
T0001204,A002272,C01397,2024-09-30 05:13:56,Cash Withdrawal,Cash,-20,France,ATM,0,0
T0004296,A000732,C00448,2024-01-12 05:02:20,Interest,Interest,13.08,France,Bank Transfer,0,0
T0006249,A002458,C01509,2024-09-19 18:02:41,Card Purchase,Dining,-18.87,Germany,Card Present,0,0
T0001085,A002162,C01325,2025-10-12 22:46:17,Transfer In,Transfer,331.91,Belgium,Mobile App,0,0
T0002428,A001726,C01065,2024-11-03 22:32:22,Card Purchase,Retail,-151.55,Luxembourg,Card Present,0,0
T0006942,A002667,C01629,2024-04-20 04:48:06,Card Purchase,E-commerce,-145.0,Netherlands,Card Present,0,0
T0007628,A002250,C01383,2025-02-25 09:36:34,Card Purchase,Healthcare,-82.38,Germany,Online,0,0
T0005607,A003734,C02282,2026-06-18 12:55:14,Transfer Out,Transfer,-300.92,Belgium,Bank Transfer,0,0
T0005768,A003501,C02141,2025-11-07 10:56:44,Salary,Salary,3319.86,Belgium,Bank Transfer,0,0
T0004665,A000282,C00177,2024-04-02 23:25:22,Direct Debit,Utilities,-128.91,Germany,Direct Debit,0,0
T0005629,A001716,C01059,2025-03-21 21:39:58,Transfer In,Transfer,124.24,Belgium,Mobile App,0,0
T0000490,A003151,C01926,2024-03-07 17:11:34,Salary,Salary,3133.12,Belgium,Bank Transfer,0,0
T0002151,A001951,C01196,2026-07-30 23:32:35,Transfer In,Transfer,104.08,Belgium,Bank Transfer,0,0
T0007427,A001020,C00624,2026-06-21 16:07:03,Card Purchase,Retail,-39.64,Germany,Card Present,0,0
T0006079,A001698,C01045,2026-02-06 02:44:53,Card Purchase,E-commerce,-84.77,Belgium,Card Present,1,0
T0008808,A001232,C00751,2024-09-01 04:25:59,Transfer In,Transfer,176.72,Belgium,Bank Transfer,0,0
T0001638,A003072,C01884,2026-07-07 19:39:45,Transfer In,Transfer,244.74,Luxembourg,Mobile App,0,0
T0000346,A002531,C01551,2026-05-22 14:37:46,Card Purchase,Entertainment,-39.2,Germany,Mobile App,0,0
T0000042,A002513,C01541,2024-08-22 01:32:30,Card Purchase,Groceries,-111.52,Belgium,Card Present,0,0
T0008425,A000209,C00131,2024-03-11 20:56:27,Card Purchase,Dining,-32.91,Luxembourg,Online,0,0
T0004619,A003451,C02110,2026-03-27 21:19:36,Card Purchase,Travel,-161.96,Belgium,Online,0,0
T0009100,A002522,C01545,2024-09-07 10:44:27,Transfer Out,Transfer,-185.96,,Bank Transfer,0,0
T0006807,A001978,C01211,2025-05-12 21:13:53,Card Purchase,Healthcare,-286.79,France,Card Present,0,0
T0001951,A000855,C00524,2025-05-27 19:22:52,Transfer Out,Transfer,-255.54,Belgium,Mobile App,0,0
T0003672,A000010,C00005,2026-02-26 06:49:08,Transfer Out,Transfer,-253.81,Luxembourg,Mobile App,0,0
T0009341,A000887,C00542,2024-01-19 01:05:09,Transfer In,Transfer,561.78,Belgium,Bank Transfer,0,0
T0006571,A001039,C00634,2026-01-15 18:38:42,Card Purchase,Retail,-50.26,Belgium,Card Present,0,0
T0002995,A000277,C00173,2024-03-26 00:39:54,Transfer Out,Transfer,-550.45,Belgium,Mobile App,0,0
T0001796,A001816,C01120,2025-11-04 17:28:47,Transfer In,,155.99,Netherlands,Bank Transfer,0,0
T0007485,A001230,C00750,2024-10-29 11:39:42,Cash Withdrawal,Cash,-40,Belgium,ATM,0,0
T0007924,A000750,C00459,2026-06-25 07:08:48,Direct Debit,Insurance,-84.23,France,Direct Debit,0,0
T0006038,A002261,C01390,2024-02-19 04:36:41,Card Purchase,Groceries,-150.24,Belgium,Card Present,0,0
T0009519,A000776,C00475,2026-04-15 07:27:43,Interest,Interest,3.85,Belgium,Mobile App,0,0
T0001171,A001236,C00754,2024-03-16 14:34:06,Cash Withdrawal,Cash,-80,Belgium,ATM,0,0
T0008741,A001980,C01212,2026-01-09 13:57:27,Transfer In,Transfer,482.53,Belgium,Mobile App,0,0
T0009333,A002700,C01650,2024-08-08 17:14:15,Transfer In,Transfer,170.96,Belgium,Bank Transfer,0,0
T0003906,A002571,C01578,2024-01-13 12:53:57,Transfer In,Transfer,264.8,Belgium,Mobile App,0,0
T0002587,A002180,C01336,2026-01-06 14:43:42,Card Purchase,Groceries,-42.43,Belgium,Card Present,0,0
T0000713,A000172,C00105,2024-02-11 14:51:44,Direct Debit,Insurance,-137.88,Belgium,Direct Debit,0,0
T0006967,A003789,C02314,2025-06-19 09:02:14,Card Purchase,Fuel,-113.06,Netherlands,Card Present,0,0
T0008663,A003453,C02111,2025-12-24 13:07:30,Transfer Out,Transfer,-227.68,Belgium,Mobile App,0,0
T0005832,A003508,C02146,2025-02-02 07:20:45,Direct Debit,Housing,-941.66,Netherlands,Direct Debit,0,0
T0003820,A003843,C02348,2024-01-25 07:40:21,Card Purchase,E-commerce,-182.35,Belgium,Online,0,0
T0004393,A002666,C01628,2025-11-04 18:24:34,Transfer Out,Transfer,-569.36,France,Mobile App,0,0
T0002793,A001891,C01161,2024-06-17 19:13:49,Cash Withdrawal,Cash,-20,France,ATM,0,0
T0003025,A002208,C01355,2025-04-07 01:26:30,Direct Debit,Housing,-434.35,Netherlands,Direct Debit,0,0
T0005318,A001912,C01175,2024-07-21 15:48:31,Transfer Out,Transfer,-258.05,Belgium,Bank Transfer,0,0
T0004007,A000036,C00021,2026-04-10 01:27:39,Transfer In,Transfer,892.73,Belgium,Mobile App,0,0
T0002326,A003855,C02355,2026-08-02 17:25:26,Card Purchase,Retail,-147.52,Belgium,Card Present,0,0
T0005566,A001853,C01140,2026-07-28 21:52:50,Transfer In,Transfer,253.32,Belgium,Mobile App,0,0
T0006960,A001719,C01061,2025-03-07 02:00:20,Transfer In,Transfer,83.72,Belgium,Mobile App,0,0
T0009980,A003617,C02212,2025-09-25 22:06:41,Cash Withdrawal,Cash,-250,Netherlands,ATM,0,0
T0009338,A000048,C00028,2025-04-29 02:06:32,Card Purchase,Groceries,-72.36,Germany,Card Present,0,0
T0003311,A001084,C00661,2024-01-03 10:27:08,Transfer In,Transfer,123.27,Belgium,Bank Transfer,0,0
T0001526,A003859,C02358,2025-09-24 14:10:20,Direct Debit,Housing,-959.96,Belgium,Direct Debit,0,0
T0005510,A002652,C01622,2025-07-28 14:16:39,Card Purchase,Travel,-547.99,Belgium,Mobile App,0,0
T0007084,A003220,C01974,2026-04-20 16:01:52,Transfer Out,Transfer,-80.57,Netherlands,Mobile App,0,0
T0003634,A003759,C02295,2024-03-30 23:47:13,Card Purchase,Groceries,-49.1,Belgium,Card Present,0,0
T0008012,A001447,C00887,2025-04-23 20:42:14,Transfer In,Transfer,322.93,Netherlands,Mobile App,0,0
T0004473,A003511,C02147,2026-08-28 21:58:27,Transfer Out,Transfer,-550.93,Germany,Bank Transfer,0,0
T0004534,A002675,C01633,2024-12-15 15:07:54,Transfer In,Transfer,116.21,Germany,Mobile App,0,0
T0000431,A001530,C00940,2024-06-27 00:13:26,Transfer Out,Transfer,-136.91,Germany,Mobile App,0,0
T0008162,A001662,C01021,2024-06-27 02:34:23,Transfer In,Transfer,410.77,Germany,Mobile App,0,0
T0003833,A000033,C00020,2026-04-07 22:32:52,Direct Debit,Utilities,-145.4,Netherlands,Direct Debit,0,0
T0003247,A000069,C00041,2024-05-02 03:19:18,Direct Debit,Insurance,-143.14,Netherlands,Direct Debit,0,0
T0003357,A003394,C02075,2024-10-06 05:18:49,Cash Withdrawal,Cash,-100,Belgium,ATM,0,0
T0003740,A001961,C01202,2025-07-23 06:17:25,Card Purchase,Entertainment,-69.15,Netherlands,Card Present,0,0
T0002261,A001635,C01005,2026-03-20 19:13:53,Card Purchase,E-commerce,-51.26,Belgium,Card Present,0,0
T0006379,A003753,C02292,2026-08-11 17:44:12,Transfer In,Transfer,158.96,Netherlands,Mobile App,0,0
T0009540,A001564,C00960,2025-09-10 03:10:00,Transfer In,Transfer,251.53,Belgium,Mobile App,0,0
T0008214,A003459,C02113,2026-08-28 00:00:13,Card Purchase,Groceries,-25.63,France,Card Present,0,0
T0008392,A002597,C01591,2026-05-28 06:38:51,Direct Debit,Insurance,-151.2,Netherlands,Direct Debit,0,0
T0003251,A002148,C01318,2024-05-17 12:12:19,Card Purchase,Healthcare,-90.96,Luxembourg,Online,0,0
T0004463,A002926,C01787,2024-11-15 00:37:15,Card Purchase,Fuel,-25.21,Belgium,Card Present,0,0
T0004900,A000634,C00389,2024-01-12 11:10:10,Card Purchase,Healthcare,-28.05,Belgium,Card Present,0,0
T0002502,A000779,C00477,2025-09-26 14:50:06,Interest,Interest,1.91,Netherlands,Bank Transfer,0,0
T0003970,A000582,C00359,2025-04-24 11:27:44,Card Purchase,E-commerce,-47.47,Belgium,Card Present,0,0
T0001138,A000602,C00371,2025-06-12 09:10:16,Salary,Salary,5109.02,France,Bank Transfer,0,0
T0009464,A000204,C00129,2026-01-31 13:13:28,Direct Debit,Housing,-973.36,Belgium,Direct Debit,0,0
T0009547,A001453,C00890,2025-03-26 02:16:00,Card Purchase,Travel,-241.77,Netherlands,Card Present,0,0
T0005315,A000946,C00577,2026-03-19 09:40:02,Transfer In,Transfer,2693.3,Netherlands,Mobile App,0,0
T0003608,A000841,C00514,2025-03-31 16:04:33,Direct Debit,Telecom,-72.1,Belgium,Direct Debit,0,0
T0001716,A000004,C00003,2025-08-29 14:57:26,Direct Debit,Insurance,-67.01,France,Direct Debit,0,0
T0007926,A003373,C02063,2025-09-14 22:27:15,Transfer Out,Transfer,-153.27,Belgium,Bank Transfer,0,0
T0002658,A001970,C01208,2025-06-21 14:18:53,Salary,Salary,3626.87,Netherlands,Mobile App,0,0
T0009732,A001229,C00749,2025-01-01 09:42:11,Transfer Out,Transfer,-894.31,Belgium,Mobile App,0,0
T0007429,A002401,C01475,2026-02-05 04:38:58,Card Purchase,Entertainment,-11.65,Belgium,Card Present,0,0
T0002609,A003832,C02341,2025-05-27 18:36:02,Card Purchase,Healthcare,-93.5,Luxembourg,Card Present,0,0
T0008417,A001086,C00662,2025-09-10 20:50:30,Card Purchase,Travel,-366.04,Netherlands,Mobile App,0,0
T0000096,A000921,C00563,2024-07-16 14:31:03,Direct Debit,Insurance,-173.62,France,Direct Debit,0,0
T0009094,A001921,C01180,2025-03-10 14:59:44,Transfer Out,Transfer,-367.99,Belgium,Mobile App,0,0
T0004329,A002014,C01236,2025-10-12 12:00:06,Card Purchase,Entertainment,-34.85,France,Online,0,0
T0006049,A002306,C01416,2026-07-02 22:56:51,Card Purchase,Entertainment,-50.21,Belgium,Card Present,0,0
T0003542,A000352,C00219,2024-09-27 07:44:54,Direct Debit,Housing,-819.98,Belgium,Direct Debit,0,0
T0001312,A001475,C00906,2024-05-29 10:54:49,Transfer In,Transfer,166.04,Belgium,Mobile App,0,0
T0000979,A001616,C00994,2025-06-17 23:48:52,Card Purchase,E-commerce,-205.52,France,Mobile App,0,0
T0001347,A001066,C00648,2026-01-17 13:18:39,Transfer Out,Transfer,-120.45,Netherlands,Mobile App,0,0
T0004926,A002093,C01285,2025-02-02 17:21:19,Card Purchase,Travel,-399.09,France,Online,0,0
T0002526,A002130,C01306,2025-02-01 17:28:50,Salary,Salary,4796.19,France,Mobile App,0,0
T0000477,A001665,C01023,2026-05-05 07:24:57,Transfer In,Transfer,458.28,Netherlands,Mobile App,0,0
T0000343,A000835,C00509,2024-08-20 12:43:46,Transfer In,Transfer,250.89,France,Bank Transfer,0,0
T0006350,A002218,C01360,2024-06-20 03:43:18,Transfer Out,Transfer,-617.21,Netherlands,Bank Transfer,0,0
T0006224,A003730,C02279,2024-10-04 15:17:59,Transfer Out,Transfer,-643.87,Germany,Mobile App,0,0
T0006732,A002201,C01351,2024-12-30 16:12:53,Card Purchase,Groceries,-57.62,Luxembourg,Card Present,0,0
T0009799,A001300,C00799,2026-04-30 17:53:14,Transfer Out,Transfer,-229.78,Germany,Mobile App,0,0
T0009356,A002877,C01756,2024-12-30 18:37:41,Interest,Interest,10.53,Germany,Mobile App,0,0
T0009845,A002736,C01671,2025-09-02 08:30:01,Direct Debit,Housing,-891.54,Netherlands,Direct Debit,0,0
T0009870,A003083,C01889,2025-03-19 16:28:38,Direct Debit,Subscriptions,-25.22,Belgium,Direct Debit,0,0
T0001957,A003967,C02425,2026-03-01 15:59:48,Card Purchase,E-commerce,-89.17,Netherlands,Card Present,0,0
T0002549,A003649,C02232,2024-12-03 15:46:24,Direct Debit,Insurance,-46.5,France,Direct Debit,0,0
T0000897,A002949,C01803,2025-11-25 17:02:46,Transfer In,Transfer,429.82,Belgium,Mobile App,0,0
T0008950,A002716,C01661,2024-10-24 11:56:45,Cash Withdrawal,Cash,-20,Netherlands,ATM,0,0
T0005297,A000454,C00282,2026-03-20 06:33:11,Transfer In,Transfer,460.33,Belgium,Mobile App,0,0
T0008895,A000816,C00497,2025-08-22 23:26:36,Card Purchase,E-commerce,-117.6,Netherlands,Online,0,0
T0000874,A001153,C00704,2025-10-28 02:43:11,Transfer In,Transfer,270.23,Luxembourg,Mobile App,0,0
T0003810,A003054,C01872,2025-08-03 02:00:52,Direct Debit,Subscriptions,-19.46,Belgium,Direct Debit,0,0
T0001890,A001162,C00708,2025-07-16 00:18:16,Card Purchase,Travel,-279.54,Netherlands,Card Present,0,0
T0001134,A003477,C02126,2025-10-19 08:36:13,Transfer Out,Transfer,-155.14,Belgium,Bank Transfer,0,0
T0000197,A001496,C00919,2025-09-10 23:30:28,Transfer In,Transfer,204.14,Luxembourg,Bank Transfer,0,0
T0002080,A002206,C01354,2026-07-17 16:40:44,Card Purchase,E-commerce,-96.06,Belgium,Online,0,0
T0009015,A003236,C01983,2024-12-22 01:42:08,Card Purchase,Groceries,-88.06,France,Card Present,0,0
T0004657,A000644,C00395,2026-04-02 14:38:42,Transfer Out,Transfer,-162.24,Netherlands,Mobile App,0,0
T0000359,A000710,C00433,2026-05-18 03:01:22,Card Purchase,E-commerce,-92.98,Germany,Mobile App,0,0
T0001503,A002958,C01808,2024-08-25 06:52:59,Card Purchase,Retail,-136.21,Belgium,Card Present,0,0
T0002978,A002723,C01664,2025-10-30 05:41:28,Direct Debit,Utilities,-150.31,Belgium,Direct Debit,0,0
T0004026,A000786,C00482,2024-12-28 02:54:13,Transfer Out,Transfer,-191.16,Belgium,Bank Transfer,0,0
T0007960,A002733,C01669,2025-12-26 06:51:34,Card Purchase,Healthcare,-78.2,France,Card Present,0,0
T0007360,A001315,C00809,2024-08-17 05:29:47,Transfer Out,Transfer,-182.45,France,Mobile App,0,0
T0005218,A000037,C00021,2024-04-24 12:49:38,Card Purchase,Retail,-34.38,Belgium,Online,0,0
T0001367,A003465,C02117,2025-08-27 01:42:28,Card Purchase,Travel,-161.24,Belgium,Online,0,0
T0004846,A000163,C00099,2026-07-05 14:30:23,Interest,Interest,5.24,Belgium,Bank Transfer,0,0
T0005155,A001038,C00633,2024-08-09 02:31:39,Salary,Salary,1250.49,Netherlands,Bank Transfer,0,0
T0008105,A003041,C01864,2024-12-17 22:18:15,Transfer In,Transfer,1773.43,Netherlands,Mobile App,0,0
T0005306,A003933,C02406,2024-05-02 08:19:25,Card Purchase,Dining,-16.93,Netherlands,Mobile App,0,0
T0000145,A002297,C01411,2024-08-05 00:48:30,Transfer Out,Transfer,-136.84,Netherlands,Mobile App,0,0
T0008937,A003576,C02187,2024-07-14 11:55:47,Transfer In,Transfer,1038.72,Belgium,Mobile App,0,1
T0005577,A000046,C00026,2024-10-05 05:56:40,Transfer In,Transfer,533.03,Belgium,Bank Transfer,0,0
T0009336,A001324,C00815,2025-11-09 11:44:12,Card Purchase,Fuel,-70.72,Belgium,Card Present,0,0
T0004650,A001613,C00993,2024-12-16 10:11:05,Card Purchase,Healthcare,-54.17,Belgium,Card Present,0,0
T0001436,A000060,C00035,2025-05-14 04:18:42,Transfer In,Transfer,547.96,Belgium,Mobile App,0,0
T0004675,A002078,C01275,2024-04-02 16:56:19,Card Purchase,Entertainment,-21.42,Belgium,Card Present,0,0
T0005010,A002919,C01783,2025-11-10 06:27:32,Card Purchase,E-commerce,-94.29,Belgium,Online,0,0
T0000360,A003027,C01854,2024-01-29 22:42:16,Card Purchase,Healthcare,-53.0,Belgium,Card Present,0,0
T0002371,A002715,C01660,2026-03-31 10:04:17,Transfer Out,Transfer,-186.9,France,Bank Transfer,0,0
T0006714,A002327,C01431,2025-11-02 10:24:32,Salary,Salary,4541.08,Belgium,Bank Transfer,0,0
T0007909,A001649,C01013,2026-06-01 07:32:24,Transfer In,Transfer,300.26,France,Bank Transfer,0,0
T0007913,A003540,C02164,2026-06-04 06:39:54,Card Purchase,Retail,-96.3,Netherlands,Card Present,0,0
T0005052,A003310,C02028,2024-11-19 13:45:18,Card Purchase,Retail,-135.17,Belgium,Card Present,0,0
T0009685,A000652,C00401,2025-03-13 03:19:46,Transfer In,Transfer,939.51,Belgium,Bank Transfer,0,0
T0003260,A000288,C00180,2025-06-06 11:02:30,Transfer In,Transfer,137.31,Netherlands,Mobile App,0,0
T0005913,A001803,C01112,2025-06-23 05:30:30,Transfer In,Transfer,1416.71,Belgium,Bank Transfer,0,0
T0007911,A003995,C02442,2024-08-21 19:57:04,Card Purchase,Groceries,-52.34,Belgium,Card Present,0,0
T0002336,A001966,C01206,2024-08-21 17:50:38,Transfer In,Transfer,629.77,Luxembourg,Mobile App,0,0
T0004735,A002628,C01607,2025-09-27 10:34:45,Transfer Out,Transfer,-190.12,France,Bank Transfer,0,0
T0007668,A001225,C00747,2024-06-04 23:22:20,Transfer In,Transfer,806.67,Belgium,Bank Transfer,0,0
T0005033,A002278,C01400,2024-08-01 09:51:16,Transfer Out,Transfer,-940.94,Belgium,Mobile App,0,0
T0003101,A001443,C00885,2025-07-09 13:18:12,Transfer Out,Transfer,-831.57,Germany,Mobile App,0,0
T0002604,A002172,C01332,2024-05-24 06:57:29,Transfer In,Transfer,116.51,Belgium,Bank Transfer,0,0
T0008532,A002176,C01333,2025-12-29 04:42:18,Card Purchase,Retail,-110.64,Germany,Mobile App,0,0
T0003442,A000940,C00574,2024-09-04 14:19:57,Card Purchase,Groceries,-39.34,France,Online,0,0
T0002243,A002426,C01489,2025-12-27 16:44:17,Direct Debit,Insurance,-98.18,Netherlands,Direct Debit,0,0
T0009330,A003254,C01994,2026-04-13 07:39:30,Interest,Interest,16.22,France,Bank Transfer,0,0
T0002996,A001040,C00634,2025-07-04 01:41:34,Interest,Interest,17.15,Belgium,Mobile App,0,0
T0003556,A001510,C00928,2026-06-26 10:06:03,Direct Debit,Subscriptions,-22.63,France,Direct Debit,0,0
T0005611,A000284,C00178,2025-03-15 14:08:20,Transfer In,Transfer,341.99,Germany,Mobile App,0,0
T0006788,A001775,C01097,2024-03-03 14:08:51,Direct Debit,Utilities,-164.89,Germany,Direct Debit,0,0
T0004588,A002260,C01389,2025-01-17 20:49:14,Transfer In,Transfer,112.55,Belgium,Mobile App,0,0
T0003202,A001721,C01062,2026-05-09 16:36:42,Transfer In,Transfer,128.65,Belgium,Mobile App,0,0
T0001899,A003966,C02425,2026-04-22 23:56:04,Transfer In,Transfer,92.75,Netherlands,Bank Transfer,0,0
T0001195,A003044,C01866,2025-06-02 08:27:50,Interest,Interest,12.74,Belgium,Mobile App,0,0
T0002258,A003676,C02248,2025-05-23 10:26:37,Interest,Interest,0.38,France,Bank Transfer,0,0
T0003651,A003500,C02140,2024-03-14 15:18:37,Transfer Out,Transfer,-420.34,Belgium,Mobile App,0,1
T0009646,A000303,C00188,2025-05-31 15:27:44,Interest,Interest,15.01,Netherlands,Mobile App,0,0
T0006118,A000656,C00403,2026-04-04 07:12:20,Transfer In,Transfer,424.92,Belgium,Bank Transfer,0,0
T0004520,A002023,C01241,2025-06-25 08:55:43,Transfer In,Transfer,573.6,Belgium,Mobile App,0,0
T0004253,A002610,C01597,2024-04-07 04:53:27,Transfer In,Transfer,426.66,Netherlands,Bank Transfer,0,0
T0003654,A001361,C00834,2026-07-07 12:46:44,Transfer In,Transfer,90.5,Belgium,Mobile App,0,0
T0000528,A000021,C00013,2025-02-06 12:21:30,Salary,Salary,3917.52,Germany,Bank Transfer,0,0
T0007056,A003451,C02110,2024-12-31 08:39:39,Direct Debit,Insurance,-134.41,Belgium,Direct Debit,0,0
T0008305,A000360,C00225,2026-07-25 04:50:18,Interest,Interest,8.12,France,Mobile App,0,0
T0009668,A003196,C01958,2026-08-02 13:40:15,Transfer In,Transfer,249.56,France,Bank Transfer,0,0
T0000265,A002937,C01795,2024-02-27 00:05:33,Transfer In,Transfer,700.67,Belgium,Bank Transfer,0,0
T0005970,A003208,C01966,2026-03-21 19:40:58,Transfer In,Transfer,222.77,Belgium,Mobile App,0,0
T0000535,A002787,C01704,2024-01-31 02:14:41,Transfer Out,Transfer,-72.04,Germany,Mobile App,0,0
T0009507,A003949,C02415,2024-03-19 17:21:45,Transfer In,Transfer,176.65,Germany,Mobile App,0,0
T0005646,A000535,C00331,2024-01-05 02:36:02,Salary,Salary,2980.63,Netherlands,Mobile App,0,0
T0002806,A003823,C02335,2025-06-25 19:18:35,Direct Debit,Telecom,-64.0,Belgium,Direct Debit,0,0
T0002191,A000961,C00586,2025-09-04 01:11:52,Transfer In,Transfer,93.68,Belgium,Mobile App,0,0
T0004488,A000520,C00322,2024-04-08 08:49:22,Card Purchase,Retail,-110.55,Belgium,Online,0,0
T0005147,A001290,C00791,2024-07-15 22:23:05,Card Purchase,Fuel,-70.44,Belgium,Card Present,0,0
T0008298,A002680,C01635,2025-08-02 19:53:07,Card Purchase,Dining,-77.17,Belgium,Online,0,0
T0005917,A001982,C01214,2024-12-10 13:52:25,Card Purchase,E-commerce,-104.99,Belgium,Card Present,0,0
T0009103,A002538,C01555,2026-08-14 22:30:40,Transfer In,Transfer,353.97,Belgium,Bank Transfer,0,0
T0001673,A003981,C02434,2024-01-31 17:05:49,Card Purchase,Healthcare,-47.14,Netherlands,Card Present,0,0
T0008569,A003259,C01997,2025-11-27 14:14:36,Card Purchase,E-commerce,-211.66,Netherlands,Card Present,0,0
T0000902,A000623,C00384,2024-07-03 16:02:34,Transfer Out,Transfer,-45.66,Belgium,Mobile App,0,0
T0000722,A000480,C00297,2024-04-27 09:51:42,Transfer In,Transfer,178.41,France,Mobile App,0,0
T0004321,A003428,C02095,2024-04-09 08:38:30,Transfer Out,Transfer,-69.69,Belgium,Mobile App,0,0
T0008536,A002627,C01607,2026-03-28 07:06:21,Card Purchase,Travel,-177.81,United States,Mobile App,1,0
T0005752,A001120,C00683,2026-08-19 00:40:31,Card Purchase,Travel,-132.17,Belgium,Mobile App,0,0
T0007372,A000176,C00108,2025-04-27 05:45:20,Transfer Out,Transfer,-363.18,France,Mobile App,0,0
T0005091,A003778,C02307,2024-04-09 14:48:24,Card Purchase,Retail,-70.14,France,Card Present,0,0
T0003374,A000178,C00109,2024-05-29 02:32:25,Card Purchase,Entertainment,-33.09,Belgium,Online,0,0
T0008634,A002387,C01466,2025-03-05 11:26:20,Transfer In,Transfer,189.93,Germany,Bank Transfer,0,0
T0008011,A002332,C01434,2025-07-30 00:48:39,Transfer In,Transfer,267.83,Germany,Mobile App,0,0
T0001450,A003398,C02078,2024-09-28 00:31:57,Cash Withdrawal,Cash,-50,Luxembourg,ATM,0,0
T0006094,A002172,C01332,2024-06-06 15:03:44,Transfer In,Transfer,919.16,Belgium,Mobile App,0,0
T0001216,A000704,C00430,2025-03-07 02:08:28,Transfer Out,Transfer,-1117.74,Luxembourg,Bank Transfer,0,0
T0003420,A003352,C02051,2024-07-21 10:34:36,Card Purchase,Travel,-446.16,Belgium,Card Present,0,0
T0001083,A000374,C00233,2025-06-20 15:14:11,Card Purchase,Dining,-27.38,France,Card Present,0,0
T0005642,A000437,C00272,2024-09-24 23:04:07,Transfer In,Transfer,392.92,Germany,Bank Transfer,0,0
T0000083,A000023,C00014,2024-03-04 10:51:26,Cash Withdrawal,Cash,-20,Luxembourg,ATM,0,0
T0004419,A003103,C01899,2024-08-16 07:05:42,Card Purchase,Fuel,-72.91,Netherlands,Card Present,0,0
T0001385,A001209,C00736,2026-07-29 18:02:58,Salary,Salary,1241.76,Germany,Mobile App,0,0
T0002607,A000135,C00081,2024-03-10 23:01:56,Transfer Out,Transfer,-213.04,Belgium,Bank Transfer,0,0
T0005157,A000965,C00589,2026-07-02 18:45:04,Transfer In,Transfer,252.09,Netherlands,Bank Transfer,0,0
T0007135,A003751,C02291,2024-06-29 03:39:17,Direct Debit,Subscriptions,-24.06,France,Direct Debit,0,0
T0001724,A003831,C02341,2024-06-07 18:19:42,Transfer In,Transfer,242.52,Luxembourg,Mobile App,0,0
T0004141,A003544,C02166,2026-02-13 15:36:37,Transfer Out,Transfer,-1018.68,France,Mobile App,0,0
T0006672,A002907,C01774,2024-10-15 23:18:15,Transfer Out,Transfer,-162.5,Belgium,Bank Transfer,0,0
T0004865,A003532,C02159,2024-08-13 12:37:13,Transfer Out,Transfer,-138.71,Germany,Mobile App,0,0
T0002254,A000781,C00479,2025-09-21 22:20:16,Card Purchase,Groceries,-48.87,Spain,Card Present,1,0
T0007843,A003440,C02105,2025-08-18 00:31:31,Transfer Out,Transfer,-858.81,Netherlands,Mobile App,0,0
T0009633,A000055,C00033,2025-03-27 15:38:40,Transfer In,Transfer,359.59,Belgium,Bank Transfer,0,0
T0002410,A003986,C02437,2026-06-02 07:04:18,Card Purchase,Retail,-202.6,France,Card Present,0,0
T0009416,A003040,C01863,2025-08-26 15:23:38,Salary,Salary,2312.41,Germany,Bank Transfer,0,0
T0006516,A001512,C00929,2026-04-28 10:46:23,Transfer Out,Transfer,-331.99,Belgium,Bank Transfer,0,0
T0008529,A003927,C02402,2024-07-25 12:47:58,Interest,Interest,10.96,Belgium,Bank Transfer,0,0
T0001173,A002091,C01283,2024-12-09 22:15:50,Card Purchase,E-commerce,-42.04,Belgium,Card Present,0,0
T0004164,A001441,C00884,2025-07-28 08:46:11,Card Purchase,Healthcare,-205.28,Germany,Card Present,0,0
T0003073,A001224,C00747,2025-04-30 15:01:54,Transfer Out,Transfer,-238.51,Belgium,Bank Transfer,0,0
T0008648,A003944,C02413,2024-01-17 06:55:27,Card Purchase,Travel,-243.05,Belgium,Online,0,0
T0001636,A001390,C00852,2026-03-30 11:00:46,Transfer In,Transfer,272.84,Belgium,Bank Transfer,0,0
T0007222,A000712,C00435,2025-02-13 06:56:36,Card Purchase,Fuel,-59.72,France,Mobile App,0,0
T0003387,A001864,C01146,2026-05-22 01:03:27,Transfer In,Transfer,129.08,Netherlands,Bank Transfer,0,0
T0007835,A003184,C01951,2026-01-19 14:12:47,Card Purchase,Dining,-11.0,Germany,Card Present,1,0
T0000206,A003289,C02015,2024-02-03 09:09:11,Transfer In,Transfer,1704.8,France,Mobile App,0,0
T0003639,A002988,C01827,2026-05-30 03:07:59,Card Purchase,E-commerce,-21.62,Germany,Card Present,0,0
T0000558,A000687,C00421,2026-08-07 13:59:45,Transfer Out,Transfer,-513.44,Belgium,Mobile App,0,0
T0005141,A000250,C00157,2025-11-15 07:37:36,Transfer Out,Transfer,-262.08,Belgium,Mobile App,0,0
T0005223,A002670,C01630,2024-04-11 10:50:08,Transfer In,Transfer,478.01,Belgium,Bank Transfer,0,0
T0009736,A002839,C01733,2025-05-27 12:18:48,Card Purchase,Healthcare,-100.93,Belgium,Card Present,0,0
T0006464,A003010,C01842,2025-01-28 01:13:58,Card Purchase,Retail,-63.92,Belgium,Mobile App,0,0
T0009768,A003587,C02194,2025-01-16 20:14:01,Transfer In,Transfer,884.86,Luxembourg,Mobile App,0,0
T0008390,A002802,C01712,2026-02-06 08:43:23,Direct Debit,Insurance,-71.02,France,Direct Debit,0,0
T0002453,A000227,C00144,2024-04-10 10:03:23,Direct Debit,Telecom,-72.61,France,Direct Debit,0,0
T0000576,A002140,C01312,2026-01-07 07:48:09,Transfer In,Transfer,2199.81,Belgium,Mobile App,0,0
T0008654,A000228,C00145,2025-09-09 09:47:45,Direct Debit,Housing,-639.42,France,Direct Debit,0,0
T0001071,A002573,C01579,2025-05-11 01:25:51,Card Purchase,Dining,-62.24,Belgium,Mobile App,0,0
T0009795,A003350,C02050,2025-03-28 11:36:11,Transfer Out,Transfer,-148.15,Germany,Mobile App,0,0
T0002527,A001960,C01202,2025-09-04 21:03:24,Salary,Salary,1434.52,Netherlands,Mobile App,0,0
T0002196,A003978,C02432,2026-08-31 19:12:36,Card Purchase,Healthcare,-49.61,Belgium,Card Present,0,0
T0004963,A002343,C01439,2025-06-27 08:17:19,Direct Debit,Housing,-1102.89,Belgium,Direct Debit,0,0
T0000686,A003109,C01902,2024-03-13 08:14:44,Direct Debit,Telecom,-41.39,Germany,Direct Debit,0,0
T0004165,A003118,C01907,2025-11-14 20:33:01,Card Purchase,Entertainment,-68.1,Germany,Card Present,0,0
T0008824,A001576,C00969,2025-09-18 01:44:48,Direct Debit,Telecom,-57.18,Germany,Direct Debit,0,0
T0006626,A002353,C01445,2024-01-21 03:25:31,Transfer In,Transfer,112.1,Netherlands,Bank Transfer,0,0
T0007114,A003851,C02353,2025-06-08 23:22:16,Card Purchase,Dining,-26.92,France,Card Present,0,0
T0007482,A003794,C02316,2026-08-17 06:27:55,Transfer Out,Transfer,-635.96,Belgium,Mobile App,0,0
T0002074,A003466,C02118,2024-07-02 16:55:29,Transfer Out,Transfer,-82.79,Belgium,Bank Transfer,0,0
T0002684,A000861,C00527,2026-08-23 17:00:34,Card Purchase,Travel,-205.72,Germany,Online,0,0
T0005406,A003565,C02179,2025-09-02 05:08:32,Card Purchase,Healthcare,-169.01,France,Card Present,0,0
T0006526,A000716,C00437,2024-12-28 16:55:19,Interest,Interest,9.42,Belgium,Mobile App,0,0
T0001271,A001493,C00917,2024-06-24 19:49:24,Transfer In,Transfer,462.78,Netherlands,Bank Transfer,0,0
T0005174,A002992,C01829,2025-08-05 06:15:15,Card Purchase,Healthcare,-104.04,Belgium,Online,0,0
T0009219,A003054,C01872,2024-08-03 19:31:14,Direct Debit,Housing,-944.18,Belgium,Direct Debit,0,0
T0009552,A003794,C02316,2026-05-08 04:18:01,Transfer In,Transfer,326.0,Belgium,Bank Transfer,0,0
T0000787,A003531,C02159,2024-03-20 13:53:32,Transfer Out,Transfer,-557.7,Germany,Mobile App,0,0
T0003561,A003948,C02415,2025-12-20 22:55:44,Transfer In,Transfer,197.61,Germany,Mobile App,0,0
T0001062,A002445,C01501,2026-03-09 20:54:02,Transfer In,Transfer,180.11,Germany,Bank Transfer,0,0
T0008672,A003896,C02384,2024-02-01 11:18:34,Transfer In,Transfer,142.37,Belgium,Bank Transfer,0,0
T0007335,A003955,C02418,2026-01-17 12:55:30,Salary,Salary,1829.04,Belgium,Bank Transfer,0,0
T0002062,A003396,C02076,2025-08-20 20:39:31,Transfer Out,Transfer,-198.93,Belgium,Mobile App,0,0
T0006629,A000674,C00414,2025-07-19 04:35:19,Transfer In,Transfer,291.08,Luxembourg,Mobile App,0,0
T0008979,A001770,C01094,2026-06-23 07:50:09,Transfer In,Transfer,684.57,Netherlands,Mobile App,0,0
T0000093,A003037,C01861,2025-08-18 16:16:12,Transfer In,Transfer,131.24,Belgium,Mobile App,0,0
T0001491,A004030,C02462,2024-07-16 05:26:25,Interest,Interest,2.2,Netherlands,Mobile App,0,0
T0008743,A000432,C00269,2024-07-18 22:23:45,Card Purchase,Travel,-214.2,Germany,Mobile App,0,0
T0006016,A001528,C00939,2025-01-03 22:06:47,Transfer In,Transfer,432.6,France,Bank Transfer,0,0
T0008638,A002100,C01290,2024-08-10 05:53:57,Transfer In,Transfer,167.78,Belgium,Mobile App,0,0
T0005598,A003564,C02178,2025-07-22 23:35:34,Transfer Out,Transfer,-36.07,Belgium,Bank Transfer,0,0
T0006970,A003873,C02367,2025-06-01 11:50:24,Cash Withdrawal,Cash,-20,Netherlands,ATM,0,0
T0002003,A002922,C01784,2024-08-15 12:52:59,Card Purchase,Healthcare,-54.66,Netherlands,Online,0,0
T0003103,A000839,C00512,2025-08-22 06:35:01,Transfer Out,Transfer,-199.89,Germany,Bank Transfer,0,0
T0008689,A002805,C01714,2026-07-28 19:14:03,Interest,Interest,16.38,France,Bank Transfer,0,0
T0009261,A003912,C02394,2024-04-06 07:12:22,Card Purchase,Groceries,-39.83,Belgium,Card Present,0,0
T0004955,A001097,C00668,2026-05-14 17:50:59,Transfer Out,Transfer,-384.06,Luxembourg,Bank Transfer,0,0
T0006634,A002858,C01745,2024-08-20 10:43:59,Transfer In,Transfer,169.11,Belgium,Mobile App,0,0
T0008492,A000358,C00223,2025-10-10 06:20:06,Card Purchase,Entertainment,-28.36,Belgium,Online,0,0
T0002921,A002494,C01530,2026-01-06 02:50:32,Transfer In,,618.59,France,Mobile App,0,0
T0003300,A000517,C00321,2024-07-01 11:28:38,Direct Debit,Telecom,-73.57,Belgium,Direct Debit,0,0
T0005413,A000835,C00509,2024-04-21 07:42:16,Transfer In,Transfer,92.67,France,Mobile App,0,0
T0006380,A001296,C00795,2025-03-23 06:03:47,Card Purchase,Travel,-253.79,Belgium,Card Present,0,0
T0009088,A003531,C02159,2025-10-22 20:01:51,Transfer In,Transfer,1229.21,Germany,Mobile App,0,0
T0004380,A000808,C00492,2024-08-17 17:52:43,Direct Debit,Utilities,-129.56,France,Direct Debit,0,0
T0008801,A001270,C00778,2025-11-08 22:20:09,Transfer Out,Transfer,-1672.79,Belgium,Bank Transfer,0,0
T0004430,A001804,C01112,2025-07-09 20:19:08,Card Purchase,E-commerce,-162.93,Belgium,Card Present,0,0
T0007928,A003583,C02192,2026-08-19 06:53:02,Transfer In,Transfer,65.69,Belgium,Bank Transfer,0,0
T0009046,A001347,C00826,2026-02-08 02:00:53,Card Purchase,Retail,-97.67,Belgium,Card Present,0,0
T0007492,A001039,C00634,2024-03-04 00:35:47,Transfer In,Transfer,231.1,Belgium,Bank Transfer,0,0
T0009871,A003726,C02277,2025-09-06 22:17:42,Transfer Out,Transfer,-586.2,Belgium,Mobile App,0,0
T0005456,A002777,C01699,2026-03-25 10:06:36,Salary,Salary,6658.83,Germany,Bank Transfer,0,0
T0001697,A001859,C01143,2025-05-15 18:23:15,Direct Debit,Utilities,-185.19,Belgium,Direct Debit,0,0
T0002543,A002236,C01373,2026-04-13 20:53:51,Transfer Out,Transfer,-96.34,Belgium,Mobile App,0,0
T0003605,A002816,C01719,2025-04-16 08:56:53,Card Purchase,Dining,-38.1,Netherlands,Online,0,0
T0007651,A002226,C01367,2024-11-01 14:24:53,Card Purchase,E-commerce,-243.33,France,Card Present,0,0
T0001377,A003856,C02356,2026-07-12 08:56:04,Card Purchase,Travel,-415.62,France,Card Present,0,0
T0001360,A003185,C01951,2026-02-04 08:13:20,Transfer Out,Transfer,-60.14,Belgium,Bank Transfer,0,0
T0009260,A003301,C02024,2025-06-07 21:46:34,Card Purchase,Travel,-259.87,Belgium,Card Present,0,0
T0007249,A003578,C02189,2025-10-14 17:12:45,Card Purchase,Healthcare,-30.85,Germany,Card Present,0,0
T0005716,A000742,C00454,2024-03-08 07:38:40,Cash Withdrawal,Cash,-200,Belgium,ATM,0,0
T0006865,A002609,C01597,2025-09-21 18:09:56,Transfer Out,Transfer,-666.71,Netherlands,Mobile App,0,0
T0006692,A001944,C01192,2024-04-28 21:56:42,Transfer In,Transfer,226.71,Belgium,Mobile App,0,0
T0001110,A001695,C01043,2025-11-12 16:58:05,Direct Debit,Housing,-852.9,Luxembourg,Direct Debit,0,0
T0007933,A002399,C01474,2025-12-08 06:01:20,Card Purchase,Entertainment,-18.34,France,Online,0,0
T0009569,A000354,C00220,2024-01-12 13:22:14,Transfer Out,Transfer,-438.23,Netherlands,Bank Transfer,0,0
T0002316,A001020,C00624,2025-03-02 19:58:25,Card Purchase,Groceries,-30.77,Germany,Card Present,0,0
T0009379,A000125,C00075,2024-07-10 05:23:05,Direct Debit,Subscriptions,-16.34,Belgium,Direct Debit,0,0
T0008491,A001749,C01080,2024-09-20 07:27:57,Transfer In,Transfer,191.73,,Bank Transfer,0,0
T0004009,A002228,C01368,2026-03-25 05:32:15,Card Purchase,E-commerce,-39.31,Netherlands,Online,0,0
T0001220,A000648,C00397,2025-06-28 15:53:49,Card Purchase,Dining,-36.77,Germany,Mobile App,0,0
T0007717,A003173,C01942,2025-11-02 13:55:29,Direct Debit,Housing,-889.94,Belgium,Direct Debit,0,0
T0000308,A001345,C00826,2025-11-07 02:03:21,Card Purchase,E-commerce,-36.38,Belgium,Card Present,0,0
T0006757,A001628,C01001,2024-04-29 00:10:05,Card Purchase,Entertainment,-49.87,Netherlands,Card Present,0,0
T0003141,A003789,C02314,2025-07-29 17:12:59,Card Purchase,Entertainment,-19.71,Netherlands,Online,0,0
T0008548,A000679,C00417,2025-06-30 14:40:07,Card Purchase,Travel,-131.3,Germany,Card Present,0,0
T0001738,A000584,C00360,2025-06-14 05:28:25,Card Purchase,Groceries,-59.41,Germany,Mobile App,0,0
T0009421,A001082,C00659,2024-09-17 07:11:42,Transfer Out,Transfer,-450.46,Germany,Mobile App,0,0
T0006780,A002302,C01413,2025-05-25 19:02:22,Transfer In,Transfer,776.36,France,Mobile App,0,0
T0000723,A001694,C01042,2024-12-16 11:48:53,Card Purchase,E-commerce,-83.9,Germany,Card Present,0,0
T0007622,A000142,C00086,2024-12-16 17:06:37,Transfer Out,Transfer,-335.01,France,Bank Transfer,0,0
T0005335,A003388,C02071,2024-02-25 14:13:53,Transfer In,Transfer,176.8,Belgium,Bank Transfer,0,0
T0004420,A001603,C00987,2024-02-09 12:50:18,Card Purchase,Fuel,-82.93,Belgium,Online,0,0
T0000090,A001383,C00848,2025-12-03 09:03:09,Interest,Interest,4.58,Netherlands,Mobile App,0,0
T0003292,A000976,C00596,2024-01-10 05:15:58,Card Purchase,Healthcare,-75.03,Belgium,Card Present,0,0
T0008520,A003598,C02201,2026-02-12 11:57:33,Transfer Out,Transfer,-2029.9,Belgium,Mobile App,0,0
T0008941,A003858,C02357,2026-03-11 15:12:48,Transfer Out,Transfer,-157.85,Netherlands,Bank Transfer,0,0
T0009305,A003831,C02341,2026-05-18 11:57:17,Interest,Interest,3.67,Luxembourg,Bank Transfer,0,0
T0007829,A000008,C00004,2024-12-02 00:43:40,Card Purchase,Healthcare,-46.57,Belgium,Card Present,0,0
T0006620,A000753,C00461,2026-01-05 19:07:01,Cash Withdrawal,Cash,-50,Germany,ATM,0,0
T0007285,A001944,C01192,2026-01-07 08:10:07,Transfer In,Transfer,110.91,,Mobile App,0,0
T0002896,A002017,C01238,2024-07-22 20:20:46,Direct Debit,Subscriptions,-26.58,Netherlands,Direct Debit,0,0
T0001024,A000813,C00496,2026-04-12 22:28:01,Transfer Out,Transfer,-129.98,Luxembourg,Bank Transfer,0,0
T0004250,A000289,C00180,2025-04-18 09:36:50,Transfer In,Transfer,1292.66,Netherlands,Mobile App,0,0
T0006223,A000887,C00542,2025-08-30 15:20:50,Transfer In,Transfer,99.79,Belgium,Mobile App,0,0
T0002333,A003962,C02423,2026-04-29 03:09:59,Transfer Out,Transfer,-551.13,Belgium,Bank Transfer,0,0
T0001542,A000366,C00230,2026-04-22 16:48:46,Salary,Salary,7705.61,Belgium,Bank Transfer,0,0
T0003469,A002474,C01519,2024-05-13 08:59:56,Cash Withdrawal,Cash,-100,Belgium,ATM,0,0
T0004267,A002518,C01543,2025-02-03 04:08:09,Direct Debit,Housing,-1109.5,Luxembourg,Direct Debit,0,0
T0003227,A003464,C02116,2024-01-26 07:16:31,Card Purchase,Fuel,-147.57,Belgium,Card Present,0,0
T0003486,A000500,C00312,2026-07-03 15:46:43,Transfer Out,Transfer,-43.92,Belgium,Bank Transfer,0,0
T0003249,A003556,C02172,2026-01-26 05:23:02,Card Purchase,Groceries,-54.15,Netherlands,Mobile App,0,0
T0007288,A002478,C01521,2025-10-25 00:21:06,Transfer In,Transfer,495.67,Belgium,Mobile App,0,0
T0009151,A000701,C00428,2024-12-04 18:10:21,Direct Debit,Utilities,-107.15,Belgium,Direct Debit,0,0
T0003697,A003373,C02063,2024-12-04 04:31:58,Transfer Out,Transfer,-1020.29,Belgium,Bank Transfer,0,0
T0007265,A001172,C00714,2026-01-22 12:30:47,Transfer Out,Transfer,-116.54,Belgium,Mobile App,0,0
T0009991,A002049,C01256,2026-08-22 19:00:10,Transfer Out,Transfer,-834.76,Germany,Mobile App,0,0
T0003828,A002538,C01555,2025-08-07 17:53:32,Transfer In,Transfer,298.81,Belgium,Mobile App,0,0
T0009849,A003894,C02382,2024-02-09 10:38:16,Interest,Interest,5.79,France,Bank Transfer,0,0
T0001826,A000362,C00227,2024-06-08 09:31:55,Transfer In,Transfer,226.89,Germany,Bank Transfer,0,0
T0001196,A003524,C02155,2026-04-20 16:01:45,Card Purchase,Retail,-85.93,France,Card Present,0,0
T0005241,A002775,C01697,2025-02-14 19:00:07,Card Purchase,Retail,-76.98,Belgium,Online,0,0
T0009966,A000909,C00556,2026-08-16 02:11:03,Transfer In,Transfer,204.37,Belgium,Bank Transfer,0,0
T0007055,A002749,C01679,2025-12-07 20:38:19,Transfer Out,Transfer,-64.91,France,Bank Transfer,0,0
T0001806,A002113,C01298,2026-08-09 14:44:19,Salary,Salary,3969.74,Belgium,Mobile App,0,0
T0002116,A001211,C00737,2024-10-08 06:26:18,Card Purchase,Entertainment,-24.13,Belgium,Card Present,0,0
T0004632,A001848,C01138,2024-08-19 03:24:04,Transfer Out,Transfer,-408.01,Belgium,Mobile App,0,0
T0008695,A001411,C00866,2024-06-07 16:39:29,Card Purchase,Dining,-47.18,Belgium,Online,0,0
T0001773,A003892,C02381,2025-03-19 12:07:12,Card Purchase,Dining,-117.08,Netherlands,Card Present,0,0
T0009772,A001398,C00857,2026-08-26 17:30:18,Card Purchase,Groceries,-151.83,Netherlands,Card Present,0,0
T0002227,A000269,C00167,2024-12-20 12:17:12,Transfer In,Transfer,462.26,Netherlands,Mobile App,0,0
T0002619,A002751,C01681,2025-07-31 11:23:53,Interest,Interest,15.91,France,Mobile App,0,0
T0009340,A003469,C02120,2025-11-10 01:57:07,Transfer Out,Transfer,-635.49,Belgium,Bank Transfer,0,0
T0000095,A000519,C00321,2024-01-24 19:35:39,Card Purchase,Retail,-91.83,Belgium,Card Present,0,0
T0002593,A001963,C01204,2025-06-24 06:53:24,Direct Debit,Insurance,-77.03,Belgium,Direct Debit,0,0
T0004884,A000341,C00211,2026-04-24 02:43:21,Direct Debit,Housing,-394.7,Netherlands,Direct Debit,0,0
T0000243,A003655,C02235,2025-07-08 18:03:13,Transfer Out,Transfer,-318.09,Netherlands,Bank Transfer,0,0
T0007642,A002031,C01246,2026-03-15 20:17:40,Direct Debit,Housing,-887.52,Belgium,Direct Debit,0,0
T0001769,A002562,C01571,2024-12-18 10:01:46,Transfer Out,Transfer,-82.03,Luxembourg,Bank Transfer,0,0
T0006356,A001511,C00928,2026-02-24 08:58:17,Card Purchase,Entertainment,-84.92,France,Online,0,0
T0002659,A000967,C00591,2026-01-09 07:24:43,Transfer In,Transfer,780.21,Belgium,Bank Transfer,0,0
T0001568,A003359,C02055,2024-03-08 09:04:11,Card Purchase,Groceries,-121.47,Belgium,Card Present,0,0
T0005883,A002134,C01309,2026-08-08 09:00:58,Transfer In,Transfer,347.44,Belgium,Mobile App,0,0
T0002493,A001622,C00998,2025-03-21 02:33:47,Card Purchase,Fuel,-66.77,Belgium,Card Present,0,0
T0007653,A003368,C02061,2025-11-18 13:10:59,Transfer In,Transfer,241.64,Belgium,Bank Transfer,0,0
T0004108,A000011,C00006,2025-05-07 23:41:00,Card Purchase,Groceries,-55.44,Netherlands,Card Present,0,0
T0000033,A001291,C00792,2026-08-23 19:54:22,Card Purchase,Entertainment,-60.59,Belgium,Card Present,0,0
T0004713,A003536,C02162,2026-04-02 21:33:49,Transfer In,Transfer,61.81,Belgium,Bank Transfer,0,0
T0007446,A003934,C02407,2024-04-09 06:42:09,Transfer Out,Transfer,-814.74,Netherlands,Bank Transfer,0,0
T0006587,A000771,C00473,2026-04-08 12:38:35,Transfer In,Transfer,70.06,Netherlands,Mobile App,0,0
T0003347,A003147,C01925,2024-04-26 12:30:34,Transfer In,Transfer,160.02,Belgium,Mobile App,0,0
T0007517,A002243,C01378,2024-12-07 16:42:36,Transfer In,Transfer,119.7,Belgium,Mobile App,0,0
T0003766,A003209,C01966,2026-07-03 01:22:17,Transfer In,Transfer,54.65,Belgium,Mobile App,0,0
T0008111,A002899,C01769,2024-02-05 03:25:41,Direct Debit,Subscriptions,-12.2,Belgium,Direct Debit,0,0
T0006697,A000891,C00546,2024-06-15 00:07:01,Transfer In,Transfer,593.52,Belgium,Bank Transfer,0,0
T0003050,A002353,C01445,2025-10-31 17:18:43,Transfer Out,Transfer,-870.45,Netherlands,Bank Transfer,0,0
T0003588,A003816,C02331,2025-09-28 22:03:18,Transfer Out,Transfer,-107.97,Belgium,Bank Transfer,0,0
T0008708,A000644,C00395,2026-05-16 22:16:51,Direct Debit,Housing,-862.84,Netherlands,Direct Debit,0,0
T0008838,A002616,C01601,2025-09-29 19:08:25,Direct Debit,Utilities,-189.88,Belgium,Direct Debit,0,0
T0000758,A002070,C01271,2025-08-22 01:37:56,Transfer Out,Transfer,-140.08,Belgium,Mobile App,0,0
T0003615,A003485,C02131,2025-11-04 12:41:10,Transfer In,Transfer,1005.67,Luxembourg,Bank Transfer,0,0
T0005226,A004035,C02464,2024-12-02 21:02:56,Card Purchase,E-commerce,-111.86,Belgium,Card Present,0,0
T0000568,A004039,C02466,2025-05-01 10:26:35,Direct Debit,Utilities,-143.03,France,Direct Debit,0,0
T0002374,A003771,C02303,2026-08-03 20:11:16,Direct Debit,Subscriptions,-18.27,Luxembourg,Direct Debit,0,0
T0003190,A001619,C00996,2024-12-14 15:51:58,Cash Withdrawal,Cash,-50,Netherlands,ATM,0,0
T0009782,A001563,C00959,2024-01-30 12:11:00,Direct Debit,Telecom,-58.43,Belgium,Direct Debit,0,0
T0007500,A002644,C01617,2025-04-29 13:51:07,Card Purchase,Retail,-71.57,Belgium,Card Present,0,0
T0006559,A000056,C00033,2025-06-14 14:03:55,Transfer Out,Transfer,-773.39,Belgium,Bank Transfer,0,0
T0006469,A001376,C00844,2026-06-12 08:28:44,Transfer In,Transfer,401.06,Netherlands,Bank Transfer,0,0
T0003716,A000634,C00389,2026-06-12 21:32:17,Card Purchase,Entertainment,-20.28,Belgium,Online,0,0
T0008726,A003193,C01956,2025-06-19 08:33:38,Transfer Out,Transfer,-1472.76,Germany,Mobile App,0,0
T0007306,A001056,C00643,2024-05-07 22:29:39,Direct Debit,Telecom,-75.69,Netherlands,Direct Debit,0,0
T0001226,A001744,C01077,2025-12-22 12:18:32,Transfer Out,Transfer,-736.73,Belgium,Mobile App,0,0
T0001363,A001715,C01058,2025-12-25 00:32:45,Card Purchase,Travel,-594.75,Germany,Online,0,0
T0004576,A003305,C02026,2024-11-19 02:12:35,Transfer In,Transfer,85.42,Belgium,Mobile App,0,0
T0002616,A001311,C00807,2026-07-17 03:18:56,Transfer Out,Transfer,-124.09,France,Mobile App,0,0
T0006329,A002414,C01483,2025-06-10 05:25:09,Transfer In,Transfer,292.56,France,Bank Transfer,0,0
T0006899,A002601,C01593,2026-05-22 22:26:32,Card Purchase,E-commerce,-54.22,Belgium,Online,0,0
T0009821,A000382,C00238,2024-06-04 20:13:06,Transfer In,Transfer,227.49,Belgium,Mobile App,0,0
T0008829,A000644,C00395,2025-01-10 09:09:45,Transfer In,Transfer,354.51,Netherlands,Mobile App,0,0
T0000674,A000533,C00330,2024-05-01 20:43:04,Transfer Out,Transfer,-293.94,Belgium,Mobile App,0,0
T0001052,A000402,C00251,2026-06-22 12:17:48,Salary,Salary,1967.19,Luxembourg,Mobile App,0,0
T0007842,A003080,C01887,2024-07-12 20:56:29,Transfer Out,Transfer,-372.37,Netherlands,Mobile App,0,0
T0000449,A002643,C01616,2024-10-12 10:05:26,Card Purchase,Fuel,-44.8,Luxembourg,Card Present,0,0
T0005333,A002918,C01782,2025-05-21 13:37:35,Card Purchase,Healthcare,-41.37,Belgium,Card Present,0,0
T0000107,A000885,C00541,2024-02-25 00:18:27,Transfer Out,Transfer,-223.54,Germany,Bank Transfer,0,0
T0003948,A003576,C02187,2024-01-27 13:55:44,Transfer Out,Transfer,-326.29,Belgium,Mobile App,0,0
T0001389,A000181,C00111,2025-02-08 00:00:50,Cash Withdrawal,Cash,-100,Belgium,ATM,0,0
T0009733,A000560,C00346,2025-09-30 17:24:05,Salary,Salary,2240.18,France,Bank Transfer,0,0
T0008711,A000759,C00466,2026-01-30 22:28:30,Salary,Salary,2176.14,Belgium,Bank Transfer,0,0
T0004485,A002456,C01508,2026-04-01 08:48:48,Transfer Out,Transfer,-40.91,Belgium,Mobile App,0,0
T0003886,A003922,C02399,2025-01-15 02:33:47,Transfer In,Transfer,294.81,Belgium,Bank Transfer,0,0
T0003655,A003423,C02092,2026-04-26 22:52:41,Transfer Out,Transfer,-51.15,Germany,Bank Transfer,0,0
T0006840,A002661,C01626,2024-05-25 14:05:34,Transfer In,Transfer,364.46,Netherlands,Mobile App,0,0
T0000381,A000190,C00118,2025-03-08 01:47:06,Transfer Out,Transfer,-155.36,Belgium,Bank Transfer,0,0
T0009236,A001364,C00836,2025-12-24 15:29:18,Card Purchase,Entertainment,-22.25,Netherlands,Card Present,0,0
T0003426,A003691,C02255,2024-12-15 03:35:16,Card Purchase,Travel,-435.58,France,Card Present,0,0
T0003437,A003976,C02430,2025-07-03 18:00:38,Interest,Interest,1.38,Belgium,Mobile App,0,0
T0008878,A002653,C01622,2026-03-09 12:08:39,Transfer In,Transfer,56.46,Belgium,Bank Transfer,0,0
T0004428,A001116,C00681,2025-04-28 20:21:37,Transfer In,Transfer,238.27,Netherlands,Bank Transfer,0,0
T0000527,A002653,C01622,2025-08-16 01:07:45,Transfer In,Transfer,242.91,Belgium,Bank Transfer,0,0
T0009399,A003824,C02336,2024-05-08 00:48:32,Card Purchase,Retail,-135.91,Belgium,Card Present,0,0
T0004521,A002676,C01634,2026-05-23 05:11:54,Transfer In,Transfer,64.88,Netherlands,Mobile App,0,0
T0005247,A000338,C00208,2025-06-13 17:37:09,Transfer In,Transfer,659.08,Belgium,Mobile App,0,0
T0006686,A003027,C01854,2025-05-25 00:37:27,Direct Debit,Utilities,-128.19,Belgium,Direct Debit,0,0
T0009859,A002006,C01232,2026-08-31 07:56:04,Transfer In,Transfer,254.11,Belgium,Bank Transfer,0,0
T0008474,A000202,C00128,2025-04-16 02:40:25,Card Purchase,E-commerce,-133.42,Belgium,Online,0,0
T0003334,A002531,C01551,2025-04-02 06:27:50,Card Purchase,Groceries,-44.08,Germany,Card Present,0,0
T0005210,A003745,C02289,2025-11-14 07:51:28,Interest,Interest,11.7,Netherlands,Mobile App,0,0
T0005683,A002784,C01703,2026-03-16 16:46:46,Transfer Out,Transfer,-225.81,Luxembourg,Bank Transfer,0,0
T0004858,A001735,C01072,2024-12-31 05:09:24,Card Purchase,Entertainment,-78.23,Netherlands,Mobile App,0,0
T0000516,A000736,C00449,2026-04-04 12:07:48,Card Purchase,Groceries,-36.13,Netherlands,Card Present,0,0
T0009515,A003112,C01903,2024-06-13 13:28:32,Card Purchase,Retail,-42.05,Belgium,Mobile App,0,0
T0005469,A002826,C01725,2025-03-12 23:25:32,Transfer Out,Transfer,-112.57,Germany,Bank Transfer,0,0
T0000100,A000176,C00108,2025-05-23 17:10:03,Transfer In,Transfer,661.39,France,Bank Transfer,0,0
T0000056,A000939,C00573,2026-06-09 17:15:23,Transfer Out,Transfer,-280.12,Belgium,Mobile App,0,0
T0000178,A002611,C01598,2024-11-17 18:25:17,Transfer In,Transfer,397.6,France,Mobile App,0,0
T0005101,A000533,C00330,2025-08-05 23:10:01,Transfer Out,Transfer,-212.52,Belgium,Bank Transfer,0,0
T0008735,A000374,C00233,2025-01-07 04:31:09,Transfer In,Transfer,101.14,France,Bank Transfer,0,0
T0003348,A002276,C01399,2024-12-16 20:14:38,Salary,Salary,3277.54,Germany,Mobile App,0,0
T0004224,A003269,C02003,2025-09-23 02:55:49,Interest,Interest,9.97,Belgium,Mobile App,0,0
T0002053,A000416,C00259,2024-01-18 17:06:30,Card Purchase,Groceries,-42.89,Netherlands,Card Present,0,0
T0003086,A001223,C00746,2025-08-27 21:47:28,Transfer In,Transfer,208.12,Germany,Mobile App,0,0
T0004644,A001854,C01141,2024-06-21 21:18:46,Transfer Out,Transfer,-94.67,Netherlands,Mobile App,0,0
T0006316,A003180,C01948,2025-11-10 03:39:12,Cash Withdrawal,Cash,-150,Belgium,ATM,0,0
T0000620,A000747,C00457,2025-01-22 19:09:34,Card Purchase,E-commerce,-98.31,Belgium,Card Present,0,0
T0005298,A003791,C02315,2026-04-17 22:12:55,Transfer Out,Transfer,-209.52,France,Bank Transfer,0,0
T0002163,A000900,C00551,2026-08-14 18:23:49,Transfer In,Transfer,102.37,Belgium,Mobile App,0,0
T0007859,A003409,C02083,2024-03-14 18:59:35,Transfer In,Transfer,123.51,Belgium,Mobile App,0,0
T0007232,A002939,C01796,2026-03-01 14:51:59,Card Purchase,Retail,-142.46,Belgium,Mobile App,0,0
T0002063,A003402,C02079,2026-08-16 01:47:03,Transfer Out,Transfer,-1090.39,Belgium,Mobile App,0,0
T0000203,A002773,C01697,2025-03-22 05:15:19,Direct Debit,Insurance,-143.41,Belgium,Direct Debit,0,0
T0008628,A001359,C00833,2024-11-05 04:43:56,Card Purchase,E-commerce,-45.65,Netherlands,Online,0,0
T0001617,A000678,C00416,2025-11-01 14:40:24,Card Purchase,E-commerce,-86.91,France,Card Present,0,0
T0001875,A000466,C00288,2024-01-09 09:18:53,Interest,Interest,1.26,Netherlands,Bank Transfer,0,0
T0009039,A003057,C01874,2025-04-01 04:31:12,Card Purchase,Retail,-85.39,Belgium,Online,0,0
T0002497,A002508,C01538,2024-08-04 16:01:01,Card Purchase,Travel,-1580.49,Netherlands,Online,0,0
T0001596,A001130,C00689,2026-04-11 21:29:34,Transfer Out,Transfer,-260.66,Germany,Bank Transfer,0,0
T0000800,A001012,C00619,2024-12-13 18:37:10,Direct Debit,Utilities,-132.93,Belgium,Direct Debit,0,0
T0007293,A000879,C00538,2024-09-11 15:01:49,Transfer Out,Transfer,-688.87,Germany,Bank Transfer,0,0
T0002289,A001035,C00631,2025-10-15 12:29:57,Card Purchase,Entertainment,-20.0,Belgium,Card Present,0,0
T0001615,A000964,C00588,2025-05-11 15:06:50,Direct Debit,Insurance,-166.74,Germany,Direct Debit,0,0
T0006210,A002113,C01298,2024-10-03 00:55:42,Card Purchase,Dining,-64.08,Belgium,Card Present,0,0
T0000356,A003207,C01965,2024-05-16 01:11:41,Transfer Out,Transfer,-44.75,Netherlands,Mobile App,0,0
T0009055,A001697,C01045,2024-08-02 21:28:17,Direct Debit,Insurance,-52.61,Germany,Direct Debit,0,0
T0001380,A001127,C00686,2026-06-05 17:40:22,Transfer In,Transfer,129.64,Germany,Mobile App,0,0
T0005217,A003713,C02268,2024-04-29 06:11:57,Transfer Out,Transfer,-169.96,Belgium,Mobile App,0,0
T0002463,A001682,C01034,2024-07-05 04:08:18,Transfer Out,Transfer,-128.15,Belgium,Bank Transfer,0,0
T0008717,A002727,C01665,2026-06-21 19:35:26,Card Purchase,Travel,-181.91,Belgium,Online,0,0
T0009887,A001649,C01013,2026-02-22 04:07:45,Transfer Out,Transfer,-283.74,France,Mobile App,0,0
T0008311,A001692,C01041,2026-06-03 21:35:05,Transfer In,Transfer,137.72,France,Bank Transfer,0,0
T0003788,A003571,C02184,2026-03-24 11:47:42,Card Purchase,Fuel,-125.25,Belgium,Card Present,0,0
T0005115,A002756,C01684,2025-08-09 23:07:12,Transfer In,Transfer,391.92,Germany,Bank Transfer,0,0
T0002520,A003502,C02142,2025-01-23 21:13:14,Card Purchase,Fuel,-109.19,Belgium,Online,0,0
T0007957,A000870,C00532,2025-04-04 03:46:36,Card Purchase,Healthcare,-91.04,Belgium,Card Present,0,0
T0008575,A003522,C02154,2024-05-20 01:48:35,Transfer In,Transfer,186.92,Germany,Bank Transfer,0,0
T0005328,A003779,C02308,2024-01-31 05:03:38,Card Purchase,Fuel,-18.64,Belgium,Online,0,0
T0001938,A000300,C00187,2024-04-14 21:00:57,Transfer In,Transfer,902.68,Luxembourg,Mobile App,0,0
T0009649,A003215,C01970,2026-05-13 04:42:18,Card Purchase,Fuel,-35.39,Germany,Card Present,0,0
T0006198,A003977,C02431,2025-07-28 22:44:46,Interest,Interest,3.31,Luxembourg,Mobile App,0,0
T0002076,A003167,C01937,2025-02-28 06:24:59,Transfer In,Transfer,264.73,Netherlands,Mobile App,0,0
T0005545,A000097,C00057,2025-01-04 17:46:05,Salary,Salary,5139.19,Germany,Mobile App,0,0
T0003786,A001103,C00672,2025-03-06 19:18:07,Card Purchase,Retail,-97.66,Netherlands,Online,0,0
T0007883,A000646,C00397,2026-02-05 00:54:22,Transfer In,Transfer,310.14,Germany,Bank Transfer,0,0
T0001649,A002417,C01484,2024-11-28 08:02:41,Card Purchase,Dining,-19.04,France,Card Present,0,0
T0006300,A000940,C00574,2025-11-24 20:39:58,Salary,Salary,3776.8,France,Bank Transfer,0,0
T0008318,A002051,C01258,2024-08-11 04:36:27,Transfer Out,Transfer,-603.77,Germany,Bank Transfer,0,0
T0004421,A000214,C00135,2025-02-18 14:11:15,Card Purchase,Fuel,-67.58,Germany,Card Present,0,0
T0004401,A002551,C01564,2026-03-27 20:14:57,Direct Debit,Telecom,-55.85,Belgium,Direct Debit,0,0
T0000673,A002372,C01457,2025-09-13 03:49:24,Salary,Salary,1815.81,Belgium,Bank Transfer,0,1
T0006185,A003962,C02423,2025-12-10 18:07:19,Transfer Out,Transfer,-369.99,Belgium,Mobile App,0,0
T0002005,A001292,C00792,2024-03-21 05:36:34,Transfer In,Transfer,150.79,Belgium,Bank Transfer,0,0
T0005853,A003986,C02437,2024-05-22 21:32:34,Transfer Out,Transfer,-254.46,France,Bank Transfer,0,0
T0008960,A002643,C01616,2026-01-22 03:51:40,Card Purchase,Fuel,-26.43,Luxembourg,Mobile App,0,0
T0006142,A003544,C02166,2026-08-02 05:52:57,Transfer In,Transfer,648.56,France,Bank Transfer,0,0
T0005571,A001121,C00683,2024-01-27 21:59:52,Transfer Out,Transfer,-286.79,Belgium,Bank Transfer,0,0
T0002028,A004078,C02492,2025-09-16 02:08:22,Card Purchase,E-commerce,-185.4,Netherlands,Online,0,0
T0006195,A003246,C01989,2026-03-23 11:29:46,Transfer In,Transfer,157.81,Belgium,Bank Transfer,0,0
T0005605,A001751,C01082,2024-05-09 23:28:32,Transfer In,Transfer,142.57,Belgium,Mobile App,0,0
T0009638,A002661,C01626,2026-04-12 09:34:42,Interest,Interest,3.93,Netherlands,Bank Transfer,0,0
T0008084,A002639,C01614,2024-07-15 06:51:05,Card Purchase,Groceries,-56.83,Belgium,Card Present,0,0
T0008883,A002233,C01372,2024-07-17 02:36:59,Direct Debit,Subscriptions,-14.32,Belgium,Direct Debit,0,0
T0001359,A003624,C02216,2025-12-21 16:28:52,Transfer In,Transfer,434.05,Belgium,Mobile App,0,0
T0000481,A003109,C01902,2024-10-26 07:52:57,Transfer In,Transfer,96.59,Germany,Bank Transfer,0,0
T0000916,A003293,C02018,2026-01-08 21:23:47,Salary,Salary,2798.79,France,Bank Transfer,0,0
T0004077,A003925,C02401,2024-03-28 23:48:01,Cash Withdrawal,Cash,-200,Belgium,ATM,0,0
T0008811,A000970,C00593,2024-03-01 01:30:13,Card Purchase,Dining,-23.68,Belgium,Online,0,0
T0002957,A000741,C00453,2024-11-12 07:28:38,Transfer In,Transfer,509.41,Belgium,Mobile App,0,0
T0004486,A003458,C02113,2025-09-05 19:16:33,Transfer In,Transfer,402.28,France,Mobile App,0,0
T0001621,A001944,C01192,2026-02-15 20:05:16,Transfer Out,Transfer,-138.64,Belgium,Bank Transfer,0,0
T0004524,A003158,C01932,2025-06-17 08:13:12,Direct Debit,Housing,-928.02,Belgium,Direct Debit,0,0
T0002314,A001173,C00715,2025-06-19 19:10:25,Direct Debit,Telecom,-60.93,Netherlands,Direct Debit,0,0
T0001144,A002479,C01522,2024-06-25 06:46:15,Transfer In,Transfer,854.29,France,Mobile App,0,0
T0006675,A001032,C00630,2025-12-17 22:43:44,Direct Debit,Insurance,-97.06,Netherlands,Direct Debit,0,0
T0002384,A001613,C00993,2024-08-25 15:02:12,Salary,Salary,6059.2,Belgium,Bank Transfer,0,0
T0008124,A001499,C00921,2025-09-04 00:38:30,Transfer In,Transfer,801.75,Belgium,Mobile App,0,0
T0004996,A002547,C01561,2026-06-18 00:05:24,Card Purchase,E-commerce,-30.88,Germany,Card Present,0,0
T0001200,A000272,C00169,2025-04-08 06:32:44,Salary,Salary,5487.56,France,Bank Transfer,0,0
T0008177,A001527,C00938,2025-03-26 07:53:41,Transfer Out,,-676.28,Belgium,Bank Transfer,0,0
T0000653,A003204,C01964,2024-02-12 19:08:05,Card Purchase,Travel,-228.19,France,Card Present,0,0
T0008256,A003556,C02172,2024-10-18 02:10:56,Card Purchase,Healthcare,-139.69,Netherlands,Mobile App,0,0
T0002754,A001537,C00944,2026-08-23 17:14:29,Transfer In,Transfer,215.88,Belgium,Mobile App,0,0
T0005689,A002278,C01400,2026-04-25 15:49:32,Transfer In,Transfer,1242.51,Belgium,Mobile App,0,0
T0003366,A001306,C00802,2026-07-30 03:14:53,Card Purchase,Groceries,-126.51,Germany,Card Present,0,0
T0000892,A003317,C02032,2025-04-07 13:31:47,Card Purchase,E-commerce,-194.95,France,Card Present,0,0
T0006746,A003697,C02259,2024-09-20 13:40:48,Card Purchase,E-commerce,-34.17,Netherlands,Card Present,0,0
T0006163,A003337,C02042,2025-04-26 07:29:02,Interest,Interest,5.02,Netherlands,Mobile App,0,0
T0006291,A001738,C01074,2025-06-08 21:51:31,Direct Debit,Subscriptions,-25.88,Belgium,Direct Debit,0,0
T0002802,A002873,C01754,2024-04-25 18:35:51,Transfer In,Transfer,901.01,Netherlands,Mobile App,0,0
T0005222,A001040,C00634,2026-06-15 12:55:16,Transfer Out,Transfer,-51.01,Belgium,Mobile App,0,0
T0005872,A003039,C01862,2026-01-04 09:58:06,Transfer Out,Transfer,-440.67,Belgium,Mobile App,0,0
T0001774,A003883,C02374,2025-04-24 13:47:10,Transfer In,Transfer,644.47,France,Mobile App,0,0
T0001718,A000423,C00263,2026-08-25 23:32:40,Card Purchase,Groceries,-34.59,Germany,Mobile App,0,0
T0001921,A003583,C02192,2024-08-16 11:46:26,Transfer In,Transfer,650.77,Belgium,Bank Transfer,0,0
T0005411,A001394,C00855,2024-12-24 10:34:29,Salary,Salary,3046.11,Netherlands,Mobile App,0,0
T0008814,A002152,C01321,2026-03-07 19:31:05,Card Purchase,Dining,-38.58,France,Card Present,0,0
T0009906,A003104,C01900,2025-02-25 12:45:28,Transfer Out,Transfer,-2099.71,Belgium,Bank Transfer,0,0
T0000465,A002849,C01740,2024-02-04 14:06:26,Direct Debit,Subscriptions,-28.14,Belgium,Direct Debit,0,0
T0009193,A002609,C01597,2025-05-05 16:26:58,Transfer Out,Transfer,-167.88,Netherlands,Bank Transfer,0,0
T0001502,A002860,C01747,2026-07-11 06:41:35,Direct Debit,Insurance,-95.32,France,Direct Debit,0,0
T0004936,A000940,C00574,2026-02-17 19:33:25,Direct Debit,Subscriptions,-21.75,France,Direct Debit,0,0
T0009283,A002972,C01817,2024-12-10 05:26:50,Transfer Out,Transfer,-171.97,France,Mobile App,0,0
T0003011,A001698,C01045,2025-07-03 03:47:41,Card Purchase,Travel,-94.56,Germany,Card Present,0,0
T0007689,A000756,C00463,2024-11-23 23:54:09,Transfer Out,Transfer,-684.86,Germany,Mobile App,0,0
T0006999,A001806,C01113,2024-09-07 17:34:56,Transfer Out,Transfer,-45.59,Belgium,Bank Transfer,0,0
T0007000,A003384,C02069,2024-09-13 14:01:23,Cash Withdrawal,Cash,-200,Netherlands,ATM,0,0
T0006720,A003146,C01924,2025-09-15 06:35:32,Direct Debit,Telecom,-72.94,Netherlands,Direct Debit,0,0
T0009978,A002075,C01273,2025-01-18 01:24:25,Transfer In,Transfer,130.77,Netherlands,Mobile App,0,0
T0008779,A002685,C01638,2025-12-19 19:41:53,Transfer In,Transfer,90.93,Luxembourg,Mobile App,0,0
T0001708,A002938,C01795,2024-10-13 13:42:19,Card Purchase,Entertainment,-25.5,Belgium,Card Present,0,0
T0005730,A001402,C00860,2024-01-13 19:33:24,Transfer In,Transfer,422.17,Netherlands,Bank Transfer,0,0
T0008301,A003165,C01936,2025-12-07 11:18:39,Transfer In,Transfer,659.74,Netherlands,Mobile App,0,0
T0000008,A000441,C00275,2024-07-19 13:59:45,Transfer In,Transfer,111.97,Belgium,Mobile App,0,0
T0003291,A003386,C02070,2025-03-01 03:45:53,Transfer In,Transfer,100.87,Germany,Mobile App,0,0
T0001086,A002370,C01456,2026-01-14 20:52:10,Card Purchase,Healthcare,-43.9,Belgium,Online,0,0
T0001654,A002981,C01822,2025-07-17 09:21:36,Transfer Out,Transfer,-130.99,Belgium,Bank Transfer,0,0
T0008490,A002200,C01350,2024-12-06 15:20:21,Direct Debit,Subscriptions,-20.8,Luxembourg,Direct Debit,0,0
T0005114,A002039,C01251,2024-12-17 11:56:09,Card Purchase,E-commerce,-121.87,Netherlands,Card Present,0,0
T0001288,A000763,C00469,2026-07-13 18:05:33,Cash Withdrawal,Cash,-60,Germany,ATM,0,0
T0004207,A000939,C00573,2025-12-02 23:51:35,Cash Withdrawal,Cash,-150,Belgium,ATM,0,0
T0001512,A001084,C00661,2024-10-04 15:02:41,Transfer Out,Transfer,-33.65,Belgium,Bank Transfer,0,0
T0009397,A004063,C02482,2024-04-16 07:30:56,Transfer In,Transfer,419.57,France,Mobile App,0,0
T0006854,A000259,C00162,2024-07-10 04:56:00,Transfer Out,Transfer,-156.57,France,Bank Transfer,0,0
T0006037,A003295,C02019,2026-06-21 11:02:30,Transfer Out,Transfer,-103.3,Belgium,Bank Transfer,0,0
T0003666,A002819,C01720,2024-02-17 23:01:01,Card Purchase,Groceries,-36.95,France,Mobile App,0,0
T0006764,A003651,C02234,2025-01-15 06:14:00,Transfer In,Transfer,522.58,Belgium,Bank Transfer,0,0
T0000646,A003246,C01989,2024-05-09 17:27:19,Transfer In,Transfer,493.51,Belgium,Mobile App,0,0
T0003074,A001487,C00914,2024-04-17 06:16:25,Card Purchase,Entertainment,-18.58,Germany,Card Present,0,0
T0009594,A000321,C00197,2026-03-28 13:43:10,Salary,Salary,2409.79,France,Mobile App,0,0
T0002972,A002548,C01562,2024-11-25 15:18:09,Direct Debit,Telecom,-75.71,Germany,Direct Debit,0,0
T0005127,A003125,C01911,2026-08-14 19:44:22,Transfer Out,Transfer,-230.68,France,Mobile App,0,0
T0006888,A002590,C01587,2024-10-01 11:08:43,Interest,Interest,7.77,Netherlands,Bank Transfer,0,0
T0009567,A000920,C00562,2025-09-24 20:38:42,Transfer In,Transfer,467.02,Belgium,Bank Transfer,0,0
T0006254,A002394,C01470,2026-07-04 07:22:47,Transfer In,Transfer,368.72,Belgium,Mobile App,0,0
T0002119,A002609,C01597,2024-12-28 14:15:04,Card Purchase,Entertainment,-13.82,Netherlands,Online,0,0
T0003127,A002458,C01509,2025-08-09 02:08:01,Card Purchase,Healthcare,-19.74,Germany,Card Present,0,0
T0006563,A001453,C00890,2026-08-13 13:06:53,Card Purchase,Entertainment,-54.2,Netherlands,Card Present,0,0
T0004574,A001622,C00998,2025-07-06 03:41:32,Cash Withdrawal,Cash,-150,Belgium,ATM,0,0
T0007189,A003692,C02256,2026-07-20 11:14:57,Transfer In,Transfer,343.97,Belgium,Mobile App,0,0
T0004066,A001572,C00966,2026-07-22 12:45:43,Card Purchase,Travel,-201.62,United States,Online,1,0
T0003463,A002630,C01608,2025-12-17 09:28:14,Interest,Interest,15.74,Germany,Bank Transfer,0,0
T0005562,A001855,C01141,2024-12-31 01:26:23,Direct Debit,Telecom,-44.96,Netherlands,Direct Debit,0,0
T0007739,A002369,C01455,2024-07-17 10:15:26,Card Purchase,Groceries,-51.97,Belgium,Online,0,0
T0008576,A000542,C00336,2024-07-06 14:55:19,Transfer In,Transfer,281.59,Belgium,Bank Transfer,0,0
T0001926,A002095,C01286,2024-03-19 23:22:30,Card Purchase,Healthcare,-51.85,Germany,Online,0,0
T0004770,A003005,C01838,2025-07-12 21:20:41,Card Purchase,E-commerce,-124.82,Belgium,Online,0,0
T0006515,A002717,C01661,2024-02-15 20:41:25,Transfer In,Transfer,348.84,Netherlands,Mobile App,0,0
T0009324,A002047,C01255,2026-04-07 16:43:36,Transfer In,Transfer,106.74,Germany,Mobile App,0,0
T0002865,A000886,C00541,2024-01-04 10:03:42,Card Purchase,Entertainment,-29.71,Germany,Online,0,0
T0005375,A003600,C02202,2025-02-11 08:12:20,Transfer In,Transfer,305.36,Netherlands,Mobile App,0,0
T0000323,A001816,C01120,2026-03-22 09:46:45,Direct Debit,Utilities,-140.08,Netherlands,Direct Debit,0,0
T0003760,A002100,C01290,2024-11-06 06:21:15,Transfer Out,Transfer,-80.01,Belgium,Bank Transfer,0,0
T0006734,A001903,C01169,2025-05-24 18:45:14,Card Purchase,Groceries,-122.62,Netherlands,Card Present,0,0
T0004791,A003530,C02158,2026-03-18 15:35:09,Card Purchase,Entertainment,-106.25,Netherlands,Card Present,0,0
T0006522,A003185,C01951,2026-06-03 07:20:29,Transfer In,Transfer,120.13,Belgium,Mobile App,0,0
T0006183,A003192,C01956,2024-08-19 08:52:02,Salary,Salary,5210.21,Germany,Mobile App,0,0
T0004555,A003921,C02399,2025-05-30 01:28:21,Direct Debit,Telecom,-79.67,Belgium,Direct Debit,0,0
T0002341,A001129,C00688,2025-11-03 02:39:33,Transfer Out,Transfer,-402.51,France,Bank Transfer,0,0
T0003829,A000313,C00193,2024-04-19 02:34:26,Card Purchase,E-commerce,-49.03,Belgium,Mobile App,0,0
T0001986,A001698,C01045,2024-03-19 10:26:30,Card Purchase,Fuel,-45.49,Germany,Card Present,0,0
T0000374,A000421,C00262,2026-02-07 00:16:43,Card Purchase,Fuel,-65.07,Belgium,Card Present,0,0
T0003715,A001447,C00887,2026-02-12 18:01:12,Card Purchase,E-commerce,-205.35,Netherlands,Mobile App,0,0
T0006201,A003483,C02130,2024-04-14 01:04:10,Card Purchase,Retail,-147.36,Netherlands,Card Present,0,0
T0000798,A000679,C00417,2024-08-08 21:16:47,Card Purchase,Retail,-138.48,Germany,Online,0,0
T0009771,A000718,C00438,2024-03-21 06:42:34,Transfer Out,Transfer,-1316.72,Belgium,Bank Transfer,0,0
T0004266,A002362,C01451,2025-02-04 20:52:37,Card Purchase,E-commerce,-55.33,Germany,Card Present,0,0
T0007598,A000665,C00408,2025-11-22 21:08:44,Cash Withdrawal,Cash,-80,Germany,ATM,0,0
T0006777,A001908,C01172,2025-06-13 04:24:34,Card Purchase,Travel,-670.13,France,Online,0,0
T0009997,A002878,C01756,2026-05-09 23:48:51,Transfer In,Transfer,195.11,Germany,Mobile App,0,0
T0002881,A000333,C00205,2026-05-19 00:27:41,Direct Debit,Subscriptions,-15.0,Luxembourg,Direct Debit,0,0
T0001428,A003602,C02203,2025-04-01 14:01:13,Transfer In,Transfer,164.92,Germany,Bank Transfer,0,0
T0006355,A001546,C00950,2025-06-21 02:30:08,Card Purchase,Travel,-279.72,Belgium,Card Present,0,0
T0001218,A000186,C00114,2025-09-27 01:58:08,Transfer In,Transfer,493.01,Belgium,Bank Transfer,0,0
T0001906,A002099,C01289,2026-03-25 01:26:22,Direct Debit,Insurance,-194.42,France,Direct Debit,0,0
T0002794,A003581,C02190,2026-03-20 13:19:15,Card Purchase,Travel,-147.21,France,Online,0,0
T0004912,A002860,C01747,2024-06-30 07:33:15,Card Purchase,Healthcare,-31.71,France,Card Present,0,0
T0005666,A001632,C01004,2025-11-19 13:20:15,Card Purchase,Entertainment,-15.3,Luxembourg,Card Present,1,0
T0004187,A001107,C00675,2024-10-31 13:29:14,Transfer Out,Transfer,-53.73,Belgium,Bank Transfer,0,0
T0005948,A003263,C02000,2025-07-30 03:13:51,Transfer In,Transfer,285.49,Belgium,Mobile App,0,0
T0003460,A002676,C01634,2025-05-30 01:54:51,Transfer In,Transfer,844.61,Netherlands,Bank Transfer,0,0
T0007233,A001757,C01086,2025-07-04 14:13:03,Transfer In,Transfer,488.91,Netherlands,Bank Transfer,0,0
T0008327,A001219,C00743,2025-03-28 01:24:30,Cash Withdrawal,Cash,-100,Germany,ATM,0,0
T0003629,A000097,C00057,2025-10-29 14:20:03,Transfer In,Transfer,400.42,Germany,Bank Transfer,0,0
T0005253,A002685,C01638,2025-09-05 07:48:05,Transfer In,Transfer,1934.58,Luxembourg,Mobile App,0,0
T0000890,A003011,C01843,2026-07-29 21:25:03,Card Purchase,Healthcare,-96.42,Belgium,Card Present,0,0
T0005194,A002801,C01711,2024-10-06 06:33:58,Card Purchase,Travel,-215.99,Netherlands,Online,0,0
T0006832,A002121,C01301,2025-03-19 23:19:26,Transfer Out,Transfer,-162.49,Belgium,Mobile App,0,1
T0007856,A003152,C01927,2024-04-30 09:04:02,Transfer In,Transfer,264.91,Belgium,Mobile App,0,0
T0008671,A001228,C00748,2025-03-08 01:12:23,Card Purchase,E-commerce,-89.42,Belgium,Card Present,0,0
T0000804,A000274,C00170,2024-07-17 14:46:44,Transfer In,Transfer,303.58,Germany,Mobile App,0,0
T0005193,A000728,C00445,2024-04-17 03:52:21,Card Purchase,Fuel,-63.99,Netherlands,Card Present,0,0
T0006532,A000960,C00585,2026-03-21 12:34:55,Direct Debit,Utilities,-153.33,Belgium,Direct Debit,0,0
T0008944,A001304,C00802,2026-08-04 11:33:29,Direct Debit,Housing,-1192.71,Germany,Direct Debit,0,0
T0000614,A002215,C01358,2025-12-21 16:39:32,Card Purchase,Entertainment,-17.85,Germany,Card Present,0,0
T0004218,A003375,C02064,2025-05-04 00:08:36,Transfer In,Transfer,434.73,Luxembourg,Mobile App,0,0
T0008552,A001938,C01188,2026-04-24 18:49:31,Transfer Out,Transfer,-913.14,Netherlands,Bank Transfer,0,0
T0002107,A000257,C00161,2026-08-04 07:57:51,Card Purchase,E-commerce,-184.95,Belgium,Card Present,0,0
T0009738,A003010,C01842,2024-03-11 22:24:36,Card Purchase,Entertainment,-37.61,Belgium,Card Present,0,0
T0009866,A002937,C01795,2026-01-24 04:40:12,Transfer In,Transfer,585.78,Belgium,Bank Transfer,0,0
T0002916,A002042,C01252,2024-12-04 05:37:27,Card Purchase,Fuel,-67.54,Belgium,Card Present,0,0
T0002597,A002236,C01373,2025-02-25 01:47:29,Transfer In,Transfer,207.56,Belgium,Mobile App,0,0
T0004677,A003559,C02174,2025-06-10 04:44:01,Card Purchase,Dining,-52.62,Germany,Mobile App,0,0
T0003755,A001297,C00796,2025-01-08 21:25:21,Card Purchase,Travel,-346.59,Netherlands,Online,0,0
T0000600,A002438,C01497,2024-02-20 05:29:56,Transfer Out,Transfer,-98.33,Germany,Bank Transfer,0,0
T0005969,A000005,C00003,2024-10-14 02:26:08,Transfer In,Transfer,245.12,France,Bank Transfer,0,0
T0006752,A000813,C00496,2025-07-06 08:26:37,Transfer In,Transfer,224.79,Luxembourg,Mobile App,0,0
T0007192,A003070,C01883,2025-09-15 17:50:31,Direct Debit,Utilities,-230.26,Germany,Direct Debit,0,0
T0005319,A002000,C01228,2025-05-10 18:47:14,Transfer Out,Transfer,-79.51,Belgium,Mobile App,0,0
T0005316,A003122,C01909,2026-06-05 15:59:33,Transfer Out,Transfer,-82.26,Netherlands,Bank Transfer,0,0
T0004840,A000453,C00282,2024-05-12 10:27:17,Transfer Out,Transfer,-595.48,Belgium,Mobile App,0,0
T0000708,A000456,C00283,2026-06-15 08:57:22,Cash Withdrawal,Cash,-60,Luxembourg,ATM,0,0
T0000407,A000468,C00289,2024-03-13 18:07:00,Card Purchase,Fuel,-151.23,Belgium,Mobile App,0,0
T0005498,A002859,C01746,2024-05-21 07:08:22,Direct Debit,Subscriptions,-23.55,Belgium,Direct Debit,0,0
T0004528,A002194,C01346,2024-07-29 23:09:24,Transfer In,Transfer,1259.87,Netherlands,Bank Transfer,0,0
T0004260,A002095,C01286,2026-07-26 10:05:21,Card Purchase,Groceries,-47.27,Germany,Online,0,0
T0006932,A002682,C01637,2025-04-30 14:35:50,Cash Withdrawal,Cash,-250,Belgium,ATM,0,0
T0005773,A003147,C01925,2025-07-24 21:49:58,Direct Debit,Housing,-981.07,Belgium,Direct Debit,0,0
T0007921,A001028,C00627,2024-03-13 07:56:49,Card Purchase,Retail,-194.95,Germany,Card Present,0,0
T0006617,A002424,C01488,2024-11-21 09:21:26,Transfer In,Transfer,210.6,Belgium,Mobile App,0,0
T0006391,A000914,C00559,2026-07-08 02:34:26,Card Purchase,Travel,-315.97,Germany,Card Present,0,0
T0006820,A001691,C01040,2026-03-19 05:53:52,Salary,Salary,5257.56,France,Bank Transfer,0,0
T0003927,A001356,C00832,2026-08-28 11:46:41,Transfer Out,Transfer,-336.54,Netherlands,Bank Transfer,0,0
T0001338,A001124,C00684,2026-06-12 03:33:20,Card Purchase,Entertainment,-40.48,France,Online,0,0
T0007401,A000217,C00137,2026-08-26 07:45:23,Transfer In,Transfer,645.45,Belgium,Bank Transfer,0,0
T0003988,A003607,C02206,2024-01-10 06:56:02,Card Purchase,Travel,-179.01,Belgium,Card Present,0,0
T0007521,A001105,C00674,2025-10-04 11:40:48,Direct Debit,Telecom,-67.35,Belgium,Direct Debit,0,0
T0009155,A002430,C01491,2026-07-19 16:29:51,Card Purchase,Travel,-217.53,Italy,Card Present,1,0
T0008476,A000108,C00063,2025-07-30 07:02:04,Direct Debit,Housing,-856.17,Netherlands,Direct Debit,0,0
T0002411,A003243,C01988,2024-09-06 00:44:22,Transfer In,Transfer,158.1,Belgium,Bank Transfer,0,0
T0003028,A000207,C00130,2025-03-10 09:18:06,Transfer Out,Transfer,-234.93,Belgium,Bank Transfer,0,0
T0004028,A002473,C01518,2024-05-18 01:01:26,Card Purchase,Entertainment,-70.37,Belgium,Card Present,0,0
T0005554,A002017,C01238,2024-04-18 09:50:11,Direct Debit,Insurance,-128.05,Netherlands,Direct Debit,0,0
T0001894,A000035,C00021,2026-06-29 19:10:48,Transfer In,Transfer,249.07,Belgium,Mobile App,0,0
T0000413,A002016,C01237,2025-01-05 04:06:55,Direct Debit,Utilities,-220.0,Germany,Direct Debit,0,0
T0007817,A003874,C02368,2025-10-26 21:41:06,Direct Debit,Utilities,-119.42,Germany,Direct Debit,0,0
T0007305,A003256,C01995,2025-05-16 04:35:29,Transfer Out,Transfer,-36.22,Belgium,Bank Transfer,0,0
T0005272,A003697,C02259,2025-02-23 17:11:41,Transfer In,Transfer,223.7,Netherlands,Bank Transfer,0,0
T0009602,A002006,C01232,2025-04-26 08:36:58,Interest,Interest,6.92,Belgium,Mobile App,0,0
T0003936,A001954,C01198,2025-04-17 08:02:53,Transfer In,Transfer,231.82,Netherlands,Bank Transfer,0,0
T0005208,A002193,C01346,2025-01-19 22:54:42,Cash Withdrawal,Cash,-40,Netherlands,ATM,0,0
T0003915,A001623,C00998,2026-04-08 06:56:48,Transfer Out,Transfer,-464.11,Belgium,Bank Transfer,0,0
T0007435,A002272,C01397,2025-02-12 14:27:19,Direct Debit,Housing,-829.99,France,Direct Debit,0,0
T0007827,A002812,C01718,2024-05-08 19:59:37,Direct Debit,Subscriptions,-18.69,Netherlands,Direct Debit,0,0
T0009709,A000920,C00562,2024-11-28 09:58:13,Transfer Out,Transfer,-249.56,Belgium,Mobile App,0,0
T0004601,A003363,C02057,2025-02-27 22:07:07,Card Purchase,Healthcare,-97.78,Belgium,Card Present,0,0
T0008048,A000740,C00452,2025-08-19 09:13:08,Transfer In,Transfer,458.42,Belgium,Bank Transfer,0,0
T0004709,A003819,C02333,2025-02-28 17:35:31,Transfer In,Transfer,892.28,Netherlands,Bank Transfer,0,0
T0003175,A002244,C01378,2024-11-05 13:36:29,Card Purchase,Travel,-355.76,Spain,Online,1,0
T0009158,A000364,C00228,2024-05-26 07:22:51,Interest,Interest,4.14,France,Mobile App,0,0
T0007018,A002424,C01488,2024-09-26 05:53:03,Transfer Out,Transfer,-452.0,Belgium,Bank Transfer,0,0
T0008646,A000136,C00082,2025-12-06 00:42:21,Cash Withdrawal,Cash,-250,France,ATM,0,0
T0001348,A002303,C01414,2025-10-30 14:22:32,Transfer Out,Transfer,-809.85,France,Bank Transfer,0,0
T0005645,A001957,C01200,2026-06-26 02:56:22,Transfer Out,Transfer,-171.31,Germany,Bank Transfer,0,0
T0004744,A001627,C01000,2024-06-11 04:48:05,Direct Debit,Subscriptions,-18.55,France,Direct Debit,0,0
T0006019,A003005,C01838,2026-06-20 17:41:23,Transfer Out,Transfer,-901.93,Belgium,Bank Transfer,0,0
T0003717,A002681,C01636,2026-04-03 14:18:46,Transfer In,Transfer,129.7,Belgium,Mobile App,0,0
T0005942,A002949,C01803,2024-07-10 09:41:34,Transfer In,Transfer,122.59,Belgium,Mobile App,0,0
T0004706,A000123,C00074,2025-02-23 14:58:21,Direct Debit,Housing,-587.58,Belgium,Direct Debit,0,0
T0002088,A002028,C01245,2025-01-15 18:37:44,Card Purchase,E-commerce,-59.95,Belgium,Mobile App,0,0
T0000442,A002995,C01831,2025-08-17 21:42:09,Card Purchase,Groceries,-76.21,Germany,Card Present,0,0
T0002840,A001884,C01157,2025-03-24 13:49:48,Transfer In,Transfer,248.24,Belgium,Bank Transfer,0,0
T0003211,A002418,C01485,2025-02-10 11:42:51,Transfer In,Transfer,1216.95,Netherlands,Bank Transfer,0,0
T0005949,A000738,C00451,2024-11-14 20:55:05,Card Purchase,E-commerce,-125.89,Netherlands,Online,0,0
T0003722,A000110,C00065,2025-10-24 13:42:38,Transfer In,Transfer,166.41,Belgium,Mobile App,0,0
T0005680,A000461,C00285,2024-03-27 11:33:37,Card Purchase,Entertainment,-42.97,France,Card Present,0,0
T0005570,A002761,C01688,2024-03-13 14:33:25,Cash Withdrawal,Cash,-250,Germany,ATM,0,0
T0005096,A001658,C01019,2024-03-16 04:25:27,Direct Debit,Telecom,-53.27,Belgium,Direct Debit,0,0
T0005303,A000467,C00288,2025-06-15 17:16:42,Transfer In,Transfer,442.01,Netherlands,Mobile App,0,0
T0007358,A002049,C01256,2024-12-08 22:38:44,Transfer In,Transfer,1099.95,Germany,Mobile App,0,0
T0004121,A003004,C01837,2024-03-08 02:28:11,Card Purchase,Retail,-87.85,Germany,Card Present,0,0
T0000213,A000422,C00263,2024-09-06 21:38:43,Card Purchase,Fuel,-29.81,Germany,Card Present,0,0
T0003804,A000429,C00268,2024-06-03 05:06:31,Transfer In,Transfer,60.46,Netherlands,Mobile App,0,0
T0004041,A000827,C00504,2026-08-27 01:30:52,Direct Debit,Insurance,-146.06,France,Direct Debit,0,0
T0005784,A000257,C00161,2025-04-16 04:01:44,Card Purchase,Fuel,-59.52,Belgium,Card Present,0,0
T0003307,A003076,C01885,2026-02-25 14:59:01,Card Purchase,Travel,-267.44,Belgium,Card Present,0,0
T0003878,A001210,C00737,2025-06-21 20:11:50,Transfer In,Transfer,219.69,Belgium,Mobile App,0,0
T0004712,A001205,C00733,2025-01-02 12:21:47,Transfer Out,Transfer,-168.71,France,Bank Transfer,0,0
T0008686,A001468,C00900,2025-04-03 17:21:06,Card Purchase,Healthcare,-57.21,Belgium,Online,0,0
T0006507,A002517,C01542,2025-10-10 14:38:18,Card Purchase,Retail,-67.44,Belgium,Mobile App,0,0
T0000921,A002405,C01477,2024-07-12 22:55:57,Card Purchase,E-commerce,-109.41,Belgium,Card Present,0,0
T0009466,A003687,C02254,2026-01-13 23:27:14,Cash Withdrawal,Cash,-250,Belgium,ATM,0,0
T0003767,A003984,C02436,2026-06-11 08:08:31,Direct Debit,Utilities,-136.51,,Direct Debit,0,0
T0003954,A003814,C02330,2026-08-31 03:47:48,Direct Debit,Insurance,-121.2,Belgium,Direct Debit,0,0
T0002518,A000819,C00499,2025-10-21 17:54:52,Card Purchase,Healthcare,-89.99,Netherlands,Card Present,0,0
T0008434,A000447,C00278,2024-07-27 08:52:16,Interest,Interest,5.49,France,Bank Transfer,0,0
T0004184,A003979,C02432,2024-11-14 14:36:03,Transfer In,Transfer,142.99,Belgium,Mobile App,0,0
T0002232,A002570,C01578,2024-01-07 05:17:53,Transfer Out,Transfer,-338.64,Belgium,Mobile App,0,0
T0002096,A002690,C01642,2025-10-14 03:42:55,Transfer Out,Transfer,-209.61,Belgium,Mobile App,0,0
T0004412,A001579,C00971,2024-10-02 03:31:35,Card Purchase,Fuel,-66.71,France,Online,0,0
T0005520,A001972,C01208,2025-09-16 11:57:51,Card Purchase,Dining,-70.54,Netherlands,Card Present,0,0
T0000586,A002791,C01706,2024-09-04 08:45:15,Card Purchase,Dining,-56.82,Netherlands,Online,0,0
T0001789,A000360,C00225,2025-09-06 08:21:54,Transfer Out,Transfer,-27.57,France,Bank Transfer,0,1
T0001734,A002533,C01552,2025-09-12 12:57:34,Transfer In,Transfer,423.85,Belgium,Bank Transfer,0,0
T0008060,A001712,C01057,2026-06-24 18:47:06,Card Purchase,E-commerce,-218.98,Luxembourg,Card Present,0,0
T0006512,A002089,C01282,2025-03-14 19:07:33,Transfer In,Transfer,519.85,Belgium,Mobile App,0,0
T0002801,A003470,C02121,2026-07-10 05:38:50,Direct Debit,Housing,-1095.86,France,Direct Debit,0,0
T0006179,A002068,C01269,2024-09-11 13:22:46,Cash Withdrawal,Cash,-150,Germany,ATM,0,0
T0008907,A000773,C00474,2024-05-15 07:28:27,Transfer In,Transfer,189.7,Netherlands,Mobile App,0,0
T0000205,A001261,C00771,2025-10-01 17:10:32,Transfer In,Transfer,123.31,France,Bank Transfer,0,0
T0002876,A003183,C01950,2025-10-30 13:37:39,Card Purchase,Entertainment,-142.12,France,Online,0,0
T0001765,A000711,C00434,2026-08-20 23:03:00,Transfer Out,Transfer,-376.6,Belgium,Bank Transfer,0,0
T0007903,A000092,C00053,2026-04-18 14:14:18,Transfer Out,Transfer,-600.73,Germany,Bank Transfer,0,0
T0009587,A001931,C01185,2025-02-11 11:36:57,Card Purchase,Fuel,-58.73,Belgium,Card Present,0,0
T0006214,A002834,C01730,2026-08-22 11:20:00,Transfer Out,Transfer,-202.66,Belgium,Bank Transfer,0,0
T0006154,A003510,C02146,2025-11-30 06:57:51,Card Purchase,Entertainment,-40.69,Netherlands,Online,0,0
T0001112,A002919,C01783,2025-05-15 01:38:10,Direct Debit,Subscriptions,-7.36,Belgium,Direct Debit,0,0
T0000455,A003220,C01974,2024-09-03 05:11:16,Transfer In,Transfer,539.32,Netherlands,Mobile App,0,0
T0007680,A000805,C00490,2026-05-27 14:59:15,Card Purchase,Travel,-77.83,Belgium,Online,0,0
T0007730,A000829,C00505,2024-05-27 16:14:43,Transfer Out,Transfer,-886.56,Netherlands,Mobile App,0,0
T0005704,A003452,C02111,2025-12-08 22:00:51,Card Purchase,Groceries,-54.68,Belgium,Card Present,0,0
T0001371,A003578,C02189,2025-05-28 04:21:42,Cash Withdrawal,Cash,-250,Germany,ATM,0,0
T0004586,A001812,C01117,2026-08-05 06:27:56,Transfer Out,Transfer,-73.03,Netherlands,Mobile App,0,0
T0007121,A001495,C00918,2026-05-26 03:03:09,Interest,Interest,8.55,Belgium,Bank Transfer,0,0
T0002707,A003229,C01979,2026-06-27 16:03:03,Card Purchase,Travel,-73.99,Germany,Online,0,0
T0001828,A000937,C00572,2025-02-26 12:59:14,Direct Debit,Subscriptions,-18.66,Belgium,Direct Debit,0,0
T0005533,A002444,C01501,2026-01-15 03:02:48,Cash Withdrawal,Cash,-100,Germany,ATM,0,0
T0002244,A003899,C02386,2024-01-12 01:47:36,Transfer Out,Transfer,-760.25,Luxembourg,Mobile App,0,0
T0007371,A001585,C00975,2025-02-07 15:09:02,Transfer Out,Transfer,-103.53,Belgium,Mobile App,0,0
T0001972,A003725,C02276,2025-08-15 14:01:28,Direct Debit,Insurance,-106.11,Germany,Direct Debit,0,0
T0008653,A003427,C02095,2025-10-11 15:07:52,Direct Debit,Insurance,-135.51,Belgium,Direct Debit,0,0
T0006844,A000295,C00184,2025-09-30 21:21:19,Cash Withdrawal,Cash,-250,Netherlands,ATM,0,0
T0004269,A001780,C01099,2025-09-01 05:45:22,Direct Debit,Telecom,-58.99,Belgium,Direct Debit,0,0
T0002084,A002601,C01593,2024-02-21 19:15:43,Card Purchase,Fuel,-68.3,Belgium,Card Present,0,0
T0003294,A000634,C00389,2026-02-23 18:47:18,Card Purchase,E-commerce,-64.34,Belgium,Card Present,0,0
T0009317,A001729,C01067,2025-11-27 17:07:24,Cash Withdrawal,Cash,-50,Belgium,ATM,0,0
T0005660,A000109,C00064,2024-07-05 14:45:07,Direct Debit,Housing,-776.6,Belgium,Direct Debit,0,0
T0008751,A002567,C01576,2026-02-11 13:19:56,Transfer Out,Transfer,-163.23,France,Mobile App,0,0
T0007351,A002023,C01241,2024-01-18 13:25:25,Transfer Out,Transfer,-467.66,Belgium,Bank Transfer,0,0
T0001001,A000417,C00260,2025-03-08 04:02:05,Direct Debit,Insurance,-153.3,France,Direct Debit,0,0
T0002884,A002432,C01493,2026-02-26 02:24:38,Transfer Out,Transfer,-344.41,Belgium,Bank Transfer,0,0
T0005769,A003348,C02049,2025-06-02 03:50:55,Card Purchase,E-commerce,-42.21,Belgium,Online,0,0
T0007767,A002623,C01604,2024-01-01 07:12:17,Card Purchase,Dining,-43.53,Germany,Online,0,0
T0001336,A003792,C02315,2026-05-24 14:58:09,Card Purchase,Retail,-150.88,France,Card Present,0,0
T0001003,A000157,C00095,2025-04-10 19:49:16,Cash Withdrawal,Cash,-200,France,ATM,0,0
T0007874,A002409,C01480,2024-05-02 23:29:28,Card Purchase,E-commerce,-48.47,Spain,Card Present,1,0
T0006411,A003196,C01958,2025-03-13 04:30:11,Transfer Out,Transfer,-126.71,France,Mobile App,0,0
T0002146,A000765,C00470,2026-05-30 19:54:39,Transfer Out,Transfer,-461.48,Netherlands,Mobile App,0,0
T0006784,A002392,C01469,2026-05-14 23:42:33,Card Purchase,Retail,-68.99,France,Card Present,0,0
T0001259,A000815,C00497,2024-03-27 18:46:35,Direct Debit,Telecom,-62.74,Netherlands,Direct Debit,0,0
T0004654,A003986,C02437,2024-11-18 15:43:59,Direct Debit,Subscriptions,-31.06,France,Direct Debit,0,0
T0002576,A001770,C01094,2025-06-29 03:18:46,Interest,Interest,16.1,Netherlands,Mobile App,0,0
T0006479,A000629,C00386,2025-12-23 18:51:28,Transfer In,Transfer,189.9,France,Mobile App,0,0
T0002085,A004002,C02447,2025-11-14 14:41:20,Card Purchase,Fuel,-54.13,Belgium,Mobile App,0,0
T0001175,A002177,C01334,2026-04-28 16:13:47,Direct Debit,Utilities,-174.97,Belgium,Direct Debit,0,0
T0000237,A000910,C00556,2025-10-11 05:05:13,Transfer In,Transfer,321.83,Belgium,Bank Transfer,0,0
T0003526,A000600,C00369,2024-04-16 18:59:53,Transfer In,Transfer,226.08,France,Mobile App,0,0
T0002357,A002677,C01634,2025-04-23 17:56:34,Card Purchase,Dining,-120.91,Netherlands,Mobile App,0,0
T0006971,A001138,C00694,2024-10-08 16:55:27,Card Purchase,Groceries,-124.28,Belgium,Card Present,0,0
T0007528,A002757,C01685,2025-02-22 17:04:00,Card Purchase,Retail,-113.68,Luxembourg,Online,0,0
T0005066,A003837,C02345,2024-12-23 22:51:23,Transfer Out,Transfer,-120.67,Germany,Bank Transfer,0,0
T0002068,A003908,C02392,2026-04-27 03:42:03,Transfer Out,Transfer,-500.78,Belgium,Bank Transfer,0,0
T0001627,A003022,C01850,2025-04-05 09:43:58,Transfer In,Transfer,638.08,Germany,Bank Transfer,0,0
T0000403,A001082,C00659,2026-06-30 20:27:41,Transfer Out,,-820.03,Germany,Bank Transfer,0,0
T0005828,A001086,C00662,2025-03-19 11:05:32,Card Purchase,Entertainment,-23.27,Netherlands,Card Present,0,0
T0008024,A003057,C01874,2026-03-22 02:29:49,Transfer Out,Transfer,-388.58,Belgium,Bank Transfer,0,0
T0001392,A002567,C01576,2026-06-06 12:37:12,Interest,Interest,2.71,France,Bank Transfer,0,0
T0000211,A002049,C01256,2026-06-06 14:18:52,Transfer In,Transfer,178.02,Germany,Mobile App,0,0
T0004803,A000139,C00084,2025-10-31 01:31:52,Transfer Out,Transfer,-192.52,France,Bank Transfer,0,0
T0005474,A002070,C01271,2024-01-17 15:14:43,Direct Debit,Telecom,-49.27,Belgium,Direct Debit,0,0
T0003273,A003724,C02275,2024-07-23 05:23:09,Card Purchase,Retail,-193.99,Belgium,Online,0,0
T0003130,A002050,C01257,2024-11-30 05:10:06,Transfer Out,Transfer,-320.08,Netherlands,Bank Transfer,0,0
T0007129,A002814,C01718,2025-07-27 02:39:29,Card Purchase,Dining,-9.19,Netherlands,Card Present,0,0
T0002450,A000938,C00573,2025-02-07 16:05:43,Transfer Out,Transfer,-244.85,Belgium,Bank Transfer,0,0
T0003298,A003028,C01855,2024-07-14 11:04:48,Transfer Out,Transfer,-672.21,Germany,Mobile App,0,0
T0004720,A000149,C00091,2024-01-20 20:30:24,Transfer In,Transfer,1830.43,Netherlands,Mobile App,0,0
T0002218,A003097,C01896,2025-10-03 03:48:12,Card Purchase,Groceries,-106.05,Germany,Card Present,0,0
T0005592,A001061,C00645,2024-06-06 08:26:27,Card Purchase,Fuel,-219.63,Netherlands,Online,0,0
T0009019,A000415,C00258,2024-04-01 07:45:40,Card Purchase,Groceries,-35.39,Belgium,Card Present,0,0
T0005358,A001863,C01146,2024-07-11 07:27:24,Card Purchase,Travel,-405.5,Netherlands,Card Present,0,0
T0001323,A000869,C00531,2024-06-05 05:04:49,Transfer In,Transfer,283.43,Belgium,Bank Transfer,0,0
T0000565,A003131,C01914,2025-06-25 18:16:58,Direct Debit,Utilities,-150.82,Germany,Direct Debit,0,0
T0000030,A001262,C00771,2026-08-09 12:46:03,Card Purchase,Retail,-141.25,France,Card Present,0,0
T0005491,A001809,C01115,2025-08-28 21:00:25,Card Purchase,Groceries,-95.63,Belgium,Card Present,0,0
T0007677,A000721,C00440,2024-09-29 02:49:46,Transfer In,Transfer,288.72,Belgium,Bank Transfer,0,0
T0001834,A003995,C02442,2024-06-01 17:38:15,Transfer In,Transfer,442.73,Belgium,Mobile App,0,0
T0005239,A001662,C01021,2025-02-25 23:20:37,Transfer In,Transfer,434.23,Germany,Mobile App,0,0
T0009018,A003524,C02155,2025-04-05 02:39:48,Card Purchase,Travel,-448.44,France,Online,0,0
T0009270,A000190,C00118,2025-06-24 18:25:02,Transfer In,Transfer,2263.67,Belgium,Bank Transfer,0,0
T0007025,A001634,C01004,2026-06-05 03:12:02,Card Purchase,Groceries,-82.71,Netherlands,Mobile App,0,0
T0006907,A002113,C01298,2024-06-27 00:58:40,Salary,Salary,4136.54,Belgium,Mobile App,0,0
T0004304,A002998,C01834,2025-12-17 07:22:57,Transfer Out,Transfer,-174.54,Belgium,Bank Transfer,0,0
T0007157,A003529,C02158,2024-09-12 01:58:44,Transfer In,Transfer,810.78,Netherlands,Bank Transfer,0,0
T0006800,A003112,C01903,2025-02-03 12:59:47,Card Purchase,Fuel,-119.32,Belgium,Card Present,0,0
T0005497,A001970,C01208,2024-09-07 05:51:53,Card Purchase,E-commerce,-142.75,Netherlands,Card Present,0,0
T0003064,A003011,C01843,2024-11-15 08:51:51,Card Purchase,Dining,-28.8,Belgium,Card Present,0,0
T0001618,A001720,C01062,2026-03-01 23:35:11,Card Purchase,Travel,-193.23,Belgium,Online,0,0
T0005187,A003431,C02098,2024-07-14 22:13:37,Transfer In,Transfer,403.48,Netherlands,Bank Transfer,0,0
T0006823,A001391,C00853,2026-03-19 23:28:09,Card Purchase,Fuel,-53.47,Germany,Card Present,0,0
T0000984,A002001,C01228,2026-07-12 11:35:33,Card Purchase,Fuel,-78.46,Belgium,Online,0,0
T0004284,A001336,C00821,2026-03-29 08:33:50,Card Purchase,E-commerce,-33.9,Netherlands,Online,0,0
T0008385,A000183,C00112,2024-01-19 01:12:09,Salary,Salary,2712.96,Germany,Mobile App,0,0
T0000036,A002093,C01285,2025-08-19 02:45:26,Interest,Interest,11.94,France,Mobile App,0,0
T0000764,A000080,C00047,2024-05-19 12:06:15,Transfer In,Transfer,200.18,Belgium,Bank Transfer,0,0
T0001541,A003785,C02311,2024-02-23 03:46:29,Transfer In,Transfer,307.63,Netherlands,Mobile App,0,0
T0009800,A002920,C01784,2025-11-20 09:13:53,Transfer In,Transfer,370.97,Netherlands,Bank Transfer,0,0
T0003256,A000789,C00483,2026-03-06 03:53:55,Card Purchase,E-commerce,-103.11,Netherlands,Card Present,0,0
T0005865,A001311,C00807,2026-02-12 00:23:14,Card Purchase,Fuel,-84.65,Spain,Card Present,1,0
T0007277,A000166,C00100,2025-08-03 11:27:45,Card Purchase,Groceries,-34.82,Belgium,Mobile App,0,0
T0003386,A004062,C02481,2025-07-29 17:50:46,Card Purchase,Entertainment,-24.13,Luxembourg,Card Present,0,0
T0004785,A002221,C01363,2025-03-14 06:41:37,Transfer In,Transfer,180.51,Belgium,Mobile App,0,0
T0002309,A001363,C00836,2025-06-30 08:05:39,Card Purchase,E-commerce,-120.89,Netherlands,Card Present,0,0
T0001514,A000032,C00019,2024-09-01 22:49:32,Transfer Out,Transfer,-260.15,Netherlands,Bank Transfer,0,0
T0002275,A003433,C02099,2026-06-14 11:37:20,Card Purchase,E-commerce,-176.9,Netherlands,Card Present,0,0
T0003586,A000376,C00235,2026-04-11 19:22:21,Transfer Out,Transfer,-460.69,France,Mobile App,0,0
T0005717,A003979,C02432,2025-04-06 17:12:26,Interest,Interest,7.49,Belgium,Bank Transfer,0,0
T0008899,A002708,C01655,2024-08-01 18:20:02,Card Purchase,Groceries,-64.15,Belgium,Online,0,0
T0007005,A003995,C02442,2026-05-08 18:53:18,Card Purchase,Groceries,-39.22,Belgium,Online,0,0
T0006794,A000976,C00596,2025-03-02 04:10:19,Card Purchase,E-commerce,-234.87,Belgium,Card Present,0,0
T0003072,A003868,C02364,2026-03-26 20:56:36,Salary,Salary,4303.82,Netherlands,Bank Transfer,0,0
T0004038,A001885,C01157,2026-01-26 15:41:28,Transfer Out,Transfer,-206.95,Belgium,Mobile App,0,0
T0007443,A000948,C00578,2025-02-19 08:04:45,Transfer In,Transfer,645.7,Germany,Bank Transfer,0,0
T0003475,A003445,C02108,2025-06-25 22:13:00,Card Purchase,Retail,-126.44,Belgium,Card Present,0,0
T0004502,A002611,C01598,2026-05-13 16:54:52,Card Purchase,Healthcare,-58.05,France,Online,0,0
T0005905,A001159,C00707,2025-02-24 08:20:24,Transfer Out,Transfer,-418.52,Belgium,Mobile App,0,0
T0004324,A003796,C02317,2026-04-26 22:53:25,Card Purchase,Dining,-46.38,Netherlands,Card Present,0,0
T0002651,A000216,C00136,2024-12-15 15:33:08,Transfer In,Transfer,1711.32,Netherlands,Mobile App,0,0
T0004265,A001765,C01091,2025-09-21 22:23:56,Card Purchase,Retail,-222.14,Belgium,Online,0,1
T0007750,A001056,C00643,2026-06-09 20:31:58,Card Purchase,Entertainment,-28.14,Netherlands,Online,0,0
T0001384,A000017,C00010,2025-09-05 01:13:30,Direct Debit,Housing,-630.12,Netherlands,Direct Debit,0,0
T0008865,A002237,C01374,2026-01-14 18:05:34,Card Purchase,Retail,-104.41,Netherlands,Online,0,0
T0009233,A001004,C00613,2024-09-27 12:42:44,Transfer In,Transfer,392.62,France,Mobile App,0,0
T0000844,A000126,C00075,2026-03-26 20:35:58,Transfer In,Transfer,273.64,Belgium,Bank Transfer,0,0
T0008404,A003289,C02015,2025-12-10 23:11:47,Transfer Out,Transfer,-184.28,France,Bank Transfer,0,0
T0005173,A002565,C01574,2025-06-17 02:03:31,Card Purchase,Entertainment,-55.26,France,Card Present,0,0
T0004636,A001273,C00780,2024-08-26 14:09:59,Transfer Out,Transfer,-619.48,Germany,Bank Transfer,0,0
T0008955,A002048,C01256,2024-10-03 23:25:45,Transfer Out,Transfer,-182.77,Germany,Mobile App,0,0
T0007996,A002550,C01563,2025-05-10 10:20:24,Transfer Out,Transfer,-121.92,Belgium,Bank Transfer,0,0
T0008823,A003205,C01964,2025-08-13 15:58:46,Transfer In,Transfer,305.5,France,Bank Transfer,0,0
T0006730,A001578,C00971,2025-02-01 22:05:03,Transfer Out,Transfer,-1237.05,France,Bank Transfer,0,0
T0004150,A000873,C00534,2026-07-27 15:53:27,Card Purchase,Retail,-102.68,Belgium,Mobile App,0,0
T0003842,A003945,C02413,2024-11-17 09:13:52,Card Purchase,E-commerce,-55.52,Belgium,Online,0,0
T0009191,A000463,C00286,2024-07-17 08:42:48,Transfer Out,Transfer,-408.66,France,Bank Transfer,0,0
T0004160,A001313,C00807,2025-10-30 18:23:53,Card Purchase,Healthcare,-58.66,France,Card Present,0,0
T0009136,A002047,C01255,2024-06-07 19:08:55,Transfer In,Transfer,243.61,Germany,Bank Transfer,0,0
T0004366,A001918,C01178,2024-09-07 00:30:40,Cash Withdrawal,Cash,-20,Belgium,ATM,0,0
T0004343,A000536,C00332,2024-08-15 02:34:54,Cash Withdrawal,Cash,-60,France,ATM,0,0
T0002072,A001971,C01208,2024-08-27 21:22:48,Transfer Out,Transfer,-656.14,Netherlands,Bank Transfer,0,0
T0002409,A000381,C00238,2024-11-28 05:55:45,Card Purchase,Retail,-162.0,Belgium,Online,0,0
T0006015,A003035,C01859,2025-11-25 19:52:32,Transfer Out,Transfer,-145.95,Netherlands,Mobile App,0,0
T0002091,A000033,C00020,2026-02-21 20:38:42,Direct Debit,Insurance,-91.72,Netherlands,Direct Debit,0,0
T0004729,A000024,C00015,2026-05-22 05:50:20,Transfer In,Transfer,686.23,Netherlands,Mobile App,0,0
T0005150,A001505,C00925,2024-06-25 03:25:45,Transfer Out,Transfer,-723.85,Netherlands,Mobile App,0,0
T0003993,A001767,C01092,2025-08-27 06:26:55,Card Purchase,Groceries,-105.03,Netherlands,Online,0,0
T0004541,A001563,C00959,2026-04-18 04:58:23,Salary,Salary,3513.24,Belgium,Mobile App,0,0
T0009073,A002351,C01443,2026-03-22 17:37:54,Direct Debit,Insurance,-112.94,Luxembourg,Direct Debit,0,0
T0003416,A001771,C01094,2024-04-23 15:01:44,Cash Withdrawal,Cash,-20,Netherlands,ATM,0,0
T0001663,A003788,C02314,2025-12-07 23:28:53,Salary,Salary,3493.3,Netherlands,Bank Transfer,0,0
T0007229,A001052,C00641,2024-06-23 17:03:30,Card Purchase,Fuel,-58.85,Netherlands,Card Present,0,0
T0009756,A002942,C01799,2024-08-13 08:50:27,Card Purchase,Retail,-99.79,Germany,Card Present,0,0
T0006733,A002065,C01267,2024-03-10 03:32:05,Card Purchase,E-commerce,-61.19,Germany,Card Present,0,0
T0004634,A000597,C00368,2025-10-06 05:53:18,Transfer In,Transfer,367.81,Belgium,Bank Transfer,0,0
T0004083,A003115,C01905,2026-07-23 02:11:25,Cash Withdrawal,Cash,-150,Belgium,ATM,0,0
T0007514,A000024,C00015,2024-06-05 04:07:12,Card Purchase,E-commerce,-101.06,Netherlands,Card Present,0,0
T0000231,A001699,C01046,2024-11-08 04:45:36,Card Purchase,E-commerce,-236.79,Italy,Card Present,1,0
T0008063,A001648,C01012,2025-01-06 01:30:36,Transfer Out,Transfer,-502.43,Netherlands,Bank Transfer,0,0
T0000599,A001478,C00908,2024-09-30 16:09:52,Transfer In,Transfer,174.27,Belgium,Mobile App,0,0
T0001683,A000784,C00481,2024-02-26 18:13:44,Transfer Out,Transfer,-624.46,Luxembourg,Bank Transfer,0,0
T0004946,A001054,C00642,2026-06-13 10:05:16,Transfer Out,Transfer,-248.41,Germany,Bank Transfer,0,0
T0006346,A003579,C02189,2026-05-27 10:13:44,Transfer Out,Transfer,-175.6,Germany,Bank Transfer,0,0
T0008093,A000556,C00344,2025-11-04 14:06:26,Transfer In,Transfer,209.58,,Mobile App,0,0
T0002521,A002679,C01635,2025-10-02 19:48:41,Transfer In,Transfer,387.38,Belgium,Bank Transfer,0,0
T0009076,A000662,C00407,2025-02-08 11:44:52,Direct Debit,Insurance,-136.39,Belgium,Direct Debit,0,0
T0006332,A003721,C02273,2024-05-10 13:39:12,Transfer In,Transfer,179.99,Belgium,Mobile App,0,0
T0000785,A003511,C02147,2024-09-24 17:20:22,Transfer In,Transfer,1153.93,Germany,Bank Transfer,0,0
T0001544,A003936,C02408,2025-03-16 09:14:49,Transfer In,Transfer,132.53,Belgium,Mobile App,0,0
T0007163,A002638,C01613,2025-10-04 16:33:38,Direct Debit,Housing,-993.27,Belgium,Direct Debit,0,0
T0001058,A000414,C00258,2025-03-16 23:54:18,Transfer In,Transfer,392.33,Belgium,Bank Transfer,0,0
T0006544,A000208,C00130,2026-05-19 12:31:47,Card Purchase,E-commerce,-48.49,Germany,Mobile App,1,0
T0009125,A002562,C01571,2025-11-25 20:38:27,Transfer In,Transfer,1526.91,Luxembourg,Bank Transfer,0,0
T0009593,A000639,C00393,2024-07-21 18:57:53,Transfer In,Transfer,2283.67,Germany,Mobile App,0,0
T0004795,A001717,C01060,2025-05-04 19:30:10,Transfer Out,Transfer,-630.05,France,Bank Transfer,0,0
T0001383,A000748,C00458,2024-02-03 08:37:35,Transfer In,Transfer,377.65,Luxembourg,Bank Transfer,0,0
T0008428,A000546,C00337,2026-01-06 17:22:15,Card Purchase,E-commerce,-124.35,France,Online,0,0
T0005799,A001289,C00791,2024-08-30 02:25:07,Transfer Out,Transfer,-150.98,Belgium,Mobile App,0,0
T0006106,A002335,C01435,2024-08-25 15:59:10,Transfer In,Transfer,817.69,Germany,Mobile App,0,0
T0005291,A000907,C00555,2026-05-19 06:42:17,Card Purchase,Retail,-233.15,Belgium,Mobile App,0,0
T0003102,A000157,C00095,2025-06-05 22:24:00,Cash Withdrawal,Cash,-40,France,ATM,0,0
T0001038,A000120,C00071,2026-03-09 02:27:47,Transfer Out,Transfer,-251.97,Luxembourg,Mobile App,0,0
T0009925,A000148,C00090,2024-01-26 19:58:23,Cash Withdrawal,Cash,-150,France,ATM,0,0
T0001857,A001813,C01118,2025-10-18 21:02:06,Salary,Salary,2758.65,Netherlands,Mobile App,0,0
T0007287,A001067,C00648,2024-04-12 03:37:12,Card Purchase,Travel,-128.67,Netherlands,Card Present,0,0
T0009942,A001447,C00887,2024-07-09 20:33:18,Direct Debit,Subscriptions,-7.05,Netherlands,Direct Debit,0,0
T0002522,A002709,C01656,2026-07-18 23:09:58,Transfer In,Transfer,219.94,Belgium,Bank Transfer,0,0
T0008171,A003524,C02155,2024-07-30 10:46:30,Card Purchase,Retail,-75.63,France,Card Present,0,0
T0007786,A002207,C01354,2025-07-03 14:02:42,Transfer In,Transfer,292.63,Belgium,Mobile App,0,0
T0007594,A001032,C00630,2024-10-15 23:33:04,Transfer In,Transfer,371.59,,Mobile App,0,0
T0003121,A001509,C00927,2025-07-16 06:02:48,Card Purchase,Healthcare,-63.96,Netherlands,Card Present,0,0
T0001934,A003032,C01857,2026-07-25 12:22:52,Transfer In,Transfer,208.74,Belgium,Mobile App,0,0
T0008233,A002076,C01274,2025-05-08 14:18:11,Transfer Out,Transfer,-184.61,Belgium,Bank Transfer,0,0
T0007091,A001396,C00856,2024-03-02 07:52:59,Transfer Out,Transfer,-1325.18,Netherlands,Bank Transfer,0,0
T0004872,A001817,C01120,2026-07-03 19:03:47,Transfer In,Transfer,274.76,Netherlands,Bank Transfer,0,0
T0002666,A001093,C00666,2026-07-01 05:37:11,Transfer In,Transfer,170.78,Netherlands,Bank Transfer,0,0
T0005376,A000839,C00512,2024-01-31 01:10:56,Transfer In,Transfer,140.85,Germany,Mobile App,0,0
T0005514,A001423,C00873,2026-03-22 17:25:49,Direct Debit,Subscriptions,-33.79,France,Direct Debit,0,0
T0009064,A000315,C00194,2024-04-27 01:16:59,Interest,Interest,6.87,Belgium,Bank Transfer,0,0
T0008780,A001722,C01063,2024-03-24 11:02:22,Transfer In,Transfer,843.75,Germany,Bank Transfer,0,0
T0005874,A002234,C01372,2026-02-10 22:17:54,Interest,Interest,12.34,Belgium,Bank Transfer,0,0
T0005076,A000411,C00256,2024-07-02 21:35:05,Transfer Out,Transfer,-146.87,Netherlands,Bank Transfer,0,0
T0003333,A003492,C02136,2024-08-27 08:54:53,Card Purchase,E-commerce,-143.92,France,Card Present,0,0
T0006704,A001782,C01099,2026-03-17 08:56:49,Card Purchase,Groceries,-49.53,Belgium,Card Present,0,0
T0005153,A001147,C00700,2025-11-05 16:33:49,Card Purchase,Groceries,-17.1,Belgium,Online,0,0
T0007646,A001759,C01087,2026-03-18 04:13:11,Transfer In,Transfer,479.4,Belgium,Bank Transfer,0,0
T0004826,A004085,C02499,2026-06-06 01:18:53,Transfer Out,Transfer,-240.79,Luxembourg,Mobile App,0,0
T0001423,A000088,C00051,2025-10-19 01:01:46,Card Purchase,Entertainment,-48.08,Belgium,Card Present,0,0
T0004880,A002278,C01400,2025-03-11 00:49:36,Transfer Out,Transfer,-373.0,Belgium,Mobile App,0,0
T0003399,A000857,C00526,2024-12-08 12:51:01,Transfer Out,Transfer,-97.93,Netherlands,Mobile App,0,0
T0009002,A003524,C02155,2025-03-09 08:29:22,Card Purchase,E-commerce,-170.15,France,Online,0,0
T0008781,A003658,C02238,2024-09-29 23:33:04,Cash Withdrawal,Cash,-200,Belgium,ATM,0,0
T0006666,A001641,C01008,2024-12-31 20:46:17,Card Purchase,Fuel,-34.38,Netherlands,Mobile App,0,0
T0003668,A003915,C02396,2025-10-27 08:15:06,Direct Debit,Insurance,-160.41,Netherlands,Direct Debit,0,0
T0004903,A003631,C02221,2024-04-30 14:34:19,Card Purchase,Dining,-53.06,Italy,Card Present,1,0
T0000704,A002114,C01299,2024-08-18 11:13:52,Transfer In,,318.08,France,Bank Transfer,0,0
T0002372,A000229,C00146,2024-10-14 00:12:12,Transfer Out,Transfer,-1263.5,Belgium,Mobile App,0,0
T0004335,A004067,C02485,2026-06-17 19:39:38,Card Purchase,Retail,-108.62,Luxembourg,Mobile App,0,0
T0004807,A000613,C00377,2025-10-12 18:31:20,Transfer In,Transfer,637.63,Belgium,Bank Transfer,0,0
T0008561,A003746,C02289,2024-07-08 13:29:23,Card Purchase,Groceries,-43.43,Netherlands,Card Present,0,0
T0006762,A002790,C01705,2025-06-27 10:11:57,Card Purchase,E-commerce,-52.35,Belgium,Card Present,0,0
T0002870,A003408,C02083,2025-07-06 14:23:19,Salary,Salary,3805.1,Belgium,Bank Transfer,0,0
T0003603,A003283,C02013,2026-03-25 04:33:01,Transfer Out,Transfer,-210.05,Netherlands,Bank Transfer,0,0
T0008046,A000249,C00156,2026-04-13 08:49:21,Transfer In,Transfer,125.91,France,Mobile App,0,0
T0002093,A001370,C00841,2026-01-04 13:16:54,Transfer In,Transfer,131.08,Belgium,Bank Transfer,0,0
T0009577,A003411,C02084,2024-12-29 09:54:59,Transfer In,Transfer,934.42,Germany,Bank Transfer,0,0
T0003187,A003344,C02047,2024-08-05 10:12:06,Direct Debit,Subscriptions,-24.05,Belgium,Direct Debit,0,0
T0000084,A003315,C02031,2025-11-04 04:14:27,Transfer In,Transfer,433.23,Belgium,Bank Transfer,0,0
T0006229,A003219,C01973,2025-10-07 05:58:20,Salary,Salary,2748.29,France,Mobile App,0,0
T0005867,A001637,C01006,2024-10-07 10:02:22,Transfer In,Transfer,147.45,France,Bank Transfer,0,0
T0006530,A003899,C02386,2024-10-31 18:40:10,Transfer In,Transfer,228.13,Luxembourg,Bank Transfer,0,0
T0007917,A000142,C00086,2025-07-13 21:42:35,Transfer In,Transfer,533.32,France,Bank Transfer,0,0
T0000233,A002877,C01756,2026-02-17 09:03:56,Direct Debit,Housing,-644.06,Germany,Direct Debit,0,0
T0005383,A000586,C00361,2024-09-24 18:55:39,Transfer In,Transfer,205.98,France,Mobile App,0,0
T0000995,A003109,C01902,2025-07-27 07:45:04,Card Purchase,Retail,-156.86,Germany,Online,0,0
T0008438,A003047,C01868,2025-01-06 06:12:00,Card Purchase,Entertainment,-23.78,Belgium,Online,0,0
T0006801,A000677,C00416,2026-05-24 11:32:59,Card Purchase,E-commerce,-86.11,France,Mobile App,0,0
T0005725,A002607,C01595,2025-10-16 10:30:31,Card Purchase,Fuel,-47.95,France,Card Present,0,0
T0003738,A000278,C00174,2024-01-14 23:50:01,Direct Debit,Telecom,-95.49,Belgium,Direct Debit,0,0
T0005986,A003475,C02124,2026-04-02 09:15:31,Transfer In,Transfer,158.12,Belgium,Mobile App,0,0
T0002477,A001143,C00698,2024-01-31 01:03:53,Card Purchase,Groceries,-87.72,Belgium,Card Present,0,0
T0008593,A002992,C01829,2025-10-21 04:35:01,Card Purchase,Healthcare,-81.84,Belgium,Card Present,0,0
T0007212,A002141,C01313,2025-08-29 18:45:24,Transfer In,Transfer,262.71,Netherlands,Mobile App,0,0
T0007296,A001448,C00887,2024-08-20 05:27:02,Card Purchase,Entertainment,-29.05,Netherlands,Card Present,0,0
T0009032,A003987,C02438,2025-08-16 01:37:46,Card Purchase,Travel,-57.03,France,Online,0,0
T0004793,A002747,C01678,2026-05-15 02:24:05,Card Purchase,Entertainment,-64.57,Netherlands,Card Present,0,0
T0003365,A000133,C00080,2024-03-15 18:58:25,Direct Debit,Telecom,-61.59,Belgium,Direct Debit,0,0
T0000422,A002959,C01809,2025-09-13 02:51:41,Card Purchase,Healthcare,-95.84,Netherlands,Card Present,0,0
T0000125,A001550,C00952,2026-04-27 10:23:03,Card Purchase,E-commerce,-78.57,Netherlands,Online,1,0
T0005912,A001965,C01206,2026-05-20 08:34:06,Transfer In,Transfer,287.37,Luxembourg,Mobile App,0,0
T0007783,A000769,C00472,2025-10-04 03:50:19,Transfer Out,Transfer,-256.66,Belgium,Mobile App,0,0
T0009596,A002616,C01601,2025-07-31 14:14:45,Transfer Out,Transfer,-479.86,Belgium,Bank Transfer,0,0
T0009385,A002749,C01679,2025-06-22 17:11:29,Transfer In,Transfer,131.98,France,Mobile App,0,0
T0000428,A002678,C01635,2026-04-22 20:29:50,Transfer In,Transfer,522.53,Belgium,Mobile App,0,0
T0008599,A001644,C01009,2024-10-26 17:54:28,Transfer In,Transfer,58.02,Belgium,Bank Transfer,0,0
T0000780,A000313,C00193,2026-03-27 07:42:52,Card Purchase,E-commerce,-45.42,Belgium,Mobile App,0,0
T0006998,A003317,C02032,2024-07-22 02:55:31,Transfer In,Transfer,353.6,France,Bank Transfer,0,0
T0000316,A002183,C01337,2025-05-25 05:11:50,Card Purchase,Entertainment,-38.83,Luxembourg,Card Present,0,0
T0000087,A003774,C02305,2025-07-07 01:03:06,Card Purchase,Healthcare,-29.24,Belgium,Card Present,0,0
T0001251,A003927,C02402,2025-07-27 13:51:45,Transfer In,Transfer,305.19,Belgium,Mobile App,0,0
T0005847,A001415,C00868,2024-05-26 00:42:25,Transfer In,Transfer,91.65,Belgium,Mobile App,0,0
T0008530,A003516,C02151,2026-02-23 11:56:43,Card Purchase,Retail,-78.3,Belgium,Card Present,0,0
T0002173,A002614,C01599,2025-11-15 06:18:20,Transfer In,Transfer,102.39,Belgium,Bank Transfer,0,0
T0005016,A001352,C00828,2024-08-01 14:39:16,Card Purchase,E-commerce,-35.97,Belgium,Card Present,0,0
T0001711,A000391,C00243,2026-04-23 01:36:49,Direct Debit,Utilities,-112.23,Netherlands,Direct Debit,0,0
T0008396,A002266,C01392,2025-09-29 22:01:03,Card Purchase,Entertainment,-122.16,Germany,Online,0,0
T0004671,A003825,C02337,2025-10-09 10:05:09,Transfer In,Transfer,166.45,Belgium,Bank Transfer,0,0
T0003688,A000905,C00553,2024-02-08 00:24:17,Direct Debit,Utilities,-205.79,Belgium,Direct Debit,0,0
T0002918,A000932,C00570,2025-08-30 08:38:48,Direct Debit,Insurance,-128.17,Belgium,Direct Debit,0,0
T0002951,A000416,C00259,2025-01-01 15:49:48,Direct Debit,Utilities,-105.38,Netherlands,Direct Debit,0,0
T0007720,A000723,C00441,2024-06-17 10:07:24,Cash Withdrawal,Cash,-200,Belgium,ATM,0,0
T0003134,A001204,C00733,2026-08-15 18:59:46,Card Purchase,Travel,-144.13,France,Card Present,0,0
T0005137,A003750,C02291,2025-09-18 17:57:29,Transfer In,Transfer,289.77,France,Bank Transfer,0,0
T0003472,A001349,C00827,2026-03-07 16:02:47,Transfer In,Transfer,1653.18,Belgium,Mobile App,0,0
T0002089,A001345,C00826,2024-06-24 12:09:31,Direct Debit,Subscriptions,-34.0,Belgium,Direct Debit,0,0
T0000318,A000819,C00499,2025-01-08 21:41:45,Card Purchase,Retail,-170.51,Netherlands,Online,0,0
T0006853,A003573,C02186,2025-11-29 11:49:06,Direct Debit,Insurance,-127.74,Netherlands,Direct Debit,0,0
T0007047,A001046,C00637,2024-01-26 06:53:16,Transfer In,Transfer,445.1,Germany,Mobile App,0,0
T0003987,A000632,C00389,2024-09-09 04:39:05,Card Purchase,Groceries,-215.44,Belgium,Online,0,0
T0006387,A000145,C00088,2026-03-23 11:38:43,Transfer In,Transfer,339.77,Netherlands,Bank Transfer,0,0
T0003390,A000524,C00324,2025-08-20 12:21:46,Transfer Out,Transfer,-71.54,Luxembourg,Bank Transfer,0,0
T0005567,A000029,C00018,2025-04-11 17:16:47,Interest,Interest,2.1,Belgium,Mobile App,0,0
T0002112,A001752,C01082,2024-06-15 03:18:08,Direct Debit,Utilities,-194.58,Belgium,Direct Debit,0,0
T0002826,A002975,C01819,2024-04-05 17:23:08,Transfer Out,Transfer,-470.73,Belgium,Mobile App,0,0
T0000079,A003844,C02349,2025-06-04 11:12:12,Transfer In,Transfer,262.39,France,Bank Transfer,0,0
T0008000,A002830,C01728,2024-01-10 01:39:51,Transfer In,Transfer,209.96,Germany,Mobile App,0,0
T0007328,A002820,C01721,2024-09-19 22:04:06,Transfer In,Transfer,377.23,Netherlands,Mobile App,0,0
T0001376,A002032,C01247,2026-04-04 23:21:02,Direct Debit,Housing,-900.01,Netherlands,Direct Debit,0,0
T0005256,A003574,C02186,2026-07-26 03:05:25,Card Purchase,Healthcare,-216.88,Netherlands,Mobile App,0,0
T0007866,A004078,C02492,2024-06-01 01:55:39,Card Purchase,Retail,-65.26,Netherlands,Card Present,0,0
T0007448,A003034,C01859,2025-09-17 03:20:18,Card Purchase,Dining,-19.89,Netherlands,Card Present,0,0
T0004406,A003181,C01948,2024-01-14 22:13:54,Card Purchase,Retail,-77.8,Belgium,Online,0,0
T0004664,A003216,C01970,2026-04-01 03:55:00,Transfer Out,Transfer,-402.91,Germany,Mobile App,0,0
T0004075,A001445,C00886,2024-05-17 07:44:41,Transfer Out,Transfer,-129.06,Belgium,Bank Transfer,0,0
T0001952,A003326,C02036,2025-08-17 12:25:00,Transfer In,Transfer,165.99,Germany,Bank Transfer,0,0
T0007990,A000506,C00315,2025-11-13 06:14:24,Transfer In,Transfer,492.14,France,Bank Transfer,0,0
T0003230,A000322,C00197,2024-10-24 18:37:25,Card Purchase,Healthcare,-45.13,France,Card Present,0,0
T0006632,A003477,C02126,2024-04-24 22:53:46,Transfer In,Transfer,571.8,Belgium,Bank Transfer,0,0
T0003857,A003389,C02071,2025-04-16 05:37:16,Card Purchase,E-commerce,-71.87,Belgium,Card Present,0,0
T0009964,A000358,C00223,2024-09-05 01:41:46,Cash Withdrawal,Cash,-200,Belgium,ATM,0,0
T0001698,A003783,C02310,2024-11-10 22:14:34,Direct Debit,Subscriptions,-9.72,Belgium,Direct Debit,0,0
T0000060,A003557,C02173,2026-07-13 04:52:33,Card Purchase,Travel,-434.49,France,Online,0,0
T0008145,A002335,C01435,2026-03-31 20:55:46,Transfer In,Transfer,108.12,Germany,Bank Transfer,0,0
T0008929,A003380,C02067,2025-04-22 15:10:03,Direct Debit,Utilities,-179.49,Germany,Direct Debit,0,0
T0003164,A002869,C01752,2024-02-17 08:11:47,Transfer In,Transfer,488.11,Belgium,Mobile App,0,0
T0002361,A002205,C01353,2024-08-24 17:21:58,Transfer In,Transfer,123.05,Belgium,Mobile App,0,0
T0008909,A003367,C02060,2025-10-22 04:04:09,Transfer In,Transfer,1132.71,Belgium,Mobile App,0,0
T0003415,A001837,C01132,2024-12-13 11:48:28,Transfer In,Transfer,492.89,Belgium,Bank Transfer,0,0
T0007060,A001799,C01110,2024-12-16 23:14:51,Card Purchase,Travel,-277.5,Belgium,Mobile App,0,0
T0007126,A002295,C01410,2024-02-09 00:34:33,Card Purchase,Entertainment,-183.37,Belgium,Online,0,0
T0009629,A002513,C01541,2024-01-27 11:09:31,Card Purchase,Fuel,-82.62,Belgium,Card Present,0,0
T0001658,A001757,C01086,2024-01-16 06:38:12,Transfer In,Transfer,205.14,Netherlands,Bank Transfer,0,0
T0002827,A001279,C00784,2026-01-01 19:20:06,Interest,Interest,8.46,Netherlands,Bank Transfer,0,0
T0007682,A000455,C00283,2024-11-15 10:06:27,Transfer Out,Transfer,-125.03,Luxembourg,Bank Transfer,0,0
T0004496,A000865,C00529,2026-06-14 20:37:26,Direct Debit,Insurance,-130.5,Belgium,Direct Debit,0,0
T0007671,A001869,C01149,2025-09-24 09:14:06,Direct Debit,Subscriptions,-22.86,Luxembourg,Direct Debit,0,0
T0004930,A003468,C02120,2025-06-21 01:35:43,Card Purchase,Travel,-215.5,Belgium,Card Present,0,0
T0004081,A000370,C00231,2024-02-17 10:38:35,Card Purchase,E-commerce,-112.88,Netherlands,Mobile App,0,0
T0004271,A000669,C00410,2024-06-24 13:55:40,Direct Debit,Utilities,-92.93,Netherlands,Direct Debit,0,0
T0000615,A000470,C00290,2026-07-18 12:14:59,Direct Debit,Utilities,-130.17,Netherlands,Direct Debit,0,0
T0003610,A000649,C00398,2024-05-26 19:47:04,Transfer In,Transfer,538.77,France,Bank Transfer,0,0
T0006829,A002997,C01833,2025-11-30 00:22:16,Card Purchase,Retail,-302.29,France,Card Present,0,0
T0007168,A003215,C01970,2026-06-14 19:57:45,Direct Debit,Subscriptions,-20.2,Germany,Direct Debit,0,0
T0002857,A002771,C01695,2026-08-29 04:10:32,Transfer In,Transfer,240.08,Belgium,Mobile App,0,0
T0008418,A002979,C01821,2024-04-02 00:50:05,Card Purchase,Groceries,-44.5,Germany,Card Present,0,0
T0007934,A000609,C00375,2025-07-29 10:50:05,Transfer In,Transfer,288.19,Germany,Bank Transfer,0,0
T0008547,A002248,C01381,2024-10-05 20:00:42,Transfer In,Transfer,122.74,France,Mobile App,0,0
T0009089,A002094,C01286,2026-05-29 14:01:02,Direct Debit,Subscriptions,-26.22,Germany,Direct Debit,0,0
T0009805,A004071,C02488,2026-03-15 09:15:00,Direct Debit,Insurance,-141.67,France,Direct Debit,0,0
T0005536,A000780,C00478,2025-11-22 04:05:47,Salary,Salary,3350.12,France,Bank Transfer,0,0
T0007573,A002734,C01670,2026-06-04 23:26:18,Card Purchase,Travel,-258.44,Italy,Mobile App,1,0
T0003606,A001564,C00960,2025-06-27 16:08:53,Card Purchase,Retail,-74.58,Belgium,Online,0,0
T0000716,A000908,C00555,2025-12-22 05:26:14,Transfer Out,Transfer,-2165.33,Belgium,Mobile App,0,0
T0004280,A002043,C01252,2024-11-29 08:35:36,Transfer In,Transfer,448.37,Belgium,Mobile App,0,0
T0002152,A000470,C00290,2026-04-28 19:23:21,Card Purchase,E-commerce,-187.99,Netherlands,Mobile App,0,0
T0002998,A003459,C02113,2025-06-23 18:40:16,Card Purchase,Dining,-34.77,France,Card Present,0,0
T0000293,A000242,C00153,2024-09-11 20:43:39,Card Purchase,Retail,-128.71,Germany,Online,0,0
T0009138,A000531,C00328,2025-05-16 06:55:37,Cash Withdrawal,Cash,-40,Belgium,ATM,0,0
T0002320,A001900,C01167,2026-06-28 00:06:31,Transfer Out,Transfer,-69.64,Luxembourg,Bank Transfer,0,0
T0007264,A001822,C01123,2025-11-20 15:41:57,Card Purchase,Fuel,-71.38,France,Online,0,0
T0009973,A003963,C02424,2024-09-19 04:16:57,Salary,Salary,4099.53,Belgium,Bank Transfer,0,0
T0004357,A000739,C00451,2024-05-02 10:06:08,Transfer Out,Transfer,-414.28,Netherlands,Bank Transfer,0,0
T0008902,A002777,C01699,2024-10-08 19:44:47,Card Purchase,Retail,-51.79,Germany,Card Present,0,0
T0000245,A000279,C00175,2024-02-13 03:10:01,Transfer Out,Transfer,-197.74,France,Bank Transfer,0,0
T0006128,A000089,C00051,2024-09-04 08:52:18,Card Purchase,Healthcare,-48.31,Belgium,Online,0,0
T0005071,A001866,C01147,2025-03-29 22:19:22,Transfer In,Transfer,175.48,Germany,Mobile App,0,0
T0004582,A003170,C01940,2024-02-23 04:37:46,Transfer In,Transfer,483.12,Netherlands,Mobile App,0,0
T0009038,A000053,C00032,2024-12-15 20:54:07,Transfer In,Transfer,204.76,Belgium,Mobile App,0,0
T0003821,A002986,C01825,2024-06-29 14:54:15,Card Purchase,Travel,-354.43,Germany,Card Present,0,0
T0004206,A001396,C00856,2025-04-24 00:44:13,Card Purchase,E-commerce,-100.79,Netherlands,Card Present,0,0
T0008927,A002106,C01294,2024-12-28 13:25:19,Card Purchase,E-commerce,-65.86,France,Online,0,0
T0008972,A003764,C02298,2024-03-17 12:22:37,Transfer In,Transfer,418.04,France,Bank Transfer,0,0
T0001364,A001451,C00890,2025-06-12 01:54:48,Card Purchase,Travel,-358.94,Netherlands,Card Present,0,0
T0006456,A001105,C00674,2025-06-15 02:56:16,Direct Debit,Telecom,-62.37,Belgium,Direct Debit,0,0
T0002575,A002168,C01329,2026-07-09 12:34:51,Card Purchase,Retail,-120.03,Belgium,Online,0,0
T0007090,A000458,C00284,2024-06-22 18:57:40,Transfer In,Transfer,691.79,Belgium,Mobile App,0,0
T0006514,A002088,C01281,2024-06-24 16:36:41,Card Purchase,E-commerce,-74.76,Germany,Mobile App,1,0
T0006237,A002476,C01520,2025-09-28 18:39:52,Transfer Out,Transfer,-563.12,Belgium,Bank Transfer,0,0
T0003535,A003147,C01925,2024-11-20 23:57:05,Card Purchase,Healthcare,-52.52,Belgium,Card Present,0,0
T0004742,A000430,C00268,2025-04-12 14:32:18,Transfer In,Transfer,493.81,Netherlands,Mobile App,0,0
T0003883,A002214,C01358,2024-10-02 03:06:58,Salary,Salary,6631.52,Germany,Mobile App,0,0
T0002989,A002644,C01617,2026-01-31 13:33:40,Transfer Out,Transfer,-89.12,Belgium,Bank Transfer,0,0
T0001946,A000059,C00035,2025-10-03 10:45:27,Direct Debit,Telecom,-79.89,Belgium,Direct Debit,0,0
T0004837,A003960,C02421,2025-01-04 00:03:48,Direct Debit,Housing,-760.09,Belgium,Direct Debit,0,0
T0002083,A002249,C01382,2025-11-20 02:31:52,Card Purchase,Groceries,-76.87,Belgium,Card Present,0,0
T0005685,A003504,C02143,2025-10-23 20:16:11,Transfer Out,Transfer,-544.94,Belgium,Mobile App,0,0
T0006505,A001283,C00787,2026-07-18 12:45:58,Transfer Out,Transfer,-92.45,France,Mobile App,0,0
T0004036,A002309,C01419,2024-03-23 17:11:10,Card Purchase,Entertainment,-11.18,Netherlands,Mobile App,0,0
T0001705,A001909,C01173,2026-05-13 14:06:42,Direct Debit,Utilities,-184.21,Belgium,Direct Debit,0,0
T0004382,A004078,C02492,2024-03-04 06:15:31,Card Purchase,Fuel,-36.02,Netherlands,Online,0,0
T0006539,A002845,C01737,2024-10-19 01:28:09,Card Purchase,Groceries,-24.75,Netherlands,Card Present,0,0
T0005249,A001659,C01019,2025-03-28 15:35:29,Card Purchase,Fuel,-36.6,Belgium,Card Present,0,0
T0009441,A002261,C01390,2026-08-20 01:41:57,Card Purchase,Travel,-147.19,Belgium,Card Present,0,0
T0002692,A000917,C00561,2025-04-29 10:23:36,Card Purchase,Travel,-332.06,France,Card Present,0,0
T0009418,A003491,C02135,2024-07-03 21:45:30,Direct Debit,Insurance,-114.6,Belgium,Direct Debit,0,0
T0000696,A001688,C01039,2026-04-13 21:51:41,Interest,Interest,6.11,Belgium,Mobile App,0,0
T0007951,A003929,C02403,2025-08-21 19:35:43,Card Purchase,Travel,-321.91,Belgium,Online,0,0
T0004610,A000838,C00511,2026-05-09 13:22:01,Interest,Interest,1.73,Germany,Mobile App,0,0
T0000038,A002905,C01773,2024-01-09 01:47:35,Salary,Salary,4469.07,France,Bank Transfer,0,0
T0006541,A002964,C01812,2025-01-08 19:12:56,Transfer Out,Transfer,-318.1,Netherlands,Bank Transfer,0,0
T0009586,A003656,C02236,2024-11-04 23:04:21,Direct Debit,Utilities,-102.55,France,Direct Debit,0,0
T0003992,A003569,C02183,2025-10-09 00:04:34,Direct Debit,Subscriptions,-33.44,Belgium,Direct Debit,0,0
T0000480,A001115,C00680,2026-02-12 02:41:27,Card Purchase,E-commerce,-272.63,Belgium,Card Present,0,0
T0004711,A002543,C01559,2024-01-12 23:51:12,Card Purchase,Retail,-127.52,Belgium,Online,0,0
T0006787,A000415,C00258,2025-01-28 17:18:53,Card Purchase,Fuel,-87.44,Belgium,Online,0,0
T0007840,A000926,C00566,2025-10-16 07:33:16,Transfer In,Transfer,624.87,France,Mobile App,0,0
T0007130,A000019,C00011,2025-05-08 17:15:58,Card Purchase,E-commerce,-130.38,Belgium,Card Present,0,0
T0001487,A002465,C01513,2025-07-04 03:38:52,Transfer Out,Transfer,-128.81,Belgium,Mobile App,0,0
T0004584,A002262,C01390,2024-03-10 21:59:36,Transfer Out,Transfer,-582.11,Belgium,Mobile App,0,0
T0003398,A002336,C01435,2025-05-11 02:03:04,Card Purchase,Dining,-27.01,Germany,Card Present,0,0
T0006281,A000613,C00377,2024-04-18 01:29:18,Transfer In,Transfer,93.83,Belgium,Mobile App,0,0
T0001574,A003371,C02062,2025-12-28 19:45:07,Transfer Out,Transfer,-97.87,Luxembourg,Bank Transfer,0,0
T0002383,A001963,C01204,2024-12-14 13:14:44,Card Purchase,E-commerce,-100.67,Belgium,Online,0,0
T0006572,A002736,C01671,2024-12-12 05:56:58,Cash Withdrawal,Cash,-200,Netherlands,ATM,0,0
T0001378,A004052,C02476,2026-03-29 20:36:39,Card Purchase,Retail,-96.16,Netherlands,Online,0,0
T0002935,A001401,C00859,2024-05-25 19:55:09,Transfer In,Transfer,556.67,Germany,Mobile App,0,0
T0000666,A003980,C02433,2025-05-13 09:19:51,Transfer In,Transfer,515.51,France,Bank Transfer,0,0
T0007463,A003850,C02352,2024-08-27 10:40:16,Transfer In,Transfer,410.49,France,Bank Transfer,0,0
T0000214,A001321,C00813,2025-09-15 03:02:33,Transfer Out,Transfer,-132.11,Germany,Mobile App,0,0
T0003777,A001661,C01021,2026-01-31 05:22:40,Transfer In,Transfer,521.53,Germany,Bank Transfer,0,0
T0007979,A001332,C00819,2025-04-01 23:18:27,Card Purchase,Groceries,-29.7,Luxembourg,Card Present,0,0
T0009119,A003215,C01970,2024-05-05 19:15:30,Card Purchase,Retail,-164.82,Germany,Card Present,0,0
T0002461,A002583,C01583,2024-05-10 14:32:02,Card Purchase,E-commerce,-136.32,Belgium,Card Present,0,0
T0001093,A000714,C00436,2024-12-08 20:41:29,Interest,Interest,5.52,France,Mobile App,0,0
T0001137,A000566,C00349,2026-07-28 16:17:34,Card Purchase,E-commerce,-327.22,Belgium,Card Present,0,0
T0007395,A002415,C01483,2024-01-06 11:21:00,Direct Debit,Subscriptions,-30.73,France,Direct Debit,0,0
T0009960,A001840,C01133,2026-04-21 13:55:51,Card Purchase,Retail,-123.14,France,Online,0,0
T0001409,A003352,C02051,2024-03-24 18:56:25,Direct Debit,Utilities,-162.92,Belgium,Direct Debit,0,0
T0006609,A000809,C00493,2025-08-05 07:31:58,Card Purchase,Dining,-15.12,France,Online,0,0
T0002452,A003563,C02177,2025-05-24 00:06:27,Transfer In,Transfer,136.99,Belgium,Mobile App,0,0
T0000097,A001928,C01184,2025-08-01 11:39:11,Salary,Salary,7509.62,Netherlands,Mobile App,0,0
T0003562,A001047,C00638,2024-11-06 08:34:53,Direct Debit,Insurance,-148.85,France,Direct Debit,0,0
T0004320,A003768,C02301,2025-04-14 01:05:10,Card Purchase,Dining,-37.24,Belgium,Mobile App,0,0
T0007468,A000600,C00369,2025-09-06 09:18:05,Transfer In,Transfer,1101.16,France,Mobile App,0,0
T0007857,A000214,C00135,2024-12-27 14:55:45,Direct Debit,Housing,-1007.81,Germany,Direct Debit,0,0
T0009034,A004022,C02457,2025-08-20 00:53:59,Card Purchase,Fuel,-117.76,Germany,Card Present,0,0
T0000246,A002330,C01433,2026-03-06 07:53:58,Salary,Salary,4177.32,Belgium,Mobile App,0,0
T0006330,A001735,C01072,2026-08-25 06:03:08,Transfer In,Transfer,85.91,Netherlands,Mobile App,0,0
T0003612,A003856,C02356,2024-11-26 10:59:53,Card Purchase,Entertainment,-75.72,France,Card Present,0,0
T0007037,A003328,C02037,2025-08-08 06:15:53,Transfer Out,Transfer,-756.07,Belgium,Bank Transfer,0,0
T0000361,A002014,C01236,2026-07-29 03:01:22,Direct Debit,Insurance,-135.79,France,Direct Debit,0,0
T0006642,A002401,C01475,2024-10-12 14:47:26,Card Purchase,Retail,-108.72,Belgium,Card Present,0,0
T0000153,A003401,C02079,2026-07-07 09:11:45,Card Purchase,Retail,-74.53,Belgium,Online,0,0
T0005659,A002788,C01704,2025-08-14 09:01:25,Salary,Salary,2714.16,Germany,Bank Transfer,0,0
T0008691,A001269,C00777,2024-09-27 01:02:05,Transfer In,Transfer,150.96,Belgium,Bank Transfer,0,0
T0006042,A000880,C00538,2026-08-05 12:35:00,Card Purchase,Groceries,-31.98,Germany,Card Present,0,0
T0002523,A002339,C01437,2026-04-02 20:18:24,Transfer In,Transfer,430.86,Belgium,Bank Transfer,0,0
T0001400,A002291,C01408,2025-11-18 20:32:36,Transfer In,Transfer,128.82,Netherlands,Mobile App,0,0
T0003068,A000499,C00311,2026-03-28 10:48:49,Transfer Out,Transfer,-370.91,Belgium,Bank Transfer,0,0
T0001910,A001700,C01046,2025-11-28 07:52:01,Card Purchase,Dining,-104.62,France,Card Present,0,0
T0001723,A001028,C00627,2025-05-06 18:04:12,Card Purchase,E-commerce,-95.5,Germany,Mobile App,0,0
T0009216,A003402,C02079,2024-07-04 09:23:39,Transfer Out,Transfer,-393.52,Belgium,Bank Transfer,0,0
T0005965,A002935,C01793,2026-05-31 01:19:13,Card Purchase,Dining,-126.21,Belgium,Online,0,0
T0000061,A002154,C01322,2025-12-17 23:04:27,Transfer In,Transfer,594.12,Netherlands,Mobile App,0,0
T0004185,A003711,C02267,2026-03-16 12:02:12,Transfer Out,Transfer,-75.62,Netherlands,Mobile App,0,0
T0008447,A001507,C00926,2024-04-25 22:48:09,Card Purchase,Healthcare,-65.8,France,Card Present,0,0
T0007458,A001927,C01183,2025-07-04 23:52:34,Card Purchase,Dining,-28.32,France,Card Present,0,0
T0004422,A002948,C01802,2025-06-07 23:25:48,Card Purchase,Travel,-391.95,Germany,Card Present,0,0
T0006911,A002595,C01589,2025-06-24 21:12:26,Direct Debit,Housing,-721.34,Belgium,Direct Debit,0,0
T0006554,A000293,C00183,2025-01-23 00:10:39,Transfer In,Transfer,23.19,Belgium,Bank Transfer,0,0
T0008391,A000833,C00507,2024-09-23 05:46:24,Transfer In,Transfer,353.32,France,Mobile App,0,0
T0005415,A003094,C01895,2025-11-16 19:06:42,Transfer In,Transfer,221.97,Netherlands,Bank Transfer,0,0
T0002908,A002417,C01484,2025-01-22 03:44:14,Card Purchase,Retail,-81.65,France,Online,0,0
T0009744,A001642,C01008,2026-01-14 16:38:29,Transfer In,Transfer,93.3,Netherlands,Mobile App,0,0
T0005719,A003428,C02095,2025-06-18 00:10:16,Transfer In,Transfer,153.87,Belgium,Bank Transfer,0,0
T0008714,A000102,C00061,2024-07-31 06:52:41,Transfer In,Transfer,212.04,Belgium,Bank Transfer,0,0
T0003908,A000733,C00448,2026-04-26 08:27:01,Direct Debit,Insurance,-126.66,France,Direct Debit,0,0
T0008790,A003356,C02054,2024-02-18 23:01:34,Card Purchase,Fuel,-71.61,Belgium,Online,0,0
T0000821,A000063,C00037,2024-03-10 23:07:05,Card Purchase,Entertainment,-57.84,Netherlands,Card Present,0,0
T0005892,A001477,C00907,2024-01-09 00:23:40,Interest,Interest,2.99,Netherlands,Mobile App,0,0
T0007735,A002887,C01761,2025-06-25 05:23:51,Transfer Out,Transfer,-657.62,Belgium,Bank Transfer,0,0
T0009985,A003870,C02365,2026-07-06 19:55:34,Transfer In,Transfer,472.85,Netherlands,Mobile App,0,0
T0000470,A003648,C02232,2024-04-15 13:46:59,Transfer In,,4288.15,France,Mobile App,0,0
T0009500,A001324,C00815,2025-12-01 14:14:28,Card Purchase,Entertainment,-21.72,Belgium,Online,0,0
T0006651,A000195,C00121,2024-02-18 03:47:35,Transfer In,Transfer,146.71,Germany,Mobile App,0,0
T0002514,A000235,C00149,2024-10-10 03:18:06,Transfer Out,Transfer,-385.13,France,Mobile App,0,0
T0002253,A003753,C02292,2024-01-03 22:59:46,Direct Debit,Subscriptions,-37.14,Netherlands,Direct Debit,0,0
T0007145,A003853,C02354,2024-06-27 22:29:23,Card Purchase,Travel,-234.51,Germany,Card Present,0,0
T0008969,A003885,C02375,2025-04-28 10:19:59,Transfer In,Transfer,1263.53,Netherlands,Mobile App,0,0
T0005928,A003077,C01886,2024-02-18 01:10:57,Transfer In,Transfer,226.62,France,Bank Transfer,0,0
T0004811,A000061,C00036,2024-06-30 00:26:11,Transfer Out,Transfer,-552.24,Belgium,Bank Transfer,0,0
T0007026,A003783,C02310,2026-03-05 17:25:19,Salary,Salary,3224.68,Belgium,Mobile App,0,0
T0002400,A002173,C01332,2024-07-17 13:50:14,Transfer In,Transfer,406.18,Belgium,Mobile App,0,0
T0002330,A001198,C00730,2025-06-18 19:41:07,Card Purchase,Retail,-109.79,Netherlands,Card Present,0,0
T0007585,A003091,C01893,2025-04-04 13:08:46,Card Purchase,Entertainment,-18.3,Belgium,Card Present,0,0
T0004134,A003664,C02241,2025-04-10 17:40:38,Card Purchase,Travel,-313.83,Belgium,Card Present,0,0
T0001276,A002623,C01604,2025-09-02 20:16:25,Card Purchase,E-commerce,-100.72,Germany,Card Present,0,0
T0008655,A001522,C00935,2025-01-30 01:27:32,Salary,Salary,4321.35,Netherlands,Mobile App,0,0
T0007270,A003594,C02199,2024-01-30 10:21:21,Transfer Out,Transfer,-212.78,Belgium,Mobile App,0,0
T0003818,A000966,C00590,2026-04-02 02:54:40,Cash Withdrawal,Cash,-20,Germany,ATM,0,0
T0002689,A001160,C00707,2025-07-28 10:55:45,Card Purchase,E-commerce,-89.32,Germany,Online,1,0
T0002768,A003984,C02436,2025-09-28 22:28:07,Direct Debit,Utilities,-148.94,Belgium,Direct Debit,0,0
T0009779,A000953,C00581,2024-02-13 10:52:12,Direct Debit,Utilities,-111.95,Belgium,Direct Debit,0,0
T0009904,A000739,C00451,2025-03-02 17:24:16,Transfer In,Transfer,277.2,Netherlands,Mobile App,0,0
T0009468,A000854,C00523,2026-06-28 07:30:53,Transfer Out,Transfer,-408.72,Germany,Bank Transfer,0,1
T0004631,A003482,C02129,2025-05-04 17:07:38,Card Purchase,Healthcare,-40.84,Belgium,Card Present,0,0
T0004937,A000442,C00276,2024-12-16 22:18:59,Cash Withdrawal,Cash,-200,Belgium,ATM,0,0
T0002608,A004027,C02460,2024-06-02 02:12:21,Transfer In,Transfer,35.09,Luxembourg,Mobile App,0,0
T0003845,A002539,C01556,2025-04-05 01:15:44,Transfer Out,Transfer,-178.63,Germany,Bank Transfer,0,0
T0005046,A001672,C01027,2025-01-23 15:51:59,Transfer In,Transfer,216.25,Belgium,Bank Transfer,0,0
T0008518,A003919,C02398,2024-07-12 23:47:19,Salary,Salary,3276.71,France,Mobile App,0,0
T0002286,A003693,C02257,2025-12-21 06:44:23,Direct Debit,Housing,-638.63,Netherlands,Direct Debit,0,0
T0007431,A003530,C02158,2025-02-16 21:52:13,Card Purchase,Retail,-76.36,Netherlands,Card Present,0,0
T0007104,A004004,C02449,2025-02-21 02:45:34,Direct Debit,Insurance,-161.15,Luxembourg,Direct Debit,0,0
T0003274,A001105,C00674,2024-05-10 21:31:16,Card Purchase,Dining,-72.65,Belgium,Mobile App,0,0
T0004195,A001936,C01187,2024-05-18 06:36:55,Card Purchase,Fuel,-92.27,Luxembourg,Card Present,0,0
T0008565,A002628,C01607,2024-03-21 05:59:03,Transfer Out,Transfer,-199.39,France,Mobile App,0,0
T0001070,A000546,C00337,2024-11-14 22:13:53,Card Purchase,Travel,-250.71,France,Card Present,0,0
T0005637,A003694,C02257,2024-09-01 03:01:41,Transfer In,Transfer,199.19,Netherlands,Bank Transfer,0,0
T0001009,A003827,C02338,2024-07-14 02:15:13,Transfer Out,Transfer,-1060.43,France,Bank Transfer,0,0
T0003856,A002021,C01240,2025-02-02 19:10:29,Card Purchase,Healthcare,-27.48,Belgium,Card Present,0,0
T0000370,A001452,C00890,2026-02-01 16:58:51,Transfer In,Transfer,3250.37,Netherlands,Mobile App,0,0
T0008359,A000903,C00552,2024-08-28 00:58:53,Transfer Out,Transfer,-254.78,Netherlands,Mobile App,0,0
T0005135,A001593,C00981,2025-05-25 10:02:57,Direct Debit,Subscriptions,-23.02,Netherlands,Direct Debit,0,0
T0002273,A003721,C02273,2026-03-27 15:47:41,Transfer Out,Transfer,-242.84,Belgium,Mobile App,0,0
T0007165,A002009,C01233,2025-02-20 23:53:28,Transfer Out,Transfer,-360.4,Germany,Mobile App,0,0
T0002294,A003869,C02364,2024-03-01 09:23:15,Transfer Out,Transfer,-426.61,Netherlands,Mobile App,0,0
T0006085,A003105,C01900,2025-01-09 18:43:45,Card Purchase,E-commerce,-49.33,Spain,Mobile App,1,0
T0000501,A001461,C00896,2025-08-12 23:39:23,Transfer Out,Transfer,-314.57,Netherlands,Bank Transfer,0,0
T0009058,A001218,C00742,2024-01-11 05:09:37,Transfer In,Transfer,150.5,France,Mobile App,0,0
T0000425,A003076,C01885,2024-11-21 04:56:35,Card Purchase,Retail,-139.78,Belgium,Online,0,0
T0003497,A002692,C01644,2024-03-28 23:35:06,Card Purchase,Fuel,-14.8,Luxembourg,Online,0,0
T0000269,A003880,C02372,2024-09-24 18:43:29,Salary,Salary,2858.37,Belgium,Mobile App,0,0
T0001430,A000306,C00190,2024-06-26 01:48:45,Card Purchase,Travel,-259.91,Italy,Card Present,1,0
T0009433,A003213,C01968,2025-01-17 05:22:47,Direct Debit,Telecom,-90.72,Belgium,Direct Debit,0,0
T0006579,A002758,C01685,2025-06-09 16:23:59,Transfer In,Transfer,690.54,Luxembourg,Mobile App,0,0
T0007332,A003582,C02191,2025-06-15 15:32:38,Card Purchase,E-commerce,-76.5,France,Online,0,0
T0007262,A000801,C00489,2025-11-24 23:36:42,Direct Debit,Subscriptions,-20.0,Belgium,Direct Debit,0,0
T0001497,A001436,C00880,2024-11-12 21:04:07,Transfer Out,Transfer,-565.09,Belgium,Bank Transfer,0,0
T0004042,A002592,C01587,2026-07-27 15:15:57,Card Purchase,Travel,-1339.51,Germany,Online,1,1
T0006508,A000310,C00192,2025-04-21 08:34:57,Transfer In,Transfer,702.42,Netherlands,Mobile App,0,0
T0004970,A001394,C00855,2026-02-12 14:37:37,Card Purchase,E-commerce,-42.93,Germany,Card Present,1,0
T0005996,A004045,C02470,2024-07-31 13:03:33,Card Purchase,Healthcare,-34.61,Netherlands,Mobile App,0,0
T0002963,A000039,C00022,2024-05-04 06:02:32,Interest,Interest,4.51,France,Bank Transfer,0,0
T0009588,A002093,C01285,2024-12-04 17:01:39,Direct Debit,Insurance,-114.62,France,Direct Debit,0,0
T0001122,A003594,C02199,2025-04-14 07:12:37,Cash Withdrawal,Cash,-150,Belgium,ATM,0,0
T0004474,A000344,C00213,2025-11-29 17:49:11,Transfer Out,Transfer,-87.56,Germany,Bank Transfer,0,0
T0000998,A003847,C02350,2025-08-19 13:27:18,Interest,Interest,3.28,Netherlands,Mobile App,0,0
T0008630,A003934,C02407,2025-12-06 10:51:06,Interest,Interest,4.5,Netherlands,Mobile App,0,0
T0004724,A002387,C01466,2025-12-13 06:29:49,Transfer In,Transfer,303.64,Germany,Mobile App,0,0
T0003718,A002016,C01237,2025-12-18 15:30:09,Direct Debit,Telecom,-66.65,Germany,Direct Debit,0,0
T0001584,A002679,C01635,2026-08-19 12:35:11,Transfer In,Transfer,493.32,Belgium,Bank Transfer,0,0
T0004753,A002809,C01716,2024-06-26 01:24:29,Card Purchase,Groceries,-44.28,Belgium,Card Present,0,0
T0008901,A003903,C02390,2024-12-12 03:52:16,Transfer Out,Transfer,-238.43,Luxembourg,Mobile App,0,0
T0006717,A003281,C02011,2025-11-27 02:30:24,Card Purchase,Entertainment,-58.15,Germany,Card Present,0,0
T0007020,A003463,C02116,2026-07-26 17:34:15,Card Purchase,Groceries,-80.16,Belgium,Online,0,0
T0003871,A001697,C01045,2026-06-13 16:24:52,Card Purchase,Travel,-770.02,Germany,Online,0,0
T0004776,A003787,C02313,2026-05-23 16:07:59,Transfer Out,Transfer,-373.79,Netherlands,Mobile App,0,0
T0005684,A002528,C01549,2026-08-22 00:03:52,Interest,Interest,7.02,Germany,Mobile App,0,0
T0009043,A002338,C01437,2024-03-16 22:55:15,Card Purchase,Healthcare,-74.34,Belgium,Online,0,0
T0003984,A002231,C01370,2026-05-26 05:00:10,Transfer Out,Transfer,-196.33,France,Bank Transfer,0,0
T0007595,A003366,C02060,2024-01-23 13:26:09,Direct Debit,Insurance,-95.54,Belgium,Direct Debit,0,0
T0001996,A003249,C01991,2024-04-21 07:12:29,Transfer In,Transfer,523.98,Belgium,Bank Transfer,0,0
T0003397,A002163,C01326,2024-08-18 01:31:55,Transfer In,Transfer,908.16,Netherlands,Bank Transfer,0,0
T0009084,A003268,C02003,2024-11-18 20:04:37,Card Purchase,E-commerce,-55.42,Germany,Online,1,0
T0002359,A003164,C01935,2024-07-29 12:36:09,Card Purchase,Dining,-59.13,France,Card Present,1,0
T0009604,A003642,C02227,2025-01-29 20:36:18,Card Purchase,Fuel,-88.62,Belgium,Card Present,0,0
T0002638,A001452,C00890,2025-01-21 00:06:34,Transfer In,Transfer,479.71,Netherlands,Bank Transfer,0,0
T0002739,A002878,C01756,2025-07-05 07:02:05,Transfer In,Transfer,281.87,Germany,Mobile App,0,0
T0002808,A000260,C00162,2025-09-04 22:13:48,Card Purchase,Fuel,-148.17,France,Card Present,0,0
T0008793,A003412,C02085,2025-08-27 15:51:26,Transfer In,Transfer,420.44,France,Bank Transfer,0,0
T0005527,A003175,C01944,2025-03-06 15:55:55,Transfer Out,Transfer,-62.98,Germany,Mobile App,0,0
T0003676,A002197,C01347,2025-06-23 16:46:25,Card Purchase,Healthcare,-61.43,Netherlands,Card Present,1,0
T0006503,A000470,C00290,2026-03-06 19:46:46,Card Purchase,Travel,-249.14,Belgium,Card Present,1,0
T0008647,A000361,C00226,2026-05-21 20:02:28,Transfer Out,Transfer,-340.37,Belgium,Mobile App,0,0
T0000909,A001602,C00986,2025-08-12 15:12:00,Transfer In,Transfer,411.49,Belgium,Bank Transfer,0,0
T0000321,A002629,C01608,2025-10-05 01:58:29,Transfer Out,Transfer,-372.29,Germany,Bank Transfer,0,0
T0007013,A003323,C02035,2024-02-15 04:02:08,Card Purchase,Travel,-281.59,Germany,Online,1,0
T0005776,A001580,C00972,2026-08-14 22:34:39,Transfer In,Transfer,72.71,Netherlands,Mobile App,0,0
T0003135,A001020,C00624,2026-07-14 22:30:48,Card Purchase,Entertainment,-38.88,Germany,Card Present,0,0
T0005933,A002066,C01268,2026-07-31 10:59:07,Salary,Salary,2728.97,Belgium,Mobile App,0,0
T0000397,A000292,C00182,2024-08-24 21:26:14,Transfer In,Transfer,174.15,Netherlands,Mobile App,0,0
T0004835,A000882,C00539,2025-09-28 14:03:02,Card Purchase,Healthcare,-41.78,Germany,Card Present,0,0
T0001766,A001869,C01149,2026-08-13 04:34:21,Direct Debit,Subscriptions,-24.2,Luxembourg,Direct Debit,0,0
T0009770,A001177,C00717,2025-08-14 10:56:07,Card Purchase,E-commerce,-108.93,Belgium,Card Present,0,0
T0004630,A004074,C02490,2026-05-15 11:49:35,Card Purchase,Travel,-239.21,Belgium,Online,0,0
T0008448,A002944,C01800,2025-08-08 15:34:20,Salary,Salary,2001.46,Netherlands,Bank Transfer,0,0
T0003797,A002047,C01255,2026-07-16 15:20:04,Transfer In,Transfer,95.35,Germany,Bank Transfer,0,0
T0006553,A002771,C01695,2026-08-09 21:56:21,Transfer In,Transfer,240.89,Belgium,Bank Transfer,0,0
T0005152,A000742,C00454,2024-03-04 20:49:09,Salary,Salary,5403.08,Belgium,Bank Transfer,0,0
T0001408,A003090,C01893,2025-10-01 10:26:06,Transfer In,Transfer,377.29,Belgium,Bank Transfer,0,0
T0008225,A003267,C02002,2024-04-13 19:17:11,Card Purchase,Groceries,-138.0,Belgium,Card Present,0,0
T0008025,A002893,C01764,2025-02-09 12:57:40,Cash Withdrawal,Cash,-50,Netherlands,ATM,0,0
T0003005,A001404,C00862,2025-02-03 07:17:05,Card Purchase,Retail,-79.55,France,Card Present,0,0
T0008507,A000128,C00077,2025-07-22 06:29:07,Transfer In,Transfer,419.25,Germany,Bank Transfer,0,0
T0008280,A000466,C00288,2024-11-22 10:17:28,Transfer In,Transfer,76.81,Netherlands,Bank Transfer,0,0
T0001975,A003941,C02411,2026-01-14 10:56:45,Transfer Out,Transfer,-448.66,Belgium,Bank Transfer,0,0
T0001412,A001370,C00841,2026-01-07 16:34:43,Transfer In,Transfer,527.5,Belgium,Mobile App,0,0
T0003698,A000856,C00525,2025-11-29 10:49:00,Direct Debit,Insurance,-129.56,Netherlands,Direct Debit,0,0
T0007495,A000707,C00431,2026-04-05 15:17:52,Card Purchase,Fuel,-54.38,Belgium,Card Present,0,0
T0005648,A002619,C01603,2024-09-02 10:53:33,Transfer Out,Transfer,-537.26,Netherlands,Mobile App,0,0
T0002247,A002719,C01662,2025-06-01 03:21:50,Transfer Out,Transfer,-951.51,Belgium,Mobile App,0,0
T0004827,A001535,C00942,2025-11-07 22:56:39,Transfer Out,Transfer,-92.61,Belgium,Bank Transfer,0,0
T0006521,A000886,C00541,2026-03-08 10:28:52,Card Purchase,Fuel,-90.45,Germany,Card Present,0,0
T0000080,A000800,C00488,2024-01-21 05:05:16,Card Purchase,Entertainment,-16.59,Netherlands,Card Present,0,0
T0008189,A002440,C01499,2025-04-03 21:29:14,Card Purchase,Fuel,-33.76,France,Online,0,0
T0001294,A001920,C01179,2026-01-07 17:48:00,Direct Debit,Housing,-805.64,Belgium,Direct Debit,0,0
T0008054,A001847,C01137,2025-11-24 07:05:24,Transfer In,Transfer,650.3,Belgium,Mobile App,0,0
T0006588,A003272,C02005,2025-02-20 00:45:27,Direct Debit,Housing,-717.98,Belgium,Direct Debit,0,0
T0000393,A002830,C01728,2024-10-09 00:25:01,Transfer Out,Transfer,-49.31,Germany,Mobile App,0,0
T0006981,A003899,C02386,2024-04-24 06:48:39,Transfer Out,Transfer,-98.09,Luxembourg,Bank Transfer,0,0
T0004376,A002223,C01364,2024-12-10 23:22:55,Direct Debit,Telecom,-79.93,Germany,Direct Debit,0,0
T0001354,A000104,C00061,2024-05-04 17:16:08,Card Purchase,E-commerce,-46.26,Belgium,Online,0,0
T0005192,A002886,C01761,2024-10-10 13:32:57,Cash Withdrawal,Cash,-250,Belgium,ATM,0,0
T0007870,A002663,C01627,2024-02-14 17:01:53,Transfer Out,Transfer,-223.23,Netherlands,Mobile App,0,0
T0009147,A000741,C00453,2024-11-18 03:30:58,Interest,Interest,17.4,Belgium,Mobile App,0,0
T0005368,A000132,C00079,2025-01-07 13:49:09,Card Purchase,Entertainment,-16.46,Germany,Card Present,0,0
T0005116,A003268,C02003,2024-01-08 15:28:47,Transfer In,Transfer,229.09,Belgium,Mobile App,0,0
T0006753,A000390,C00242,2025-05-25 19:29:22,Card Purchase,Fuel,-61.61,Belgium,Online,0,0
T0008460,A002913,C01778,2025-04-15 06:59:06,Transfer In,Transfer,1412.9,Belgium,Mobile App,0,0
T0000495,A003044,C01866,2025-09-06 16:18:18,Transfer In,Transfer,269.08,Belgium,Bank Transfer,0,0
T0007164,A003733,C02281,2025-05-30 16:39:55,Card Purchase,Travel,-225.18,Germany,Mobile App,0,0
T0006197,A003021,C01850,2024-01-26 06:35:12,Direct Debit,Housing,-957.52,Germany,Direct Debit,0,0
T0004492,A001856,C01142,2025-09-26 00:14:00,Transfer Out,Transfer,-66.45,France,Bank Transfer,0,0
T0001525,A000938,C00573,2024-10-11 13:30:02,Transfer Out,Transfer,-57.55,Belgium,Mobile App,0,0
T0008595,A003436,C02102,2026-07-23 11:33:35,Cash Withdrawal,Cash,-20,Germany,ATM,0,0
T0003545,A002856,C01744,2025-04-24 08:23:36,Card Purchase,Fuel,-59.28,Belgium,Card Present,0,0
T0002094,A000458,C00284,2026-06-12 15:30:59,Transfer Out,Transfer,-587.13,Belgium,Bank Transfer,0,0
T0009296,A003876,C02368,2025-12-23 20:20:45,Card Purchase,E-commerce,-59.24,Germany,Online,0,0
T0002067,A000469,C00289,2025-08-12 18:53:03,Card Purchase,Travel,-115.38,Belgium,Card Present,0,0
T0002784,A000663,C00407,2026-06-09 14:11:44,Transfer In,Transfer,393.3,Belgium,Mobile App,0,0
T0004256,A000430,C00268,2026-05-15 10:34:05,Transfer In,Transfer,238.4,Netherlands,Mobile App,0,0
T0004114,A001091,C00664,2026-01-22 11:58:18,Card Purchase,Retail,-142.87,France,Online,0,0
T0006772,A000186,C00114,2025-08-21 21:52:31,Salary,Salary,3450.43,Belgium,Bank Transfer,0,0
T0004645,A000608,C00375,2025-08-21 13:48:40,Interest,Interest,7.94,Germany,Bank Transfer,0,0
T0000453,A002119,C01300,2026-08-27 04:43:51,Card Purchase,E-commerce,-399.77,Belgium,Online,0,0
T0003063,A003264,C02001,2024-11-27 15:31:15,Transfer Out,Transfer,-246.98,Belgium,Bank Transfer,0,0
T0006618,A002083,C01278,2026-08-14 20:44:25,Transfer Out,Transfer,-52.76,Belgium,Mobile App,0,0
T0009616,A003691,C02255,2025-04-06 20:39:33,Card Purchase,Travel,-111.77,France,Online,0,0
T0008850,A003038,C01862,2025-06-28 09:37:43,Cash Withdrawal,Cash,-20,Belgium,ATM,0,0
T0008464,A001449,C00888,2024-07-12 18:42:54,Cash Withdrawal,Cash,-150,Belgium,ATM,0,0
T0008066,A003469,C02120,2026-03-05 06:29:19,Transfer Out,Transfer,-153.78,Belgium,Mobile App,0,0
T0007761,A001299,C00798,2024-11-23 05:03:28,Transfer Out,Transfer,-61.18,Belgium,Mobile App,0,0
T0006689,A000808,C00492,2024-10-13 09:54:39,Salary,Salary,3856.34,France,Bank Transfer,0,0
T0002211,A002267,C01393,2026-02-28 02:33:02,Salary,Salary,9961.0,Luxembourg,Mobile App,0,1
T0007198,A002101,C01291,2024-01-10 08:53:12,Direct Debit,Utilities,-154.85,Luxembourg,Direct Debit,0,0
T0001099,A000777,C00476,2024-08-17 11:44:54,Transfer Out,Transfer,-219.88,Netherlands,Mobile App,0,0
T0005048,A003400,C02078,2026-08-03 14:10:08,Card Purchase,Dining,-33.33,Luxembourg,Online,0,0
T0007683,A002148,C01318,2026-05-20 20:07:08,Direct Debit,Telecom,-58.65,Luxembourg,Direct Debit,0,0
T0006313,A000122,C00073,2024-10-20 07:46:23,Card Purchase,Healthcare,-41.81,Luxembourg,Online,0,0
T0007694,A003684,C02252,2026-05-22 11:55:14,Card Purchase,Entertainment,-111.22,Belgium,Card Present,0,0
T0005188,A000854,C00523,2025-05-31 12:58:09,Interest,Interest,10.24,Germany,Mobile App,0,0
T0008994,A002545,C01560,2025-12-10 17:16:42,Transfer In,Transfer,1490.32,Germany,Bank Transfer,0,0
T0009269,A002208,C01355,2024-08-24 13:36:35,Direct Debit,Insurance,-85.85,Netherlands,Direct Debit,0,0
T0006127,A000962,C00587,2026-07-15 23:56:18,Salary,Salary,4261.76,Belgium,Bank Transfer,0,0
T0004457,A002946,C01801,2024-02-05 12:51:21,Transfer In,Transfer,673.11,Germany,Mobile App,0,0
T0006869,A000242,C00153,2025-07-31 10:21:06,Direct Debit,Telecom,-104.24,Germany,Direct Debit,0,0
T0005426,A002717,C01661,2024-03-20 08:00:45,Transfer Out,Transfer,-517.07,Netherlands,Mobile App,0,0
T0003037,A003033,C01858,2024-09-16 00:41:04,Card Purchase,Dining,-55.63,Belgium,Mobile App,0,0
T0006482,A001198,C00730,2025-06-13 08:53:52,Card Purchase,Dining,-32.88,Netherlands,Online,0,0
T0008553,A003182,C01949,2025-05-04 15:50:34,Transfer Out,Transfer,-80.38,Belgium,Bank Transfer,0,0
T0007209,A002780,C01700,2024-07-14 07:39:39,Transfer In,Transfer,67.16,Netherlands,Bank Transfer,0,0
T0007137,A001647,C01011,2025-07-21 16:47:49,Transfer In,Transfer,589.43,Belgium,Bank Transfer,0,0
T0001142,A002789,C01704,2025-08-07 06:19:35,Card Purchase,Healthcare,-101.41,Germany,Online,0,0
T0001307,A003401,C02079,2024-02-17 08:39:07,Direct Debit,Insurance,-136.97,Belgium,Direct Debit,0,0
T0001660,A002963,C01812,2024-07-27 04:09:22,Card Purchase,Travel,-291.99,Netherlands,Mobile App,0,0
T0003304,A003775,C02306,2024-06-25 12:35:24,Card Purchase,E-commerce,-118.93,Netherlands,Card Present,0,0
T0004558,A000836,C00509,2025-05-31 15:38:45,Card Purchase,Healthcare,-71.01,France,Card Present,0,0
T0004751,A000688,C00422,2026-08-09 00:47:16,Direct Debit,Subscriptions,-29.78,Belgium,Direct Debit,0,0
T0000493,A003873,C02367,2025-09-29 16:14:51,Card Purchase,Dining,-75.34,Netherlands,Online,0,0
T0005360,A000135,C00081,2024-11-09 08:25:10,Transfer Out,Transfer,-238.81,Belgium,Bank Transfer,0,0
T0006256,A000307,C00191,2024-11-21 00:52:25,Transfer Out,Transfer,-811.17,Belgium,Mobile App,0,0
T0009496,A002288,C01406,2024-10-01 01:05:31,Card Purchase,Healthcare,-131.2,Germany,Mobile App,0,0
T0009490,A000135,C00081,2024-03-31 11:35:47,Transfer In,Transfer,1570.46,Belgium,Bank Transfer,0,0
T0002672,A002132,C01308,2026-07-04 23:50:59,Card Purchase,Groceries,-74.42,Luxembourg,Card Present,0,0
T0002035,A003905,C02391,2024-07-30 22:21:55,Transfer In,Transfer,440.57,Luxembourg,Bank Transfer,0,0
T0002705,A000577,C00356,2025-01-16 21:26:09,Transfer In,Transfer,1237.07,France,Bank Transfer,0,0
T0005473,A001006,C00615,2026-01-03 21:53:38,Cash Withdrawal,Cash,-50,Netherlands,ATM,0,0
T0004219,A002147,C01317,2026-02-07 21:54:46,Card Purchase,Retail,-128.61,Netherlands,Card Present,0,0
T0005921,A003373,C02063,2024-06-27 17:47:53,Transfer In,Transfer,188.43,Belgium,Bank Transfer,0,0
T0005235,A002270,C01395,2024-12-17 16:06:53,Transfer In,Transfer,215.4,France,Bank Transfer,0,0
T0002954,A001097,C00668,2024-09-23 18:00:15,Interest,Interest,4.14,Luxembourg,Bank Transfer,0,0
T0002848,A002096,C01287,2026-05-31 01:05:52,Transfer In,Transfer,688.9,Belgium,Mobile App,0,0
T0003255,A000704,C00430,2024-09-28 06:38:33,Card Purchase,Entertainment,-24.94,Luxembourg,Card Present,0,0
T0002886,A002323,C01429,2025-08-05 02:02:05,Direct Debit,Telecom,-59.92,Belgium,Direct Debit,0,0
T0001481,A002247,C01380,2024-09-27 16:51:49,Card Purchase,Groceries,-49.65,France,Card Present,0,0
T0003532,A000908,C00555,2026-05-30 07:54:43,Transfer In,Transfer,87.1,Belgium,Bank Transfer,0,0
T0008040,A000438,C00272,2025-08-24 22:37:20,Transfer In,Transfer,69.93,Germany,Bank Transfer,0,0
T0002197,A003754,C02292,2024-12-14 23:43:21,Transfer In,Transfer,288.15,Netherlands,Mobile App,0,0
T0001505,A000002,C00002,2026-03-14 04:02:12,Direct Debit,Housing,-995.27,Netherlands,Direct Debit,0,0
T0006657,A002117,C01300,2026-07-19 02:34:25,Card Purchase,Healthcare,-48.23,Belgium,Mobile App,0,0
T0000151,A000911,C00557,2025-04-24 14:57:11,Transfer Out,Transfer,-1020.84,Belgium,Mobile App,0,0
T0009263,A000133,C00080,2024-08-23 16:34:16,Salary,Salary,1608.09,Belgium,Bank Transfer,0,0
T0001051,A001136,C00692,2025-07-11 10:24:51,Transfer In,Transfer,334.31,France,Bank Transfer,0,0
T0000279,A001352,C00828,2024-05-03 15:46:55,Card Purchase,Dining,-48.81,Belgium,Card Present,0,0
T0003034,A000890,C00545,2026-05-24 04:12:59,Card Purchase,Fuel,-228.97,Netherlands,Card Present,0,0
T0004906,A002682,C01637,2024-10-06 08:48:23,Card Purchase,Travel,-310.52,Belgium,Card Present,0,0
T0001852,A004060,C02481,2024-05-27 23:37:59,Transfer In,Transfer,142.3,Luxembourg,Bank Transfer,0,0
T0008693,A001955,C01198,2024-03-05 18:28:05,Transfer Out,Transfer,-497.46,Netherlands,Mobile App,0,0
T0007747,A000118,C00070,2025-04-14 11:13:26,Card Purchase,Travel,-240.5,United States,Card Present,1,0
T0000326,A001715,C01058,2025-01-06 10:23:36,Card Purchase,Healthcare,-125.76,Germany,Card Present,0,0
T0006164,A002563,C01572,2024-07-22 19:59:36,Cash Withdrawal,Cash,-40,Belgium,ATM,0,0
T0000559,A003005,C01838,2025-07-02 13:38:06,Transfer In,Transfer,185.67,Belgium,Mobile App,0,0
T0001493,A004074,C02490,2026-07-21 23:39:49,Salary,Salary,3518.21,Belgium,Bank Transfer,0,0
T0009339,A003211,C01967,2024-06-03 11:09:37,Card Purchase,Healthcare,-25.63,France,Card Present,0,0
T0007248,A004040,C02466,2024-06-30 04:54:39,Transfer Out,Transfer,-199.5,France,Mobile App,0,0
T0005919,A003437,C02103,2024-03-14 07:39:29,Transfer In,Transfer,172.72,Germany,Bank Transfer,0,0
T0009434,A004087,C02500,2025-08-25 16:26:00,Direct Debit,Subscriptions,-20.98,Germany,Direct Debit,0,0
T0008620,A003058,C01874,2024-04-07 02:54:08,Transfer Out,Transfer,-182.06,Belgium,Mobile App,0,0
T0005482,A003565,C02179,2024-12-24 02:44:51,Card Purchase,Healthcare,-87.76,France,Online,0,0
T0009847,A003596,C02200,2025-11-02 19:04:58,Card Purchase,Groceries,-112.08,Netherlands,Card Present,0,0
T0003024,A001048,C00639,2024-02-25 10:52:32,Card Purchase,Entertainment,-67.97,Germany,Card Present,0,0
T0002775,A001126,C00686,2024-04-29 20:49:15,Card Purchase,E-commerce,-54.52,Germany,Online,0,0
T0007278,A002865,C01750,2024-11-20 07:14:55,Cash Withdrawal,Cash,-40,Belgium,ATM,0,0
T0007213,A003684,C02252,2025-04-13 17:06:51,Card Purchase,Groceries,-97.17,Belgium,Online,0,0
T0005237,A004033,C02463,2024-07-01 12:36:37,Direct Debit,Housing,-819.6,France,Direct Debit,0,0
T0004897,A002734,C01670,2025-09-12 01:49:02,Transfer In,,98.8,France,Mobile App,0,0
T0006092,A001903,C01169,2024-05-17 18:16:32,Direct Debit,Utilities,-160.56,Netherlands,Direct Debit,0,0
T0007574,A003853,C02354,2025-04-10 22:09:35,Card Purchase,Travel,-149.41,Germany,Card Present,0,0
T0004469,A004017,C02454,2024-06-08 05:58:00,Card Purchase,Travel,-659.99,Belgium,Mobile App,0,0
T0004179,A000982,C00600,2025-01-22 18:51:32,Transfer Out,Transfer,-230.25,Luxembourg,Bank Transfer,0,0
T0009481,A002992,C01829,2025-03-03 17:53:51,Transfer Out,Transfer,-226.76,Belgium,Bank Transfer,0,0
T0003029,A001374,C00842,2024-07-15 05:12:16,Card Purchase,Travel,-259.37,Germany,Online,0,0
T0003707,A003928,C02403,2024-12-29 15:20:51,Card Purchase,E-commerce,-57.36,Belgium,Card Present,0,0
T0001750,A003624,C02216,2025-10-14 22:09:39,Transfer In,Transfer,500.26,Belgium,Mobile App,0,0
T0009982,A001001,C00611,2025-03-24 04:06:11,Card Purchase,Entertainment,-64.55,Netherlands,Online,0,0
T0009444,A001059,C00645,2025-04-08 09:07:10,Transfer Out,Transfer,-163.06,Netherlands,Mobile App,0,0
T0002174,A002282,C01402,2024-10-23 18:20:47,Direct Debit,Utilities,-129.33,Belgium,Direct Debit,0,0
T0007496,A001624,C00999,2024-07-10 09:36:39,Card Purchase,Groceries,-86.9,Belgium,Card Present,0,0
T0007226,A003448,C02109,2025-03-29 07:44:12,Transfer In,Transfer,227.42,Belgium,Bank Transfer,0,0
T0006819,A000068,C00040,2026-03-15 21:49:54,Transfer In,Transfer,338.96,Netherlands,Bank Transfer,0,0
T0003691,A000237,C00150,2024-11-18 00:06:40,Card Purchase,Travel,-215.24,Germany,Online,0,0
T0000417,A000102,C00061,2024-08-13 19:21:25,Card Purchase,Fuel,-140.92,Belgium,Card Present,0,0
T0005757,A000353,C00219,2024-12-26 22:46:51,Transfer In,Transfer,131.34,Belgium,Mobile App,0,0
T0007828,A002942,C01799,2026-07-20 01:52:01,Card Purchase,Travel,-172.33,Germany,Card Present,0,0
T0007672,A000147,C00089,2025-01-16 21:43:22,Transfer Out,Transfer,-447.34,Germany,Mobile App,0,0
T0000612,A000432,C00269,2026-01-20 18:08:25,Card Purchase,E-commerce,-63.15,Germany,Card Present,0,0
T0008361,A000843,C00514,2026-02-13 10:46:54,Card Purchase,Groceries,-87.61,Belgium,Card Present,0,0
T0009375,A003689,C02254,2026-04-04 16:27:06,Card Purchase,E-commerce,-44.06,Belgium,Card Present,0,0
T0003254,A003012,C01844,2025-10-28 22:12:34,Salary,Salary,2344.68,Belgium,Bank Transfer,0,0
T0000749,A001294,C00794,2026-07-10 19:31:12,Cash Withdrawal,Cash,-250,Germany,ATM,0,0
T0001709,A001947,C01194,2026-04-23 03:58:01,Transfer In,Transfer,688.85,Netherlands,Mobile App,0,0
T0009117,A002675,C01633,2025-11-22 11:47:42,Transfer Out,Transfer,-234.95,Germany,Bank Transfer,0,0
T0006429,A000253,C00159,2025-04-08 09:32:45,Transfer Out,Transfer,-610.24,Belgium,Mobile App,0,0
T0004361,A000669,C00410,2026-08-16 11:48:08,Card Purchase,Fuel,-118.95,Netherlands,Online,0,0
T0007533,A001201,C00731,2024-02-01 21:10:05,Transfer In,Transfer,882.17,France,Mobile App,0,0
T0009407,A003069,C01882,2026-03-10 15:33:29,Card Purchase,Groceries,-91.89,Germany,Card Present,0,0
T0007611,A002030,C01245,2024-12-08 05:03:30,Card Purchase,Healthcare,-78.7,Belgium,Card Present,0,0
T0004899,A002868,C01751,2024-03-17 18:17:02,Transfer In,Transfer,387.9,Belgium,Bank Transfer,0,0
T0000848,A000044,C00026,2025-04-15 06:27:31,Transfer In,Transfer,1774.63,Belgium,Bank Transfer,0,0
T0006103,A003106,C01901,2025-05-17 09:26:53,Transfer Out,Transfer,-1096.29,Germany,Bank Transfer,0,0
T0007258,A003344,C02047,2024-09-27 13:09:22,Transfer In,Transfer,301.91,Belgium,Mobile App,0,0
T0008475,A000530,C00327,2024-11-17 00:27:09,Direct Debit,Telecom,-48.92,France,Direct Debit,0,0
T0003505,A003184,C01951,2024-07-24 14:13:19,Transfer Out,Transfer,-213.32,Belgium,Mobile App,0,0
T0006453,A000421,C00262,2024-09-30 02:30:20,Direct Debit,Telecom,-70.42,Belgium,Direct Debit,0,0
T0003489,A003451,C02110,2025-04-05 06:50:44,Card Purchase,Entertainment,-32.37,Belgium,Card Present,0,0
T0001495,A001599,C00984,2025-12-14 13:18:55,Card Purchase,Fuel,-43.52,Netherlands,Online,0,0
T0009532,A003481,C02129,2024-07-01 11:24:20,Transfer In,Transfer,450.84,Belgium,Mobile App,0,0
T0006564,A001948,C01195,2024-04-01 23:03:33,Direct Debit,Insurance,-132.77,Netherlands,Direct Debit,0,0
T0001880,A000029,C00018,2026-08-08 22:15:36,Transfer In,Transfer,809.27,Belgium,Bank Transfer,0,0
T0007698,A000770,C00472,2024-11-09 17:03:21,Card Purchase,Retail,-165.22,Belgium,Online,0,0
T0008701,A003288,C02015,2026-03-23 19:51:31,Direct Debit,Subscriptions,-19.24,France,Direct Debit,0,0
T0000618,A001080,C00658,2025-09-08 15:50:52,Transfer Out,Transfer,-322.27,Belgium,Mobile App,0,0
T0007113,A002031,C01246,2026-08-22 15:17:02,Card Purchase,Travel,-115.74,Belgium,Online,0,0
T0000506,A003653,C02234,2026-03-17 13:08:20,Card Purchase,Groceries,-27.85,Belgium,Card Present,0,0
T0007615,A002029,C01245,2025-11-20 02:03:19,Transfer In,Transfer,351.19,Belgium,Bank Transfer,0,0
T0004217,A000316,C00195,2025-12-11 02:03:38,Transfer Out,Transfer,-96.34,Belgium,Bank Transfer,0,0
T0004975,A002851,C01742,2025-04-17 07:34:11,Transfer In,Transfer,557.04,Netherlands,Bank Transfer,0,0
T0005661,A000472,C00291,2026-01-16 20:14:24,Card Purchase,Entertainment,-57.37,Germany,Online,0,0
T0007464,A002425,C01488,2025-08-12 14:22:04,Card Purchase,E-commerce,-120.71,Belgium,Online,0,0
T0000337,A000415,C00258,2024-02-19 22:44:09,Card Purchase,E-commerce,-132.14,Belgium,Card Present,0,0
T0001472,A001504,C00924,2025-11-21 16:35:10,Transfer In,Transfer,200.55,Belgium,Mobile App,0,0
T0007003,A003219,C01973,2025-09-02 19:46:10,Direct Debit,Utilities,-149.9,France,Direct Debit,0,0
T0007752,A001373,C00842,2025-06-07 00:30:10,Transfer Out,Transfer,-395.42,Germany,Mobile App,0,0
T0001073,A001733,C01071,2025-09-02 18:45:15,Transfer Out,Transfer,-219.31,Luxembourg,Bank Transfer,0,0
T0001802,A002280,C01401,2024-05-27 06:34:47,Card Purchase,Retail,-95.9,France,Online,0,0
T0003942,A003856,C02356,2026-05-28 04:03:11,Transfer In,Transfer,366.1,France,Mobile App,0,0
T0008796,A000524,C00324,2024-05-31 06:57:44,Card Purchase,Groceries,-111.02,Luxembourg,Card Present,0,0
T0001581,A003013,C01845,2024-06-05 15:15:42,Card Purchase,Healthcare,-111.39,Netherlands,Card Present,0,0
T0002560,A002025,C01243,2024-10-31 06:31:35,Card Purchase,E-commerce,-164.69,Germany,Online,0,0
T0009301,A003217,C01971,2024-05-29 18:14:49,Transfer In,Transfer,1262.73,Germany,Mobile App,0,0
T0007243,A001821,C01123,2024-02-27 04:26:24,Transfer Out,Transfer,-177.62,France,Mobile App,0,0
T0001853,A003697,C02259,2024-09-14 16:42:33,Transfer In,Transfer,1326.87,Netherlands,Bank Transfer,0,0
T0002579,A000203,C00128,2024-07-30 03:59:21,Card Purchase,Fuel,-58.91,Belgium,Online,0,0
T0009919,A003921,C02399,2024-08-25 06:26:44,Transfer In,Transfer,279.05,Belgium,Bank Transfer,0,0
T0004344,A002426,C01489,2024-12-03 14:37:02,Card Purchase,E-commerce,-48.35,Netherlands,Online,0,0
T0005564,A003304,C02026,2024-02-05 06:51:41,Transfer Out,Transfer,-238.99,Belgium,Bank Transfer,0,0
T0004051,A003322,C02035,2024-11-05 21:58:06,Transfer In,Transfer,137.08,Netherlands,Bank Transfer,0,0
T0000542,A002276,C01399,2025-10-31 13:59:31,Card Purchase,Healthcare,-70.66,Germany,Card Present,0,0
T0005401,A001459,C00894,2024-11-25 14:47:23,Direct Debit,Telecom,-52.43,Luxembourg,Direct Debit,0,0
T0000656,A000837,C00510,2025-08-15 05:01:02,Direct Debit,Housing,-658.8,Belgium,Direct Debit,0,0
T0002500,A001828,C01128,2025-05-16 05:09:07,Card Purchase,Entertainment,-65.35,Netherlands,Online,0,0
T0002441,A003866,C02363,2024-03-28 17:17:55,Card Purchase,Dining,-52.96,Netherlands,Card Present,0,0
T0008075,A001341,C00824,2025-05-29 16:15:41,Card Purchase,Dining,-37.8,Germany,Card Present,0,0
T0004356,A002320,C01427,2024-04-20 23:06:07,Card Purchase,Entertainment,-30.78,Belgium,Mobile App,0,0
T0005285,A003619,C02213,2026-08-13 22:06:14,Card Purchase,Healthcare,-117.32,Belgium,Online,0,0
T0001139,A000969,C00592,2024-12-12 22:47:58,Card Purchase,Dining,-8.27,Netherlands,Card Present,0,0
T0006528,A000572,C00353,2025-10-02 21:15:32,Transfer Out,Transfer,-185.43,France,Mobile App,0,0
T0003480,A001891,C01161,2025-12-03 17:43:41,Card Purchase,E-commerce,-86.63,France,Online,0,0
T0007202,A002670,C01630,2024-01-11 04:52:25,Transfer Out,Transfer,-185.27,Belgium,Mobile App,0,0
T0005775,A002612,C01598,2024-02-26 02:36:48,Card Purchase,E-commerce,-73.31,France,Card Present,0,0
T0007543,A001876,C01152,2025-08-28 12:27:36,Transfer In,Transfer,591.05,Belgium,Bank Transfer,0,0
T0003620,A001481,C00911,2026-02-01 06:35:38,Card Purchase,Fuel,-51.21,France,Card Present,0,0
T0008443,A002051,C01258,2025-12-04 15:29:52,Transfer In,Transfer,298.04,Germany,Mobile App,0,0
T0002629,A003634,C02223,2026-01-16 07:23:31,Transfer In,Transfer,56.66,Belgium,Mobile App,0,0
T0001264,A000763,C00469,2025-06-23 02:56:56,Direct Debit,Insurance,-108.75,Germany,Direct Debit,0,0
T0004095,A002824,C01724,2025-04-07 05:55:54,Card Purchase,Groceries,-14.03,Belgium,Mobile App,0,0
T0007211,A003968,C02426,2024-06-06 18:31:08,Transfer In,Transfer,69.25,Netherlands,Mobile App,0,0
T0003402,A000373,C00233,2026-05-14 22:56:55,Transfer In,Transfer,432.2,France,Bank Transfer,0,0
T0002495,A001462,C00896,2024-06-19 08:22:37,Card Purchase,Travel,-328.23,Netherlands,Card Present,0,0
T0006748,A000526,C00325,2025-09-17 12:35:26,Card Purchase,Dining,-52.36,Netherlands,Card Present,0,0
T0009896,A003183,C01950,2024-08-29 10:53:55,Salary,Salary,3272.5,France,Mobile App,0,0
T0002721,A003307,C02027,2025-05-20 21:02:05,Card Purchase,Travel,-503.18,Belgium,Online,0,0
T0009165,A003100,C01897,2026-05-10 13:45:10,Card Purchase,Retail,-28.86,Luxembourg,Mobile App,0,0
T0002581,A000464,C00287,2025-12-22 06:49:59,Transfer In,Transfer,265.55,Germany,Mobile App,0,0
T0008578,A003034,C01859,2024-09-30 21:30:51,Cash Withdrawal,Cash,-60,Netherlands,ATM,0,0
T0007643,A003522,C02154,2024-10-03 22:48:03,Transfer Out,Transfer,-902.27,Germany,Mobile App,0,0
T0008965,A002962,C01811,2024-03-07 11:10:14,Card Purchase,Travel,-139.97,Germany,Card Present,0,0
T0002952,A002319,C01427,2026-08-30 19:03:50,Transfer Out,Transfer,-479.98,Belgium,Bank Transfer,0,0
T0003358,A002882,C01759,2025-09-29 07:34:14,Card Purchase,Entertainment,-34.96,Belgium,Card Present,0,0
T0004658,A000133,C00080,2025-01-25 12:54:24,Card Purchase,Retail,-154.68,Belgium,Online,0,0
T0002267,A002082,C01277,2026-04-24 12:34:27,Interest,Interest,1.89,France,Mobile App,0,0
T0005003,A003000,C01836,2026-06-17 17:58:09,Card Purchase,Retail,-132.78,Germany,Card Present,0,0
T0002132,A001673,C01028,2025-02-03 04:57:28,Direct Debit,Utilities,-161.08,Belgium,Direct Debit,0,0
T0002115,A003665,C02241,2024-11-30 10:21:59,Transfer In,Transfer,564.24,Belgium,Mobile App,0,0
T0006432,A003511,C02147,2025-03-16 07:27:06,Interest,Interest,9.88,Germany,Bank Transfer,0,0
T0002551,A001961,C01202,2026-07-21 19:39:20,Card Purchase,Fuel,-77.43,Netherlands,Online,0,0
T0002835,A001226,C00747,2024-06-05 12:10:32,Card Purchase,Dining,-24.53,Belgium,Mobile App,0,0
T0004670,A003290,C02016,2025-06-16 00:50:46,Transfer Out,Transfer,-200.37,Netherlands,Bank Transfer,0,0
T0001932,A002833,C01730,2025-09-02 15:51:40,Cash Withdrawal,Cash,-250,Belgium,ATM,0,0
T0004365,A003622,C02215,2026-04-12 13:47:28,Card Purchase,Retail,-25.79,Belgium,Mobile App,0,0
T0002238,A003283,C02013,2024-06-13 15:31:02,Card Purchase,Retail,-112.07,Netherlands,Online,0,0
T0005823,A001036,C00632,2025-04-02 23:35:49,Transfer Out,Transfer,-113.21,Belgium,Bank Transfer,0,0
T0003861,A003763,C02298,2026-04-21 11:30:08,Card Purchase,Travel,-212.79,France,Card Present,0,0
T0008153,A003939,C02410,2026-04-10 18:03:41,Card Purchase,Fuel,-35.39,Belgium,Card Present,0,0
T0007636,A000055,C00033,2025-08-21 01:00:14,Transfer Out,Transfer,-432.48,Belgium,Mobile App,0,0
T0009731,A001121,C00683,2026-06-09 00:07:51,Transfer Out,Transfer,-302.47,Belgium,Bank Transfer,0,0
T0002622,A001342,C00825,2024-10-29 11:46:07,Transfer Out,Transfer,-312.3,Belgium,Mobile App,0,0
T0004733,A001248,C00763,2024-04-15 09:15:11,Transfer Out,Transfer,-232.81,Belgium,Mobile App,0,0
T0007603,A000170,C00104,2024-03-31 01:04:23,Card Purchase,Entertainment,-138.8,Belgium,Card Present,0,0
T0009369,A000270,C00168,2024-10-25 14:12:30,Transfer In,Transfer,444.23,Belgium,Mobile App,0,0
T0008652,A000529,C00327,2024-04-09 14:46:41,Transfer In,Transfer,28.75,France,Bank Transfer,0,0
T0003680,A002001,C01228,2025-09-18 23:18:06,Transfer Out,Transfer,-856.11,Belgium,Mobile App,0,0
T0009480,A000018,C00010,2024-01-09 11:00:08,Transfer Out,Transfer,-430.07,Netherlands,Bank Transfer,0,0
T0000876,A001045,C00637,2024-07-04 02:14:36,Card Purchase,Retail,-155.44,Germany,Card Present,0,0
T0000478,A002421,C01486,2025-08-17 03:19:41,Transfer Out,Transfer,-396.08,Luxembourg,Mobile App,0,0
T0008782,A000908,C00555,2025-07-22 06:11:42,Transfer In,Transfer,331.48,Belgium,Mobile App,0,0
T0005953,A004088,C02500,2024-09-17 21:58:54,Card Purchase,Fuel,-23.73,Germany,Online,0,0
T0000923,A001608,C00990,2024-07-25 21:45:56,Transfer In,Transfer,462.27,Netherlands,Mobile App,0,0
T0000414,A003869,C02364,2026-07-27 15:04:45,Transfer In,Transfer,370.46,Netherlands,Bank Transfer,0,0
T0000583,A000666,C00408,2025-09-01 06:32:26,Card Purchase,Retail,-94.18,Germany,Online,0,0
T0001979,A001582,C00973,2026-06-12 15:45:44,Direct Debit,Subscriptions,-12.99,Belgium,Direct Debit,0,0
T0000754,A002279,C01401,2025-02-17 09:04:11,Transfer In,Transfer,90.22,France,Mobile App,0,0
T0008201,A002665,C01628,2025-11-30 13:26:15,Transfer Out,Transfer,-512.76,France,Mobile App,0,0
T0005403,A002004,C01230,2025-11-11 07:37:40,Transfer Out,Transfer,-345.12,Germany,Mobile App,0,0
T0001960,A000973,C00595,2024-01-20 01:39:08,Direct Debit,Utilities,-182.55,Belgium,Direct Debit,0,0
T0004407,A001831,C01129,2025-01-12 05:37:21,Interest,Interest,0.92,Netherlands,Mobile App,0,0
T0006251,A002880,C01758,2024-10-27 08:24:16,Transfer Out,Transfer,-354.89,Germany,Bank Transfer,0,0
T0005302,A003541,C02165,2025-10-31 17:06:12,Transfer In,Transfer,1419.38,Netherlands,Bank Transfer,0,0
T0006367,A003214,C01969,2025-08-26 04:22:54,Transfer In,Transfer,150.32,Germany,Bank Transfer,0,0
T0000046,A000414,C00258,2024-10-30 17:14:13,Interest,Interest,8.3,Belgium,Mobile App,0,0
T0001576,A000925,C00565,2024-08-29 17:05:31,Card Purchase,Groceries,-113.14,Belgium,Card Present,0,0
T0002432,A000526,C00325,2025-06-11 03:06:55,Card Purchase,Fuel,-46.55,Netherlands,Card Present,0,0
T0003308,A003746,C02289,2024-12-19 03:36:32,Card Purchase,Travel,-385.35,Netherlands,Card Present,0,0
T0006982,A002037,C01250,2024-08-04 15:36:10,Card Purchase,Travel,-274.95,Netherlands,Online,0,0
T0007920,A002652,C01622,2024-02-29 14:15:44,Salary,Salary,6721.01,Belgium,Bank Transfer,0,0
T0000903,A001485,C00913,2024-04-23 13:18:00,Card Purchase,Travel,-81.71,Belgium,Card Present,0,0
T0004385,A003679,C02250,2024-04-12 22:25:43,Interest,Interest,11.42,Belgium,Mobile App,0,0
T0003544,A000784,C00481,2024-01-12 17:10:48,Transfer In,Transfer,222.81,Luxembourg,Bank Transfer,0,0
T0009391,A001150,C00702,2025-03-30 21:48:32,Cash Withdrawal,Cash,-200,Netherlands,ATM,0,0
T0003772,A001959,C01202,2024-07-07 23:00:09,Transfer In,Transfer,450.48,Netherlands,Mobile App,0,0
T0004745,A001609,C00990,2025-11-11 22:42:52,Card Purchase,E-commerce,-193.93,Netherlands,Card Present,0,0
T0002906,A000482,C00299,2025-08-04 19:29:52,Transfer In,Transfer,247.48,Belgium,Mobile App,0,0
T0001612,A003113,C01904,2025-01-31 22:46:22,Transfer Out,Transfer,-415.81,France,Mobile App,0,0
T0004161,A002696,C01647,2025-08-27 09:21:31,Card Purchase,Dining,-20.32,Germany,Card Present,0,0
T0008502,A002572,C01579,2025-08-08 04:14:51,Card Purchase,Dining,-27.75,Belgium,Card Present,0,0
T0001640,A003759,C02295,2026-03-12 06:46:02,Direct Debit,Subscriptions,-18.51,Belgium,Direct Debit,0,0
T0002224,A000360,C00225,2024-11-13 20:57:40,Transfer In,Transfer,864.11,France,Bank Transfer,0,0
T0006927,A002818,C01720,2025-08-14 19:59:25,Transfer Out,Transfer,-364.82,France,Bank Transfer,0,0
T0002020,A001512,C00929,2025-03-31 15:01:09,Transfer In,Transfer,133.62,Belgium,Bank Transfer,0,0
T0003946,A002455,C01508,2025-02-14 03:27:20,Transfer Out,Transfer,-330.66,Belgium,Bank Transfer,0,0
T0006146,A002081,C01277,2026-03-01 14:43:09,Direct Debit,Telecom,-63.98,France,Direct Debit,0,0
T0005820,A003995,C02442,2025-10-03 01:13:36,Transfer In,Transfer,1093.76,Belgium,Bank Transfer,0,0
T0000111,A003642,C02227,2025-08-12 19:26:16,Card Purchase,Healthcare,-60.16,Belgium,Online,0,0
T0002683,A002674,C01633,2026-03-19 01:13:15,Card Purchase,Travel,-166.66,Spain,Online,1,0
T0004544,A001960,C01202,2024-01-08 08:30:39,Card Purchase,Entertainment,-54.47,Netherlands,Card Present,0,0
T0007554,A002208,C01355,2024-11-02 13:07:25,Card Purchase,Groceries,-127.48,Netherlands,Card Present,0,0
T0004027,A003061,C01877,2024-10-13 11:28:43,Salary,Salary,4034.76,France,Bank Transfer,0,0
T0007148,A004039,C02466,2024-06-21 10:32:39,Card Purchase,Entertainment,-57.19,France,Card Present,0,0
T0004232,A002731,C01668,2026-03-03 08:27:06,Direct Debit,Telecom,-59.88,Luxembourg,Direct Debit,0,0
T0003574,A002047,C01255,2025-10-06 04:37:55,Transfer In,,274.03,Germany,Mobile App,0,0
T0006445,A003732,C02280,2025-12-04 21:29:27,Transfer Out,Transfer,-202.61,Belgium,Bank Transfer,0,0
T0006080,A000828,C00505,2024-12-13 00:06:06,Salary,Salary,2545.09,Netherlands,Bank Transfer,0,0
T0006285,A003888,C02377,2025-09-15 03:27:49,Transfer In,Transfer,436.03,France,Bank Transfer,0,0
T0002854,A001322,C00814,2024-02-29 06:50:22,Transfer In,Transfer,524.02,Germany,Bank Transfer,0,0
T0009139,A002755,C01683,2024-12-16 08:23:20,Card Purchase,Groceries,-404.42,Belgium,Card Present,0,0
T0005745,A000776,C00475,2024-02-16 20:57:40,Interest,Interest,0.59,,Bank Transfer,0,0
T0005639,A002248,C01381,2026-07-08 05:15:45,Salary,Salary,5047.13,France,Bank Transfer,0,0
T0002317,A002285,C01404,2024-03-07 08:05:24,Direct Debit,Housing,-993.38,Luxembourg,Direct Debit,0,0
T0008010,A003192,C01956,2024-03-26 18:25:42,Card Purchase,E-commerce,-247.9,Germany,Mobile App,0,0
T0007337,A000915,C00559,2024-07-29 01:38:56,Transfer Out,Transfer,-262.77,Germany,Mobile App,0,0
T0002360,A003541,C02165,2026-01-23 12:33:04,Direct Debit,Utilities,-165.7,Netherlands,Direct Debit,0,0
T0005418,A002180,C01336,2025-05-02 04:51:13,Card Purchase,Healthcare,-49.42,Belgium,Online,0,0
T0004505,A001829,C01128,2025-02-09 18:58:06,Card Purchase,Entertainment,-109.2,Italy,Card Present,1,0
T0000966,A003616,C02212,2024-05-17 08:32:57,Transfer In,Transfer,152.21,Netherlands,Mobile App,0,0
T0001188,A002690,C01642,2026-04-01 22:05:05,Transfer Out,Transfer,-124.05,Belgium,Mobile App,0,0
T0007170,A000243,C00153,2024-12-28 02:36:26,Transfer In,Transfer,440.72,Germany,Bank Transfer,0,0
T0004514,A002745,C01677,2026-03-08 14:29:57,Card Purchase,Healthcare,-62.61,Belgium,Card Present,0,0
T0003456,A001987,C01217,2024-09-21 08:53:11,Direct Debit,Utilities,-112.24,Belgium,Direct Debit,0,0
T0008240,A002561,C01571,2026-02-17 06:52:21,Direct Debit,Telecom,-83.08,Luxembourg,Direct Debit,0,0
T0001092,A002029,C01245,2025-06-15 14:21:28,Transfer Out,Transfer,-615.15,Belgium,Mobile App,0,0
T0004282,A001649,C01013,2025-07-09 23:16:47,Transfer In,Transfer,181.04,France,Mobile App,0,0
T0008484,A002837,C01732,2024-04-18 18:29:18,Transfer In,Transfer,230.83,Belgium,Bank Transfer,0,0
T0003377,A000867,C00530,2024-10-01 22:23:04,Transfer In,Transfer,838.39,France,Bank Transfer,0,0
T0004852,A000565,C00348,2025-09-08 12:17:53,Card Purchase,E-commerce,-106.07,Belgium,Card Present,0,0
T0008379,A000237,C00150,2024-07-10 13:43:35,Direct Debit,Insurance,-132.35,Germany,Direct Debit,0,0
T0007200,A001559,C00957,2024-08-08 10:44:33,Transfer Out,Transfer,-69.39,Netherlands,Mobile App,0,0
T0009972,A002592,C01587,2024-04-25 20:45:37,Card Purchase,Retail,-93.55,Netherlands,Card Present,0,0
T0002533,A000041,C00023,2024-06-10 00:07:53,Card Purchase,Dining,-45.06,France,Online,1,0
T0004315,A001841,C01134,2024-07-30 20:44:30,Transfer In,Transfer,381.82,Netherlands,Bank Transfer,0,0
T0003222,A000654,C00402,2024-08-08 05:18:44,Direct Debit,Insurance,-93.43,Netherlands,Direct Debit,0,0
T0001728,A003220,C01974,2025-02-03 19:32:42,Transfer Out,Transfer,-212.91,Netherlands,Bank Transfer,0,0
T0001192,A003267,C02002,2026-05-15 21:46:14,Transfer Out,Transfer,-200.78,Belgium,Bank Transfer,0,0
T0005080,A001544,C00948,2026-06-18 07:36:12,Direct Debit,Housing,-737.21,Belgium,Direct Debit,0,0
T0006990,A001324,C00815,2025-12-31 16:14:24,Card Purchase,E-commerce,-91.47,Belgium,Card Present,0,0
T0000643,A002557,C01568,2024-05-09 00:45:16,Transfer Out,Transfer,-167.76,Luxembourg,Bank Transfer,0,0
T0008069,A004075,C02491,2025-08-26 11:39:11,Direct Debit,Insurance,-121.78,Belgium,Direct Debit,0,0
T0009575,A003861,C02359,2025-03-29 15:25:56,Transfer Out,Transfer,-745.46,Belgium,Bank Transfer,0,0
T0003048,A002236,C01373,2025-02-14 11:08:55,Transfer In,Transfer,432.82,Belgium,Bank Transfer,0,0
T0007954,A002591,C01587,2024-07-16 07:34:37,Cash Withdrawal,Cash,-20,Netherlands,ATM,0,0
T0005233,A003421,C02091,2024-09-03 10:32:50,Direct Debit,Housing,-1168.26,Germany,Direct Debit,0,0
T0008472,A000782,C00479,2024-06-10 23:31:57,Transfer Out,Transfer,-576.81,Belgium,Mobile App,0,0
T0005939,A003105,C01900,2024-09-02 22:02:37,Direct Debit,Housing,-1082.6,Belgium,Direct Debit,0,0
T0009968,A002837,C01732,2026-06-08 22:36:49,Transfer In,Transfer,2099.17,Belgium,Bank Transfer,0,0
T0004763,A003111,C01903,2024-04-08 11:04:22,Card Purchase,Retail,-86.39,Belgium,Online,0,0
T0000473,A003656,C02236,2026-02-28 13:37:16,Transfer Out,Transfer,-102.67,France,Mobile App,0,0
T0002748,A000558,C00344,2024-03-24 15:35:09,Card Purchase,E-commerce,-330.08,Luxembourg,Online,0,0
T0009572,A001436,C00880,2025-04-03 05:12:15,Direct Debit,Telecom,-51.11,Belgium,Direct Debit,0,0
T0001308,A000741,C00453,2024-02-29 15:41:41,Interest,Interest,0.52,Belgium,Mobile App,0,0
T0008820,A003731,C02279,2025-10-09 17:36:20,Transfer In,Transfer,1048.9,Germany,Bank Transfer,0,0
T0006101,A001854,C01141,2025-11-20 08:30:09,Transfer Out,Transfer,-467.99,Netherlands,Bank Transfer,0,0
T0003280,A001077,C00655,2024-08-28 11:14:24,Transfer Out,Transfer,-56.05,Netherlands,Bank Transfer,0,0
T0004526,A000586,C00361,2026-08-20 01:15:45,Transfer Out,Transfer,-219.62,France,Bank Transfer,0,0
T0005232,A000080,C00047,2024-03-02 10:32:45,Transfer In,Transfer,244.74,Belgium,Mobile App,0,0
T0006492,A000500,C00312,2026-06-28 18:08:11,Transfer Out,Transfer,-949.52,Belgium,Bank Transfer,0,0
T0002239,A002819,C01720,2024-05-11 23:51:09,Card Purchase,Travel,-197.4,France,Online,0,0
T0009129,A001126,C00686,2025-04-24 18:49:19,Card Purchase,Retail,-27.95,Germany,Online,0,0
T0008787,A003899,C02386,2026-04-26 13:52:28,Transfer In,Transfer,123.98,Luxembourg,Bank Transfer,0,0
T0005393,A003686,C02253,2025-07-26 20:25:34,Card Purchase,Travel,-232.14,Belgium,Card Present,0,0
T0007245,A000099,C00059,2024-11-12 07:52:50,Transfer Out,Transfer,-146.93,Germany,Bank Transfer,0,0
T0007327,A003200,C01962,2026-05-10 11:25:51,Direct Debit,Housing,-1253.04,Netherlands,Direct Debit,0,0
T0002554,A001948,C01195,2025-03-22 02:25:49,Transfer Out,Transfer,-566.44,Netherlands,Bank Transfer,0,0
T0006398,A002407,C01478,2025-03-11 01:19:13,Card Purchase,Healthcare,-73.97,Netherlands,Card Present,0,0
T0006240,A001208,C00735,2025-03-29 02:06:40,Cash Withdrawal,Cash,-20,Netherlands,ATM,0,0
T0000829,A000947,C00578,2025-07-08 00:53:20,Direct Debit,Insurance,-74.18,Germany,Direct Debit,0,0
T0005028,A001210,C00737,2025-02-12 22:10:46,Interest,Interest,3.7,Belgium,Mobile App,0,0
T0008098,A001468,C00900,2025-02-13 14:47:55,Card Purchase,Entertainment,-17.77,Belgium,Card Present,0,0
T0009603,A002341,C01438,2024-09-04 06:42:06,Card Purchase,Fuel,-12.83,,Card Present,0,0
T0005894,A000877,C00537,2025-02-15 00:57:47,Interest,Interest,5.72,Belgium,Bank Transfer,0,0
T0008669,A000184,C00113,2026-01-24 04:06:03,Direct Debit,Housing,-905.62,Germany,Direct Debit,0,0
T0009365,A000715,C00437,2024-10-11 09:19:10,Card Purchase,Fuel,-119.36,Belgium,Online,0,0
T0005526,A001230,C00750,2025-06-30 21:18:42,Transfer Out,Transfer,-290.25,Belgium,Mobile App,0,0
T0005449,A001671,C01027,2026-06-02 18:51:24,Card Purchase,Entertainment,-21.09,Belgium,Online,0,0
T0009958,A000845,C00516,2024-11-24 11:01:30,Transfer In,Transfer,375.71,France,Mobile App,0,0
T0007132,A003445,C02108,2024-12-20 17:29:07,Direct Debit,Housing,-837.67,Belgium,Direct Debit,0,0
T0006604,A001310,C00806,2025-12-06 23:58:27,Direct Debit,Housing,-624.72,France,Direct Debit,0,0
T0001726,A002526,C01548,2024-05-09 13:13:44,Card Purchase,Dining,-31.52,Netherlands,Online,0,0
T0008191,A001587,C00976,2024-12-24 07:15:56,Card Purchase,Dining,-23.98,Belgium,Card Present,0,0
T0005082,A002457,C01508,2026-03-26 10:55:44,Card Purchase,Groceries,-101.62,Belgium,Card Present,0,0
T0003847,A003089,C01892,2025-08-16 05:06:26,Direct Debit,Telecom,-83.35,Netherlands,Direct Debit,0,0
T0009672,A001026,C00627,2024-10-13 06:25:57,Direct Debit,Insurance,-108.86,Germany,Direct Debit,0,0
T0005350,A000398,C00248,2024-05-10 19:44:07,Transfer Out,Transfer,-269.86,Germany,Mobile App,0,0
T0001922,A002542,C01558,2026-08-09 07:22:10,Card Purchase,E-commerce,-111.89,France,Card Present,0,0
T0007569,A002528,C01549,2024-01-06 08:37:46,Transfer In,Transfer,173.53,Germany,Bank Transfer,0,0
T0007023,A001518,C00932,2025-01-28 19:02:58,Card Purchase,Entertainment,-12.47,Germany,Online,0,0
T0008013,A000400,C00249,2026-06-08 02:41:28,Card Purchase,Fuel,-41.6,Netherlands,Online,0,0
T0007154,A000773,C00474,2026-04-03 00:59:32,Transfer In,Transfer,204.14,Netherlands,Bank Transfer,0,0
T0002595,A004006,C02450,2026-04-17 19:30:36,Transfer In,Transfer,41.01,Netherlands,Bank Transfer,0,0
T0002655,A002435,C01496,2024-02-14 18:40:06,Card Purchase,Retail,-89.98,Luxembourg,Card Present,0,0
T0000193,A003876,C02368,2025-02-20 03:16:53,Card Purchase,Dining,-69.29,Germany,Card Present,0,0
T0001091,A001423,C00873,2025-06-29 11:03:47,Card Purchase,Healthcare,-20.37,France,Card Present,0,0
T0004308,A001751,C01082,2026-02-12 13:51:29,Transfer Out,Transfer,-839.69,Belgium,Bank Transfer,0,0
T0004616,A000198,C00124,2025-12-24 04:22:05,Transfer In,Transfer,376.24,Netherlands,Bank Transfer,0,0
T0005236,A000043,C00025,2024-05-07 06:40:03,Transfer In,Transfer,301.55,Germany,Bank Transfer,0,0
T0003806,A002756,C01684,2024-10-06 13:05:33,Transfer In,Transfer,166.3,Germany,Bank Transfer,0,0
T0006061,A000704,C00430,2025-02-22 09:56:34,Card Purchase,Fuel,-70.42,Luxembourg,Online,0,0
T0006373,A001173,C00715,2025-03-03 16:14:57,Cash Withdrawal,Cash,-60,Netherlands,ATM,0,0
T0002363,A001940,C01189,2024-03-06 02:00:35,Card Purchase,E-commerce,-51.86,Netherlands,Card Present,0,0
T0003824,A001240,C00756,2025-02-25 16:12:22,Card Purchase,Healthcare,-58.99,Netherlands,Card Present,0,0
T0001560,A003588,C02194,2026-05-13 21:57:35,Transfer In,Transfer,151.29,Luxembourg,Mobile App,0,0
T0007456,A002062,C01266,2025-07-24 10:23:37,Transfer Out,Transfer,-757.03,Luxembourg,Bank Transfer,0,0
T0004340,A000501,C00312,2025-08-16 18:02:12,Cash Withdrawal,Cash,-20,Belgium,ATM,0,0
T0009194,A000657,C00404,2024-06-03 09:56:35,Transfer In,Transfer,1193.02,Belgium,Mobile App,0,1
T0007391,A000775,C00475,2026-03-15 22:22:44,Cash Withdrawal,Cash,-40,Belgium,ATM,0,0
T0004640,A002924,C01786,2025-11-13 19:24:51,Transfer In,Transfer,179.25,Belgium,Bank Transfer,0,0
T0000400,A002670,C01630,2025-04-20 14:10:25,Transfer Out,Transfer,-609.34,Belgium,Mobile App,0,0
T0009631,A002605,C01595,2025-02-05 07:58:57,Interest,Interest,2.08,France,Mobile App,0,0
T0000672,A002050,C01257,2026-07-19 23:35:42,Transfer Out,Transfer,-541.32,Netherlands,Bank Transfer,0,0
T0004910,A000784,C00481,2024-07-27 08:20:44,Transfer Out,Transfer,-194.4,Luxembourg,Bank Transfer,0,0
T0006068,A003226,C01977,2024-01-26 09:56:49,Card Purchase,Healthcare,-49.61,Belgium,Online,0,0
T0000962,A001749,C01080,2024-05-23 22:01:51,Interest,Interest,5.76,Netherlands,Bank Transfer,0,0
T0008632,A002751,C01681,2024-11-13 09:12:06,Direct Debit,Telecom,-79.04,France,Direct Debit,0,0
T0007726,A001996,C01225,2026-02-12 20:59:54,Direct Debit,Subscriptions,-26.89,,Direct Debit,0,0
T0005647,A001574,C00968,2025-10-21 00:57:05,Card Purchase,Groceries,-120.56,France,Card Present,0,0
T0002014,A000896,C00548,2024-07-03 09:10:17,Transfer In,Transfer,374.25,France,Mobile App,0,0
T0002577,A001275,C00782,2026-08-29 20:34:03,Salary,Salary,4330.54,Netherlands,Mobile App,0,0
T0004372,A002030,C01245,2024-09-22 02:41:01,Transfer In,Transfer,134.52,Belgium,Bank Transfer,0,1
T0002572,A002344,C01439,2024-07-05 12:28:49,Card Purchase,Travel,-87.25,Belgium,Card Present,0,0
T0008485,A002152,C01321,2024-08-13 04:49:15,Transfer Out,Transfer,-260.38,France,Mobile App,0,0
T0004283,A003788,C02314,2025-10-09 17:48:06,Transfer Out,Transfer,-247.59,Netherlands,Mobile App,0,0
T0004408,A003130,C01913,2025-01-05 14:28:18,Transfer Out,Transfer,-349.0,Belgium,Mobile App,0,0
T0006150,A001415,C00868,2025-03-26 17:17:33,Interest,Interest,1.45,Belgium,Mobile App,0,0
T0002208,A003403,C02080,2024-10-15 13:46:03,Transfer Out,Transfer,-53.88,Belgium,Mobile App,0,0
T0009683,A003317,C02032,2026-04-14 03:45:16,Card Purchase,Groceries,-66.25,France,Card Present,0,0
T0004503,A002558,C01569,2025-05-01 10:01:39,Transfer Out,Transfer,-561.85,Belgium,Mobile App,0,0
T0004674,A001390,C00852,2024-08-24 02:52:49,Direct Debit,Insurance,-122.19,Belgium,Direct Debit,0,0
T0006962,A003656,C02236,2024-03-18 09:14:12,Card Purchase,Groceries,-26.23,France,Mobile App,0,0
T0009889,A003333,C02040,2025-01-05 06:27:18,Card Purchase,Entertainment,-21.83,Belgium,Card Present,0,0
T0001473,A003197,C01959,2024-08-01 00:19:52,Direct Debit,Housing,-887.21,Belgium,Direct Debit,0,0
T0003457,A000457,C00284,2025-11-04 07:18:55,Card Purchase,E-commerce,-121.39,Belgium,Card Present,0,0
T0005166,A001823,C01124,2026-08-26 15:01:55,Transfer Out,Transfer,-422.3,France,Mobile App,0,0
T0009927,A003587,C02194,2026-06-21 05:30:53,Transfer In,Transfer,516.52,Luxembourg,Bank Transfer,0,0
T0009864,A003786,C02312,2025-11-26 18:57:55,Transfer Out,Transfer,-149.76,Belgium,Mobile App,0,0
T0004605,A001989,C01219,2026-01-07 21:33:46,Direct Debit,Telecom,-46.04,Belgium,Direct Debit,0,0
T0009660,A002258,C01388,2024-05-09 23:52:36,Transfer In,Transfer,467.69,Netherlands,Mobile App,0,0
T0007734,A000554,C00343,2025-08-29 17:56:58,Transfer In,Transfer,892.49,Belgium,Mobile App,0,0
T0008607,A003582,C02191,2024-03-09 10:40:04,Direct Debit,Subscriptions,-21.51,France,Direct Debit,0,0
T0006001,A000476,C00293,2025-06-19 13:58:53,Transfer In,Transfer,121.23,Germany,Bank Transfer,0,0
T0003849,A003074,C01885,2025-03-17 04:29:52,Transfer Out,Transfer,-192.21,Belgium,Mobile App,0,0
T0004725,A000545,C00337,2025-12-24 10:18:59,Transfer Out,Transfer,-36.93,France,Bank Transfer,0,0
T0008126,A001665,C01023,2024-04-26 21:15:11,Transfer Out,Transfer,-368.25,Netherlands,Mobile App,0,0
T0001320,A000358,C00223,2025-11-26 08:15:44,Direct Debit,Insurance,-193.87,Belgium,Direct Debit,0,0
T0008444,A000390,C00242,2026-01-12 11:24:09,Direct Debit,Telecom,-84.41,Belgium,Direct Debit,0,0
T0004013,A002329,C01432,2026-06-26 13:22:44,Transfer Out,Transfer,-68.25,Netherlands,Bank Transfer,0,0
T0001744,A001882,C01155,2024-11-03 12:11:59,Transfer Out,Transfer,-115.88,France,Mobile App,0,0
T0002546,A003966,C02425,2024-09-25 09:48:53,Transfer In,Transfer,243.98,Netherlands,Mobile App,0,0
T0007993,A002860,C01747,2026-04-16 21:01:59,Direct Debit,Utilities,-192.38,France,Direct Debit,0,0
T0009726,A003589,C02195,2025-04-26 22:14:43,Transfer Out,Transfer,-533.99,Netherlands,Bank Transfer,0,0
T0009677,A000678,C00416,2024-10-31 14:13:50,Card Purchase,Healthcare,-101.66,France,Online,0,0
T0001246,A002812,C01718,2024-12-28 23:28:10,Direct Debit,Subscriptions,-22.45,Netherlands,Direct Debit,0,0
T0004220,A002007,C01232,2025-06-04 17:57:59,Card Purchase,Fuel,-37.45,Belgium,Card Present,0,0
T0003401,A003209,C01966,2026-02-25 23:11:20,Transfer In,Transfer,2164.15,Belgium,Bank Transfer,0,0
T0002387,A003991,C02440,2024-03-13 18:55:34,Card Purchase,Healthcare,-55.7,Belgium,Card Present,0,0
T0006796,A003457,C02113,2026-06-23 01:07:27,Transfer In,Transfer,1159.98,France,Mobile App,0,0
T0009961,A003862,C02360,2024-02-15 07:27:35,Transfer In,Transfer,390.42,Belgium,Mobile App,0,0
T0002175,A002877,C01756,2025-01-26 06:36:17,Salary,Salary,3431.41,Germany,Mobile App,0,0
T0008313,A001739,C01074,2024-07-06 14:41:23,Transfer Out,Transfer,-1328.07,Belgium,Mobile App,0,0
T0009080,A003958,C02419,2026-04-27 13:58:20,Card Purchase,E-commerce,-68.1,Belgium,Mobile App,0,0
T0007331,A000511,C00318,2025-07-20 20:02:04,Card Purchase,Entertainment,-28.8,Belgium,Card Present,0,0
T0009570,A002116,C01299,2026-03-22 10:51:09,Transfer In,Transfer,258.33,France,Bank Transfer,0,0
T0001427,A003072,C01884,2026-01-03 03:46:29,Transfer In,Transfer,728.2,Luxembourg,Mobile App,0,0
T0005211,A003190,C01954,2024-01-16 06:30:48,Transfer In,Transfer,361.89,Luxembourg,Mobile App,0,0
T0002362,A003242,C01987,2024-12-15 04:39:09,Direct Debit,Utilities,-145.79,Belgium,Direct Debit,0,0
T0003319,A001386,C00849,2024-08-07 20:02:10,Transfer In,Transfer,83.36,France,Bank Transfer,0,0
T0008117,A002391,C01469,2025-08-26 16:15:52,Direct Debit,Utilities,-110.82,France,Direct Debit,0,0
T0007116,A001963,C01204,2024-08-03 11:59:47,Transfer In,Transfer,298.63,Belgium,Bank Transfer,0,0
T0005971,A000372,C00233,2025-06-21 14:31:34,Transfer Out,Transfer,-42.77,France,Mobile App,0,0
T0008872,A000638,C00392,2024-08-11 15:28:16,Direct Debit,Telecom,-82.85,Germany,Direct Debit,0,0
T0007833,A004040,C02466,2024-03-17 11:27:42,Transfer In,Transfer,375.1,France,Mobile App,0,0
T0009367,A002916,C01780,2024-05-07 19:47:32,Transfer In,Transfer,459.08,Belgium,Mobile App,0,0
T0006172,A002190,C01343,2025-10-29 02:46:46,Transfer Out,Transfer,-194.02,Luxembourg,Bank Transfer,0,0
T0004973,A002235,C01373,2025-10-05 21:12:11,Card Purchase,Retail,-195.66,Belgium,Online,0,0
T0008468,A002461,C01511,2025-04-07 12:37:49,Transfer Out,Transfer,-437.17,France,Mobile App,0,0
T0004625,A001525,C00937,2025-04-19 03:08:34,Transfer In,Transfer,91.78,Germany,Mobile App,0,0
T0005371,A000545,C00337,2024-02-16 16:32:34,Transfer In,Transfer,382.0,France,Bank Transfer,0,0
T0003563,A003029,C01855,2025-06-27 17:59:57,Card Purchase,Travel,-256.64,Belgium,Card Present,1,0
T0001254,A000436,C00271,2025-11-16 09:56:23,Transfer Out,Transfer,-408.64,France,Mobile App,0,0
T0000105,A003827,C02338,2025-05-09 12:57:37,Cash Withdrawal,Cash,-50,France,ATM,0,0
T0007910,A000877,C00537,2025-04-03 08:59:27,Transfer Out,Transfer,-239.77,Belgium,Mobile App,0,0
T0009081,A002523,C01546,2024-06-06 14:54:13,Transfer Out,Transfer,-77.64,Belgium,Mobile App,0,0
T0009801,A002096,C01287,2026-02-27 01:24:27,Transfer In,Transfer,466.73,Belgium,Bank Transfer,0,0
T0003950,A003239,C01984,2024-04-11 16:24:44,Card Purchase,Fuel,-56.44,Belgium,Card Present,0,0
T0002167,A003957,C02419,2024-11-14 09:18:46,Interest,Interest,14.71,Belgium,Bank Transfer,0,0
T0008625,A001397,C00856,2025-04-25 13:19:03,Transfer In,Transfer,231.86,Netherlands,Mobile App,0,0
T0004065,A002625,C01606,2026-06-29 21:44:57,Card Purchase,E-commerce,-78.55,Netherlands,Card Present,0,0
T0003470,A002678,C01635,2025-04-25 08:58:14,Salary,Salary,3382.89,Belgium,Mobile App,0,0
T0002353,A002769,C01694,2026-04-10 22:02:23,Transfer In,Transfer,762.43,Netherlands,Mobile App,0,0
T0001270,A003241,C01986,2025-10-05 06:13:29,Card Purchase,Retail,-49.66,Belgium,Online,0,0
T0005739,A003365,C02059,2024-07-17 06:58:42,Card Purchase,Dining,-33.37,Belgium,Online,0,0
T0003006,A002694,C01646,2025-02-20 00:12:14,Transfer Out,Transfer,-72.72,France,Mobile App,0,0
T0008615,A000317,C00195,2026-04-29 04:15:18,Transfer In,Transfer,873.07,Belgium,Mobile App,0,0
T0008168,A003585,C02192,2025-07-08 19:55:34,Card Purchase,Travel,-132.27,Belgium,Card Present,0,0
T0006891,A000291,C00182,2024-07-16 08:35:04,Transfer In,Transfer,407.24,Netherlands,Bank Transfer,0,0
T0009990,A001115,C00680,2024-04-13 07:37:58,Card Purchase,Fuel,-96.08,Belgium,Online,0,0
T0008367,A000809,C00493,2024-02-11 19:15:14,Salary,Salary,3313.13,France,Bank Transfer,0,0
T0002799,A001430,C00877,2025-05-21 04:53:24,Transfer In,Transfer,214.87,France,Mobile App,0,0
T0008427,A002099,C01289,2025-04-19 05:46:22,Direct Debit,Housing,-1046.62,France,Direct Debit,0,0
T0008285,A003567,C02181,2025-08-04 04:43:24,Cash Withdrawal,Cash,-20,Belgium,ATM,0,0
T0005331,A003546,C02167,2026-06-25 09:22:48,Transfer Out,Transfer,-912.71,Netherlands,Mobile App,0,0
T0006531,A001351,C00828,2024-04-14 03:54:21,Transfer In,Transfer,321.08,Belgium,Bank Transfer,0,0
T0002811,A001117,C00681,2025-10-06 21:45:25,Card Purchase,E-commerce,-95.28,Netherlands,Card Present,0,0
T0003864,A002630,C01608,2026-05-16 05:55:32,Transfer Out,Transfer,-696.78,Germany,Mobile App,0,0
T0003735,A002960,C01809,2025-06-21 10:01:41,Transfer In,Transfer,1267.43,Netherlands,Bank Transfer,0,0
T0000893,A000294,C00184,2024-03-18 11:55:44,Interest,Interest,1.12,Netherlands,Mobile App,0,0
T0007156,A002176,C01333,2025-10-17 05:35:13,Card Purchase,Healthcare,-156.13,Germany,Card Present,0,0
T0007729,A000293,C00183,2026-06-24 10:56:41,Transfer In,Transfer,648.4,Belgium,Bank Transfer,0,0
T0005630,A000310,C00192,2026-07-18 17:55:34,Transfer In,Transfer,266.92,Netherlands,Bank Transfer,0,0
T0005897,A001709,C01054,2026-04-27 22:21:50,Direct Debit,Telecom,-90.01,Germany,Direct Debit,0,0
T0001291,A001847,C01137,2026-08-26 07:41:14,Salary,Salary,5490.82,Belgium,Bank Transfer,0,0
T0003704,A003383,C02069,2026-08-29 12:03:13,Transfer In,Transfer,94.4,Netherlands,Bank Transfer,0,0
T0007970,A000221,C00139,2026-02-14 14:20:38,Transfer In,Transfer,308.49,France,Bank Transfer,0,0
T0001325,A003193,C01956,2025-07-07 10:03:38,Transfer Out,Transfer,-336.8,Germany,Bank Transfer,0,0
T0007086,A003134,C01915,2026-02-18 01:28:33,Card Purchase,E-commerce,-71.74,Belgium,Online,0,0
T0009208,A000067,C00039,2024-11-04 13:29:17,Direct Debit,Telecom,-78.34,Germany,Direct Debit,0,0
T0002030,A002651,C01621,2026-03-04 07:22:42,Card Purchase,E-commerce,-166.25,Spain,Card Present,1,0
T0009755,A000161,C00098,2025-09-30 17:20:49,Transfer Out,Transfer,-216.09,Belgium,Bank Transfer,0,0
T0003980,A000265,C00165,2025-09-20 19:37:28,Card Purchase,Groceries,-44.02,France,Online,0,0
T0005810,A002187,C01341,2026-08-21 19:42:00,Direct Debit,Housing,-791.22,Germany,Direct Debit,0,0
T0007330,A000209,C00131,2024-08-06 06:58:44,Salary,Salary,5266.98,Luxembourg,Mobile App,0,0
T0005068,A002914,C01779,2025-05-24 10:13:48,Interest,Interest,13.61,Netherlands,Bank Transfer,0,0
T0005813,A000123,C00074,2025-05-06 09:44:04,Transfer In,Transfer,244.41,Belgium,Mobile App,0,0
T0003855,A003531,C02159,2026-08-21 08:04:29,Transfer In,Transfer,748.8,Germany,Bank Transfer,0,0
T0002735,A003945,C02413,2024-11-01 20:49:21,Card Purchase,E-commerce,-252.95,Belgium,Card Present,0,0
T0002442,A003461,C02115,2024-07-12 23:28:30,Interest,Interest,9.5,Germany,Mobile App,0,0
T0003122,A001353,C00829,2024-09-19 11:37:15,Direct Debit,Telecom,-59.95,Belgium,Direct Debit,0,0
T0006060,A001405,C00863,2026-07-29 12:23:23,Transfer In,Transfer,1029.41,Netherlands,Bank Transfer,0,0
T0000572,A001034,C00631,2024-09-16 08:09:22,Transfer Out,Transfer,-475.57,Belgium,Mobile App,0,0
T0006665,A001304,C00802,2025-07-21 12:32:00,Card Purchase,Travel,-187.5,Germany,Online,0,0
T0001917,A003541,C02165,2025-05-24 21:48:53,Transfer In,Transfer,554.98,Netherlands,Mobile App,0,0
T0003039,A000451,C00281,2026-02-09 19:53:40,Transfer Out,Transfer,-349.39,Belgium,Mobile App,0,0
T0002625,A003864,C02361,2026-06-25 12:47:08,Transfer Out,Transfer,-245.08,Netherlands,Mobile App,0,0
T0004238,A002332,C01434,2025-12-14 11:21:42,Transfer Out,Transfer,-96.54,Germany,Mobile App,0,0
T0002434,A001524,C00937,2025-05-27 22:43:15,Direct Debit,Utilities,-157.28,Germany,Direct Debit,0,0
T0005084,A003238,C01984,2024-08-18 18:38:12,Transfer In,Transfer,785.01,Belgium,Mobile App,0,0
T0003690,A000719,C00439,2026-04-27 18:58:52,Transfer In,Transfer,301.02,Belgium,Bank Transfer,0,0
T0004695,A003077,C01886,2025-01-30 17:51:07,Direct Debit,Telecom,-62.31,France,Direct Debit,0,0
T0005999,A002670,C01630,2024-09-23 05:02:23,Transfer Out,Transfer,-131.28,Belgium,Bank Transfer,0,0
T0008265,A001743,C01076,2025-04-24 00:12:16,Card Purchase,Entertainment,-10.97,Belgium,Card Present,0,0
T0008685,A003538,C02162,2024-04-10 12:36:36,Card Purchase,Fuel,-114.26,Belgium,Card Present,0,0
T0009047,A001154,C00704,2025-05-11 07:57:58,Transfer Out,Transfer,-51.38,Luxembourg,Bank Transfer,0,0
T0003754,A001607,C00990,2026-06-22 22:43:00,Card Purchase,Travel,-542.83,Belgium,Online,1,0
T0008257,A001464,C00898,2026-08-09 12:12:06,Transfer In,Transfer,226.37,Belgium,Mobile App,0,0
T0005751,A002168,C01329,2026-03-10 19:37:48,Card Purchase,Fuel,-43.49,Belgium,Card Present,0,1
T0008673,A000620,C00382,2026-03-14 18:33:43,Transfer Out,Transfer,-623.65,France,Bank Transfer,0,0
T0009853,A000492,C00307,2025-07-26 23:38:52,Transfer In,Transfer,152.55,Germany,Mobile App,0,0
T0008775,A000309,C00192,2024-11-06 00:11:09,Direct Debit,Subscriptions,-30.65,Netherlands,Direct Debit,0,0
T0004999,A003746,C02289,2024-01-31 13:57:00,Card Purchase,Travel,-131.34,Netherlands,Online,0,0
T0007887,A001539,C00945,2026-08-28 16:02:40,Transfer Out,Transfer,-173.13,Belgium,Bank Transfer,0,0
T0004941,A000630,C00387,2024-08-24 07:07:47,Cash Withdrawal,Cash,-250,Netherlands,ATM,0,0
T0005000,A003423,C02092,2025-05-02 09:55:09,Card Purchase,Healthcare,-99.14,Germany,Card Present,0,0
T0000737,A000472,C00291,2026-06-23 06:35:00,Direct Debit,Insurance,-119.97,Germany,Direct Debit,0,0
T0000406,A000526,C00325,2025-02-18 23:11:44,Direct Debit,Subscriptions,-22.92,Netherlands,Direct Debit,0,0
T0006878,A003367,C02060,2025-11-15 04:51:27,Transfer In,Transfer,165.93,Belgium,Bank Transfer,0,0
T0001262,A001605,C00988,2024-03-07 14:45:55,Transfer In,Transfer,863.2,France,Bank Transfer,0,0
T0007276,A003130,C01913,2026-01-15 11:11:41,Transfer In,Transfer,303.15,Belgium,Mobile App,0,0
T0007555,A001706,C01051,2024-09-27 07:17:41,Direct Debit,Subscriptions,-22.95,Belgium,Direct Debit,0,0
T0008365,A000690,C00423,2025-01-23 06:13:13,Transfer Out,Transfer,-107.19,Belgium,Mobile App,0,0
T0004598,A001713,C01058,2024-01-10 14:04:42,Direct Debit,Telecom,-62.57,Germany,Direct Debit,0,0
T0002813,A001206,C00734,2024-03-19 04:44:24,Card Purchase,Entertainment,-32.1,Belgium,Online,0,0
T0001820,A002579,C01582,2024-11-23 23:04:51,Salary,Salary,3603.35,France,Mobile App,0,0
T0007953,A002004,C01230,2026-06-15 09:41:54,Transfer In,Transfer,238.09,Germany,Mobile App,0,0
T0000327,A003274,C02007,2024-05-29 21:45:06,Direct Debit,Insurance,-160.27,France,Direct Debit,0,0
T0006320,A001682,C01034,2025-08-19 01:37:41,Transfer Out,Transfer,-114.34,Belgium,Mobile App,0,0
T0001124,A003724,C02275,2025-02-03 11:15:36,Card Purchase,E-commerce,-152.7,Belgium,Card Present,0,0
T0007618,A002039,C01251,2024-01-06 13:29:20,Card Purchase,Dining,-38.12,Netherlands,Online,0,0
T0000910,A002920,C01784,2026-06-17 04:56:04,Card Purchase,Travel,-206.98,Netherlands,Online,0,0
T0002519,A001421,C00872,2026-05-15 08:17:34,Transfer Out,Transfer,-265.94,Belgium,Mobile App,0,0
T0001156,A002456,C01508,2024-04-06 01:40:01,Transfer In,Transfer,1407.63,Belgium,Bank Transfer,0,0
T0005304,A001842,C01134,2024-07-11 03:57:24,Card Purchase,E-commerce,-40.28,Netherlands,Card Present,0,0
T0008852,A000917,C00561,2026-07-16 22:16:28,Card Purchase,E-commerce,-169.34,France,Card Present,0,0
T0004613,A000065,C00038,2024-07-22 15:24:53,Card Purchase,Healthcare,-88.06,France,Card Present,0,0
T0007225,A003861,C02359,2025-12-11 14:03:49,Card Purchase,Dining,-118.88,Belgium,Card Present,0,0
T0006886,A003896,C02384,2026-02-02 03:23:34,Direct Debit,Telecom,-44.83,Belgium,Direct Debit,0,0
T0009526,A002782,C01701,2024-10-03 03:51:58,Transfer Out,Transfer,-320.41,France,Bank Transfer,0,0
T0008614,A001465,C00899,2025-01-19 16:01:43,Card Purchase,E-commerce,-49.66,Belgium,Card Present,0,0
T0006175,A001187,C00724,2024-02-24 05:40:00,Direct Debit,Utilities,-149.13,Luxembourg,Direct Debit,0,0
T0001599,A003966,C02425,2026-01-23 18:13:30,Transfer In,Transfer,550.86,Netherlands,Mobile App,0,0
T0008574,A001173,C00715,2024-06-28 05:48:24,Direct Debit,Subscriptions,-20.92,Netherlands,Direct Debit,0,0
T0006167,A000542,C00336,2025-05-06 16:17:00,Cash Withdrawal,Cash,-40,Belgium,ATM,0,0
T0001944,A002460,C01510,2025-06-25 17:42:59,Transfer In,Transfer,319.37,Netherlands,Bank Transfer,0,0
T0003745,A003658,C02238,2025-11-30 08:00:31,Direct Debit,Utilities,-152.68,Belgium,Direct Debit,0,0
T0004353,A001583,C00974,2025-05-01 14:01:15,Transfer Out,Transfer,-1119.97,Belgium,Bank Transfer,0,0
T0009597,A001077,C00655,2024-10-16 11:36:41,Card Purchase,Groceries,-44.88,Netherlands,Card Present,0,0
T0002257,A003058,C01874,2026-06-05 02:18:46,Interest,Interest,17.3,Belgium,Bank Transfer,0,0
T0008247,A003869,C02364,2025-07-10 07:00:11,Transfer Out,Transfer,-55.76,Netherlands,Mobile App,0,0
T0000369,A000926,C00566,2026-07-05 10:36:53,Transfer In,Transfer,665.31,France,Mobile App,0,0
T0000969,A004083,C02497,2024-10-22 14:02:47,Card Purchase,Dining,-8.34,Netherlands,Card Present,0,0
T0008577,A000113,C00067,2024-12-15 09:12:17,Card Purchase,Healthcare,-178.51,Germany,Card Present,0,0
T0006779,A002837,C01732,2026-03-12 14:27:41,Transfer In,Transfer,556.73,Belgium,Bank Transfer,0,0
T0007539,A001395,C00855,2025-07-29 18:38:49,Transfer Out,,-714.18,Netherlands,Bank Transfer,0,0
T0005826,A002306,C01416,2026-08-17 04:54:31,Cash Withdrawal,Cash,-150,Belgium,ATM,0,0
T0000762,A003491,C02135,2024-07-04 21:36:08,Card Purchase,E-commerce,-101.1,Spain,Mobile App,1,0
T0009334,A003561,C02176,2024-11-09 20:58:00,Card Purchase,Fuel,-440.27,Germany,Card Present,0,0
T0001189,A000393,C00244,2025-10-28 00:37:54,Transfer In,Transfer,367.98,Germany,Mobile App,0,0
T0004359,A002748,C01679,2024-12-30 01:07:57,Cash Withdrawal,Cash,-60,France,ATM,0,0
T0002483,A003358,C02055,2025-03-05 12:44:15,Transfer In,Transfer,203.24,Belgium,Mobile App,0,0
T0004354,A001997,C01226,2025-03-13 17:06:23,Transfer Out,Transfer,-235.93,Netherlands,Bank Transfer,0,0
T0004568,A002753,C01682,2026-08-10 10:46:29,Transfer In,Transfer,302.07,France,Mobile App,0,0
T0008341,A002819,C01720,2025-12-14 08:38:53,Direct Debit,Subscriptions,-27.46,France,Direct Debit,0,0
T0003509,A001261,C00771,2024-05-04 08:27:39,Interest,Interest,12.01,France,Bank Transfer,0,0
T0006566,A001319,C00812,2024-08-07 10:52:22,Transfer In,Transfer,423.14,Belgium,Mobile App,0,0
T0002917,A001497,C00919,2026-06-13 14:27:47,Salary,Salary,2821.98,Luxembourg,Bank Transfer,0,0
T0001653,A000421,C00262,2024-11-13 03:45:09,Salary,Salary,2896.31,Belgium,Bank Transfer,0,0
T0009877,A001801,C01111,2026-03-29 04:42:06,Transfer In,Transfer,699.17,Belgium,Mobile App,0,0
T0007670,A001147,C00700,2026-08-05 15:16:31,Card Purchase,Fuel,-66.69,Belgium,Card Present,0,0
T0009880,A002432,C01493,2024-05-17 02:35:05,Interest,Interest,12.11,Belgium,Bank Transfer,0,0
T0007294,A001157,C00706,2025-12-18 03:00:42,Card Purchase,E-commerce,-105.87,Italy,Card Present,1,0
T0005054,A002752,C01682,2025-01-28 15:56:54,Interest,Interest,5.59,France,Bank Transfer,0,0
T0002133,A002120,C01301,2024-07-25 18:55:27,Card Purchase,Travel,-229.87,Belgium,Card Present,0,0
T0008184,A001627,C01000,2025-01-08 03:31:37,Direct Debit,Housing,-749.55,France,Direct Debit,0,0
T0005428,A000167,C00101,2024-07-27 23:20:21,Transfer In,Transfer,201.33,Netherlands,Bank Transfer,0,0
T0000834,A003616,C02212,2025-08-12 18:16:49,Transfer In,Transfer,182.04,Netherlands,Mobile App,0,0
T0000667,A000455,C00283,2025-10-24 06:48:07,Transfer Out,Transfer,-414.45,Luxembourg,Bank Transfer,0,0
T0008923,A001243,C00759,2025-10-29 12:16:37,Card Purchase,Healthcare,-69.86,Germany,Online,0,0
T0001016,A001129,C00688,2026-03-25 23:15:09,Card Purchase,Dining,-42.6,France,Online,0,0
T0007872,A002523,C01546,2024-05-19 13:02:56,Transfer Out,Transfer,-90.47,Belgium,Bank Transfer,0,0
T0005178,A002308,C01418,2026-05-16 06:22:39,Card Purchase,Dining,-32.67,Belgium,Online,0,0
T0004487,A003180,C01948,2025-09-18 18:38:41,Cash Withdrawal,Cash,-200,Belgium,ATM,0,0
T0002626,A000354,C00220,2024-12-29 07:15:35,Direct Debit,Insurance,-164.11,Netherlands,Direct Debit,0,0
T0008869,A000962,C00587,2025-08-25 19:47:52,Transfer Out,Transfer,-155.52,Belgium,Mobile App,0,0
T0002701,A003410,C02083,2025-07-11 18:44:09,Card Purchase,Travel,-359.73,Belgium,Online,0,0
T0009106,A002787,C01704,2026-08-22 05:09:25,Transfer In,Transfer,1158.71,Germany,Bank Transfer,0,0
T0003082,A002169,C01329,2026-02-22 14:15:08,Transfer Out,Transfer,-223.43,Belgium,Mobile App,0,0
T0008946,A001128,C00687,2026-01-15 10:31:53,Interest,Interest,12.09,Belgium,Bank Transfer,0,0
T0002574,A002176,C01333,2024-06-13 06:22:09,Card Purchase,Healthcare,-212.42,Germany,Online,0,0
T0001713,A000916,C00560,2026-03-09 15:02:41,Card Purchase,Groceries,-52.03,Luxembourg,Online,0,0
T0002573,A003401,C02079,2025-06-08 13:03:39,Card Purchase,Travel,-116.88,Netherlands,Card Present,1,0
T0006936,A002033,C01247,2024-05-03 01:04:36,Transfer In,Transfer,515.73,Netherlands,Mobile App,0,0
T0002875,A003770,C02302,2024-01-03 13:42:47,Transfer Out,Transfer,-192.41,France,Mobile App,0,0
T0004442,A003925,C02401,2026-02-07 19:28:20,Transfer Out,Transfer,-333.45,Belgium,Bank Transfer,0,0
T0008221,A000605,C00373,2026-03-25 02:31:18,Transfer In,Transfer,209.55,Belgium,Bank Transfer,0,0
T0000652,A002122,C01301,2024-05-29 15:39:04,Card Purchase,Travel,-320.5,Belgium,Online,0,0
T0003945,A003787,C02313,2026-03-15 23:42:34,Transfer Out,Transfer,-230.55,Netherlands,Bank Transfer,0,0
T0001937,A002765,C01691,2025-01-23 20:06:57,Cash Withdrawal,Cash,-150,France,ATM,0,0
T0003114,A003492,C02136,2024-01-13 05:18:38,Direct Debit,Insurance,-111.33,France,Direct Debit,0,0
T0006810,A001958,C01201,2024-04-07 18:42:25,Card Purchase,Dining,-155.91,Portugal,Card Present,1,0
T0002464,A000904,C00553,2025-03-17 11:24:21,Transfer In,Transfer,294.43,Belgium,Bank Transfer,0,0
T0003630,A000679,C00417,2026-04-11 01:36:18,Card Purchase,Retail,-226.22,Germany,Card Present,0,0
T0002407,A001651,C01015,2024-01-31 20:04:58,Card Purchase,Dining,-71.91,Belgium,Online,0,0
T0007444,A002493,C01529,2024-02-14 10:08:48,Card Purchase,E-commerce,-29.35,Netherlands,Card Present,0,0
T0003447,A003927,C02402,2025-01-16 02:49:22,Transfer Out,Transfer,-270.72,Belgium,Mobile App,0,0
T0006091,A001547,C00950,2025-06-20 19:09:48,Transfer In,Transfer,560.58,Belgium,Mobile App,0,0
T0005462,A003431,C02098,2025-11-06 09:31:45,Transfer Out,Transfer,-283.95,Netherlands,Mobile App,0,0
T0006896,A001058,C00644,2026-01-11 15:38:59,Transfer Out,Transfer,-123.99,France,Mobile App,0,0
T0000256,A000924,C00565,2026-04-23 20:18:10,Transfer In,Transfer,201.85,Belgium,Mobile App,0,0
T0000811,A001410,C00865,2025-04-19 09:45:17,Transfer In,Transfer,553.96,Germany,Bank Transfer,0,0
T0008598,A000550,C00340,2024-03-14 01:24:50,Card Purchase,Travel,-960.28,Belgium,Card Present,0,0
T0009955,A003035,C01859,2024-12-04 06:30:55,Transfer Out,Transfer,-145.83,Netherlands,Mobile App,0,0
T0004285,A001756,C01085,2024-06-30 07:05:40,Transfer In,Transfer,193.78,Netherlands,Bank Transfer,0,0
T0004177,A001195,C00729,2025-11-19 05:23:40,Transfer In,Transfer,347.22,France,Mobile App,0,0
T0007809,A002500,C01533,2024-12-19 03:20:08,Transfer In,Transfer,189.41,France,Bank Transfer,0,0
T0009408,A001447,C00887,2025-06-11 14:46:41,Transfer Out,Transfer,-811.87,Netherlands,Bank Transfer,0,0
T0001104,A002339,C01437,2025-04-27 19:01:13,Transfer In,Transfer,898.1,Belgium,Mobile App,0,0
T0003614,A000152,C00092,2024-11-28 02:00:24,Card Purchase,Fuel,-45.05,Belgium,Online,0,0
T0001901,A002014,C01236,2024-11-01 09:20:33,Transfer Out,Transfer,-999.21,France,Mobile App,0,0
T0009522,A003538,C02162,2026-05-14 13:22:58,Card Purchase,Fuel,-36.42,Belgium,Card Present,0,0
T0003231,A000878,C00537,2025-08-28 22:06:33,Card Purchase,Dining,-106.46,Belgium,Card Present,0,0
T0008375,A000557,C00344,2025-05-28 17:12:47,Direct Debit,Telecom,-81.57,Luxembourg,Direct Debit,0,0
T0001954,A003448,C02109,2025-10-31 09:38:31,Transfer Out,,-483.22,,Mobile App,0,0
T0007899,A002320,C01427,2025-07-24 20:56:01,Salary,Salary,2954.83,Belgium,Bank Transfer,0,0
T0006428,A003576,C02187,2026-06-21 06:04:45,Interest,Interest,9.71,Belgium,Bank Transfer,0,0
T0004901,A002110,C01296,2024-08-20 00:11:23,Interest,Interest,14.09,Belgium,Mobile App,0,0
T0000617,A001160,C00707,2024-12-08 23:08:31,Card Purchase,Dining,-139.83,Belgium,Online,0,1
T0002041,A003019,C01849,2025-01-28 17:09:29,Interest,Interest,1.87,Belgium,Bank Transfer,0,0
T0005641,A003361,C02056,2025-04-24 21:08:21,Direct Debit,Subscriptions,-27.03,France,Direct Debit,0,0
T0000434,A003839,C02346,2025-07-22 12:45:36,Direct Debit,Subscriptions,-31.76,Germany,Direct Debit,0,0
T0004934,A001453,C00890,2025-09-19 12:05:32,Card Purchase,Travel,-166.31,Netherlands,Online,0,0
T0008173,A000113,C00067,2025-09-28 19:38:11,Card Purchase,Dining,-31.55,Germany,Online,0,0
T0006995,A000353,C00219,2024-01-01 01:09:38,Transfer In,,382.06,Belgium,Bank Transfer,0,0
T0005821,A003385,C02070,2025-01-21 08:39:05,Card Purchase,Fuel,-133.8,Germany,Card Present,0,0
T0001735,A002751,C01681,2024-05-13 02:00:50,Cash Withdrawal,Cash,-20,France,ATM,0,0
T0003477,A001522,C00935,2025-04-22 18:48:03,Card Purchase,Dining,-56.14,Netherlands,Card Present,0,0
T0006047,A003096,C01896,2025-02-25 02:19:48,Transfer Out,Transfer,-430.06,Germany,Bank Transfer,0,0
T0008393,A003122,C01909,2024-11-24 21:03:25,Transfer In,Transfer,315.57,Netherlands,Mobile App,0,0
T0003552,A001193,C00727,2025-08-05 22:17:18,Transfer In,Transfer,169.77,France,Mobile App,0,0
T0007774,A002986,C01825,2025-06-06 06:11:03,Card Purchase,Groceries,-72.05,Germany,Mobile App,0,0
T0004639,A002963,C01812,2026-05-31 19:20:37,Salary,Salary,3276.01,Netherlands,Mobile App,0,1
T0007821,A002810,C01717,2026-07-25 20:07:36,Transfer In,Transfer,223.7,France,Bank Transfer,0,0
T0007766,A000716,C00437,2025-05-05 18:24:21,Transfer In,Transfer,488.4,Belgium,Mobile App,0,0
T0006785,A000156,C00095,2026-06-18 11:37:26,Transfer Out,Transfer,-373.63,France,Mobile App,0,0
T0001130,A000897,C00549,2026-06-29 13:49:19,Card Purchase,Travel,-155.19,Luxembourg,Online,0,0
T0002960,A001824,C01125,2026-02-09 10:46:28,Card Purchase,Healthcare,-201.21,Luxembourg,Card Present,0,0
T0002242,A003553,C02170,2026-01-29 20:33:37,Direct Debit,Utilities,-142.74,Luxembourg,Direct Debit,0,0
T0002220,A001366,C00838,2024-07-04 23:59:08,Direct Debit,Utilities,-169.03,Belgium,Direct Debit,0,0
T0000581,A001699,C01046,2024-09-18 03:33:38,Transfer In,Transfer,224.08,France,Bank Transfer,0,0
T0009654,A001683,C01035,2026-03-13 01:04:35,Salary,Salary,1800.97,Germany,Bank Transfer,0,0
T0003919,A001786,C01101,2024-05-25 08:53:41,Transfer In,Transfer,316.93,Belgium,Bank Transfer,0,0
T0004752,A002215,C01358,2024-01-17 08:38:12,Card Purchase,Dining,-16.22,Germany,Online,0,0
T0005447,A001036,C00632,2024-09-02 03:29:23,Direct Debit,Housing,-1208.03,Belgium,Direct Debit,0,0
T0001790,A002506,C01537,2024-03-23 15:24:11,Card Purchase,E-commerce,-115.7,Belgium,Card Present,0,0
T0005119,A002475,C01519,2024-10-14 04:51:52,Transfer Out,Transfer,-132.89,Belgium,Mobile App,0,0
T0002040,A003217,C01971,2025-09-24 12:06:19,Transfer In,Transfer,252.61,Germany,Mobile App,0,0
T0005286,A001246,C00762,2026-08-27 06:51:46,Direct Debit,Subscriptions,-20.11,France,Direct Debit,0,0
T0006755,A000666,C00408,2024-10-30 17:48:53,Card Purchase,Healthcare,-34.48,Germany,Online,0,0
T0002223,A002827,C01726,2024-07-11 19:15:21,Direct Debit,Housing,-833.55,Germany,Direct Debit,0,0
T0004396,A002471,C01516,2026-04-13 19:18:57,Transfer In,Transfer,221.33,Germany,Mobile App,0,0
T0002757,A003407,C02082,2025-01-12 20:41:08,Transfer In,Transfer,341.13,Belgium,Bank Transfer,0,0
T0008429,A002826,C01725,2024-02-13 15:10:13,Card Purchase,Dining,-36.14,Germany,Card Present,0,0
T0009406,A000713,C00435,2025-03-11 21:41:26,Interest,Interest,3.48,France,Mobile App,0,0
T0009294,A003766,C02300,2024-01-01 11:52:22,Direct Debit,Utilities,-129.75,Germany,Direct Debit,0,0
T0004532,A001947,C01194,2025-07-08 14:24:30,Transfer Out,Transfer,-89.68,Netherlands,Bank Transfer,0,0
T0009862,A003828,C02338,2024-08-13 22:39:13,Transfer Out,Transfer,-144.5,France,Mobile App,0,0
T0008306,A003098,C01897,2026-06-27 15:14:07,Direct Debit,Telecom,-88.18,Luxembourg,Direct Debit,0,0
T0000944,A000166,C00100,2025-09-08 12:51:14,Card Purchase,Fuel,-50.91,Belgium,Card Present,0,0
T0002984,A002884,C01760,2025-12-06 17:02:38,Transfer Out,Transfer,-577.17,Netherlands,Bank Transfer,0,0
T0003038,A003658,C02238,2025-02-24 01:52:22,Direct Debit,Telecom,-60.26,Belgium,Direct Debit,0,0
T0005162,A003457,C02113,2025-06-22 06:53:00,Direct Debit,Utilities,-135.16,France,Direct Debit,0,0
T0003487,A002763,C01690,2025-06-16 23:48:02,Transfer In,Transfer,53.5,Netherlands,Mobile App,0,0
T0000735,A002594,C01588,2026-01-11 13:04:43,Transfer In,Transfer,1516.11,Germany,Mobile App,0,0
T0006317,A001405,C00863,2024-10-06 19:13:30,Transfer Out,Transfer,-1097.59,Netherlands,Bank Transfer,0,0
T0007399,A001338,C00822,2024-12-25 09:54:08,Transfer Out,Transfer,-50.11,Luxembourg,Bank Transfer,0,0
T0007447,A003662,C02240,2025-07-26 16:36:00,Transfer In,Transfer,283.4,Belgium,Mobile App,0,0
T0001319,A002137,C01310,2024-01-05 07:26:53,Interest,Interest,11.42,Germany,Mobile App,0,0
T0005450,A003765,C02299,2024-03-08 03:37:22,Salary,Salary,3194.71,Germany,Bank Transfer,0,0
T0007110,A002515,C01542,2025-11-04 16:49:26,Card Purchase,Fuel,-33.94,Belgium,Card Present,0,0
T0002276,A001047,C00638,2026-05-03 01:53:52,Salary,Salary,3129.82,France,Bank Transfer,0,0
T0007712,A000873,C00534,2025-05-10 04:46:11,Direct Debit,Insurance,-113.98,Belgium,Direct Debit,0,0
T0007936,A003321,C02034,2026-02-27 12:59:11,Card Purchase,Travel,-179.89,Belgium,Online,0,0
T0003259,A001809,C01115,2026-06-05 18:47:36,Card Purchase,Groceries,-12.76,Belgium,Card Present,0,0
T0005888,A001768,C01093,2025-04-07 22:25:11,Card Purchase,Dining,-79.98,Netherlands,Online,0,0
T0005954,A000337,C00207,2024-01-13 09:03:36,Direct Debit,Insurance,-129.82,Germany,Direct Debit,0,0
T0000358,A001629,C01002,2024-11-02 20:03:13,Card Purchase,Retail,-215.0,Luxembourg,Online,0,0
T0004441,A002830,C01728,2024-06-21 08:56:28,Transfer In,Transfer,145.73,Germany,Mobile App,0,0
T0000452,A002176,C01333,2024-05-27 06:03:26,Card Purchase,E-commerce,-40.61,Germany,Card Present,0,0
T0007564,A003124,C01910,2025-06-21 03:46:21,Direct Debit,Insurance,-78.24,Belgium,Direct Debit,0,0
T0001795,A002897,C01767,2026-04-24 02:30:51,Salary,Salary,1207.49,Netherlands,Mobile App,0,0
T0005902,A003426,C02094,2025-04-29 23:35:47,Transfer Out,Transfer,-1453.48,Belgium,Bank Transfer,0,0
T0001391,A000629,C00386,2025-06-23 03:24:11,Transfer In,Transfer,372.94,France,Bank Transfer,0,0
T0008738,A000995,C00607,2026-05-27 03:19:49,Transfer Out,Transfer,-80.47,Netherlands,Bank Transfer,0,0
T0005502,A002370,C01456,2025-10-27 09:51:19,Cash Withdrawal,Cash,-60,Belgium,ATM,0,0
T0002008,A001341,C00824,2026-02-06 15:35:01,Cash Withdrawal,Cash,-150,Germany,ATM,0,0
T0003968,A003622,C02215,2024-07-21 04:13:52,Card Purchase,Travel,-302.5,Belgium,Card Present,0,0
T0007515,A000246,C00155,2026-03-16 12:49:42,Salary,Salary,3858.45,Belgium,Bank Transfer,0,0
T0008091,A002792,C01707,2025-05-12 05:34:44,Transfer Out,Transfer,-239.51,Luxembourg,Mobile App,0,0
T0002830,A001692,C01041,2024-02-11 22:09:31,Transfer In,Transfer,399.24,France,Bank Transfer,0,0
T0008439,A002634,C01611,2025-12-07 21:45:36,Direct Debit,Housing,-941.33,Netherlands,Direct Debit,0,0
T0005814,A002419,C01485,2024-02-21 14:06:52,Card Purchase,Retail,-48.77,Netherlands,Online,0,0
T0004414,A001248,C00763,2025-02-19 04:39:48,Transfer Out,Transfer,-205.03,Belgium,Bank Transfer,0,0
T0006178,A002193,C01346,2024-08-26 15:06:54,Cash Withdrawal,Cash,-20,Netherlands,ATM,0,0
T0001133,A001603,C00987,2026-06-18 17:59:33,Card Purchase,Groceries,-63.21,Belgium,Mobile App,0,0
T0004680,A001042,C00636,2026-05-29 14:31:49,Card Purchase,E-commerce,-204.14,Luxembourg,Online,0,0
T0004070,A000778,C00477,2024-11-21 11:10:45,Salary,Salary,3231.73,Netherlands,Bank Transfer,0,0
T0006769,A003841,C02347,2024-10-13 06:58:45,Transfer Out,Transfer,-553.25,Belgium,Bank Transfer,0,0
T0000290,A003440,C02105,2025-06-17 21:51:22,Interest,Interest,1.94,Netherlands,Bank Transfer,0,0
T0006904,A002630,C01608,2024-10-23 06:28:06,Transfer In,Transfer,887.74,Germany,Mobile App,0,0
T0007361,A002518,C01543,2026-05-23 14:29:41,Transfer Out,Transfer,-199.85,Luxembourg,Bank Transfer,0,0
T0003944,A001940,C01189,2024-06-06 14:12:26,Card Purchase,Dining,-80.35,Netherlands,Online,0,0
T0001622,A001363,C00836,2026-07-22 15:32:28,Transfer Out,Transfer,-347.83,Netherlands,Mobile App,0,0
T0008494,A002580,C01582,2025-05-03 05:45:14,Transfer In,Transfer,884.96,France,Bank Transfer,0,0
T0003218,A002791,C01706,2026-01-11 04:52:24,Cash Withdrawal,Cash,-100,Netherlands,ATM,0,0
T0004977,A003259,C01997,2026-01-04 17:12:49,Card Purchase,Dining,-38.25,Netherlands,Online,0,0
T0004809,A002915,C01779,2024-07-01 19:56:20,Transfer In,Transfer,619.65,Netherlands,Mobile App,0,0
T0006831,A003553,C02170,2025-02-13 08:10:47,Card Purchase,Retail,-37.61,Luxembourg,Card Present,0,1
T0004286,A003128,C01912,2025-10-13 05:07:42,Transfer In,Transfer,308.43,Luxembourg,Bank Transfer,0,0
T0002331,A002656,C01624,2024-07-03 15:16:19,Direct Debit,Housing,-728.49,Belgium,Direct Debit,0,0
T0003770,A002785,C01703,2025-07-30 05:12:56,Transfer In,Transfer,87.21,Luxembourg,Mobile App,0,0
T0003143,A001240,C00756,2025-12-06 04:05:44,Card Purchase,Dining,-139.32,Netherlands,Online,0,0
T0008281,A000670,C00410,2025-12-27 00:55:22,Transfer In,Transfer,252.77,Netherlands,Bank Transfer,0,0
T0005059,A000593,C00365,2025-09-19 04:18:58,Transfer Out,Transfer,-471.85,Belgium,Mobile App,0,0
T0003336,A002600,C01593,2026-06-07 10:32:53,Direct Debit,Housing,-919.15,Belgium,Direct Debit,0,0
T0001341,A003476,C02125,2024-11-02 17:20:04,Transfer In,Transfer,113.61,France,Mobile App,0,0
T0006331,A001924,C01182,2024-10-22 07:36:50,Transfer Out,Transfer,-660.24,,Bank Transfer,0,0
T0004061,A001479,C00909,2025-08-23 23:59:42,Direct Debit,Telecom,-60.5,Belgium,Direct Debit,0,0
T0004085,A003895,C02383,2025-05-21 05:21:20,Direct Debit,Housing,-666.86,Belgium,Direct Debit,0,0
T0007138,A001182,C00722,2026-07-10 19:16:45,Salary,Salary,2137.6,France,Bank Transfer,0,0
T0006171,A003008,C01841,2025-07-05 21:57:43,Direct Debit,Insurance,-118.65,Netherlands,Direct Debit,0,0
T0007946,A003578,C02189,2024-02-01 23:39:58,Direct Debit,Subscriptions,-23.03,Germany,Direct Debit,0,0
T0005840,A002672,C01631,2024-07-23 21:20:41,Transfer Out,Transfer,-442.75,France,Mobile App,0,0
T0001097,A003901,C02388,2026-08-22 00:11:00,Transfer Out,Transfer,-90.19,Netherlands,Bank Transfer,0,0
T0000405,A003228,C01979,2024-11-08 12:24:27,Interest,Interest,1.65,Germany,Mobile App,0,0
T0001554,A001510,C00928,2024-08-18 21:24:03,Card Purchase,Travel,-273.7,France,Card Present,0,0
T0000904,A003481,C02129,2025-07-22 07:23:59,Transfer Out,Transfer,-198.52,Belgium,Mobile App,0,0
T0003686,A003557,C02173,2024-02-22 20:07:19,Direct Debit,Insurance,-137.39,France,Direct Debit,0,0
T0009153,A001102,C00671,2024-01-23 05:41:45,Card Purchase,Retail,-30.11,Belgium,Card Present,0,0
T0009901,A003526,C02156,2024-11-27 11:07:25,Card Purchase,E-commerce,-127.27,Germany,Card Present,0,0
T0007762,A003259,C01997,2025-11-14 17:13:35,Card Purchase,Retail,-98.37,Netherlands,Online,0,0
T0001029,A001682,C01034,2024-11-18 00:30:14,Transfer In,Transfer,537.28,Belgium,Bank Transfer,0,0
T0000988,A000495,C00308,2026-08-13 03:33:08,Transfer In,Transfer,944.88,Belgium,Mobile App,0,0
T0001898,A003216,C01970,2024-12-19 16:40:01,Transfer In,Transfer,1340.49,Germany,Mobile App,0,0
T0000113,A003068,C01882,2024-11-13 09:08:28,Transfer Out,Transfer,-484.93,Germany,Bank Transfer,0,0
T0002484,A003982,C02435,2024-03-07 18:46:01,Transfer In,Transfer,257.44,Belgium,Bank Transfer,0,0
T0001846,A000103,C00061,2025-03-01 14:29:59,Transfer In,Transfer,460.34,Belgium,Mobile App,0,0
T0009824,A001933,C01186,2025-05-16 07:55:46,Transfer In,Transfer,278.5,Belgium,Mobile App,0,0
T0002940,A000740,C00452,2024-12-07 07:08:00,Transfer In,Transfer,317.7,Belgium,Mobile App,0,0
T0008583,A004062,C02481,2025-09-02 22:17:36,Card Purchase,Dining,-33.98,Luxembourg,Online,0,0
T0006918,A000676,C00415,2026-01-25 01:25:39,Card Purchase,Healthcare,-206.54,Germany,Card Present,0,0
T0005743,A003581,C02190,2024-06-24 09:51:38,Card Purchase,Entertainment,-55.02,France,Card Present,0,0
T0006125,A002788,C01704,2026-02-07 00:20:16,Card Purchase,E-commerce,-115.31,Germany,Card Present,0,0
T0005824,A002083,C01278,2025-08-27 07:28:20,Transfer In,Transfer,318.87,Belgium,Mobile App,0,0
T0001440,A001583,C00974,2025-01-20 13:37:43,Card Purchase,Entertainment,-43.22,Belgium,Mobile App,0,0
T0003305,A002598,C01592,2025-02-08 12:15:33,Transfer Out,Transfer,-747.52,Belgium,Bank Transfer,0,0
T0004874,A000077,C00046,2024-01-11 21:35:56,Transfer In,Transfer,250.2,Germany,Bank Transfer,0,0
T0006644,A001371,C00841,2024-02-14 19:02:19,Card Purchase,Retail,-182.83,Belgium,Card Present,0,0
T0007745,A002101,C01291,2025-08-01 02:28:48,Card Purchase,Healthcare,-86.23,Luxembourg,Card Present,0,0
T0001431,A000020,C00012,2026-03-31 11:04:54,Direct Debit,Insurance,-103.22,France,Direct Debit,0,0
T0000225,A002670,C01630,2025-02-24 12:02:34,Transfer In,Transfer,170.98,Belgium,Bank Transfer,0,0
T0003899,A001328,C00817,2024-11-09 14:25:22,Card Purchase,E-commerce,-83.02,France,Online,0,0
T0000468,A003849,C02352,2026-03-15 21:32:14,Card Purchase,Entertainment,-33.48,France,Card Present,0,0
T0007120,A001962,C01203,2025-03-04 10:05:29,Transfer In,Transfer,75.31,Belgium,Bank Transfer,0,0
T0009469,A000728,C00445,2024-04-29 05:42:28,Card Purchase,E-commerce,-180.43,Netherlands,Online,0,0
T0009300,A002728,C01666,2024-03-27 10:01:05,Salary,Salary,3204.91,Luxembourg,Mobile App,0,0
T0007727,A003985,C02436,2024-11-20 17:22:01,Card Purchase,Fuel,-148.07,Belgium,Card Present,0,0
T0004089,A001653,C01016,2024-10-30 00:57:16,Transfer In,Transfer,399.42,Netherlands,Mobile App,0,0
T0006069,A001998,C01227,2024-08-08 14:40:35,Cash Withdrawal,Cash,-20,Belgium,ATM,0,0
T0006489,A001183,C00722,2024-09-06 11:43:29,Transfer Out,Transfer,-1732.29,France,Mobile App,0,0
T0006308,A000425,C00265,2026-08-01 13:24:26,Cash Withdrawal,Cash,-80,Belgium,ATM,0,0
T0007540,A002667,C01629,2025-11-13 05:07:30,Direct Debit,Telecom,-65.19,Netherlands,Direct Debit,0,0
T0003773,A003091,C01893,2025-03-28 11:11:26,Direct Debit,Telecom,-65.82,Belgium,Direct Debit,0,0
T0003846,A003541,C02165,2025-06-19 05:29:58,Card Purchase,Travel,-686.21,Netherlands,Card Present,0,0
T0008146,A002434,C01495,2026-08-05 04:03:49,Direct Debit,Insurance,-124.07,Belgium,Direct Debit,0,0
T0005322,A000301,C00187,2024-08-28 13:07:14,Card Purchase,E-commerce,-94.07,Luxembourg,Card Present,0,0
T0008768,A001347,C00826,2025-12-21 10:24:18,Card Purchase,Healthcare,-109.27,Belgium,Online,0,0
T0007624,A000493,C00307,2025-04-29 17:54:26,Transfer Out,Transfer,-392.21,Germany,Bank Transfer,0,0
T0005184,A000084,C00049,2025-08-15 09:25:41,Transfer In,Transfer,57.16,Belgium,Mobile App,0,0
T0008792,A004015,C02454,2024-03-11 01:59:50,Direct Debit,Subscriptions,-26.56,Belgium,Direct Debit,0,0
T0000189,A001523,C00936,2026-05-11 12:57:26,Transfer In,Transfer,200.19,Belgium,Bank Transfer,0,0
T0000021,A001229,C00749,2025-06-23 16:29:03,Interest,Interest,12.78,Belgium,Mobile App,0,0
T0005941,A001831,C01129,2025-08-16 16:37:50,Transfer Out,Transfer,-1111.93,Netherlands,Bank Transfer,0,0
T0002241,A000383,C00239,2025-11-09 07:26:09,Transfer In,Transfer,975.95,Belgium,Bank Transfer,0,0
T0005574,A001428,C00876,2025-10-09 04:49:24,Transfer In,Transfer,731.29,Belgium,Mobile App,0,0
T0000010,A002237,C01374,2024-09-05 17:10:53,Card Purchase,Fuel,-32.94,Netherlands,Card Present,0,0
T0001634,A000154,C00094,2026-08-08 13:51:43,Card Purchase,Retail,-101.32,Netherlands,Mobile App,0,0
T0008387,A002827,C01726,2026-02-03 05:49:32,Card Purchase,Travel,-225.34,Germany,Card Present,0,0
T0008703,A001808,C01114,2024-10-12 05:24:13,Card Purchase,Fuel,-107.05,Belgium,Mobile App,0,0
T0009834,A000327,C00201,2024-09-04 07:46:47,Direct Debit,Insurance,-64.32,Belgium,Direct Debit,0,0
T0008839,A002173,C01332,2024-10-15 19:29:47,Transfer Out,Transfer,-54.97,Belgium,Mobile App,0,0
T0000809,A003429,C02096,2025-01-12 19:54:50,Card Purchase,Groceries,-66.91,Germany,Card Present,0,0
T0006591,A004055,C02478,2025-05-15 18:11:51,Cash Withdrawal,Cash,-250,Netherlands,ATM,0,0
T0006731,A003105,C01900,2024-03-19 10:27:26,Direct Debit,Insurance,-108.82,Belgium,Direct Debit,0,0
T0008524,A002673,C01632,2024-02-08 05:13:52,Direct Debit,Telecom,-67.3,Belgium,Direct Debit,0,0
T0005387,A002616,C01601,2026-08-17 10:01:28,Direct Debit,Subscriptions,-29.81,Belgium,Direct Debit,0,0
T0005402,A003677,C02248,2024-05-10 01:15:57,Card Purchase,Retail,-136.93,France,Card Present,0,0
T0005979,A003077,C01886,2026-03-19 16:06:21,Direct Debit,Subscriptions,-30.74,France,Direct Debit,0,0
T0008729,A002530,C01550,2026-07-15 12:32:55,Card Purchase,Healthcare,-280.37,,Card Present,0,0
T0005895,A003864,C02361,2026-08-10 22:27:31,Transfer In,Transfer,574.81,Netherlands,Bank Transfer,0,0
T0005035,A000004,C00003,2025-07-31 08:33:13,Card Purchase,Healthcare,-72.36,France,Card Present,0,0
T0005454,A003631,C02221,2026-03-28 13:17:42,Salary,Salary,2114.64,Netherlands,Bank Transfer,0,0
T0005123,A000749,C00458,2025-04-12 04:46:41,Transfer Out,Transfer,-457.41,Luxembourg,Mobile App,0,0
T0005836,A003852,C02354,2025-05-22 02:46:56,Card Purchase,Retail,-309.22,Germany,Card Present,0,0
T0009413,A001263,C00772,2024-04-07 19:02:11,Direct Debit,Telecom,-62.52,Netherlands,Direct Debit,0,0
T0006059,A003464,C02116,2025-08-10 21:51:59,Card Purchase,Groceries,-102.68,Belgium,Online,0,0
T0008522,A002814,C01718,2024-06-14 18:00:47,Card Purchase,Fuel,-178.71,Netherlands,Card Present,0,0
T0003235,A003845,C02349,2024-09-29 14:32:55,Direct Debit,Insurance,-76.6,France,Direct Debit,0,0
T0001490,A000211,C00132,2025-11-14 10:15:14,Transfer In,Transfer,413.7,France,Bank Transfer,0,0
T0004062,A001808,C01114,2026-07-14 18:38:23,Card Purchase,Fuel,-69.1,Belgium,Online,0,0
T0003204,A000444,C00277,2025-10-05 06:35:20,Card Purchase,Entertainment,-19.57,Belgium,Online,0,0
T0006395,A002643,C01616,2024-11-10 00:09:52,Card Purchase,E-commerce,-70.2,Luxembourg,Mobile App,0,0
T0001912,A001737,C01073,2025-03-20 17:16:57,Transfer Out,Transfer,-219.08,France,Mobile App,0,0
T0008181,A001758,C01087,2026-04-25 12:55:25,Cash Withdrawal,Cash,-50,Belgium,ATM,0,0
T0002347,A003376,C02065,2026-04-03 14:54:23,Transfer In,Transfer,164.55,Germany,Bank Transfer,0,0
T0002977,A003075,C01885,2026-06-18 14:49:36,Transfer Out,Transfer,-140.61,Belgium,Bank Transfer,0,0
T0007787,A001717,C01060,2026-05-01 21:15:34,Transfer In,Transfer,154.92,France,Mobile App,0,0
T0007876,A001221,C00744,2026-06-06 06:02:34,Transfer In,Transfer,104.36,Netherlands,Mobile App,0,0
T0008770,A003532,C02159,2024-11-23 20:10:47,Transfer Out,Transfer,-533.34,Germany,Bank Transfer,0,0
T0003623,A000151,C00092,2025-12-12 04:51:06,Transfer Out,Transfer,-212.02,Belgium,Bank Transfer,0,0
T0009735,A002639,C01614,2025-02-13 01:22:43,Card Purchase,Entertainment,-78.98,Belgium,Online,0,1
T0004550,A001020,C00624,2024-12-12 17:27:58,Transfer Out,Transfer,-114.57,Germany,Bank Transfer,0,0
T0007320,A000097,C00057,2024-09-09 23:07:22,Card Purchase,Dining,-106.16,Luxembourg,Card Present,1,0
T0006700,A002779,C01700,2025-12-02 19:16:43,Transfer In,Transfer,147.76,Netherlands,Bank Transfer,0,0
T0001982,A002531,C01551,2025-01-06 11:37:29,Cash Withdrawal,Cash,-150,Germany,ATM,0,0
T0000707,A003646,C02230,2024-12-01 02:45:32,Transfer In,Transfer,743.57,Belgium,Bank Transfer,0,0
T0000960,A001838,C01133,2024-12-16 21:18:04,Transfer In,Transfer,140.52,France,Mobile App,0,0
T0006914,A003598,C02201,2025-02-19 08:47:04,Transfer In,Transfer,115.68,Belgium,Bank Transfer,0,0
T0001069,A003425,C02094,2024-11-02 08:37:36,Card Purchase,Dining,-45.0,Belgium,Card Present,0,0
T0008258,A000506,C00315,2026-02-16 03:24:21,Transfer Out,Transfer,-329.65,France,Mobile App,0,0
T0005397,A001927,C01183,2025-01-07 10:31:34,Card Purchase,Healthcare,-134.98,France,Online,0,0
T0004202,A000292,C00182,2024-11-15 16:49:24,Interest,Interest,11.0,Netherlands,Bank Transfer,0,0
T0004211,A003843,C02348,2026-08-29 18:34:48,Transfer In,Transfer,353.77,Belgium,Bank Transfer,0,0
T0006633,A000984,C00601,2025-09-01 04:09:20,Salary,Salary,2575.09,Netherlands,Mobile App,0,0
T0002122,A003784,C02311,2024-10-14 10:38:05,Card Purchase,Fuel,-115.17,Netherlands,Online,0,0
T0006274,A000075,C00045,2025-05-20 08:09:36,Salary,Salary,3778.35,Netherlands,Mobile App,0,0
T0003343,A000152,C00092,2025-07-20 04:31:25,Transfer In,Transfer,284.81,Belgium,Mobile App,0,0
T0007506,A003797,C02317,2024-06-16 06:07:55,Card Purchase,Travel,-354.94,Netherlands,Card Present,0,0
T0001707,A002706,C01654,2025-10-25 14:25:14,Transfer In,Transfer,545.47,France,Mobile App,0,0
T0004978,A000878,C00537,2025-09-25 09:25:16,Card Purchase,Entertainment,-40.64,Belgium,Online,0,0
T0005789,A001322,C00814,2025-11-09 01:20:37,Transfer In,Transfer,558.1,Germany,Bank Transfer,0,0
T0000126,A000525,C00325,2025-12-01 17:35:16,Transfer In,Transfer,329.33,Netherlands,Bank Transfer,0,0
T0002637,A000298,C00185,2024-03-07 23:11:19,Card Purchase,Entertainment,-30.32,Belgium,Card Present,0,0
T0005947,A000894,C00547,2025-06-07 11:34:38,Direct Debit,Telecom,-77.14,Belgium,Direct Debit,0,0
T0004080,A002704,C01653,2024-04-06 00:40:37,Transfer In,Transfer,335.77,Germany,Mobile App,0,0
T0004189,A001851,C01139,2024-12-02 06:29:02,Salary,Salary,3406.56,Germany,Mobile App,0,0
T0004831,A003316,C02032,2026-08-08 13:58:46,Card Purchase,Healthcare,-65.14,France,Online,0,0
T0004959,A002059,C01264,2024-11-11 22:41:59,Transfer In,Transfer,122.16,Netherlands,Bank Transfer,0,0
T0002621,A003530,C02158,2025-04-16 05:03:20,Card Purchase,Fuel,-22.34,Netherlands,Card Present,0,0
T0004562,A002583,C01583,2025-09-12 16:45:15,Card Purchase,E-commerce,-260.36,Belgium,Card Present,0,0
T0003917,A000283,C00178,2026-08-20 13:56:57,Card Purchase,Travel,-241.26,Germany,Card Present,0,0
T0005500,A003212,C01968,2025-07-30 04:06:28,Transfer In,Transfer,308.2,Belgium,Bank Transfer,0,0
T0004006,A000443,C00276,2025-08-19 07:57:21,Transfer In,Transfer,307.75,Belgium,Mobile App,0,0
T0000692,A000742,C00454,2024-07-02 08:31:24,Card Purchase,Travel,-129.79,Belgium,Mobile App,0,0
T0006924,A002363,C01452,2025-08-03 03:11:12,Direct Debit,Insurance,-97.81,Germany,Direct Debit,0,0
T0000391,A002729,C01667,2025-04-27 15:36:37,Direct Debit,Telecom,-62.47,France,Direct Debit,0,0
T0008785,A001911,C01175,2025-10-25 07:18:10,Transfer Out,Transfer,-333.79,Belgium,Mobile App,0,0
T0008099,A002081,C01277,2025-07-13 06:57:51,Salary,Salary,3672.75,France,Mobile App,0,0
T0004448,A001522,C00935,2024-04-13 17:48:24,Card Purchase,E-commerce,-275.37,Portugal,Card Present,1,0
T0002422,A002699,C01649,2025-11-10 10:54:00,Interest,Interest,8.18,France,Mobile App,0,0
T0005493,A000159,C00096,2025-03-01 23:26:53,Card Purchase,Travel,-142.48,Luxembourg,Card Present,0,0
T0004767,A000231,C00147,2026-03-04 03:19:24,Cash Withdrawal,Cash,-60,Netherlands,ATM,0,0
T0006108,A003837,C02345,2025-06-13 01:39:57,Transfer In,Transfer,121.65,Germany,Bank Transfer,0,0
T0000016,A003951,C02416,2026-04-11 19:34:20,Transfer In,Transfer,761.96,Belgium,Bank Transfer,0,0
T0007350,A000979,C00598,2024-02-15 07:28:25,Card Purchase,Dining,-198.67,France,Card Present,0,0
T0006656,A003947,C02414,2025-03-23 18:11:08,Card Purchase,Healthcare,-54.23,France,Card Present,0,0
T0003163,A003044,C01866,2024-03-15 06:15:26,Transfer Out,Transfer,-115.78,Belgium,Mobile App,0,0
T0004769,A002765,C01691,2024-03-14 06:24:23,Card Purchase,Healthcare,-166.58,France,Card Present,0,0
T0004821,A002690,C01642,2024-04-05 22:17:29,Transfer In,Transfer,57.37,Belgium,Mobile App,0,0
T0004637,A002907,C01774,2026-04-23 03:48:43,Transfer Out,Transfer,-788.99,Belgium,Mobile App,0,0
T0004087,A001833,C01130,2025-07-01 00:57:46,Transfer Out,Transfer,-127.03,France,Bank Transfer,0,0
T0000070,A002247,C01380,2026-01-03 04:53:17,Transfer Out,Transfer,-1049.98,France,Bank Transfer,0,0
T0008336,A000403,C00252,2024-04-17 22:59:39,Transfer In,Transfer,126.11,Netherlands,Bank Transfer,0,0
T0001087,A003748,C02290,2026-07-09 21:12:07,Transfer In,Transfer,634.93,Belgium,Mobile App,0,0
T0009890,A001082,C00659,2024-11-03 16:40:10,Transfer Out,Transfer,-1431.96,Germany,Bank Transfer,0,0
T0008042,A003855,C02355,2026-04-24 09:33:31,Card Purchase,Retail,-162.05,Belgium,Card Present,0,0
T0002778,A001680,C01032,2025-07-28 08:25:21,Transfer In,Transfer,465.3,Belgium,Mobile App,0,0
T0007704,A001918,C01178,2026-06-09 12:05:55,Card Purchase,Dining,-96.52,Belgium,Online,0,0
T0004862,A001469,C00901,2025-05-16 15:49:50,Card Purchase,E-commerce,-88.69,Germany,Online,0,0
T0005261,A002133,C01308,2025-07-04 13:14:21,Card Purchase,Travel,-158.37,Luxembourg,Card Present,0,0
T0002849,A002538,C01555,2024-06-20 20:09:56,Transfer Out,Transfer,-876.19,Belgium,Mobile App,0,0
T0002344,A001132,C00690,2024-12-04 05:26:16,Transfer In,Transfer,376.57,Belgium,Mobile App,0,0
T0008453,A002171,C01331,2025-02-03 15:03:11,Transfer In,Transfer,1302.22,Germany,Bank Transfer,0,0
T0001135,A003583,C02192,2024-09-16 00:59:55,Transfer Out,Transfer,-296.52,Belgium,Bank Transfer,0,0
T0001905,A002369,C01455,2024-04-01 13:50:20,Direct Debit,Telecom,-69.3,Belgium,Direct Debit,0,0
T0008658,A002795,C01709,2024-05-31 17:06:56,Transfer In,Transfer,376.22,Netherlands,Bank Transfer,0,0
T0007538,A003596,C02200,2024-06-27 00:29:26,Card Purchase,Travel,-255.84,Netherlands,Online,0,0
T0009928,A002468,C01515,2026-08-20 12:42:11,Card Purchase,Fuel,-152.53,Germany,Online,0,0
T0002489,A001479,C00909,2025-10-23 23:37:15,Salary,Salary,2927.63,Belgium,Bank Transfer,0,0
T0003999,A002190,C01343,2026-07-24 09:51:20,Transfer In,Transfer,662.86,Luxembourg,Bank Transfer,0,0
T0001212,A000123,C00074,2024-09-29 04:56:56,Card Purchase,Groceries,-56.97,Belgium,Card Present,0,0
T0007813,A001278,C00783,2025-03-26 05:00:47,Card Purchase,E-commerce,-31.57,Belgium,Card Present,0,0
T0007341,A001056,C00643,2026-08-24 02:53:27,Transfer Out,Transfer,-152.04,Netherlands,Bank Transfer,0,0
T0001730,A001329,C00818,2025-11-05 03:00:39,Card Purchase,Healthcare,-106.27,France,Card Present,0,0
T0004823,A002862,C01747,2024-06-12 12:54:40,Card Purchase,Groceries,-54.62,France,Online,0,0
T0001028,A002230,C01369,2025-01-11 03:13:53,Transfer In,Transfer,454.95,Germany,Mobile App,0,0
T0008601,A003245,C01988,2024-05-02 04:45:05,Card Purchase,Entertainment,-35.16,Belgium,Card Present,0,0
T0002524,A002077,C01275,2026-05-27 10:29:13,Direct Debit,Subscriptions,-20.91,Belgium,Direct Debit,0,0
T0001074,A000051,C00031,2026-08-25 09:42:04,Salary,Salary,4823.83,France,Mobile App,0,0
T0000649,A000874,C00535,2024-12-07 18:19:23,Interest,Interest,15.13,France,Mobile App,0,0
T0004229,A001269,C00777,2026-02-21 21:12:25,Transfer Out,Transfer,-326.06,Belgium,Bank Transfer,0,0
T0003794,A003277,C02009,2026-08-21 16:41:44,Card Purchase,Dining,-15.98,France,Online,0,0
T0000695,A002147,C01317,2025-06-22 18:17:13,Card Purchase,E-commerce,-160.19,Netherlands,Online,0,0
T0009105,A002629,C01608,2024-01-30 15:02:07,Direct Debit,Subscriptions,-23.1,Germany,Direct Debit,0,0
T0008269,A003207,C01965,2025-12-04 21:42:20,Transfer In,Transfer,680.14,Netherlands,Bank Transfer,0,0
T0003220,A000146,C00088,2026-07-11 18:30:41,Card Purchase,Travel,-95.42,Netherlands,Online,0,0
T0008504,A000021,C00013,2025-10-26 13:02:51,Direct Debit,Housing,-1159.65,Germany,Direct Debit,0,0
T0002961,A001793,C01105,2024-02-17 06:08:29,Card Purchase,Fuel,-40.57,Germany,Mobile App,0,0
T0001540,A002749,C01679,2026-07-15 12:53:07,Transfer In,Transfer,119.07,France,Mobile App,0,0
T0007151,A002378,C01460,2024-11-02 20:58:00,Transfer In,Transfer,229.16,Belgium,Bank Transfer,0,0
T0004967,A001544,C00948,2026-06-11 11:44:48,Transfer Out,Transfer,-261.46,Belgium,Bank Transfer,0,0
T0001203,A001279,C00784,2026-07-05 18:04:11,Transfer In,Transfer,940.53,Netherlands,Bank Transfer,0,0
T0001315,A001852,C01139,2025-03-04 22:53:38,Card Purchase,Retail,-70.36,Germany,Card Present,0,0
T0004714,A000394,C00245,2024-01-26 06:26:11,Direct Debit,Housing,-910.96,France,Direct Debit,0,1
T0006555,A001465,C00899,2024-09-25 12:34:06,Transfer In,Transfer,87.19,Belgium,Mobile App,0,0
T0003368,A002454,C01507,2026-05-15 16:00:38,Card Purchase,Groceries,-62.4,Belgium,Card Present,0,0
T0008700,A003729,C02278,2026-04-27 04:48:00,Direct Debit,Subscriptions,-26.42,Belgium,Direct Debit,0,0
T0007890,A003064,C01879,2025-07-12 10:24:44,Card Purchase,Healthcare,-184.82,Netherlands,Card Present,0,0
T0006099,A001653,C01016,2024-05-06 07:28:15,Transfer In,Transfer,216.47,Netherlands,Bank Transfer,0,0
T0007773,A000867,C00530,2026-06-09 17:16:51,Card Purchase,Travel,-166.3,France,Mobile App,0,0
T0000264,A003458,C02113,2024-10-27 18:23:53,Transfer In,Transfer,1021.14,France,Bank Transfer,0,0
T0007389,A003920,C02398,2025-06-24 16:48:44,Transfer In,Transfer,1265.32,France,Bank Transfer,0,0
T0000331,A002035,C01248,2025-11-12 14:57:26,Direct Debit,Utilities,-121.79,Belgium,Direct Debit,0,0
T0003775,A002085,C01280,2025-02-11 18:40:22,Transfer Out,Transfer,-237.21,Germany,Bank Transfer,0,0
T0002262,A002065,C01267,2025-12-26 13:36:10,Card Purchase,Fuel,-125.3,Germany,Card Present,0,0
T0001037,A002514,C01541,2024-10-07 13:16:38,Transfer In,Transfer,63.56,Belgium,Bank Transfer,0,0
T0002556,A002515,C01542,2025-05-16 17:02:17,Salary,Salary,3781.13,Belgium,Bank Transfer,0,0
T0004904,A003040,C01863,2024-10-19 05:42:28,Card Purchase,Healthcare,-23.44,Germany,Card Present,0,0
T0004693,A002156,C01323,2024-03-26 06:42:06,Transfer In,Transfer,479.08,Belgium,Mobile App,0,0
T0000454,A001312,C00807,2026-02-20 15:36:36,Transfer In,Transfer,53.89,France,Mobile App,0,0
T0008819,A003313,C02030,2025-04-25 12:34:46,Salary,Salary,3457.71,France,Bank Transfer,0,0
T0007864,A000224,C00142,2025-10-30 08:26:34,Transfer In,Transfer,813.48,Netherlands,Mobile App,0,0
T0007312,A003165,C01936,2024-07-26 00:00:27,Transfer In,Transfer,280.77,Netherlands,Mobile App,0,0
T0002885,A001099,C00670,2025-09-08 18:46:40,Card Purchase,Healthcare,-59.99,Belgium,Card Present,0,0
T0009969,A000060,C00035,2025-05-15 21:59:59,Transfer Out,Transfer,-423.21,Belgium,Mobile App,0,0
T0003546,A001071,C00651,2024-03-30 05:32:46,Transfer In,Transfer,124.36,Belgium,Bank Transfer,0,0
T0004368,A000884,C00540,2024-09-26 07:41:10,Transfer In,,311.68,Belgium,Mobile App,0,0
T0001572,A000472,C00291,2026-04-04 08:36:30,Card Purchase,Travel,-478.47,Germany,Online,0,0
T0000571,A001005,C00614,2025-06-14 07:44:01,Card Purchase,Travel,-225.34,Belgium,Card Present,1,0
T0008260,A001859,C01143,2026-05-03 11:09:35,Direct Debit,Insurance,-75.57,Belgium,Direct Debit,0,0
T0009817,A003390,C02072,2025-02-26 00:26:37,Direct Debit,Insurance,-152.88,Belgium,Direct Debit,0,0
T0003572,A000682,C00418,2024-03-23 03:41:31,Card Purchase,Fuel,-47.91,France,Mobile App,0,0
T0005408,A003631,C02221,2024-06-14 13:40:30,Transfer Out,Transfer,-179.34,Netherlands,Bank Transfer,0,0
T0002567,A001043,C00636,2025-01-16 16:54:29,Transfer Out,Transfer,-267.93,Luxembourg,Bank Transfer,0,0
T0006490,A003363,C02057,2024-02-03 19:56:44,Card Purchase,E-commerce,-119.41,Belgium,Mobile App,0,0
T0005584,A003937,C02409,2024-01-28 20:54:56,Card Purchase,Dining,-35.55,Luxembourg,Online,0,0
T0007433,A002598,C01592,2026-03-16 04:56:35,Transfer In,Transfer,886.11,Belgium,Mobile App,0,0
T0003328,A000919,C00562,2026-03-03 10:54:28,Card Purchase,Retail,-52.19,Belgium,Online,0,0
T0001919,A003418,C02088,2024-04-18 22:50:20,Transfer In,Transfer,612.89,Germany,Mobile App,0,0
T0000348,A000878,C00537,2025-10-23 05:54:18,Transfer In,Transfer,180.35,Belgium,Bank Transfer,0,0
T0001304,A002376,C01459,2025-07-12 03:09:48,Transfer In,Transfer,636.66,Belgium,Mobile App,0,0
T0003958,A001308,C00804,2026-03-07 22:50:09,Transfer In,Transfer,422.01,Belgium,Bank Transfer,0,0
T0001372,A000759,C00466,2024-12-03 09:08:11,Transfer Out,Transfer,-560.89,Belgium,Bank Transfer,0,0
T0006259,A003630,C02220,2025-04-12 05:11:46,Transfer In,Transfer,242.41,Belgium,Mobile App,0,0
T0004925,A003882,C02373,2026-04-16 12:22:55,Cash Withdrawal,Cash,-60,Belgium,ATM,0,0
T0008719,A002127,C01304,2026-01-21 20:28:00,Transfer In,Transfer,996.19,Netherlands,Bank Transfer,0,0
T0008031,A003706,C02264,2025-04-05 09:30:25,Cash Withdrawal,Cash,-100,Belgium,ATM,0,0
T0009806,A003462,C02115,2025-06-02 07:34:35,Card Purchase,Travel,-150.88,Germany,Card Present,0,0
T0000399,A000509,C00316,2025-08-30 14:52:33,Card Purchase,Travel,-302.57,France,Online,0,0
T0000761,A003627,C02218,2025-10-24 15:14:44,Card Purchase,Dining,-68.8,Belgium,Card Present,0,0
T0000621,A000301,C00187,2025-01-17 03:21:09,Card Purchase,E-commerce,-76.87,Luxembourg,Online,0,0
T0001669,A002088,C01281,2025-07-27 21:26:16,Card Purchase,E-commerce,-49.41,France,Online,0,0
T0001311,A000813,C00496,2025-08-26 08:33:14,Transfer In,Transfer,78.35,Luxembourg,Bank Transfer,0,0
T0007363,A003884,C02374,2025-07-13 10:30:10,Card Purchase,Dining,-88.9,France,Card Present,0,0
T0009585,A003812,C02328,2025-09-22 18:18:11,Card Purchase,Groceries,-62.25,Belgium,Mobile App,0,0
T0001284,A000115,C00068,2024-08-03 17:36:12,Transfer In,Transfer,362.09,Netherlands,Mobile App,0,0
T0008178,A002383,C01464,2026-07-21 19:45:07,Card Purchase,Dining,-51.22,Belgium,Card Present,0,0
T0008624,A001243,C00759,2025-04-16 13:03:01,Direct Debit,Telecom,-60.29,Germany,Direct Debit,0,0
T0002245,A000520,C00322,2024-12-04 10:12:32,Direct Debit,Housing,-630.83,Belgium,Direct Debit,0,0
T0001286,A002398,C01473,2026-07-21 01:05:50,Transfer In,Transfer,292.49,Belgium,Bank Transfer,0,0
T0000626,A002993,C01830,2024-02-25 23:56:33,Transfer In,Transfer,570.2,France,Bank Transfer,0,0
T0009285,A000729,C00446,2025-11-17 03:58:42,Card Purchase,Dining,-31.74,Germany,Online,0,0
T0003893,A003860,C02358,2024-02-05 23:31:16,Card Purchase,Retail,-90.24,Belgium,Mobile App,0,0
T0006221,A000732,C00448,2024-09-13 00:35:22,Transfer In,Transfer,199.13,France,Bank Transfer,0,0
T0003757,A003715,C02270,2024-05-11 15:49:02,Transfer Out,Transfer,-3382.71,Luxembourg,Bank Transfer,0,0
T0000339,A003660,C02239,2025-06-24 14:49:47,Transfer In,Transfer,110.76,Netherlands,Bank Transfer,0,0
T0004350,A003295,C02019,2025-01-01 00:32:29,Transfer In,,278.2,Belgium,Bank Transfer,0,0
T0002675,A001252,C00766,2024-08-28 16:24:57,Transfer In,Transfer,331.77,Belgium,Mobile App,0,0
T0000765,A003827,C02338,2025-11-20 00:31:18,Cash Withdrawal,Cash,-60,France,ATM,0,0
T0008320,A001834,C01130,2025-09-02 19:17:14,Card Purchase,E-commerce,-398.15,France,Card Present,0,0
T0003862,A002174,C01333,2024-12-12 18:41:05,Card Purchase,Retail,-75.36,Germany,Online,0,1
T0008079,A002332,C01434,2025-11-18 19:48:25,Transfer In,Transfer,641.4,Germany,Bank Transfer,0,0
T0004708,A003649,C02232,2024-02-19 16:49:00,Direct Debit,Housing,-1126.7,France,Direct Debit,0,0
T0003446,A001320,C00813,2025-12-27 01:48:34,Direct Debit,Housing,-973.99,Germany,Direct Debit,0,0
T0006311,A003653,C02234,2025-10-26 13:26:44,Card Purchase,Entertainment,-47.72,Belgium,Card Present,0,0
T0005090,A002677,C01634,2024-04-30 01:27:16,Transfer In,Transfer,97.14,Netherlands,Bank Transfer,0,0
T0008940,A001451,C00890,2025-08-13 14:29:27,Cash Withdrawal,Cash,-50,Netherlands,ATM,0,0
T0009967,A002859,C01746,2024-08-08 17:49:53,Card Purchase,Dining,-43.17,Belgium,Online,0,0
T0006710,A000638,C00392,2026-05-22 03:30:39,Transfer In,Transfer,221.43,Germany,Bank Transfer,0,0
T0008339,A002453,C01507,2025-04-30 11:43:38,Transfer Out,Transfer,-127.99,Belgium,Mobile App,0,0
T0008223,A002059,C01264,2025-08-05 06:16:06,Card Purchase,Travel,-416.97,Netherlands,Online,0,0
T0006349,A001754,C01084,2025-04-14 18:01:34,Direct Debit,Housing,-1104.51,Netherlands,Direct Debit,0,0
T0006193,A001011,C00618,2024-02-19 18:56:17,Transfer In,Transfer,424.68,Netherlands,Mobile App,0,0
T0006266,A003350,C02050,2025-07-06 01:09:53,Transfer Out,Transfer,-93.73,Germany,Mobile App,0,0
T0005747,A001539,C00945,2025-06-23 05:32:04,Transfer In,Transfer,149.93,Belgium,Mobile App,0,0
T0008493,A001114,C00680,2024-10-09 01:55:20,Direct Debit,Telecom,-55.55,Belgium,Direct Debit,0,0
T0001678,A002287,C01406,2024-07-06 19:10:05,Transfer In,Transfer,243.06,Germany,Mobile App,0,0
T0002678,A000801,C00489,2024-08-22 04:39:46,Card Purchase,Healthcare,-57.42,Belgium,Card Present,0,0
T0005056,A003059,C01875,2026-08-14 18:27:53,Salary,Salary,2335.15,Netherlands,Bank Transfer,0,0
T0005504,A001346,C00826,2024-10-19 10:55:46,Interest,Interest,3.74,Belgium,Mobile App,0,0
T0001595,A002664,C01627,2024-09-12 19:01:37,Card Purchase,Travel,-1205.36,Netherlands,Card Present,0,0
T0001081,A002696,C01647,2026-05-14 19:40:14,Card Purchase,E-commerce,-46.02,Germany,Online,0,0
T0005991,A001155,C00704,2024-07-18 17:31:06,Card Purchase,Travel,-556.55,Luxembourg,Card Present,0,0
T0009484,A002388,C01467,2025-06-11 11:22:42,Card Purchase,Travel,-166.63,Belgium,Card Present,0,0
T0001558,A003132,C01914,2026-02-18 10:39:10,Card Purchase,E-commerce,-54.08,Germany,Online,0,0
T0001388,A003819,C02333,2025-10-11 12:22:49,Transfer In,Transfer,126.79,Netherlands,Bank Transfer,0,0
T0004174,A003441,C02106,2025-12-18 08:48:01,Card Purchase,Dining,-17.03,Germany,Mobile App,0,0
T0006648,A003318,C02033,2026-04-21 22:17:55,Card Purchase,Groceries,-88.47,Italy,Card Present,1,0
T0008342,A001808,C01114,2026-01-18 11:07:46,Card Purchase,Dining,-65.67,Belgium,Card Present,0,0
T0008238,A001537,C00944,2024-06-01 16:28:21,Transfer In,Transfer,576.77,Belgium,Mobile App,0,0
T0008353,A002223,C01364,2025-06-09 09:29:18,Direct Debit,Utilities,-168.15,Germany,Direct Debit,0,0
T0009811,A003267,C02002,2024-12-24 01:05:06,Transfer Out,Transfer,-262.71,Belgium,Bank Transfer,0,0
T0006595,A000294,C00184,2025-05-30 14:33:58,Transfer In,Transfer,755.04,Netherlands,Mobile App,0,0
T0005158,A002695,C01647,2025-08-10 23:44:36,Transfer In,Transfer,100.09,Germany,Bank Transfer,0,0
T0005542,A003388,C02071,2026-05-02 11:36:43,Transfer In,Transfer,572.78,Belgium,Bank Transfer,0,0
T0005108,A001641,C01008,2025-12-11 00:48:05,Card Purchase,Travel,-318.5,Netherlands,Card Present,0,0
T0009734,A003247,C01989,2024-05-20 08:40:50,Direct Debit,Housing,-788.03,Belgium,Direct Debit,0,0
T0002280,A002188,C01342,2025-12-24 23:48:55,Card Purchase,Healthcare,-80.09,Belgium,Card Present,0,0
T0000028,A003449,C02109,2024-01-18 03:26:36,Card Purchase,Retail,-200.17,Belgium,Online,0,0
T0009384,A003532,C02159,2025-10-07 20:49:36,Direct Debit,Subscriptions,-29.73,Germany,Direct Debit,0,0
T0005171,A002983,C01824,2025-05-24 09:06:46,Transfer Out,Transfer,-391.59,Belgium,Mobile App,0,0
T0003496,A003320,C02034,2026-07-28 10:46:38,Transfer Out,Transfer,-160.87,Belgium,Mobile App,0,0
T0008378,A000841,C00514,2025-03-16 16:24:35,Direct Debit,Telecom,-40.07,Belgium,Direct Debit,0,0
T0004112,A001472,C00903,2024-07-08 07:50:39,Transfer Out,Transfer,-545.91,Belgium,Mobile App,0,0
T0009568,A001874,C01151,2024-08-06 02:15:09,Card Purchase,Healthcare,-49.22,Belgium,Online,0,0
T0004248,A001486,C00914,2024-04-22 14:20:54,Transfer In,Transfer,782.26,Germany,Mobile App,0,0
T0009205,A002948,C01802,2024-08-31 07:54:09,Card Purchase,E-commerce,-133.56,Germany,Card Present,0,0
T0002334,A000608,C00375,2025-11-27 07:25:36,Card Purchase,Fuel,-31.72,Germany,Card Present,0,0
T0005857,A003119,C01908,2025-06-04 03:40:45,Direct Debit,Insurance,-140.58,Germany,Direct Debit,0,0
T0000282,A001185,C00723,2025-09-16 03:52:59,Card Purchase,Travel,-251.46,Spain,Online,1,1
T0000813,A000996,C00607,2024-12-13 01:07:26,Card Purchase,E-commerce,-37.29,Germany,Mobile App,1,0
T0006837,A002266,C01392,2024-06-13 08:15:17,Salary,Salary,3827.88,Germany,Mobile App,0,0
T0001575,A002242,C01377,2024-06-04 01:19:57,Cash Withdrawal,Cash,-200,Belgium,ATM,0,0
T0000987,A000155,C00094,2025-11-20 12:37:49,Transfer In,Transfer,165.53,Netherlands,Mobile App,0,0
T0006368,A003839,C02346,2024-10-05 11:40:10,Transfer In,Transfer,489.05,Germany,Mobile App,0,0
T0000524,A003370,C02061,2024-05-31 07:29:25,Card Purchase,Healthcare,-175.5,Belgium,Card Present,0,0
T0001479,A003171,C01940,2025-04-07 18:51:50,Transfer In,Transfer,632.05,Netherlands,Mobile App,0,0
T0002753,A001055,C00643,2026-01-13 12:35:13,Transfer Out,Transfer,-103.75,Netherlands,Mobile App,0,0
T0004812,A002906,C01773,2025-07-21 19:26:40,Interest,Interest,2.18,France,Bank Transfer,0,0
T0004233,A004058,C02480,2024-02-17 01:27:23,Transfer Out,Transfer,-253.5,Luxembourg,Mobile App,0,0
T0004093,A002052,C01259,2026-03-14 15:21:16,Card Purchase,Retail,-79.57,Belgium,Card Present,0,0
T0003918,A004011,C02452,2026-03-28 18:58:03,Card Purchase,Groceries,-133.13,France,Online,0,0
T0001613,A002737,C01672,2026-06-23 01:04:53,Direct Debit,Insurance,-90.33,Belgium,Direct Debit,0,0
T0002786,A002894,C01765,2025-07-01 17:38:16,Direct Debit,Telecom,-51.73,Netherlands,Direct Debit,0,0
T0006662,A001952,C01197,2024-05-20 07:04:06,Transfer In,Transfer,908.4,Netherlands,Bank Transfer,0,0
T0001754,A002535,C01553,2024-01-18 12:56:54,Direct Debit,Housing,-598.71,Germany,Direct Debit,0,0
T0003119,A002752,C01682,2025-03-04 16:33:04,Direct Debit,Housing,-847.66,France,Direct Debit,0,0
T0003423,A001101,C00671,2026-03-07 07:51:59,Card Purchase,Groceries,-45.88,Belgium,Mobile App,0,0
T0001760,A001392,C00853,2024-11-20 12:26:53,Transfer In,Transfer,48.27,Germany,Mobile App,0,0
T0003207,A002244,C01378,2024-11-05 14:22:03,Card Purchase,Fuel,-60.86,Belgium,Card Present,0,0
T0007072,A002766,C01692,2025-11-09 18:13:51,Direct Debit,Housing,-932.39,Belgium,Direct Debit,0,0
T0001553,A002797,C01710,2025-05-10 04:42:20,Direct Debit,Subscriptions,-20.43,Belgium,Direct Debit,0,0
T0006742,A003461,C02115,2026-02-13 05:23:11,Transfer Out,Transfer,-272.79,Germany,Mobile App,0,0
T0001015,A000325,C00200,2024-04-11 12:56:48,Card Purchase,Fuel,-87.55,Luxembourg,Card Present,0,0
T0009430,A000622,C00384,2026-07-06 05:33:38,Card Purchase,Travel,-318.04,Belgium,Card Present,0,0
T0006046,A002021,C01240,2025-03-03 09:59:16,Direct Debit,Housing,-449.06,Belgium,Direct Debit,0,0
T0009510,A002012,C01234,2025-05-12 22:07:06,Transfer In,Transfer,306.27,Belgium,Bank Transfer,0,0
T0009477,A001115,C00680,2024-08-25 06:57:29,Card Purchase,Fuel,-45.32,Belgium,Card Present,0,0
T0003779,A001103,C00672,2025-05-27 03:11:20,Transfer In,Transfer,659.46,Netherlands,Mobile App,0,0
T0001316,A001243,C00759,2025-12-29 05:24:48,Transfer In,Transfer,551.08,Germany,Mobile App,0,0
T0000494,A003333,C02040,2024-12-16 18:02:58,Card Purchase,E-commerce,-46.22,Belgium,Card Present,0,0
T0007507,A003159,C01933,2026-08-29 00:50:40,Card Purchase,E-commerce,-160.95,Netherlands,Online,0,0
T0005864,A003028,C01855,2025-10-12 14:34:54,Interest,Interest,9.66,Germany,Bank Transfer,0,0
T0003045,A001170,C00713,2024-02-11 09:16:15,Transfer In,Transfer,486.84,Belgium,Mobile App,0,0
T0004878,A001569,C00964,2025-11-18 09:13:54,Transfer Out,Transfer,-489.64,Belgium,Bank Transfer,0,0
T0006649,A003636,C02224,2025-07-09 12:26:44,Direct Debit,Housing,-1055.27,Belgium,Direct Debit,0,0
T0001971,A002941,C01798,2026-05-15 10:59:28,Salary,Salary,5216.31,Belgium,Bank Transfer,0,0
T0001680,A003918,C02397,2025-04-08 19:30:57,Transfer In,Transfer,306.3,Germany,Mobile App,0,0
T0003018,A002856,C01744,2024-11-23 08:53:31,Card Purchase,Travel,-120.95,Belgium,Mobile App,0,0
T0001461,A002215,C01358,2025-02-19 13:58:37,Card Purchase,Travel,-166.59,Germany,Card Present,0,0
T0004703,A000646,C00397,2024-01-03 23:45:57,Transfer In,Transfer,805.18,Germany,Mobile App,0,0
T0002943,A003986,C02437,2025-07-21 10:45:25,Card Purchase,Travel,-90.79,France,Card Present,0,0
T0007011,A000579,C00357,2026-04-02 06:17:40,Transfer In,Transfer,165.67,Netherlands,Mobile App,0,0
T0003952,A001231,C00751,2025-10-22 08:49:54,Direct Debit,Subscriptions,-27.56,Belgium,Direct Debit,0,0
T0005780,A000664,C00407,2024-09-12 02:48:56,Card Purchase,Entertainment,-34.56,Belgium,Card Present,0,0
T0007803,A002880,C01758,2026-08-03 08:17:21,Transfer Out,Transfer,-137.66,Germany,Mobile App,0,0
T0001582,A001729,C01067,2026-01-04 04:26:54,Card Purchase,Travel,-205.31,Belgium,Mobile App,0,0
T0004118,A003849,C02352,2024-10-12 03:34:02,Cash Withdrawal,Cash,-40,France,ATM,0,0
T0003997,A003850,C02352,2024-12-08 17:20:09,Transfer In,Transfer,130.01,France,Mobile App,0,0
T0009621,A004031,C02462,2025-04-14 20:28:50,Direct Debit,Housing,-746.8,Netherlands,Direct Debit,0,0
T0008053,A003560,C02175,2026-08-21 00:01:37,Card Purchase,Entertainment,-46.77,Belgium,Online,0,0
T0005568,A003506,C02144,2025-07-12 12:31:31,Card Purchase,Retail,-75.03,Belgium,Online,0,0
T0006290,A002944,C01800,2026-05-02 12:56:26,Cash Withdrawal,Cash,-200,Netherlands,ATM,0,0
T0002694,A000181,C00111,2024-03-15 12:00:08,Card Purchase,Dining,-36.45,Belgium,Card Present,0,0
T0007103,A003258,C01997,2024-09-16 22:33:19,Direct Debit,Insurance,-115.53,Netherlands,Direct Debit,0,0
T0002189,A002188,C01342,2026-01-30 17:30:43,Direct Debit,Insurance,-106.65,Belgium,Direct Debit,0,0
T0004513,A002876,C01755,2026-05-20 14:53:58,Card Purchase,Healthcare,-39.31,France,Online,0,0
T0008990,A002642,C01616,2024-03-07 02:52:31,Transfer Out,Transfer,-213.45,Luxembourg,Mobile App,0,0
T0002831,A003222,C01975,2026-01-20 05:08:33,Transfer Out,Transfer,-98.51,France,Mobile App,0,0
T0001326,A003589,C02195,2024-07-02 21:06:01,Card Purchase,Entertainment,-42.17,Netherlands,Card Present,0,0
T0008160,A002796,C01709,2024-03-08 06:15:31,Transfer In,Transfer,417.97,Netherlands,Mobile App,0,0
T0000078,A002535,C01553,2024-08-23 21:25:15,Card Purchase,Retail,-166.98,Germany,Card Present,0,0
T0008495,A003940,C02411,2025-06-01 14:45:20,Direct Debit,Insurance,-119.9,Belgium,Direct Debit,0,0
T0008487,A001615,C00994,2024-03-07 09:02:42,Transfer Out,Transfer,-140.44,France,Bank Transfer,0,0
T0004952,A003162,C01935,2024-05-09 10:11:13,Card Purchase,Entertainment,-29.65,Germany,Mobile App,0,0
T0001633,A000030,C00018,2024-07-03 22:15:31,Transfer In,Transfer,842.56,Belgium,Mobile App,0,0
T0007206,A000328,C00201,2024-12-06 22:12:32,Transfer Out,Transfer,-74.26,Belgium,Mobile App,0,0
T0000638,A002020,C01239,2026-05-06 05:30:37,Card Purchase,Travel,-234.21,Netherlands,Card Present,0,0
T0006815,A003111,C01903,2025-01-07 17:58:49,Cash Withdrawal,Cash,-60,Belgium,ATM,0,0
T0000372,A003219,C01973,2025-10-05 05:46:53,Card Purchase,Groceries,-89.67,France,Online,0,0
T0007819,A001177,C00717,2025-06-17 17:27:58,Direct Debit,Subscriptions,-25.46,Belgium,Direct Debit,0,0
T0001243,A004063,C02482,2025-08-27 06:33:11,Transfer In,Transfer,471.27,France,Mobile App,0,0
T0003626,A001543,C00948,2026-04-09 23:44:57,Transfer Out,Transfer,-300.05,Belgium,Bank Transfer,0,0
T0001292,A000926,C00566,2025-08-04 17:01:12,Transfer In,Transfer,415.84,France,Mobile App,0,0
T0000101,A003813,C02329,2025-11-18 22:06:03,Transfer Out,Transfer,-1006.68,Belgium,Mobile App,0,0
T0009112,A003599,C02202,2025-12-23 10:04:24,Card Purchase,Travel,-789.78,Netherlands,Card Present,0,0
T0005688,A003682,C02251,2026-07-05 13:44:11,Transfer In,Transfer,584.31,Belgium,Mobile App,0,0
T0007667,A001631,C01003,2024-09-16 22:39:00,Salary,Salary,4094.26,Germany,Mobile App,0,0
T0005806,A002697,C01648,2024-08-14 17:45:43,Transfer Out,Transfer,-567.83,Belgium,Bank Transfer,0,0
T0007009,A003474,C02124,2025-10-10 20:23:10,Direct Debit,Utilities,-147.61,Belgium,Direct Debit,0,0
T0001178,A000891,C00546,2024-07-26 15:45:50,Transfer Out,Transfer,-501.46,Belgium,Mobile App,0,0
T0000074,A002628,C01607,2024-02-03 06:55:07,Transfer In,Transfer,225.81,France,Mobile App,0,0
T0008228,A001316,C00810,2024-08-22 06:55:15,Card Purchase,Fuel,-42.53,Portugal,Card Present,1,0
T0006817,A003862,C02360,2024-03-20 03:13:46,Transfer In,Transfer,513.47,Belgium,Mobile App,0,0
T0005214,A002320,C01427,2024-07-04 03:24:17,Transfer Out,Transfer,-436.05,Belgium,Mobile App,0,0
T0006268,A002711,C01657,2024-10-08 15:36:00,Card Purchase,Travel,-416.55,Luxembourg,Card Present,1,0
T0008974,A002363,C01452,2024-07-16 10:38:07,Card Purchase,Entertainment,-78.21,Germany,Card Present,0,0
T0002342,A003340,C02044,2024-03-08 02:16:34,Card Purchase,Fuel,-218.67,Belgium,Card Present,0,0
T0006382,A000942,C00575,2024-06-02 20:40:04,Transfer In,Transfer,562.57,France,Bank Transfer,0,0
T0006250,A000039,C00022,2025-10-26 01:08:32,Transfer In,Transfer,288.96,France,Mobile App,0,0
T0005015,A001085,C00661,2025-11-28 07:22:38,Card Purchase,Travel,-289.51,Belgium,Mobile App,0,0
T0005944,A002556,C01567,2026-06-19 09:54:03,Card Purchase,Retail,-28.52,Germany,Online,0,0
T0001854,A001407,C00864,2025-05-10 19:36:32,Card Purchase,Retail,-225.39,Belgium,Card Present,0,0
T0004475,A002183,C01337,2025-09-20 13:16:26,Card Purchase,E-commerce,-77.06,Luxembourg,Card Present,0,0
T0004103,A002314,C01423,2026-02-13 21:55:07,Transfer Out,Transfer,-194.45,Belgium,Mobile App,0,0
T0007342,A000231,C00147,2025-03-13 01:44:10,Card Purchase,E-commerce,-47.6,Netherlands,Online,0,0
T0001274,A001788,C01103,2024-08-25 12:20:57,Transfer Out,Transfer,-254.19,Belgium,Mobile App,0,0
T0005618,A000047,C00027,2025-06-16 21:24:31,Transfer Out,Transfer,-655.95,Netherlands,Mobile App,0,0
T0007077,A001039,C00634,2026-06-27 09:11:16,Direct Debit,Utilities,-101.13,Belgium,Direct Debit,0,0
T0000387,A002695,C01647,2026-04-10 01:23:03,Card Purchase,E-commerce,-88.09,Germany,Mobile App,0,0
T0007299,A002690,C01642,2024-11-30 15:04:44,Transfer Out,Transfer,-157.03,Belgium,Mobile App,0,0
T0002934,A002649,C01620,2026-03-15 10:12:47,Transfer In,Transfer,255.25,Germany,Bank Transfer,0,0
T0006659,A003203,C01963,2025-12-03 17:21:21,Transfer In,Transfer,348.21,France,Mobile App,0,0
T0003816,A000334,C00205,2025-02-15 17:05:49,Transfer In,Transfer,280.77,Luxembourg,Bank Transfer,0,0
T0007728,A000564,C00348,2024-08-01 07:08:31,Cash Withdrawal,Cash,-150,Belgium,ATM,0,0
T0000651,A002776,C01698,2026-05-21 14:29:03,Salary,Salary,2038.45,Luxembourg,Bank Transfer,0,0
T0007629,A001727,C01066,2026-03-27 03:06:43,Transfer Out,Transfer,-534.7,,Bank Transfer,0,0
T0006719,A000977,C00597,2026-08-26 10:13:24,Transfer In,Transfer,2139.93,Germany,Mobile App,0,0
T0001861,A002242,C01377,2024-04-28 18:30:47,Direct Debit,Insurance,-154.13,Belgium,Direct Debit,0,0
T0008587,A002226,C01367,2024-12-14 02:03:25,Direct Debit,Subscriptions,-25.59,France,Direct Debit,0,0
T0001858,A003803,C02322,2026-03-27 14:13:56,Direct Debit,Utilities,-122.91,France,Direct Debit,0,0
T0008760,A002249,C01382,2025-03-24 05:16:53,Salary,Salary,2973.26,Belgium,Bank Transfer,0,0
T0004867,A000329,C00202,2026-03-19 00:44:09,Transfer Out,Transfer,-89.64,Luxembourg,Mobile App,0,0
T0006695,A003840,C02346,2025-04-12 23:58:56,Card Purchase,Travel,-271.13,Portugal,Online,1,0
T0001498,A002074,C01272,2024-05-05 06:45:11,Transfer In,Transfer,336.36,Luxembourg,Bank Transfer,0,0
T0001860,A003085,C01890,2024-05-22 04:28:45,Transfer In,Transfer,157.03,Belgium,Mobile App,0,0
T0001679,A000040,C00023,2026-05-21 09:00:36,Salary,Salary,3089.89,Netherlands,Bank Transfer,0,0
T0007173,A001611,C00991,2024-09-27 11:16:19,Transfer In,,120.96,Netherlands,Mobile App,0,0
T0001121,A000563,C00347,2024-06-04 17:32:25,Interest,Interest,8.09,Germany,Bank Transfer,0,0
T0006173,A000114,C00067,2025-08-10 09:30:02,Transfer In,Transfer,2431.83,Germany,Mobile App,0,0
T0000864,A003774,C02305,2025-08-27 00:29:09,Transfer Out,Transfer,-343.99,Belgium,Mobile App,0,0
T0007576,A000084,C00049,2024-02-14 20:57:33,Transfer In,Transfer,416.64,Belgium,Bank Transfer,0,0
T0008771,A002859,C01746,2026-01-19 04:25:42,Card Purchase,E-commerce,-96.51,Belgium,Card Present,0,0
T0002682,A001034,C00631,2025-07-13 13:56:02,Transfer Out,Transfer,-688.63,Belgium,Bank Transfer,0,0
T0009975,A001491,C00916,2024-02-14 18:33:36,Card Purchase,Groceries,-37.64,Belgium,Online,0,0
T0005748,A003848,C02351,2024-02-18 03:09:06,Transfer In,Transfer,135.55,Belgium,Mobile App,0,0
T0002525,A000787,C00483,2024-03-30 01:25:16,Cash Withdrawal,Cash,-20,Netherlands,ATM,0,0
T0006477,A002703,C01652,2025-07-14 03:05:00,Transfer Out,Transfer,-228.1,Germany,Mobile App,0,0
T0002419,A001834,C01130,2024-01-14 23:13:35,Card Purchase,E-commerce,-94.09,France,Card Present,0,0
T0008558,A002767,C01693,2026-05-18 05:30:11,Transfer Out,Transfer,-323.86,Belgium,Mobile App,0,0
T0000807,A002087,C01281,2025-02-25 23:56:45,Transfer In,Transfer,384.6,France,Mobile App,0,0
T0003217,A001465,C00899,2025-04-17 08:33:20,Direct Debit,Subscriptions,-33.01,Belgium,Direct Debit,0,0
T0009979,A002843,C01736,2024-01-10 08:05:33,Transfer In,Transfer,2321.26,Belgium,Bank Transfer,0,0
T0003376,A000604,C00372,2024-07-29 22:33:57,Transfer Out,Transfer,-1746.63,France,Mobile App,0,0
T0001343,A003164,C01935,2026-04-11 12:08:25,Card Purchase,Groceries,-35.1,Germany,Card Present,0,0
T0007627,A000512,C00319,2024-09-18 12:26:02,Direct Debit,Telecom,-74.67,Netherlands,Direct Debit,0,0
T0009143,A000013,C00007,2026-05-20 03:05:18,Cash Withdrawal,Cash,-50,Belgium,ATM,0,0
T0004500,A003698,C02260,2024-07-21 00:56:28,Card Purchase,Travel,-130.84,Netherlands,Card Present,0,0
T0007359,A003716,C02270,2026-06-02 00:25:40,Card Purchase,Healthcare,-360.44,Luxembourg,Mobile App,0,0
T0005951,A001876,C01152,2024-08-29 11:24:16,Direct Debit,Housing,-1049.0,Belgium,Direct Debit,0,0
T0001366,A001867,C01148,2024-04-03 21:09:11,Card Purchase,Entertainment,-32.42,Germany,Card Present,0,0
T0004390,A001842,C01134,2024-06-23 21:46:51,Card Purchase,Travel,-157.42,Netherlands,Card Present,0,0
T0002882,A002604,C01594,2025-12-26 17:16:02,Card Purchase,Retail,-238.48,Germany,Online,0,0
T0004585,A001747,C01079,2024-05-05 01:38:04,Card Purchase,Retail,-79.37,France,Mobile App,0,0
T0007582,A000785,C00481,2025-07-14 10:09:10,Card Purchase,Travel,-341.07,Luxembourg,Online,0,1
T0005674,A001057,C00643,2025-09-06 23:19:40,Card Purchase,Fuel,-161.28,Netherlands,Online,0,0
T0002823,A002232,C01371,2026-08-06 03:08:38,Salary,Salary,2454.49,Belgium,Bank Transfer,0,0
T0002994,A000773,C00474,2025-10-26 02:49:44,Card Purchase,Groceries,-74.55,Netherlands,Online,0,0
T0004279,A003771,C02303,2024-08-23 07:37:24,Transfer Out,Transfer,-143.75,Luxembourg,Bank Transfer,0,0
T0001429,A000237,C00150,2024-01-05 15:31:13,Transfer In,Transfer,113.63,Germany,Mobile App,0,0
T0001179,A003000,C01836,2026-03-18 21:26:52,Card Purchase,Fuel,-25.56,Germany,Card Present,0,0
T0009431,A001717,C01060,2025-05-21 11:47:32,Transfer In,Transfer,353.7,France,Bank Transfer,0,0
T0009405,A003878,C02370,2024-02-06 17:08:46,Transfer In,Transfer,288.59,Germany,Bank Transfer,0,0
T0009700,A002660,C01626,2024-07-09 03:25:57,Cash Withdrawal,Cash,-200,Netherlands,ATM,0,0
T0002205,A001634,C01004,2024-09-27 06:32:44,Card Purchase,Healthcare,-114.23,Netherlands,Card Present,0,0
T0000475,A003365,C02059,2026-07-16 13:26:16,Card Purchase,Retail,-76.31,Belgium,Online,0,0
T0005809,A002069,C01270,2024-04-20 08:34:42,Card Purchase,E-commerce,-52.65,Belgium,Online,0,0
T0006585,A000348,C00216,2025-11-25 08:27:28,Card Purchase,Dining,-13.79,Belgium,Card Present,0,0
T0000013,A001978,C01211,2026-02-12 02:49:38,Card Purchase,E-commerce,-127.2,France,Online,0,0
T0000738,A002381,C01463,2026-03-10 14:45:20,Direct Debit,Insurance,-130.88,Belgium,Direct Debit,0,0
T0005738,A001615,C00994,2025-07-17 22:17:43,Direct Debit,Housing,-1061.92,France,Direct Debit,0,0
T0002734,A000067,C00039,2025-06-10 05:13:47,Card Purchase,Groceries,-62.26,Germany,Online,0,0
T0001641,A003267,C02002,2026-05-05 23:24:40,Card Purchase,Healthcare,-87.7,Belgium,Online,0,0
T0001566,A003641,C02227,2025-11-21 15:50:00,Salary,Salary,4396.69,Belgium,Mobile App,0,0
T0000288,A000775,C00475,2025-03-15 04:58:49,Transfer Out,Transfer,-46.29,Belgium,Mobile App,0,0
T0009794,A002454,C01507,2025-03-04 09:44:43,Salary,Salary,4012.77,Belgium,Bank Transfer,0,0
T0005264,A001095,C00667,2024-06-09 08:53:12,Transfer In,Transfer,713.83,France,Bank Transfer,0,0
T0009230,A002106,C01294,2025-02-08 14:14:27,Card Purchase,Dining,-42.3,France,Card Present,0,0
T0009455,A002968,C01814,2025-10-25 08:33:33,Card Purchase,Healthcare,-147.51,Netherlands,Card Present,0,0
T0009678,A000803,C00490,2025-10-23 15:20:42,Card Purchase,Dining,-34.19,Belgium,Card Present,0,0
T0002335,A001794,C01106,2025-09-20 11:09:32,Cash Withdrawal,Cash,-100,Germany,ATM,0,0
T0000917,A003683,C02251,2026-08-13 06:02:52,Interest,Interest,15.05,Belgium,Mobile App,0,0
T0003193,A001029,C00628,2026-06-15 09:13:00,Card Purchase,Fuel,-137.26,Netherlands,Card Present,0,0
T0007254,A000960,C00585,2024-12-01 22:40:20,Card Purchase,Entertainment,-20.85,Belgium,Online,0,0
T0009200,A002122,C01301,2024-09-17 06:06:05,Card Purchase,Groceries,-136.14,Belgium,Card Present,0,0
T0005330,A001260,C00770,2025-11-06 06:17:57,Transfer Out,Transfer,-860.44,Germany,Bank Transfer,0,0
T0006938,A000743,C00455,2024-01-06 10:27:44,Card Purchase,Healthcare,-51.04,Netherlands,Card Present,0,0
T0006602,A003315,C02031,2025-03-01 22:27:42,Transfer Out,Transfer,-2116.47,Belgium,Bank Transfer,0,0
T0004958,A002694,C01646,2025-09-15 03:46:45,Card Purchase,Dining,-53.96,France,Card Present,0,0
T0002933,A000262,C00163,2025-10-31 08:13:50,Transfer In,Transfer,252.27,Germany,Bank Transfer,0,0
T0001763,A003826,C02337,2025-04-25 02:19:37,Direct Debit,Housing,-860.6,Belgium,Direct Debit,0,0
T0000810,A003231,C01980,2026-02-03 22:38:46,Salary,Salary,4277.64,France,Bank Transfer,0,0
T0008071,A001111,C00678,2025-12-21 09:34:39,Transfer In,Transfer,1655.32,Luxembourg,Bank Transfer,0,0
T0004694,A000300,C00187,2024-05-12 01:01:05,Transfer In,Transfer,94.05,Luxembourg,Mobile App,0,0
T0005886,A001693,C01042,2025-12-13 15:03:50,Transfer In,Transfer,372.91,Germany,Mobile App,0,0
T0008922,A003506,C02144,2024-04-22 20:52:30,Direct Debit,Insurance,-104.15,Belgium,Direct Debit,0,0
T0008554,A003628,C02219,2024-04-18 15:42:24,Transfer Out,Transfer,-238.54,France,Mobile App,0,0
T0005925,A003527,C02157,2025-03-08 14:51:08,Card Purchase,E-commerce,-57.79,Italy,Online,1,0
T0003364,A002289,C01407,2026-07-30 02:21:41,Transfer In,Transfer,267.48,Netherlands,Bank Transfer,0,0
T0009092,A002827,C01726,2025-01-16 00:16:36,Card Purchase,Retail,-149.17,Germany,Card Present,0,0
T0009706,A002273,C01398,2025-06-20 07:35:11,Transfer In,Transfer,838.75,Belgium,Bank Transfer,0,0
T0003852,A001400,C00858,2025-01-26 22:19:40,Transfer Out,Transfer,-192.72,Belgium,Bank Transfer,0,0
T0004512,A003785,C02311,2024-05-24 11:00:32,Transfer In,Transfer,418.13,Netherlands,Bank Transfer,0,0
T0002539,A003022,C01850,2025-02-05 00:40:31,Transfer Out,Transfer,-406.22,Germany,Mobile App,0,0
T0005601,A003114,C01904,2024-01-24 02:37:58,Card Purchase,Entertainment,-21.75,France,Card Present,0,0
T0009550,A003510,C02146,2026-02-20 17:12:42,Card Purchase,Dining,-51.1,Netherlands,Online,0,0
T0005037,A002069,C01270,2026-04-24 05:13:31,Card Purchase,E-commerce,-112.27,Belgium,Mobile App,0,0
T0006192,A002402,C01476,2025-06-02 00:50:41,Transfer In,Transfer,323.11,Netherlands,Mobile App,0,0
T0000236,A004070,C02487,2026-02-18 20:24:44,Transfer In,Transfer,199.15,France,Mobile App,0,0
T0002542,A002571,C01578,2026-04-06 11:24:40,Card Purchase,Travel,-302.59,Belgium,Card Present,0,0
T0007123,A003864,C02361,2024-09-08 22:48:19,Transfer Out,Transfer,-252.39,Netherlands,Bank Transfer,0,0
T0005362,A000337,C00207,2025-01-30 04:13:07,Cash Withdrawal,Cash,-50,Germany,ATM,0,0
T0002141,A003301,C02024,2025-09-08 23:48:23,Cash Withdrawal,Cash,-100,Belgium,ATM,0,0
T0002851,A001194,C00728,2026-08-11 21:57:50,Card Purchase,Travel,-360.38,Netherlands,Card Present,0,0
T0004589,A002340,C01438,2025-05-16 05:40:40,Transfer In,Transfer,678.66,Belgium,Bank Transfer,0,0
T0005065,A000305,C00190,2026-08-30 10:28:27,Direct Debit,Subscriptions,-29.47,Belgium,Direct Debit,0,0
T0009364,A001294,C00794,2025-08-19 00:35:24,Direct Debit,Insurance,-126.66,Germany,Direct Debit,0,0
T0009632,A001743,C01076,2025-05-29 09:19:21,Card Purchase,Fuel,-108.54,Belgium,Card Present,0,0
T0005987,A003966,C02425,2026-05-13 10:12:38,Transfer Out,,-330.24,Netherlands,Bank Transfer,0,0
T0001109,A001426,C00875,2025-10-20 16:04:48,Transfer Out,Transfer,-75.11,Netherlands,Mobile App,0,0
T0003518,A003396,C02076,2024-04-06 16:48:14,Interest,Interest,13.82,Belgium,Mobile App,0,0
T0000241,A003660,C02239,2025-03-08 13:13:15,Transfer In,Transfer,433.98,Netherlands,Bank Transfer,0,0
T0000254,A000463,C00286,2025-03-01 13:37:20,Transfer In,Transfer,61.39,France,Bank Transfer,0,0
T0002181,A003006,C01839,2024-10-02 15:49:02,Direct Debit,Telecom,-54.67,Germany,Direct Debit,0,0
T0006658,A000451,C00281,2024-09-10 14:44:16,Transfer In,Transfer,215.64,Belgium,Bank Transfer,0,0
T0008300,A001227,C00748,2025-11-03 00:00:03,Transfer In,Transfer,208.11,Belgium,Mobile App,0,0
T0003889,A000522,C00323,2024-05-23 07:59:47,Transfer In,Transfer,120.15,Belgium,Mobile App,0,0
T0000476,A001297,C00796,2025-10-29 04:06:05,Transfer In,Transfer,464.17,Netherlands,Bank Transfer,0,0
T0007019,A001373,C00842,2024-11-17 10:42:59,Transfer In,Transfer,287.75,Germany,Mobile App,0,0
T0002839,A001542,C00947,2026-03-10 12:18:23,Salary,Salary,3154.39,France,Mobile App,0,0
T0000746,A000125,C00075,2026-03-09 20:58:49,Salary,Salary,1621.83,Belgium,Bank Transfer,0,0
T0003940,A002042,C01252,2026-02-01 16:57:40,Card Purchase,Groceries,-21.85,Belgium,Card Present,0,0
T0009427,A000928,C00566,2025-08-31 12:01:07,Card Purchase,Healthcare,-75.35,France,Card Present,0,0
T0006104,A002564,C01573,2026-02-10 03:48:00,Card Purchase,Fuel,-79.5,Netherlands,Card Present,0,0
T0003729,A002975,C01819,2026-05-03 03:03:42,Transfer In,Transfer,1685.56,Belgium,Bank Transfer,0,0
T0005341,A002997,C01833,2025-09-14 14:50:43,Card Purchase,Dining,-49.66,France,Online,0,0
T0009865,A003684,C02252,2026-03-27 13:35:16,Card Purchase,Entertainment,-34.4,Belgium,Card Present,0,0
T0003219,A003297,C02021,2026-03-08 08:32:39,Cash Withdrawal,Cash,-20,Netherlands,ATM,0,0
T0004029,A000784,C00481,2026-02-27 21:13:58,Transfer Out,Transfer,-122.07,Luxembourg,Bank Transfer,0,0
T0005074,A003322,C02035,2024-11-22 04:24:39,Transfer In,Transfer,703.95,Netherlands,Mobile App,0,0
T0004590,A001167,C00711,2025-05-25 03:30:03,Card Purchase,Healthcare,-105.02,Germany,Online,0,0
T0009122,A001347,C00826,2026-03-06 11:32:53,Card Purchase,E-commerce,-94.83,Belgium,Card Present,0,0
T0000574,A002160,C01325,2026-06-07 08:27:00,Card Purchase,Entertainment,-12.93,Belgium,Mobile App,0,0
T0009520,A004046,C02471,2026-07-21 09:56:31,Transfer Out,Transfer,-726.29,Belgium,Mobile App,0,0
T0004957,A002304,C01415,2026-07-21 00:02:33,Transfer In,Transfer,539.28,Belgium,Mobile App,0,0
T0001424,A000417,C00260,2026-07-08 06:00:15,Transfer Out,Transfer,-1534.7,France,Bank Transfer,0,0
T0001185,A003103,C01899,2024-10-29 20:15:01,Card Purchase,Healthcare,-39.28,Netherlands,Online,0,0
T0008639,A002683,C01637,2026-01-07 22:34:36,Transfer In,Transfer,194.91,Belgium,Bank Transfer,0,0
T0002296,A000740,C00452,2024-02-06 04:17:51,Transfer Out,Transfer,-337.39,Belgium,Mobile App,0,0
T0001534,A000429,C00268,2024-12-13 17:22:38,Direct Debit,Telecom,-72.36,Netherlands,Direct Debit,0,0
T0008275,A003086,C01891,2025-06-20 15:15:39,Transfer In,Transfer,368.0,France,Mobile App,0,0
T0001902,A000927,C00566,2024-08-13 10:46:49,Card Purchase,Groceries,-268.71,France,Card Present,0,0
T0002510,A001940,C01189,2025-11-27 00:34:51,Card Purchase,Groceries,-176.61,Netherlands,Online,0,0
T0006083,A003379,C02067,2026-06-11 10:55:03,Transfer In,Transfer,106.24,Germany,Bank Transfer,0,0
T0002737,A003521,C02154,2025-11-28 02:07:30,Cash Withdrawal,Cash,-100,Germany,ATM,0,0
T0007713,A001060,C00645,2025-05-20 10:07:08,Card Purchase,Healthcare,-158.51,Netherlands,Online,0,0
T0009059,A002740,C01675,2026-05-09 19:40:45,Transfer Out,Transfer,-884.78,Belgium,Mobile App,0,0
T0004188,A000464,C00287,2025-12-04 00:01:55,Transfer In,Transfer,274.32,Germany,Mobile App,0,0
T0004341,A002702,C01651,2024-11-29 00:07:31,Card Purchase,Retail,-29.57,France,Card Present,0,0
T0002248,A001269,C00777,2025-02-06 13:59:09,Transfer In,Transfer,133.04,Belgium,Bank Transfer,0,0
T0008421,A002631,C01609,2024-11-22 17:46:21,Interest,Interest,14.98,Netherlands,Bank Transfer,0,0
T0004736,A000393,C00244,2024-09-15 11:59:40,Transfer In,Transfer,44.85,Germany,Bank Transfer,0,0
T0002861,A002434,C01495,2025-07-28 01:26:25,Cash Withdrawal,Cash,-150,,ATM,0,0
T0008049,A001524,C00937,2024-10-06 09:53:31,Card Purchase,Fuel,-29.09,Germany,Online,0,0
T0004560,A000867,C00530,2025-09-06 16:27:30,Card Purchase,Healthcare,-206.55,France,Card Present,0,0
T0004016,A002883,C01759,2024-04-17 10:13:27,Card Purchase,Healthcare,-41.91,Belgium,Card Present,0,0
T0004510,A003187,C01952,2024-01-22 05:46:00,Card Purchase,Entertainment,-48.93,Luxembourg,Card Present,0,0
T0000865,A003625,C02217,2025-06-17 15:54:25,Transfer In,Transfer,385.66,Belgium,Bank Transfer,0,0
T0006874,A002136,C01310,2025-12-10 09:32:12,Direct Debit,Utilities,-149.58,Germany,Direct Debit,0,0
T0001962,A003526,C02156,2026-04-18 14:00:32,Card Purchase,Retail,-168.72,Germany,Online,0,0
T0009168,A000015,C00008,2025-12-09 19:15:08,Transfer In,Transfer,221.11,Belgium,Mobile App,0,0
T0006034,A000701,C00428,2025-03-03 13:12:09,Card Purchase,Entertainment,-17.27,Belgium,Card Present,0,0
T0008292,A002929,C01789,2025-11-19 18:06:06,Transfer Out,Transfer,-559.75,,Bank Transfer,0,0
T0003746,A000243,C00153,2024-03-21 11:21:32,Transfer Out,Transfer,-1421.76,Germany,Bank Transfer,0,0
T0001272,A002154,C01322,2024-06-18 23:35:35,Transfer In,Transfer,193.79,Netherlands,Bank Transfer,0,0
T0001172,A001226,C00747,2025-08-17 04:26:06,Card Purchase,E-commerce,-60.55,France,Card Present,1,0
T0000132,A002519,C01543,2024-08-13 14:01:21,Transfer In,Transfer,291.18,Luxembourg,Mobile App,0,1
T0004896,A001235,C00753,2025-03-21 13:07:46,Transfer In,Transfer,369.84,France,Mobile App,0,0
T0008322,A002518,C01543,2025-03-15 01:31:54,Cash Withdrawal,Cash,-40,Luxembourg,ATM,0,0
T0003200,A003706,C02264,2024-09-05 13:56:56,Card Purchase,Dining,-42.21,Belgium,Card Present,0,0
T0004319,A003497,C02138,2026-06-26 07:15:31,Salary,Salary,4721.01,Belgium,Bank Transfer,0,0
T0006013,A002830,C01728,2024-07-12 01:09:29,Transfer In,Transfer,1226.93,Germany,Bank Transfer,0,0
T0007658,A001470,C00901,2024-12-01 11:28:15,Transfer In,Transfer,135.16,Germany,Mobile App,0,0
T0001532,A001616,C00994,2024-03-12 15:40:39,Card Purchase,Groceries,-81.99,France,Mobile App,0,0
T0003107,A002835,C01730,2024-02-15 04:22:39,Card Purchase,Groceries,-126.52,Belgium,Online,0,0
T0003595,A001393,C00854,2024-05-11 05:48:50,Card Purchase,Groceries,-63.12,Germany,Online,0,0
T0001888,A002504,C01535,2024-07-25 23:54:31,Card Purchase,Travel,-161.56,Belgium,Card Present,0,0
T0000622,A000972,C00594,2024-11-17 11:52:38,Transfer In,Transfer,217.49,Netherlands,Mobile App,0,0
T0004869,A001402,C00860,2024-07-20 17:16:46,Transfer In,Transfer,625.81,Netherlands,Bank Transfer,0,0
T0009388,A002416,C01484,2026-05-11 12:10:21,Card Purchase,Entertainment,-33.46,Netherlands,Mobile App,1,0
T0008175,A004069,C02487,2026-07-25 14:01:45,Cash Withdrawal,Cash,-100,France,ATM,0,0
T0002162,A003428,C02095,2024-10-19 15:13:44,Transfer In,Transfer,419.09,Belgium,Mobile App,0,0
T0008309,A001709,C01054,2024-11-04 14:06:04,Transfer In,Transfer,142.29,Germany,Bank Transfer,0,0
T0002779,A003979,C02432,2025-06-04 01:32:49,Interest,Interest,10.87,Belgium,Mobile App,0,0
T0006565,A003577,C02188,2026-03-26 18:26:11,Card Purchase,Travel,-185.19,Germany,Card Present,0,0
T0005922,A002914,C01779,2024-10-24 03:55:37,Transfer In,Transfer,239.18,Netherlands,Mobile App,0,0
T0001611,A001545,C00949,2025-07-09 01:40:27,Interest,Interest,10.89,Germany,Mobile App,0,0
T0000986,A001554,C00954,2026-05-06 05:42:13,Transfer In,Transfer,154.95,Belgium,Mobile App,0,0
T0002749,A002919,C01783,2026-05-19 02:37:25,Transfer In,Transfer,430.55,Belgium,Mobile App,0,0
T0006694,A001486,C00914,2025-02-11 22:27:48,Transfer Out,Transfer,-179.66,Germany,Bank Transfer,0,0
T0007227,A001450,C00889,2024-03-24 09:26:11,Direct Debit,Subscriptions,-13.63,Belgium,Direct Debit,0,0
T0004614,A001485,C00913,2025-01-15 00:18:04,Card Purchase,E-commerce,-42.0,Belgium,Card Present,0,0
T0000619,A003507,C02145,2025-01-29 13:46:54,Salary,Salary,4295.69,Belgium,Mobile App,0,0
T0003167,A003772,C02303,2026-04-24 11:07:55,Transfer Out,Transfer,-58.63,Luxembourg,Bank Transfer,0,0
T0004173,A002648,C01619,2024-04-25 04:29:19,Transfer Out,Transfer,-320.2,Belgium,Mobile App,0,0
T0008278,A000914,C00559,2026-03-03 06:09:33,Direct Debit,Insurance,-125.44,Germany,Direct Debit,0,0
T0000235,A001472,C00903,2024-04-11 17:10:35,Cash Withdrawal,Cash,-250,Belgium,ATM,0,0
T0008170,A001637,C01006,2024-07-12 12:15:00,Transfer In,Transfer,787.29,France,Mobile App,0,0
T0006305,A001602,C00986,2026-06-17 20:06:23,Transfer In,Transfer,514.79,Belgium,Mobile App,0,0
T0008120,A002988,C01827,2025-11-10 15:59:07,Transfer In,Transfer,251.88,Germany,Mobile App,0,0
T0000999,A001410,C00865,2024-11-19 10:43:03,Card Purchase,E-commerce,-76.34,Germany,Online,0,0
T0007167,A000373,C00233,2026-06-19 03:17:53,Transfer In,Transfer,1144.48,France,Bank Transfer,0,0
T0004940,A001347,C00826,2025-07-11 06:49:02,Card Purchase,Healthcare,-129.25,Belgium,Online,0,0
T0007879,A003302,C02025,2025-12-19 16:27:47,Transfer Out,Transfer,-290.11,Netherlands,Mobile App,0,0
T0005460,A003779,C02308,2026-05-11 23:34:35,Transfer In,Transfer,450.18,Belgium,Mobile App,0,0
T0002270,A003170,C01940,2025-01-17 05:18:13,Direct Debit,Subscriptions,-22.98,Netherlands,Direct Debit,0,0
T0008602,A003679,C02250,2024-11-19 23:50:24,Direct Debit,Subscriptions,-25.24,Belgium,Direct Debit,0,0
T0007849,A000647,C00397,2026-06-20 20:54:34,Cash Withdrawal,Cash,-20,,ATM,0,0
T0009180,A003380,C02067,2024-07-29 17:20:25,Direct Debit,Utilities,-106.75,Germany,Direct Debit,0,0
T0004461,A002803,C01713,2024-10-28 02:03:34,Transfer In,Transfer,941.27,Belgium,Bank Transfer,0,0
T0003645,A001283,C00787,2025-03-11 17:07:03,Transfer Out,Transfer,-69.7,France,Bank Transfer,0,0
T0008478,A003103,C01899,2024-01-07 00:39:35,Card Purchase,Fuel,-95.56,Netherlands,Card Present,0,0
T0006984,A000285,C00179,2025-03-22 02:40:01,Direct Debit,Subscriptions,-32.15,Belgium,Direct Debit,0,0
T0008229,A000874,C00535,2024-02-02 12:25:40,Transfer Out,Transfer,-235.51,France,Bank Transfer,0,0
T0008108,A000398,C00248,2024-05-01 23:49:39,Transfer In,Transfer,344.29,Germany,Mobile App,0,0
T0006839,A003331,C02039,2026-05-11 22:13:40,Card Purchase,Groceries,-52.54,Netherlands,Online,0,0
T0000342,A000640,C00393,2025-10-25 14:55:11,Transfer In,Transfer,83.58,Germany,Mobile App,0,0
T0004054,A001574,C00968,2024-09-01 07:50:00,Direct Debit,Subscriptions,-19.01,France,Direct Debit,0,0
T0003726,A003254,C01994,2025-08-20 03:58:37,Transfer In,Transfer,488.05,France,Bank Transfer,0,0
T0007916,A002910,C01777,2025-11-08 22:37:41,Card Purchase,E-commerce,-91.01,Belgium,Online,0,0
T0000689,A000573,C00354,2025-10-31 19:04:22,Transfer In,Transfer,317.94,,Mobile App,0,0
T0002252,A000062,C00037,2024-12-03 02:14:37,Transfer In,Transfer,455.58,Netherlands,Bank Transfer,0,0
T0003709,A000718,C00438,2024-02-12 05:20:55,Transfer In,Transfer,363.25,Belgium,Mobile App,0,0
T0009077,A000403,C00252,2024-11-15 02:22:25,Transfer Out,Transfer,-75.64,Netherlands,Bank Transfer,0,0
T0008369,A002519,C01543,2026-01-02 04:10:45,Transfer In,Transfer,127.08,Luxembourg,Mobile App,0,0
T0007562,A000397,C00247,2024-01-30 16:30:49,Card Purchase,Retail,-126.98,France,Card Present,0,0
T0003065,A003723,C02275,2026-07-03 08:33:37,Cash Withdrawal,Cash,-20,Belgium,ATM,0,0
T0004196,A002702,C01651,2024-10-18 16:33:53,Card Purchase,E-commerce,-49.5,France,Online,0,0
T0001778,A003263,C02000,2024-07-06 05:46:47,Transfer In,Transfer,104.35,Belgium,Mobile App,0,0
T0005973,A001110,C00677,2024-07-14 03:13:46,Transfer In,,195.13,Netherlands,Bank Transfer,0,0
T0009634,A000388,C00241,2026-04-10 16:16:41,Direct Debit,Utilities,-114.65,France,Direct Debit,0,0
T0004221,A001792,C01105,2024-12-03 15:40:19,Transfer In,Transfer,437.29,Germany,Mobile App,0,0
T0000926,A003647,C02231,2026-04-23 07:30:20,Card Purchase,Dining,-57.39,Belgium,Online,0,0
T0007861,A002049,C01256,2025-10-12 01:05:58,Transfer In,Transfer,332.29,Germany,Bank Transfer,0,0
T0007844,A002838,C01733,2024-05-25 02:43:27,Card Purchase,Fuel,-128.01,Belgium,Online,0,0
T0007237,A000546,C00337,2025-05-26 02:27:34,Card Purchase,Healthcare,-210.77,France,Card Present,0,0
T0005379,A004033,C02463,2025-08-20 22:51:21,Card Purchase,Fuel,-90.33,France,Online,0,0
T0000839,A002315,C01423,2024-04-10 21:25:42,Transfer In,Transfer,304.99,Belgium,Bank Transfer,0,0
T0005216,A001191,C00725,2026-08-29 01:01:19,Card Purchase,Healthcare,-56.83,Germany,Card Present,0,0
T0009876,A002087,C01281,2026-08-16 00:44:54,Transfer In,Transfer,382.81,France,Mobile App,0,0
T0002421,A001102,C00671,2025-08-07 02:30:18,Card Purchase,Fuel,-47.67,Belgium,Card Present,0,0
T0007082,A000031,C00018,2025-01-06 13:55:26,Transfer In,Transfer,71.64,Belgium,Mobile App,0,0
T0003982,A003400,C02078,2025-01-27 18:05:30,Card Purchase,Groceries,-102.14,Luxembourg,Card Present,0,0
T0003155,A001218,C00742,2024-05-18 13:43:42,Transfer Out,Transfer,-112.07,,Mobile App,0,0
T0000924,A000698,C00427,2025-09-25 06:02:09,Transfer Out,Transfer,-89.83,Belgium,Bank Transfer,0,0
T0005940,A000416,C00259,2024-01-29 09:02:09,Card Purchase,Dining,-93.63,Netherlands,Online,0,0
T0001911,A001997,C01226,2024-04-25 16:29:23,Transfer Out,Transfer,-610.11,Netherlands,Bank Transfer,0,0
T0006723,A003543,C02166,2025-08-13 12:56:30,Salary,Salary,3299.85,France,Mobile App,0,0
T0008419,A003565,C02179,2026-01-05 01:52:27,Transfer Out,Transfer,-375.77,France,Mobile App,0,0
T0005712,A003699,C02260,2024-01-12 06:09:13,Card Purchase,Groceries,-61.05,Netherlands,Card Present,0,0
T0001448,A001884,C01157,2025-02-28 17:54:01,Cash Withdrawal,Cash,-20,Belgium,ATM,0,0
T0001426,A001694,C01042,2024-11-30 11:00:01,Card Purchase,Fuel,-25.36,Germany,Card Present,0,0
T0006770,A001238,C00755,2026-07-31 18:34:27,Transfer Out,Transfer,-374.94,Belgium,Bank Transfer,0,0
T0007652,A001114,C00680,2024-02-17 12:23:05,Card Purchase,Groceries,-29.34,Belgium,Card Present,0,0
T0000896,A002399,C01474,2025-04-10 23:58:58,Cash Withdrawal,Cash,-200,France,ATM,0,0
T0002288,A003402,C02079,2026-07-24 00:56:46,Transfer Out,Transfer,-623.17,Belgium,Bank Transfer,0,0
T0003663,A002596,C01590,2025-02-27 14:27:32,Transfer In,Transfer,979.37,Belgium,Bank Transfer,0,0
T0000349,A000869,C00531,2025-09-24 11:45:05,Transfer In,Transfer,379.49,Belgium,Mobile App,0,0
T0000162,A003555,C02171,2026-07-16 21:19:00,Card Purchase,Healthcare,-203.42,Belgium,Online,0,0
T0001302,A000265,C00165,2025-01-28 08:41:31,Direct Debit,Insurance,-165.83,France,Direct Debit,0,0
T0008842,A001810,C01116,2025-09-04 19:40:34,Card Purchase,Travel,-433.0,France,Online,0,0
T0006184,A002223,C01364,2025-10-20 07:26:00,Salary,Salary,4424.8,Germany,Bank Transfer,0,0
T0004814,A000086,C00050,2026-01-22 04:43:20,Direct Debit,Telecom,-85.7,Germany,Direct Debit,0,0
T0002048,A000294,C00184,2024-04-24 22:03:28,Transfer Out,Transfer,-377.72,Netherlands,Bank Transfer,0,0
T0006120,A003098,C01897,2026-04-05 04:02:34,Direct Debit,Telecom,-62.43,Luxembourg,Direct Debit,0,0
T0007731,A002483,C01524,2026-07-12 23:09:29,Card Purchase,Travel,-215.23,Luxembourg,Card Present,0,0
T0002547,A002225,C01366,2025-11-06 08:32:51,Interest,Interest,12.37,Belgium,Mobile App,0,0
T0004543,A001631,C01003,2025-10-22 18:37:54,Card Purchase,Retail,-124.28,Germany,Online,0,0
T0009380,A000754,C00462,2025-11-29 03:40:15,Cash Withdrawal,Cash,-150,France,ATM,0,0
T0001242,A003935,C02407,2024-03-03 09:16:01,Card Purchase,Retail,-70.02,Netherlands,Online,0,1
T0005131,A001126,C00686,2024-06-30 03:47:17,Direct Debit,Housing,-891.74,Germany,Direct Debit,0,0
T0002044,A002658,C01625,2026-08-11 18:06:46,Card Purchase,Healthcare,-78.15,Belgium,Card Present,0,0
T0007242,A003271,C02004,2024-02-05 01:30:46,Card Purchase,Fuel,-130.63,Belgium,Card Present,0,0
T0007160,A003858,C02357,2026-03-19 18:35:20,Transfer Out,Transfer,-43.36,Netherlands,Bank Transfer,0,0
T0005140,A001874,C01151,2024-11-24 00:02:47,Card Purchase,Entertainment,-53.12,Belgium,Online,0,0
T0006136,A002972,C01817,2026-03-29 07:03:49,Transfer In,Transfer,1416.23,France,Bank Transfer,0,0
T0005182,A000385,C00239,2024-05-13 15:18:54,Card Purchase,Dining,-23.78,Belgium,Card Present,0,0
T0002031,A003009,C01842,2024-06-29 17:04:13,Card Purchase,Entertainment,-52.72,Belgium,Mobile App,0,0
T0000838,A002575,C01580,2025-03-25 12:47:07,Transfer In,Transfer,325.24,Belgium,Bank Transfer,0,0
T0003276,A002619,C01603,2024-07-25 21:13:18,Salary,Salary,3934.29,Netherlands,Mobile App,0,0
T0009780,A001354,C00830,2025-06-04 03:59:23,Direct Debit,Insurance,-76.74,Germany,Direct Debit,0,0
T0007908,A001161,C00708,2024-10-31 14:27:47,Card Purchase,Travel,-322.71,Netherlands,Card Present,0,0
T0000545,A001924,C01182,2025-03-07 13:35:07,Transfer In,Transfer,299.25,Netherlands,Bank Transfer,0,0
T0006584,A000258,C00162,2026-07-18 16:26:12,Card Purchase,Retail,-152.84,France,Card Present,0,0
T0000597,A001486,C00914,2024-12-08 07:33:10,Transfer Out,Transfer,-52.99,Germany,Bank Transfer,0,0
T0000242,A003624,C02216,2026-04-28 11:15:28,Transfer Out,Transfer,-92.89,Belgium,Bank Transfer,0,0
T0000760,A003398,C02078,2024-03-07 13:56:30,Card Purchase,Dining,-60.74,Luxembourg,Online,0,0
T0009476,A000280,C00175,2025-04-11 00:28:39,Transfer In,Transfer,720.46,France,Bank Transfer,0,0
T0001963,A001991,C01221,2025-07-21 00:19:09,Transfer In,Transfer,488.07,Luxembourg,Mobile App,0,0
T0002715,A002633,C01610,2024-04-03 02:35:57,Card Purchase,Retail,-94.28,Netherlands,Card Present,0,0
T0002212,A003073,C01884,2024-10-09 04:24:39,Card Purchase,Entertainment,-55.85,Luxembourg,Card Present,0,0
T0006818,A000779,C00477,2024-08-12 14:34:24,Transfer In,Transfer,158.95,Netherlands,Bank Transfer,0,0
T0003116,A002567,C01576,2025-07-04 09:23:01,Transfer In,Transfer,850.25,France,Bank Transfer,0,0
T0001317,A003570,C02184,2024-09-16 12:04:14,Transfer In,Transfer,590.41,Belgium,Mobile App,0,0
T0003466,A003833,C02342,2024-03-08 03:51:36,Transfer In,Transfer,367.35,Belgium,Bank Transfer,0,0
T0009560,A002546,C01560,2024-05-02 20:26:15,Transfer In,Transfer,62.22,Germany,Mobile App,0,0
T0009527,A003108,C01901,2026-02-28 23:52:27,Card Purchase,Retail,-249.85,Germany,Card Present,0,0
T0003520,A002691,C01643,2024-10-13 15:02:54,Direct Debit,Housing,-1226.73,Netherlands,Direct Debit,0,0
T0004683,A000604,C00372,2024-05-12 20:32:33,Transfer In,Transfer,225.12,France,Mobile App,0,0
T0000025,A001090,C00664,2024-08-28 12:12:28,Cash Withdrawal,Cash,-150,France,ATM,0,0
T0009718,A000072,C00044,2026-06-13 12:51:32,Transfer In,Transfer,200.79,Netherlands,Bank Transfer,0,0
T0006366,A004050,C02474,2024-01-13 14:31:57,Transfer In,Transfer,264.58,Belgium,Mobile App,0,0
T0005671,A000593,C00365,2025-07-21 11:26:26,Transfer In,Transfer,393.41,Belgium,Bank Transfer,0,0
T0001855,A000032,C00019,2025-08-16 06:26:40,Card Purchase,Entertainment,-29.18,Netherlands,Card Present,0,0
T0001619,A003150,C01926,2024-01-16 05:17:39,Transfer In,Transfer,153.97,Belgium,Bank Transfer,0,0
T0001656,A003203,C01963,2025-03-04 23:27:48,Transfer Out,,-78.57,France,Mobile App,0,0
T0006394,A002134,C01309,2025-01-19 05:12:25,Transfer In,Transfer,1293.3,Belgium,Bank Transfer,0,0
T0000693,A001821,C01123,2024-01-28 05:06:12,Transfer Out,Transfer,-96.35,France,Mobile App,0,0
T0001131,A001785,C01101,2024-09-01 21:41:28,Interest,Interest,15.97,Belgium,Mobile App,0,0
T0007617,A003407,C02082,2024-09-06 16:34:17,Transfer In,Transfer,932.89,Belgium,Bank Transfer,0,0
T0009999,A003430,C02097,2024-04-06 20:38:15,Transfer Out,Transfer,-259.98,Netherlands,Bank Transfer,0,0
T0005501,A003094,C01895,2024-07-17 06:53:18,Transfer In,Transfer,320.3,Netherlands,Mobile App,0,0
T0001219,A002184,C01338,2025-11-05 08:21:44,Direct Debit,Utilities,-185.4,Germany,Direct Debit,0,0
T0000098,A000656,C00403,2025-03-12 12:25:39,Transfer Out,Transfer,-49.68,Belgium,Mobile App,0,0
T0008932,A000891,C00546,2025-09-23 07:47:42,Transfer Out,Transfer,-667.01,Belgium,Mobile App,0,0
T0001237,A002015,C01236,2025-04-13 10:21:45,Transfer Out,Transfer,-803.47,France,Mobile App,0,0
T0009907,A001660,C01020,2024-02-25 01:21:15,Card Purchase,Healthcare,-46.57,Germany,Card Present,0,0
T0005070,A001152,C00703,2026-04-30 18:15:38,Transfer In,Transfer,174.88,France,Bank Transfer,0,0
T0001127,A000334,C00205,2026-02-18 16:59:43,Transfer In,Transfer,363.82,Luxembourg,Bank Transfer,0,0
T0003123,A000693,C00424,2025-05-15 10:49:23,Card Purchase,Dining,-43.34,Belgium,Online,0,0
T0004792,A001099,C00670,2024-05-25 14:29:56,Transfer In,Transfer,157.63,Belgium,Bank Transfer,0,0
T0004969,A003152,C01927,2025-03-10 16:23:52,Transfer In,Transfer,348.17,Belgium,Mobile App,0,0
T0004530,A001139,C00695,2025-12-25 14:08:52,Direct Debit,Insurance,-120.69,Netherlands,Direct Debit,0,0
T0009254,A000889,C00544,2026-05-18 07:44:03,Transfer In,Transfer,1043.25,Belgium,Bank Transfer,0,0
T0003030,A002413,C01482,2024-08-28 10:38:39,Direct Debit,Telecom,-63.13,Germany,Direct Debit,0,0
T0005503,A001267,C00775,2025-06-21 02:43:03,Direct Debit,Telecom,-58.58,Germany,Direct Debit,0,0
T0004649,A000730,C00447,2024-11-09 21:40:03,Direct Debit,Utilities,-147.58,Netherlands,Direct Debit,0,0
T0007657,A002337,C01436,2024-04-10 03:12:38,Cash Withdrawal,Cash,-150,Germany,ATM,0,0
T0000072,A003159,C01933,2026-06-24 00:21:52,Cash Withdrawal,Cash,-60,Netherlands,ATM,0,0
T0009014,A000637,C00391,2025-05-24 07:19:03,Transfer Out,Transfer,-134.89,Netherlands,Mobile App,0,0
T0008106,A000726,C00443,2024-05-29 09:26:14,Interest,Interest,11.25,France,Mobile App,0,0
T0003669,A000401,C00250,2025-08-04 10:56:37,Transfer Out,Transfer,-274.68,Luxembourg,Bank Transfer,0,0
T0001404,A002239,C01376,2024-09-24 21:07:12,Transfer Out,Transfer,-349.59,Germany,Mobile App,0,0
T0001837,A001158,C00707,2025-12-01 00:23:00,Card Purchase,E-commerce,-40.33,Belgium,Online,0,0
T0003589,A003279,C02011,2024-08-31 03:35:40,Direct Debit,Telecom,-56.71,Germany,Direct Debit,0,0
T0000380,A000229,C00146,2024-08-13 06:22:43,Interest,Interest,16.63,Belgium,Bank Transfer,0,0
T0004270,A000531,C00328,2025-05-12 23:36:24,Salary,Salary,3035.68,Belgium,Bank Transfer,0,0
T0000771,A000789,C00483,2025-12-09 10:14:55,Card Purchase,Entertainment,-22.77,Netherlands,Card Present,0,0
T0004721,A003415,C02087,2025-09-10 20:49:44,Transfer Out,Transfer,-1089.57,Netherlands,Mobile App,0,0
T0007888,A000790,C00484,2025-06-07 02:46:38,Direct Debit,Housing,-843.26,Netherlands,Direct Debit,0,0
T0002061,A000937,C00572,2024-05-06 13:10:40,Direct Debit,Housing,-1038.15,Belgium,Direct Debit,0,0
T0003604,A003589,C02195,2024-12-30 02:09:39,Direct Debit,Telecom,-63.52,Netherlands,Direct Debit,0,0
T0005612,A003779,C02308,2025-06-02 23:53:56,Card Purchase,E-commerce,-167.07,Belgium,Online,0,0
T0000411,A001026,C00627,2024-03-24 22:32:05,Transfer Out,Transfer,-233.11,Germany,Bank Transfer,0,0
T0005446,A000044,C00026,2025-07-09 15:18:59,Transfer Out,Transfer,-746.49,Belgium,Mobile App,0,0
T0002913,A002599,C01592,2024-10-11 02:36:28,Transfer In,Transfer,241.96,Belgium,Bank Transfer,0,0
T0006480,A004015,C02454,2026-05-02 02:48:46,Card Purchase,E-commerce,-91.18,Belgium,Online,0,0
T0000063,A002990,C01828,2026-03-11 01:45:19,Direct Debit,Utilities,-116.4,Belgium,Direct Debit,0,0
T0008723,A002232,C01371,2024-11-22 16:29:50,Direct Debit,Housing,-945.78,Belgium,Direct Debit,0,0
T0006084,A004048,C02473,2026-06-29 13:51:02,Transfer In,Transfer,316.85,Netherlands,Mobile App,0,0
T0009246,A001067,C00648,2025-01-21 07:29:14,Card Purchase,Fuel,-84.1,Netherlands,Online,0,0
T0008753,A001671,C01027,2024-12-21 19:52:23,Direct Debit,Telecom,-70.41,Belgium,Direct Debit,0,0
T0000642,A001082,C00659,2024-08-20 21:08:31,Transfer In,Transfer,97.91,Germany,Bank Transfer,0,0
T0009854,A000666,C00408,2025-10-20 07:10:12,Card Purchase,Retail,-75.51,Germany,Mobile App,0,0
T0008833,A000139,C00084,2024-07-14 23:07:07,Direct Debit,Insurance,-149.12,France,Direct Debit,0,0
T0009366,A000526,C00325,2025-09-30 08:25:07,Transfer In,Transfer,794.47,Netherlands,Bank Transfer,0,0
T0002237,A003585,C02192,2025-10-05 05:24:29,Card Purchase,Healthcare,-103.08,Belgium,Card Present,0,0
T0001355,A003245,C01988,2024-12-07 22:54:15,Card Purchase,Retail,-49.36,Belgium,Online,0,0
T0008312,A003169,C01939,2026-04-11 13:13:38,Card Purchase,Retail,-31.14,Germany,Online,0,0
T0004710,A002945,C01800,2026-07-25 13:52:23,Transfer In,Transfer,159.75,Netherlands,Bank Transfer,0,0
T0001523,A000156,C00095,2025-01-06 09:07:29,Transfer In,Transfer,512.49,France,Mobile App,0,0
T0004301,A003184,C01951,2025-08-06 19:36:01,Transfer In,Transfer,568.13,Belgium,Bank Transfer,0,0
T0001764,A003464,C02116,2026-04-03 04:57:40,Card Purchase,Fuel,-22.45,Belgium,Online,0,0
T0006409,A001223,C00746,2026-05-19 08:39:17,Transfer Out,Transfer,-79.74,Germany,Bank Transfer,0,0
T0002448,A002109,C01296,2025-01-15 20:42:07,Direct Debit,Utilities,-106.14,Belgium,Direct Debit,0,0
T0001176,A001692,C01041,2024-11-01 19:20:37,Transfer Out,Transfer,-48.39,France,Mobile App,0,0
T0000467,A003067,C01881,2024-11-09 17:28:04,Direct Debit,Housing,-567.2,Belgium,Direct Debit,0,0
T0003156,A001824,C01125,2024-09-14 06:16:01,Card Purchase,Entertainment,-70.97,Luxembourg,Card Present,0,0
T0000274,A002594,C01588,2024-05-11 23:51:19,Transfer Out,Transfer,-467.89,Germany,Mobile App,0,0
T0004213,A003654,C02235,2024-02-16 03:43:54,Transfer Out,Transfer,-1546.28,Netherlands,Mobile App,0,0
T0003283,A003654,C02235,2024-07-26 04:23:10,Card Purchase,Travel,-155.01,Netherlands,Card Present,0,0
T0006188,A000073,C00044,2024-03-11 06:46:08,Transfer In,Transfer,93.31,Netherlands,Bank Transfer,0,0
T0008231,A004004,C02449,2024-05-14 23:00:26,Transfer In,Transfer,1041.8,Luxembourg,Mobile App,0,0
T0005465,A000792,C00485,2026-04-05 05:05:30,Direct Debit,Utilities,-116.95,Belgium,Direct Debit,0,0
T0004660,A001887,C01158,2025-08-02 12:28:13,Card Purchase,Entertainment,-22.95,France,Card Present,0,0
T0007875,A003068,C01882,2025-05-16 00:27:20,Transfer Out,Transfer,-251.35,Germany,Mobile App,0,0
T0003169,A001662,C01021,2025-08-27 08:15:11,Interest,Interest,12.74,Germany,Mobile App,0,0
T0008349,A002123,C01302,2025-02-18 18:23:17,Interest,Interest,7.34,France,Bank Transfer,0,0
T0006070,A003019,C01849,2024-10-21 14:28:39,Salary,Salary,4783.41,Belgium,Mobile App,0,0
T0005471,A001871,C01149,2025-07-19 11:33:58,Card Purchase,E-commerce,-71.78,Luxembourg,Card Present,0,0
T0007142,A003807,C02325,2026-05-16 15:13:36,Card Purchase,Healthcare,-39.48,Germany,Online,0,0
T0008147,A002184,C01338,2024-11-17 05:01:49,Direct Debit,Telecom,-62.37,Germany,Direct Debit,0,0
T0000683,A003864,C02361,2025-11-01 06:14:03,Direct Debit,Insurance,-91.42,Netherlands,Direct Debit,0,0
T0005844,A001166,C00711,2025-12-07 14:22:54,Transfer Out,Transfer,-137.73,Germany,Mobile App,0,0
T0007365,A000903,C00552,2024-02-17 09:03:48,Transfer In,Transfer,234.43,Netherlands,Bank Transfer,0,0
T0004702,A001760,C01088,2024-07-07 08:49:18,Transfer In,Transfer,99.93,Germany,Mobile App,0,0
T0003491,A002570,C01578,2026-06-24 15:08:18,Transfer Out,Transfer,-228.74,Belgium,Bank Transfer,0,0
T0009615,A003049,C01869,2025-07-25 03:20:14,Transfer In,Transfer,35.9,Belgium,Bank Transfer,0,0
T0001115,A001417,C00869,2024-02-05 13:53:40,Transfer In,Transfer,348.0,Luxembourg,Bank Transfer,0,0
T0001147,A002644,C01617,2024-04-21 16:36:52,Direct Debit,Utilities,-141.48,Belgium,Direct Debit,0,0
T0004019,A001318,C00812,2024-11-05 04:32:46,Salary,Salary,2849.4,Belgium,Mobile App,0,0
T0002809,A001583,C00974,2024-06-04 00:05:25,Card Purchase,E-commerce,-137.5,Belgium,Card Present,0,0
T0004289,A002459,C01510,2025-07-26 11:10:23,Transfer In,Transfer,319.76,Netherlands,Bank Transfer,0,0
T0008621,A001794,C01106,2024-10-01 00:09:58,Salary,Salary,2267.66,Germany,Mobile App,0,0
T0005036,A003541,C02165,2025-06-21 03:09:02,Transfer In,Transfer,302.66,Netherlands,Bank Transfer,0,0
T0004976,A002652,C01622,2024-03-02 10:39:25,Cash Withdrawal,Cash,-250,Belgium,ATM,0,0
T0004777,A001027,C00627,2025-02-10 10:04:56,Transfer Out,Transfer,-307.05,Germany,Mobile App,0,0
T0002036,A002407,C01478,2024-06-05 23:46:36,Card Purchase,E-commerce,-55.89,Netherlands,Card Present,0,0
T0002872,A001853,C01140,2026-03-21 08:23:48,Transfer In,Transfer,1912.28,Belgium,Bank Transfer,0,0
T0008167,A001001,C00611,2025-08-30 10:33:07,Direct Debit,Housing,-1094.6,Netherlands,Direct Debit,0,0
T0005320,A001279,C00784,2025-10-20 12:30:00,Transfer In,Transfer,168.67,Netherlands,Mobile App,0,0
T0002874,A000331,C00204,2026-02-12 09:50:38,Transfer In,Transfer,163.25,Netherlands,Mobile App,0,0
T0009758,A003648,C02232,2024-01-28 13:38:15,Transfer Out,Transfer,-1597.92,France,Mobile App,0,0
T0008573,A003641,C02227,2025-05-16 20:48:50,Salary,Salary,4097.77,Belgium,Bank Transfer,0,0
T0006465,A002689,C01642,2024-05-30 08:26:41,Transfer Out,Transfer,-655.06,Belgium,Bank Transfer,0,0
T0000699,A000266,C00165,2024-02-02 17:56:20,Transfer Out,Transfer,-1063.75,France,Bank Transfer,0,0
T0009079,A001660,C01020,2025-03-10 16:33:01,Card Purchase,Entertainment,-22.58,Germany,Card Present,0,0
T0004010,A003948,C02415,2026-06-05 21:52:02,Transfer In,Transfer,432.72,Germany,Mobile App,0,0
T0000207,A003430,C02097,2025-05-06 12:59:17,Direct Debit,Telecom,-30.22,Netherlands,Direct Debit,0,0
T0009766,A001741,C01075,2025-07-12 02:34:06,Card Purchase,Fuel,-114.88,Germany,Online,0,0
T0004434,A002274,C01398,2025-08-21 02:36:01,Transfer In,Transfer,213.32,Belgium,Bank Transfer,0,0
T0001032,A004066,C02485,2024-06-16 10:41:47,Card Purchase,E-commerce,-41.81,Luxembourg,Card Present,0,0
T0005834,A003251,C01992,2025-12-17 11:44:33,Interest,Interest,15.94,Luxembourg,Bank Transfer,0,0
T0000224,A003275,C02008,2025-03-31 12:47:41,Transfer In,Transfer,181.7,Netherlands,Bank Transfer,0,0
T0001699,A001755,C01084,2026-02-23 16:06:27,Transfer Out,Transfer,-98.07,Netherlands,Mobile App,0,0
T0006615,A000940,C00574,2026-07-06 02:20:20,Transfer In,Transfer,189.65,France,Mobile App,0,0
T0009163,A002494,C01530,2025-08-06 18:45:17,Transfer In,Transfer,152.41,France,Mobile App,0,0
T0007436,A002008,C01233,2025-09-22 00:28:29,Card Purchase,Groceries,-81.51,Germany,Card Present,0,0
T0006419,A000579,C00357,2026-06-08 20:20:07,Transfer In,Transfer,801.38,Netherlands,Mobile App,0,0
T0004723,A000081,C00048,2025-10-30 08:27:06,Direct Debit,Telecom,-51.09,France,Direct Debit,0,0
T0007743,A000077,C00046,2025-07-20 02:59:23,Transfer In,Transfer,458.7,Germany,Mobile App,0,0
T0007626,A003768,C02301,2024-09-18 17:29:18,Card Purchase,Travel,-125.5,Belgium,Card Present,0,0
T0009737,A002742,C01676,2025-07-06 00:36:34,Card Purchase,Dining,-13.86,Germany,Card Present,0,0
T0008570,A003065,C01879,2024-02-28 22:14:57,Transfer In,Transfer,122.02,Netherlands,Bank Transfer,0,0
T0009185,A002946,C01801,2024-03-13 01:01:41,Transfer In,Transfer,83.83,Germany,Bank Transfer,0,0
T0009135,A001044,C00636,2025-12-26 18:04:41,Card Purchase,Retail,-92.6,Luxembourg,Card Present,0,0
T0009844,A000052,C00032,2025-09-26 01:56:12,Card Purchase,Retail,-157.52,Belgium,Online,0,0
T0008989,A003632,C02222,2025-09-04 00:49:32,Transfer Out,Transfer,-48.72,Belgium,Mobile App,0,0
T0008675,A001368,C00840,2026-05-01 12:42:23,Card Purchase,Healthcare,-91.26,Belgium,Card Present,0,0
T0005777,A003840,C02346,2026-04-27 11:01:29,Card Purchase,Groceries,-90.54,Germany,Card Present,0,0
T0001249,A003950,C02416,2025-01-26 04:38:27,Transfer In,Transfer,145.79,Belgium,Bank Transfer,0,0
T0009622,A000329,C00202,2026-08-06 07:49:31,Transfer In,Transfer,173.32,Luxembourg,Bank Transfer,0,0
T0001522,A003694,C02257,2026-06-15 01:17:26,Card Purchase,Travel,-200.77,Netherlands,Card Present,0,0
T0002386,A003562,C02177,2025-07-01 18:34:30,Transfer Out,Transfer,-170.73,Belgium,Mobile App,0,0
T0000561,A002889,C01762,2025-04-17 21:11:55,Salary,Salary,1025.2,Netherlands,Bank Transfer,0,0
T0000058,A002226,C01367,2026-02-09 21:16:53,Salary,Salary,2518.77,France,Mobile App,0,0
T0004656,A003129,C01912,2025-03-06 19:52:55,Card Purchase,Groceries,-19.38,Luxembourg,Online,0,0
T0001893,A001866,C01147,2025-10-13 07:57:48,Transfer In,Transfer,375.4,Germany,Mobile App,0,0
T0007893,A001748,C01080,2024-12-06 00:27:04,Transfer In,Transfer,200.69,Netherlands,Mobile App,0,0
T0002118,A002018,C01238,2026-06-01 01:17:05,Transfer Out,Transfer,-177.83,Netherlands,Bank Transfer,0,0
T0001748,A000013,C00007,2026-06-06 01:54:08,Salary,Salary,1752.99,Belgium,Mobile App,0,0
T0006262,A002893,C01764,2025-03-09 05:32:26,Card Purchase,Dining,-56.26,Netherlands,Card Present,0,0
T0008323,A003664,C02241,2026-05-04 12:34:44,Transfer Out,Transfer,-502.52,Belgium,Bank Transfer,0,0
T0002029,A002805,C01714,2025-10-22 02:45:15,Transfer In,Transfer,42.98,France,Mobile App,0,0
T0001916,A003523,C02155,2025-01-07 13:33:59,Card Purchase,Groceries,-53.48,France,Card Present,0,0
T0001813,A003158,C01932,2026-08-13 00:50:36,Transfer Out,Transfer,-61.63,Belgium,Mobile App,0,0
T0002552,A001683,C01035,2026-04-26 17:24:07,Transfer Out,Transfer,-355.87,Germany,Mobile App,0,0
T0008755,A000808,C00492,2026-06-13 21:00:26,Card Purchase,Healthcare,-108.26,France,Card Present,0,0
T0002056,A001084,C00661,2025-06-23 15:10:15,Interest,Interest,9.74,Belgium,Mobile App,0,0
T0007695,A002060,C01264,2026-04-18 18:58:19,Transfer In,Transfer,344.54,Netherlands,Bank Transfer,0,0
T0000404,A000977,C00597,2024-02-19 02:25:21,Transfer In,Transfer,340.77,Germany,Mobile App,0,0
T0001020,A000510,C00317,2026-05-07 22:34:15,Card Purchase,Dining,-43.12,Belgium,Online,0,0
T0009401,A001720,C01062,2025-06-12 02:04:30,Salary,Salary,3474.83,Belgium,Mobile App,0,0
T0006071,A001248,C00763,2024-06-23 21:21:10,Transfer Out,Transfer,-1607.09,Belgium,Bank Transfer,0,0
T0004911,A003753,C02292,2026-08-25 10:58:33,Direct Debit,Housing,-884.87,Netherlands,Direct Debit,0,0
T0002033,A000582,C00359,2024-10-25 18:11:39,Card Purchase,Groceries,-113.97,Belgium,Card Present,0,0
T0007772,A000280,C00175,2025-09-02 15:59:29,Interest,Interest,10.81,France,Bank Transfer,0,0
T0003892,A001301,C00800,2026-03-08 15:38:33,Card Purchase,Groceries,-31.76,Germany,Online,0,0
T0005990,A000008,C00004,2024-03-26 06:27:20,Card Purchase,Groceries,-86.71,Belgium,Online,0,0
T0001879,A003106,C01901,2025-04-24 16:22:05,Transfer In,Transfer,64.76,Germany,Bank Transfer,0,0
T0001743,A000290,C00181,2025-04-15 10:02:47,Card Purchase,Groceries,-31.68,Germany,Card Present,0,0
T0004440,A000134,C00080,2024-08-06 06:49:46,Transfer In,Transfer,490.33,Belgium,Bank Transfer,0,0
T0002729,A001870,C01149,2025-01-04 23:26:32,Transfer Out,Transfer,-38.31,Luxembourg,Mobile App,0,0
T0002125,A002436,C01496,2024-06-14 21:28:47,Transfer In,Transfer,2052.92,Luxembourg,Mobile App,0,0
T0007109,A002324,C01430,2025-07-05 18:42:54,Transfer Out,Transfer,-362.67,Belgium,Mobile App,0,0
T0006145,A002755,C01683,2024-11-26 22:48:23,Cash Withdrawal,Cash,-20,Belgium,ATM,0,0
T0008433,A002468,C01515,2026-01-05 06:44:35,Direct Debit,Telecom,-83.69,Germany,Direct Debit,0,0
T0000248,A000847,C00518,2024-08-25 15:35:48,Interest,Interest,12.32,France,Mobile App,0,0
T0009470,A001883,C01156,2024-12-20 10:27:31,Card Purchase,Entertainment,-29.07,France,Online,0,0
T0007075,A000787,C00483,2024-03-13 19:32:24,Card Purchase,E-commerce,-181.47,Netherlands,Online,0,0
T0000092,A002299,C01412,2025-10-07 17:18:34,Card Purchase,Fuel,-93.3,Netherlands,Online,0,0
T0007036,A003569,C02183,2025-01-01 21:09:58,Salary,Salary,1586.74,Belgium,Bank Transfer,0,0
T0001349,A002160,C01325,2024-11-09 22:55:42,Card Purchase,Travel,-544.85,Belgium,Online,0,0
T0006116,A003181,C01948,2024-02-27 17:41:19,Card Purchase,E-commerce,-62.4,Belgium,Online,0,0
T0007992,A003264,C02001,2025-08-17 00:50:51,Card Purchase,Entertainment,-61.06,Belgium,Mobile App,0,0
T0002468,A002275,C01398,2024-07-30 14:38:24,Card Purchase,Entertainment,-91.39,Belgium,Online,0,0
T0000767,A003293,C02018,2026-06-12 00:22:23,Card Purchase,E-commerce,-97.9,France,Card Present,0,0
T0003882,A003976,C02430,2025-12-27 12:10:00,Transfer In,Transfer,300.6,Belgium,Mobile App,0,0
T0002669,A002839,C01733,2024-03-05 21:08:30,Card Purchase,Fuel,-78.41,Belgium,Online,0,0
T0009658,A002567,C01576,2024-08-11 15:46:12,Transfer In,Transfer,1141.13,France,Mobile App,0,0
T0008800,A000625,C00385,2025-10-24 22:57:28,Transfer In,Transfer,206.97,Belgium,Bank Transfer,0,0
T0002679,A000130,C00078,2025-05-15 23:36:06,Card Purchase,Retail,-120.84,France,Online,0,0
T0005213,A001214,C00739,2025-06-22 11:15:52,Card Purchase,E-commerce,-43.32,Belgium,Card Present,0,0
T0000965,A002503,C01535,2024-03-19 13:41:12,Cash Withdrawal,Cash,-50,Belgium,ATM,0,0
T0003617,A001932,C01185,2025-02-16 14:03:23,Card Purchase,Entertainment,-6.61,Belgium,Online,0,0
T0008357,A003857,C02357,2025-08-22 14:11:52,Transfer Out,Transfer,-509.04,Netherlands,Mobile App,0,0
T0004135,A000761,C00468,2024-02-18 00:40:32,Cash Withdrawal,Cash,-60,Netherlands,ATM,0,0
T0003951,A001768,C01093,2024-03-06 08:12:15,Salary,Salary,4081.59,Netherlands,Bank Transfer,0,0
T0009252,A002263,C01391,2024-07-23 10:54:55,Cash Withdrawal,Cash,-100,Netherlands,ATM,0,0
T0000812,A002838,C01733,2025-02-18 05:15:17,Cash Withdrawal,Cash,-50,Belgium,ATM,0,0
T0005206,A002338,C01437,2026-07-02 00:40:32,Salary,Salary,2480.32,Belgium,Mobile App,0,0
T0007058,A002276,C01399,2025-03-25 05:23:32,Card Purchase,Travel,-678.6,Germany,Card Present,0,0
T0004071,A004023,C02458,2025-06-30 18:31:45,Transfer Out,Transfer,-113.82,Netherlands,Bank Transfer,0,0
T0007826,A003927,C02402,2026-08-30 03:57:09,Transfer Out,Transfer,-422.75,Belgium,Mobile App,0,0
T0001433,A000822,C00502,2024-06-12 07:17:43,Transfer Out,Transfer,-429.06,Netherlands,Mobile App,0,0
T0009454,A004019,C02456,2024-08-17 23:03:06,Transfer Out,Transfer,-83.51,Netherlands,Mobile App,0,0
T0004239,A003578,C02189,2026-06-10 12:19:25,Transfer Out,Transfer,-783.61,Germany,Mobile App,0,0
T0007836,A000934,C00571,2025-03-24 23:31:38,Direct Debit,Insurance,-100.32,France,Direct Debit,0,0
T0006578,A003240,C01985,2024-01-19 23:33:58,Card Purchase,Fuel,-116.84,Belgium,Card Present,0,0
T0000855,A000678,C00416,2024-09-04 11:19:18,Card Purchase,Fuel,-79.83,France,Card Present,0,0
T0000661,A000195,C00121,2026-05-05 18:08:19,Transfer Out,Transfer,-61.91,Germany,Mobile App,0,0
T0007340,A003170,C01940,2025-12-31 02:22:35,Direct Debit,Subscriptions,-12.05,Netherlands,Direct Debit,0,0
T0009244,A003317,C02032,2024-10-17 14:31:58,Card Purchase,Retail,-236.26,France,Card Present,0,0
T0004669,A000978,C00598,2025-12-28 01:22:55,Transfer In,Transfer,468.55,France,Bank Transfer,0,0
T0005967,A003293,C02018,2024-10-08 17:48:29,Cash Withdrawal,Cash,-20,France,ATM,0,0
T0007049,A002974,C01818,2025-05-12 17:18:55,Transfer In,Transfer,628.95,Belgium,Bank Transfer,0,0
T0002300,A003161,C01934,2026-07-27 23:21:43,Transfer In,Transfer,182.21,France,Mobile App,0,0
T0008692,A002025,C01243,2024-09-17 06:47:35,Card Purchase,Entertainment,-35.54,Germany,Card Present,0,0
T0009021,A002627,C01607,2026-04-15 05:20:18,Transfer In,Transfer,1453.64,France,Mobile App,0,0
T0001460,A001536,C00943,2024-12-30 17:05:51,Transfer Out,Transfer,-64.99,Germany,Mobile App,0,0
T0009682,A003039,C01862,2025-04-27 09:37:20,Transfer Out,Transfer,-58.13,Belgium,Mobile App,0,0
T0007352,A003617,C02212,2024-03-05 17:43:20,Card Purchase,Groceries,-51.79,Netherlands,Card Present,0,0
T0008440,A001903,C01169,2025-06-09 04:14:04,Cash Withdrawal,Cash,-100,Netherlands,ATM,0,0
T0001591,A002557,C01568,2024-06-05 22:05:56,Transfer Out,Transfer,-255.95,Luxembourg,Mobile App,0,0
T0003040,A004059,C02480,2025-06-25 12:51:39,Card Purchase,Travel,-118.4,Germany,Online,1,0
T0003721,A001745,C01078,2026-05-23 16:21:38,Transfer Out,Transfer,-79.89,Germany,Mobile App,0,0
T0004059,A002576,C01581,2024-05-27 18:37:32,Direct Debit,Subscriptions,-15.48,France,Direct Debit,0,0
T0002691,A000476,C00293,2024-05-17 13:32:15,Transfer In,Transfer,113.81,Germany,Mobile App,0,0
T0006384,A003283,C02013,2024-05-18 00:45:58,Transfer In,Transfer,461.44,Netherlands,Bank Transfer,0,0
T0003914,A003366,C02060,2025-04-26 09:57:06,Card Purchase,Groceries,-114.55,Belgium,Card Present,0,0
T0008795,A001540,C00945,2024-06-13 20:34:47,Card Purchase,Travel,-175.52,Belgium,Online,0,0
T0001842,A001011,C00618,2026-08-05 13:44:05,Transfer Out,Transfer,-62.65,Netherlands,Bank Transfer,0,0
T0003519,A000228,C00145,2024-03-02 12:20:33,Salary,Salary,1764.45,France,Mobile App,0,0
T0001095,A002037,C01250,2024-11-17 09:36:02,Direct Debit,Housing,-933.73,Netherlands,Direct Debit,0,0
T0006303,A003988,C02438,2024-10-19 10:28:37,Card Purchase,Fuel,-56.38,France,Card Present,0,0
T0009133,A001402,C00860,2026-05-07 21:42:55,Transfer In,Transfer,637.89,Netherlands,Bank Transfer,0,0
T0008253,A001629,C01002,2025-06-07 20:14:09,Transfer Out,Transfer,-367.03,Luxembourg,Bank Transfer,0,0
T0005774,A000013,C00007,2024-11-16 02:40:49,Transfer In,Transfer,242.31,Belgium,Bank Transfer,0,0
T0006018,A003279,C02011,2024-04-24 12:08:20,Cash Withdrawal,Cash,-250,Germany,ATM,0,0
T0003636,A000157,C00095,2026-03-11 02:15:19,Cash Withdrawal,Cash,-200,France,ATM,0,0
T0000491,A001323,C00815,2024-02-23 07:50:24,Transfer In,Transfer,126.14,Belgium,Mobile App,0,0
T0005580,A001044,C00636,2025-05-21 08:00:34,Card Purchase,E-commerce,-84.19,Luxembourg,Online,0,0
T0008308,A000697,C00426,2025-06-01 21:30:08,Card Purchase,Travel,-442.51,Germany,Card Present,0,0
T0001655,A003590,C02195,2025-05-19 09:40:59,Transfer Out,Transfer,-496.27,Netherlands,Mobile App,0,0
T0008068,A003374,C02063,2024-03-30 05:31:59,Card Purchase,Groceries,-109.43,Belgium,Card Present,0,0
T0003965,A002125,C01303,2025-12-12 03:11:26,Cash Withdrawal,Cash,-150,Germany,ATM,0,0
T0003819,A000576,C00356,2026-06-29 19:53:20,Direct Debit,Insurance,-105.45,France,Direct Debit,0,0
T0004351,A003859,C02358,2025-09-14 09:16:11,Cash Withdrawal,Cash,-60,Belgium,ATM,0,0
T0001835,A001637,C01006,2025-10-22 09:20:40,Transfer Out,Transfer,-163.15,France,Mobile App,0,0
T0003724,A001358,C00833,2025-09-05 20:46:47,Interest,Interest,8.78,Netherlands,Mobile App,0,0
T0009922,A003114,C01904,2026-02-03 11:21:01,Card Purchase,Dining,-94.29,France,Online,0,0
T0002001,A002151,C01320,2024-06-26 22:18:18,Direct Debit,Telecom,-79.2,Belgium,Direct Debit,0,0
T0003201,A001999,C01227,2024-03-17 15:42:18,Card Purchase,Dining,-95.94,Belgium,Online,0,0
T0003656,A002455,C01508,2025-10-05 03:04:41,Transfer Out,Transfer,-198.96,Belgium,Mobile App,0,0
T0009335,A003399,C02078,2025-06-17 23:18:15,Transfer Out,Transfer,-345.82,Luxembourg,Bank Transfer,0,0
T0002443,A000961,C00586,2026-03-21 16:24:48,Transfer Out,Transfer,-258.14,Belgium,Mobile App,0,0
T0007625,A000561,C00346,2024-04-22 12:33:27,Transfer In,Transfer,73.86,France,Bank Transfer,0,0
T0002887,A000461,C00285,2025-04-02 00:38:08,Transfer In,Transfer,337.38,France,Bank Transfer,0,0
T0003320,A003818,C02333,2024-01-21 09:28:11,Card Purchase,Retail,-90.38,Netherlands,Card Present,0,0
T0003743,A001456,C00892,2026-08-27 17:28:55,Card Purchase,Fuel,-68.71,France,Online,0,0
T0005525,A003086,C01891,2024-08-01 06:29:10,Transfer In,Transfer,41.84,France,Bank Transfer,0,0
T0006107,A002836,C01731,2025-12-26 08:20:47,Transfer Out,Transfer,-302.22,Belgium,Mobile App,0,0
T0003661,A000856,C00525,2025-09-01 00:12:09,Transfer Out,Transfer,-668.5,Netherlands,Bank Transfer,0,0
T0003929,A003374,C02063,2026-06-14 18:11:56,Card Purchase,Fuel,-58.48,Belgium,Card Present,0,0
T0008936,A000838,C00511,2025-12-28 09:31:58,Transfer Out,Transfer,-648.65,Germany,Bank Transfer,0,0
T0009579,A001725,C01064,2025-09-22 19:21:18,Transfer Out,Transfer,-121.83,Belgium,Bank Transfer,0,0
T0003921,A000355,C00220,2025-09-21 19:45:26,Transfer In,Transfer,153.67,Netherlands,Mobile App,0,0
T0000433,A000456,C00283,2025-05-01 09:55:18,Card Purchase,Fuel,-77.34,Luxembourg,Card Present,0,0
T0000720,A000820,C00500,2024-05-19 04:24:22,Direct Debit,Insurance,-124.05,Germany,Direct Debit,0,0
T0006660,A002884,C01760,2024-11-03 13:26:51,Card Purchase,E-commerce,-271.64,Netherlands,Card Present,0,0
T0005121,A001482,C00911,2025-10-25 04:08:03,Card Purchase,Entertainment,-60.2,France,Card Present,0,0
T0007956,A003610,C02208,2026-08-05 20:21:15,Card Purchase,E-commerce,-134.35,Belgium,Online,0,0
T0007487,A003190,C01954,2026-02-11 14:59:27,Transfer In,Transfer,144.71,Luxembourg,Mobile App,0,0
T0003784,A003721,C02273,2024-07-19 03:38:15,Interest,Interest,15.32,Belgium,Bank Transfer,0,0
T0003013,A000997,C00608,2026-07-29 18:57:26,Transfer In,Transfer,120.62,Belgium,Mobile App,0,0
T0008382,A000848,C00519,2024-12-27 06:34:26,Card Purchase,E-commerce,-159.16,Netherlands,Mobile App,0,0
T0004662,A003594,C02199,2024-11-15 12:46:50,Cash Withdrawal,Cash,-100,Belgium,ATM,0,0
T0008970,A002934,C01793,2025-02-13 09:08:18,Direct Debit,Telecom,-76.28,Belgium,Direct Debit,0,0
T0003096,A002276,C01399,2026-01-23 11:36:18,Direct Debit,Utilities,-168.4,Germany,Direct Debit,0,0
T0002512,A003804,C02323,2025-06-09 03:24:59,Transfer Out,Transfer,-807.44,Germany,Mobile App,0,0
T0007604,A001128,C00687,2025-07-27 11:00:52,Direct Debit,Insurance,-110.64,Belgium,Direct Debit,0,0
T0007950,A001472,C00903,2026-08-30 10:47:30,Transfer Out,Transfer,-79.25,Belgium,Bank Transfer,0,0
T0004916,A002210,C01356,2025-07-26 00:37:15,Card Purchase,Groceries,-32.66,France,Mobile App,0,0
T0004014,A000519,C00321,2024-02-28 01:36:12,Card Purchase,E-commerce,-59.95,Belgium,Card Present,0,0
T0000173,A002889,C01762,2025-12-20 03:09:34,Direct Debit,Telecom,-70.1,Netherlands,Direct Debit,0,0
T0006408,A003436,C02102,2025-05-12 03:51:26,Card Purchase,Entertainment,-56.73,Germany,Card Present,0,0
T0002102,A001303,C00801,2024-09-09 18:02:30,Transfer In,Transfer,315.0,Belgium,Bank Transfer,0,0
T0000267,A000394,C00245,2024-07-14 17:09:32,Direct Debit,Utilities,-153.53,France,Direct Debit,0,0
T0000451,A001245,C00761,2024-01-04 12:42:07,Direct Debit,Insurance,-124.47,Germany,Direct Debit,0,0
T0005575,A001038,C00633,2025-03-25 04:44:35,Cash Withdrawal,Cash,-80,Netherlands,ATM,0,0
T0004405,A003335,C02041,2025-09-11 01:42:05,Transfer In,Transfer,188.68,France,Mobile App,0,0
T0000412,A000579,C00357,2024-10-30 06:04:42,Transfer Out,Transfer,-219.22,Netherlands,Bank Transfer,0,0
T0005614,A003927,C02402,2026-08-06 20:06:08,Transfer In,Transfer,229.25,Belgium,Mobile App,0,0
T0000678,A004087,C02500,2024-02-27 09:15:30,Card Purchase,Entertainment,-17.56,Germany,Card Present,0,0
T0000830,A001010,C00617,2024-05-18 02:11:43,Transfer In,Transfer,306.6,Belgium,Mobile App,0,0
T0003490,A004064,C02483,2025-10-30 23:15:03,Direct Debit,Telecom,-83.54,France,Direct Debit,0,0
T0009531,A000328,C00201,2024-06-26 06:12:12,Transfer Out,Transfer,-152.58,Belgium,Bank Transfer,0,0
T0001614,A001074,C00653,2024-03-12 13:26:57,Card Purchase,Fuel,-38.73,Belgium,Card Present,0,0
T0001606,A001025,C00626,2025-01-28 04:38:23,Card Purchase,Healthcare,-461.97,Belgium,Card Present,0,0
T0005492,A001005,C00614,2026-02-17 04:28:00,Transfer In,Transfer,657.0,Germany,Mobile App,0,0
T0002931,A000180,C00110,2024-05-31 19:43:56,Card Purchase,Dining,-24.05,France,Card Present,0,0
T0007494,A002656,C01624,2025-07-11 12:47:13,Cash Withdrawal,Cash,-250,Belgium,ATM,0,0
T0001883,A003595,C02200,2024-03-14 14:30:11,Card Purchase,Fuel,-87.49,Netherlands,Card Present,0,0
T0009591,A003263,C02000,2025-10-03 06:42:55,Transfer In,Transfer,255.22,Belgium,Bank Transfer,0,0
T0001841,A003273,C02006,2026-06-03 21:54:29,Transfer In,Transfer,1258.56,Belgium,Bank Transfer,0,0
T0007775,A003550,C02168,2024-11-25 19:11:22,Card Purchase,Fuel,-48.72,France,Card Present,0,0
T0007512,A000708,C00432,2024-05-24 09:26:54,Cash Withdrawal,Cash,-80,France,ATM,0,0
T0005798,A003757,C02293,2024-10-23 17:10:08,Transfer In,Transfer,226.32,Belgium,Bank Transfer,0,0
T0009197,A002859,C01746,2025-09-12 19:51:01,Transfer In,Transfer,81.31,Belgium,Mobile App,0,0
T0005634,A003645,C02230,2026-06-06 20:23:14,Card Purchase,Travel,-184.11,Belgium,Card Present,0,0
T0006834,A003500,C02140,2025-05-08 15:12:29,Card Purchase,Healthcare,-147.83,Belgium,Mobile App,0,0
T0005523,A003569,C02183,2025-06-21 04:51:26,Salary,Salary,1727.85,Belgium,Bank Transfer,0,0
T0007989,A002455,C01508,2025-04-10 13:08:12,Salary,Salary,3578.81,Belgium,Mobile App,0,0
T0001072,A003113,C01904,2025-04-18 04:14:25,Transfer Out,Transfer,-295.02,France,Mobile App,0,0
T0009278,A002118,C01300,2026-02-27 14:21:34,Transfer In,Transfer,749.66,Belgium,Bank Transfer,0,0
T0005728,A003465,C02117,2026-06-23 10:05:31,Direct Debit,Subscriptions,-25.19,Belgium,Direct Debit,0,0
T0004208,A000507,C00315,2025-08-13 22:45:46,Card Purchase,Travel,-271.62,France,Card Present,0,0
T0004599,A000270,C00168,2025-05-19 22:20:12,Card Purchase,Retail,-316.46,Belgium,Mobile App,0,0
T0000161,A003865,C02362,2026-05-22 22:31:09,Transfer In,Transfer,314.46,France,Mobile App,0,0
T0008186,A004011,C02452,2026-08-01 06:40:05,Direct Debit,Housing,-623.6,France,Direct Debit,0,0
T0004689,A000169,C00103,2024-01-31 02:41:04,Transfer In,Transfer,89.01,France,Bank Transfer,0,0
T0007420,A001857,C01142,2024-01-26 20:03:28,Transfer Out,Transfer,-48.7,France,Bank Transfer,0,0
T0008200,A000260,C00162,2025-07-07 07:13:44,Card Purchase,E-commerce,-190.13,France,Online,0,0
T0003808,A002579,C01582,2025-09-24 10:45:30,Transfer Out,Transfer,-141.4,France,Mobile App,0,0
T0008807,A001544,C00948,2024-10-16 00:01:51,Card Purchase,Healthcare,-95.52,Belgium,Card Present,0,0
T0006754,A001572,C00966,2024-12-30 01:43:05,Card Purchase,E-commerce,-222.53,Belgium,Card Present,0,0
T0009446,A001335,C00821,2024-09-07 03:09:34,Transfer In,Transfer,139.29,Netherlands,Bank Transfer,0,0
T0003085,A001924,C01182,2024-06-16 06:35:44,Transfer In,Transfer,105.16,Netherlands,Bank Transfer,0,0
T0002760,A001688,C01039,2024-03-24 21:02:44,Transfer In,Transfer,532.39,Belgium,Mobile App,0,0
T0003503,A001500,C00922,2024-04-23 17:32:10,Transfer Out,Transfer,-191.05,Netherlands,Bank Transfer,0,0
T0006824,A002885,C01760,2025-02-20 01:32:17,Transfer In,Transfer,139.42,Netherlands,Bank Transfer,0,0
T0006131,A000206,C00130,2025-08-21 14:46:30,Direct Debit,Housing,-469.15,Belgium,Direct Debit,0,0
T0000853,A002762,C01689,2024-10-30 12:23:36,Card Purchase,Fuel,-81.36,Belgium,Card Present,0,0
T0007758,A000562,C00346,2026-04-17 13:29:48,Card Purchase,E-commerce,-80.79,France,Online,0,0
T0004273,A001379,C00845,2025-08-02 09:49:38,Transfer Out,Transfer,-1015.73,France,Bank Transfer,0,0
T0000808,A002808,C01716,2025-04-07 04:55:22,Transfer In,Transfer,545.54,Belgium,Bank Transfer,0,0
T0000382,A000249,C00156,2026-08-26 16:12:51,Transfer In,Transfer,325.49,France,Mobile App,0,0
T0005061,A002967,C01814,2026-02-25 02:33:17,Transfer In,Transfer,554.07,Netherlands,Bank Transfer,0,0
T0003023,A003788,C02314,2025-07-14 03:59:18,Direct Debit,Utilities,-144.03,Netherlands,Direct Debit,0,0
T0008294,A001960,C01202,2025-12-13 01:36:20,Transfer In,Transfer,814.39,Netherlands,Mobile App,0,0
T0002668,A001431,C00878,2026-07-17 17:15:06,Transfer In,Transfer,388.26,Netherlands,Bank Transfer,0,0
T0003640,A002379,C01461,2025-09-27 23:01:46,Card Purchase,Retail,-174.06,Belgium,Online,0,0
T0003188,A003070,C01883,2024-01-06 09:34:26,Transfer Out,Transfer,-122.97,Germany,Bank Transfer,0,0
T0005741,A002293,C01408,2025-10-30 09:04:55,Card Purchase,E-commerce,-69.71,Spain,Card Present,1,0
T0000906,A001428,C00876,2025-04-26 11:21:31,Card Purchase,Travel,-389.41,Belgium,Card Present,0,0
T0005670,A001477,C00907,2026-04-02 07:16:05,Transfer Out,Transfer,-403.03,Netherlands,Bank Transfer,0,0
T0000635,A003016,C01846,2025-06-23 05:52:45,Transfer In,Transfer,572.31,Netherlands,Mobile App,0,0
T0008585,A001955,C01198,2024-12-22 00:10:03,Transfer In,Transfer,361.25,Netherlands,Mobile App,0,0
T0005058,A002273,C01398,2024-04-26 02:33:15,Transfer Out,Transfer,-927.33,Belgium,Mobile App,0,0
T0004310,A000555,C00343,2026-04-04 05:51:02,Card Purchase,Fuel,-176.18,Belgium,Card Present,0,0
T0000919,A000470,C00290,2024-07-11 05:25:44,Transfer Out,Transfer,-109.95,Netherlands,Bank Transfer,0,0
T0005309,A002829,C01727,2024-03-12 12:38:06,Transfer Out,Transfer,-481.27,Belgium,Bank Transfer,0,0
T0000219,A001383,C00848,2025-07-05 11:42:54,Direct Debit,Housing,-960.27,Netherlands,Direct Debit,0,0
T0007424,A002418,C01485,2025-05-04 21:22:24,Transfer In,Transfer,659.91,Netherlands,Mobile App,0,0
T0008114,A003915,C02396,2025-02-18 11:27:11,Direct Debit,Telecom,-67.24,Netherlands,Direct Debit,0,0
T0002437,A003850,C02352,2025-12-12 18:20:40,Transfer Out,Transfer,-509.11,France,Mobile App,0,0
T0007546,A004055,C02478,2025-04-08 03:00:13,Card Purchase,Retail,-292.11,Netherlands,Online,0,0
T0000128,A004031,C02462,2025-01-05 19:23:38,Salary,Salary,3853.33,Netherlands,Mobile App,0,0
T0008397,A003769,C02302,2025-07-05 23:36:27,Direct Debit,Telecom,-59.87,France,Direct Debit,0,0
T0001158,A000716,C00437,2024-03-20 00:00:27,Transfer In,Transfer,1228.38,Belgium,Bank Transfer,0,0
T0005548,A000423,C00263,2024-11-02 08:05:59,Card Purchase,E-commerce,-88.39,Germany,Online,0,0
T0006992,A003816,C02331,2024-07-08 16:58:39,Direct Debit,Housing,-1004.71,Belgium,Direct Debit,0,0
T0009746,A000321,C00197,2025-04-19 00:51:49,Transfer In,Transfer,282.84,France,Bank Transfer,0,0
T0002553,A000218,C00137,2026-07-31 14:07:46,Card Purchase,Dining,-57.56,Belgium,Card Present,0,0
T0008933,A002061,C01265,2024-03-18 11:53:19,Card Purchase,Fuel,-71.18,Luxembourg,Card Present,0,0
T0003658,A003151,C01926,2024-06-24 05:24:49,Direct Debit,Subscriptions,-26.55,Belgium,Direct Debit,0,0
T0007050,A002128,C01305,2026-03-15 21:40:22,Card Purchase,Retail,-164.68,Netherlands,Card Present,0,0
T0007100,A001493,C00917,2026-07-19 07:01:20,Transfer Out,Transfer,-188.76,Netherlands,Mobile App,0,0
T0002381,A001398,C00857,2025-08-08 15:24:48,Transfer In,Transfer,364.93,Netherlands,Bank Transfer,0,0
T0003813,A003146,C01924,2024-03-09 04:23:50,Card Purchase,E-commerce,-323.36,Netherlands,Mobile App,0,0
T0009326,A002019,C01239,2024-06-13 14:21:06,Transfer In,Transfer,80.58,Netherlands,Mobile App,0,0
T0007719,A003500,C02140,2024-01-14 07:10:27,Card Purchase,Groceries,-146.22,Belgium,Online,0,0
T0004481,A003225,C01977,2024-09-26 14:58:55,Transfer In,Transfer,173.1,Belgium,Mobile App,0,0
T0007131,A003814,C02330,2025-05-15 05:54:39,Card Purchase,Healthcare,-86.24,Belgium,Online,0,0
T0007092,A002205,C01353,2025-07-10 11:41:01,Transfer In,Transfer,438.7,Belgium,Mobile App,0,0
T0002171,A001529,C00939,2024-10-06 22:58:23,Salary,Salary,3295.02,France,Bank Transfer,0,0
T0009253,A000716,C00437,2024-04-22 02:19:10,Transfer Out,Transfer,-548.74,Belgium,Bank Transfer,0,0
T0002825,A003704,C02263,2026-02-10 00:44:44,Transfer In,Transfer,529.42,Belgium,Bank Transfer,0,0
T0004799,A002682,C01637,2025-10-14 12:20:08,Transfer In,Transfer,143.64,Belgium,Bank Transfer,0,0
T0006045,A003672,C02246,2025-02-09 15:19:02,Transfer Out,Transfer,-344.78,Belgium,Bank Transfer,0,0
T0004679,A000044,C00026,2024-10-27 14:30:03,Transfer In,Transfer,74.47,Belgium,Mobile App,0,0
T0004259,A000414,C00258,2025-04-03 22:56:46,Interest,Interest,4.7,Belgium,Bank Transfer,0,0
T0007175,A003478,C02126,2024-01-05 16:46:42,Card Purchase,Groceries,-183.51,Belgium,Card Present,0,0
T0000521,A001203,C00732,2025-07-05 05:26:23,Transfer In,Transfer,1025.78,France,Bank Transfer,0,0
T0002630,A001445,C00886,2025-05-21 05:54:47,Transfer In,Transfer,2040.78,Belgium,Mobile App,0,0
T0007572,A001391,C00853,2024-06-29 16:58:17,Card Purchase,Retail,-236.4,Germany,Online,0,0
T0006169,A001509,C00927,2026-08-13 12:09:04,Transfer In,Transfer,381.76,Netherlands,Bank Transfer,0,0
T0004594,A001069,C00650,2024-04-09 01:30:24,Card Purchase,Fuel,-89.61,Belgium,Online,0,0
T0008209,A002771,C01695,2024-11-27 12:47:56,Interest,Interest,5.21,Belgium,Bank Transfer,0,0
T0009921,A003030,C01856,2025-09-01 00:46:34,Cash Withdrawal,Cash,-20,Germany,ATM,0,0
T0004033,A001809,C01115,2025-02-23 03:21:21,Transfer In,Transfer,551.88,Belgium,Bank Transfer,0,0
T0005931,A003209,C01966,2025-08-07 00:05:42,Card Purchase,Retail,-34.2,Belgium,Online,0,0
T0005932,A003028,C01855,2026-01-01 22:05:26,Direct Debit,Utilities,-131.73,Germany,Direct Debit,0,0
T0003206,A001496,C00919,2025-03-11 21:03:07,Transfer In,Transfer,168.79,Luxembourg,Mobile App,0,0
T0007336,A003324,C02035,2026-02-17 15:13:49,Card Purchase,Entertainment,-126.7,Netherlands,Online,0,0
T0004851,A000997,C00608,2026-08-28 16:34:40,Transfer Out,Transfer,-355.35,Belgium,Bank Transfer,0,0
T0008498,A001869,C01149,2024-07-13 02:13:31,Direct Debit,Utilities,-116.09,Luxembourg,Direct Debit,0,0
T0000430,A000900,C00551,2026-06-08 15:13:29,Transfer In,Transfer,200.96,Belgium,Mobile App,0,0
T0009174,A002019,C01239,2025-12-25 19:18:07,Transfer Out,Transfer,-38.33,Netherlands,Mobile App,0,0
T0004802,A000281,C00176,2025-09-10 03:29:45,Transfer In,Transfer,63.21,France,Bank Transfer,0,0
T0000525,A002660,C01626,2025-11-08 02:11:44,Salary,Salary,1962.69,Netherlands,Bank Transfer,0,0
T0000007,A003173,C01942,2024-02-03 14:36:18,Card Purchase,Retail,-139.1,Belgium,Card Present,0,0
T0000866,A000511,C00318,2025-10-01 01:49:07,Card Purchase,Dining,-113.79,Belgium,Mobile App,0,0
T0007035,A000799,C00488,2026-07-12 13:39:57,Transfer In,Transfer,934.12,Netherlands,Mobile App,0,0
T0008132,A001824,C01125,2024-09-02 23:02:05,Transfer Out,Transfer,-491.19,Luxembourg,Mobile App,0,0
T0005898,A003187,C01952,2026-01-27 14:28:28,Card Purchase,Groceries,-25.2,Luxembourg,Mobile App,0,0
T0002743,A000799,C00488,2024-12-09 02:08:56,Transfer In,Transfer,85.73,Netherlands,Bank Transfer,0,0
T0003747,A002413,C01482,2025-05-29 11:39:21,Cash Withdrawal,Cash,-150,Germany,ATM,0,0
T0007832,A000041,C00023,2024-03-16 23:42:10,Card Purchase,Groceries,-54.52,Netherlands,Online,0,0
T0004228,A002420,C01486,2025-10-28 23:47:07,Transfer In,Transfer,484.2,Luxembourg,Bank Transfer,0,0
T0009558,A001607,C00990,2024-03-12 05:40:36,Direct Debit,Telecom,-61.97,Netherlands,Direct Debit,0,0
T0004287,A002053,C01259,2024-03-09 17:40:22,Transfer Out,Transfer,-545.59,Belgium,Mobile App,0,0
T0004297,A000199,C00125,2024-09-29 04:42:21,Transfer In,Transfer,214.27,Belgium,Mobile App,0,0
T0008798,A003463,C02116,2024-11-21 23:30:00,Transfer Out,Transfer,-190.39,Belgium,Bank Transfer,0,0
T0006573,A002151,C01320,2025-05-07 16:37:33,Card Purchase,Healthcare,-148.61,Belgium,Card Present,0,0
T0004891,A001963,C01204,2025-03-27 22:56:36,Card Purchase,Retail,-50.5,Belgium,Card Present,0,0
T0006407,A003359,C02055,2025-10-28 09:53:09,Card Purchase,E-commerce,-53.44,Belgium,Online,0,0
T0002007,A001262,C00771,2024-08-18 15:30:37,Card Purchase,Travel,-267.57,France,Card Present,0,0
T0002905,A000408,C00254,2025-01-03 03:44:05,Salary,Salary,2289.39,France,Mobile App,0,0
T0003080,A000958,C00584,2025-04-12 12:53:09,Direct Debit,Subscriptions,-23.59,Belgium,Direct Debit,0,0
T0007804,A002277,C01399,2025-04-06 06:51:16,Transfer In,Transfer,610.94,Germany,Bank Transfer,0,0
T0002818,A002535,C01553,2025-01-20 10:40:18,Salary,Salary,3980.22,Germany,Mobile App,0,0
T0003388,A001154,C00704,2024-03-12 08:43:38,Transfer Out,Transfer,-375.54,Luxembourg,Bank Transfer,0,0
T0009757,A000129,C00077,2024-05-21 19:11:27,Card Purchase,Dining,-49.28,Germany,Online,0,0
T0008267,A001003,C00612,2026-02-20 23:32:19,Transfer In,Transfer,108.17,Germany,Bank Transfer,0,0
T0001592,A003209,C01966,2026-06-14 12:50:48,Card Purchase,Retail,-191.82,Belgium,Mobile App,0,0
T0001080,A003095,C01895,2025-12-11 12:48:57,Direct Debit,Utilities,-133.12,Netherlands,Direct Debit,0,0
T0007975,A002285,C01404,2026-08-24 02:52:14,Cash Withdrawal,Cash,-150,Luxembourg,ATM,0,0
T0007848,A001961,C01202,2025-03-05 13:32:23,Card Purchase,Travel,-176.2,Germany,Card Present,1,0
T0006727,A000660,C00405,2025-11-06 10:48:11,Card Purchase,Entertainment,-48.59,Belgium,Card Present,0,0
T0008271,A002513,C01541,2024-04-18 14:28:28,Cash Withdrawal,Cash,-150,Belgium,ATM,0,0
T0009298,A001691,C01040,2025-04-13 14:44:00,Direct Debit,Insurance,-69.35,France,Direct Debit,0,0
T0007789,A001913,C01176,2025-08-22 17:56:03,Transfer In,Transfer,877.4,Belgium,Bank Transfer,0,0
T0007292,A002445,C01501,2024-02-25 18:43:47,Transfer In,Transfer,257.06,Germany,Bank Transfer,0,0
T0009837,A001383,C00848,2024-04-13 03:20:53,Card Purchase,Dining,-39.65,Netherlands,Card Present,0,0
T0009584,A003491,C02135,2025-09-14 11:59:04,Salary,Salary,6159.63,Belgium,Mobile App,0,0
T0009395,A003951,C02416,2025-05-15 10:43:17,Transfer In,Transfer,449.2,Belgium,Bank Transfer,0,0
T0004540,A002430,C01491,2025-03-21 13:43:50,Card Purchase,Fuel,-89.41,Belgium,Online,0,0
T0000270,A003539,C02163,2025-01-30 23:48:57,Transfer In,Transfer,714.32,Belgium,Bank Transfer,0,0
T0000861,A004001,C02446,2024-07-20 19:21:57,Direct Debit,Utilities,-162.05,Belgium,Direct Debit,0,0
T0002124,A002567,C01576,2025-11-11 19:33:20,Transfer In,Transfer,506.99,France,Bank Transfer,0,0
T0006473,A000339,C00209,2024-08-28 19:05:33,Card Purchase,Dining,-115.05,Belgium,Online,0,0
T0004914,A001795,C01107,2024-12-05 15:40:21,Transfer In,Transfer,648.37,Belgium,Bank Transfer,0,0
T0007986,A001431,C00878,2024-09-17 18:08:14,Transfer In,Transfer,2044.19,Netherlands,Bank Transfer,0,0
T0000157,A003461,C02115,2026-02-26 03:22:33,Transfer In,Transfer,87.7,Germany,Mobile App,0,0
T0004074,A003357,C02054,2025-10-05 03:53:26,Card Purchase,E-commerce,-135.66,Belgium,Card Present,0,0
T0007943,A001697,C01045,2024-10-19 23:23:24,Card Purchase,Travel,-421.4,Germany,Card Present,0,0
T0000357,A001944,C01192,2025-11-03 02:53:47,Transfer Out,Transfer,-178.32,Belgium,Mobile App,0,0
T0009321,A002978,C01821,2024-06-06 13:01:33,Direct Debit,Subscriptions,-25.26,Germany,Direct Debit,0,0
T0003741,A000195,C00121,2026-06-04 23:08:13,Transfer In,,642.23,Germany,Bank Transfer,0,0
T0009264,A002128,C01305,2025-07-30 12:08:25,Direct Debit,Subscriptions,-20.87,Netherlands,Direct Debit,0,0
T0006321,A000249,C00156,2024-08-27 10:00:33,Transfer Out,Transfer,-1441.35,France,Bank Transfer,0,0
T0008150,A000457,C00284,2024-09-26 02:33:44,Card Purchase,Groceries,-63.48,Belgium,Card Present,0,0
T0000805,A003046,C01868,2026-04-14 21:52:04,Direct Debit,Subscriptions,-27.1,Belgium,Direct Debit,0,0
T0002417,A001735,C01072,2024-05-27 19:17:50,Card Purchase,Healthcare,-50.92,Netherlands,Mobile App,0,0
T0009832,A003751,C02291,2025-11-30 11:48:09,Direct Debit,Insurance,-118.96,France,Direct Debit,0,0
T0002373,A000940,C00574,2026-08-24 07:06:33,Card Purchase,Retail,-85.92,France,Card Present,0,0
T0001694,A001522,C00935,2025-09-19 12:27:05,Direct Debit,Telecom,-93.09,Netherlands,Direct Debit,0,0
T0009609,A000157,C00095,2025-11-11 12:24:50,Direct Debit,Telecom,-32.72,France,Direct Debit,0,0
T0008061,A002185,C01339,2024-09-12 23:45:48,Cash Withdrawal,Cash,-200,Netherlands,ATM,0,0
T0007273,A000183,C00112,2025-11-09 13:12:40,Card Purchase,E-commerce,-85.36,Belgium,Card Present,1,0
T0005005,A000262,C00163,2026-08-27 17:41:43,Transfer In,Transfer,1076.84,Germany,Mobile App,0,0
T0000847,A002070,C01271,2025-10-10 17:55:46,Direct Debit,Subscriptions,-15.67,Belgium,Direct Debit,0,0
T0005225,A001252,C00766,2024-06-27 06:37:41,Transfer Out,Transfer,-241.15,Belgium,Mobile App,0,0
T0009743,A003509,C02146,2026-08-16 11:58:14,Transfer In,Transfer,590.25,Netherlands,Bank Transfer,0,0
T0004411,A002280,C01401,2024-07-20 19:49:35,Card Purchase,Entertainment,-20.86,France,Card Present,0,0
T0007613,A000606,C00374,2024-06-09 18:08:23,Transfer Out,Transfer,-569.11,Luxembourg,Bank Transfer,0,0
T0008564,A001138,C00694,2026-01-14 05:56:05,Transfer Out,Transfer,-287.18,Belgium,Mobile App,0,0
T0008243,A000374,C00233,2024-10-29 12:24:03,Card Purchase,Healthcare,-125.21,France,Card Present,0,0
T0008818,A001661,C01021,2024-03-16 09:46:27,Transfer In,Transfer,509.8,Germany,Bank Transfer,0,0
T0000935,A003697,C02259,2026-05-07 03:17:02,Card Purchase,Fuel,-54.05,Netherlands,Mobile App,0,0
T0007565,A002163,C01326,2024-11-10 07:16:37,Transfer In,Transfer,365.42,Netherlands,Bank Transfer,0,0
T0009087,A003336,C02042,2026-07-12 12:46:07,Transfer Out,Transfer,-100.77,Netherlands,Mobile App,0,0
T0000479,A003406,C02082,2024-06-22 18:10:47,Direct Debit,Housing,-821.76,Belgium,Direct Debit,0,0
T0004723,A000081,C00048,2025-10-30 08:27:06,Direct Debit,Telecom,-51.09,France,Direct Debit,0,0
T0009238,A002802,C01712,2025-04-25 22:48:57,Transfer Out,Transfer,-584.12,France,Mobile App,0,0
T0003321,A001623,C00998,2025-06-13 17:26:37,Transfer Out,Transfer,-109.94,Belgium,Bank Transfer,0,0
T0009258,A000997,C00608,2024-11-25 13:07:32,Transfer Out,Transfer,-396.27,Belgium,Mobile App,0,0
T0005093,A002399,C01474,2025-07-22 08:40:16,Direct Debit,Insurance,-174.27,France,Direct Debit,0,0
T0005879,A001182,C00722,2025-04-23 21:36:21,Salary,Salary,2228.08,France,Bank Transfer,0,0
T0002451,A001040,C00634,2026-03-23 16:07:45,Interest,Interest,2.28,Belgium,Mobile App,0,0
T0004252,A001367,C00839,2026-01-31 04:44:37,Transfer In,Transfer,434.48,Belgium,Bank Transfer,0,0
T0007322,A002946,C01801,2024-06-02 15:11:40,Transfer In,Transfer,302.25,Germany,Mobile App,0,0
T0008854,A003552,C02169,2024-07-31 19:41:54,Card Purchase,Groceries,-104.93,Germany,Card Present,0,0
T0000222,A000605,C00373,2024-04-24 13:23:11,Transfer In,Transfer,465.6,Belgium,Mobile App,0,0
T0009052,A003524,C02155,2024-06-10 12:29:05,Card Purchase,Entertainment,-33.96,France,Online,0,0
T0007799,A003825,C02337,2024-10-14 02:49:44,Transfer Out,Transfer,-158.48,Belgium,Mobile App,0,0
T0009852,A002460,C01510,2025-03-02 12:19:18,Transfer Out,Transfer,-372.89,Netherlands,Mobile App,0,0
T0000409,A000739,C00451,2025-05-10 11:52:43,Transfer In,Transfer,362.35,Netherlands,Bank Transfer,0,0
T0000149,A002962,C01811,2024-04-04 01:19:41,Salary,Salary,2049.25,Germany,Mobile App,0,0
T0009681,A001545,C00949,2025-02-11 20:29:52,Direct Debit,Housing,-635.72,Germany,Direct Debit,0,0
T0006141,A000060,C00035,2024-03-23 11:33:02,Transfer In,Transfer,74.41,Belgium,Mobile App,0,0
T0002544,A001396,C00856,2026-05-30 06:55:14,Card Purchase,Fuel,-27.78,Netherlands,Online,0,0
T0004484,A002017,C01238,2026-03-11 09:17:27,Card Purchase,Healthcare,-17.09,Netherlands,Online,0,0
T0007907,A000829,C00505,2026-03-22 00:32:56,Transfer In,Transfer,401.72,Netherlands,Mobile App,0,0
T0003097,A000237,C00150,2024-03-18 22:26:14,Salary,Salary,5493.26,Germany,Bank Transfer,0,0
T0009437,A003475,C02124,2024-08-04 09:53:13,Transfer In,Transfer,711.63,Belgium,Mobile App,0,0
T0008080,A001626,C00999,2024-04-30 07:46:04,Card Purchase,Healthcare,-140.25,Belgium,Card Present,0,0
T0008526,A000634,C00389,2024-04-13 02:48:34,Card Purchase,Travel,-84.21,Belgium,Card Present,0,0
T0002277,A002206,C01354,2025-12-01 08:18:33,Direct Debit,Housing,-1194.07,Belgium,Direct Debit,0,0
T0002389,A002221,C01363,2026-08-23 08:10:39,Transfer Out,Transfer,-116.63,Belgium,Bank Transfer,0,0
T0008199,A002405,C01477,2026-04-17 15:39:19,Card Purchase,Entertainment,-36.18,Belgium,Card Present,0,0
T0002234,A003863,C02360,2024-10-25 14:11:46,Direct Debit,Housing,-798.29,Belgium,Direct Debit,0,0
T0004072,A002826,C01725,2025-07-02 10:53:57,Direct Debit,Housing,-751.41,Germany,Direct Debit,0,0
T0001807,A000752,C00461,2024-10-06 07:46:58,Transfer In,Transfer,770.65,Germany,Mobile App,0,0
T0001736,A000300,C00187,2025-06-15 12:11:06,Transfer In,Transfer,545.82,Luxembourg,Bank Transfer,0,0
T0008908,A003909,C02392,2026-03-29 11:37:13,Card Purchase,Travel,-117.52,Belgium,Online,0,0
T0001597,A003546,C02167,2026-06-09 09:23:47,Transfer Out,Transfer,-85.74,Netherlands,Mobile App,0,0
T0003432,A004016,C02454,2025-04-10 07:12:37,Transfer Out,Transfer,-266.54,Belgium,Bank Transfer,0,0
T0009747,A002025,C01243,2025-10-22 22:31:07,Card Purchase,E-commerce,-83.43,Germany,Online,0,0
T0006360,A002233,C01372,2025-07-23 17:01:55,Direct Debit,Subscriptions,-26.22,Belgium,Direct Debit,0,0
T0004559,A002334,C01435,2024-09-19 16:02:33,Card Purchase,Fuel,-42.23,Germany,Online,0,0
T0005988,A003754,C02292,2025-06-13 05:18:00,Transfer Out,Transfer,-336.46,Netherlands,Mobile App,0,0
T0009447,A002103,C01292,2024-07-07 23:56:14,Interest,Interest,2.47,Netherlands,Mobile App,0,0
T0009671,A000104,C00061,2026-06-16 16:28:46,Card Purchase,Fuel,-56.07,Belgium,Card Present,0,0
T0000633,A000028,C00017,2025-12-31 20:50:17,Card Purchase,E-commerce,-41.02,Belgium,Card Present,0,0
T0009248,A002763,C01690,2024-11-21 01:43:43,Transfer Out,Transfer,-121.86,Netherlands,Bank Transfer,0,0
T0003961,A001699,C01046,2024-11-17 01:21:27,Card Purchase,E-commerce,-165.57,France,Mobile App,0,0
T0003438,A001451,C00890,2024-06-17 19:48:12,Direct Debit,Subscriptions,-26.94,Netherlands,Direct Debit,0,0
T0009680,A001916,C01177,2024-08-26 16:06:29,Card Purchase,E-commerce,-38.58,Belgium,Card Present,0,0
T0002274,A002621,C01603,2025-05-08 11:48:13,Card Purchase,Dining,-65.13,Netherlands,Card Present,0,0
T0000057,A000321,C00197,2026-01-17 00:31:00,Salary,Salary,2117.69,France,Bank Transfer,0,0
T0001065,A001336,C00821,2024-04-24 04:29:58,Card Purchase,Healthcare,-40.03,Germany,Card Present,1,0
T0008130,A000020,C00012,2025-05-29 14:09:35,Card Purchase,Retail,-105.53,France,Card Present,0,0
T0009545,A001694,C01042,2024-05-12 07:26:27,Card Purchase,Retail,-79.9,Germany,Mobile App,0,0
T0009546,A002069,C01270,2025-07-12 13:39:37,Card Purchase,Travel,-546.37,Belgium,Online,0,0
T0003898,A003338,C02043,2026-08-11 16:15:24,Card Purchase,Healthcare,-77.1,Belgium,Online,0,0
T0000529,A001906,C01171,2025-11-21 12:00:34,Transfer Out,Transfer,-310.65,Belgium,Bank Transfer,0,0
T0005617,A003755,C02293,2024-08-01 02:14:45,Card Purchase,Travel,-241.67,Belgium,Card Present,0,0
T0006293,A000868,C00531,2024-08-30 23:28:27,Direct Debit,Insurance,-40.01,Belgium,Direct Debit,0,0
T0009753,A002106,C01294,2024-12-20 13:31:04,Card Purchase,Dining,-26.14,France,Card Present,0,0
T0001648,A001048,C00639,2024-04-10 11:19:15,Card Purchase,Groceries,-49.01,Germany,Online,0,0
T0008616,A001265,C00774,2025-01-05 05:27:58,Transfer Out,Transfer,-67.41,Belgium,Mobile App,0,0
T0008674,A001855,C01141,2024-02-27 05:14:43,Card Purchase,Healthcare,-24.84,Netherlands,Card Present,0,0
T0006194,A002749,C01679,2024-10-26 23:03:40,Transfer In,Transfer,595.56,France,Bank Transfer,0,0
T0006029,A003770,C02302,2025-01-08 21:24:46,Transfer In,Transfer,934.5,France,Bank Transfer,0,0
T0002468,A002275,C01398,2024-07-30 14:38:24,Card Purchase,Entertainment,-91.39,Belgium,Online,0,0
T0002623,A003800,C02320,2024-05-22 22:25:51,Card Purchase,Dining,-34.63,Netherlands,Online,0,0
T0008894,A000828,C00505,2024-02-06 12:13:04,Salary,Salary,2599.51,Netherlands,Mobile App,0,0
T0008295,A004024,C02459,2025-03-15 07:40:58,Transfer In,Transfer,169.41,France,Bank Transfer,0,0
T0002021,A003625,C02217,2026-03-15 13:47:38,Transfer Out,Transfer,-42.97,Belgium,Mobile App,0,0
T0008917,A000474,C00292,2025-08-04 03:54:47,Card Purchase,Fuel,-69.51,Belgium,Card Present,0,0
T0007925,A000078,C00046,2026-02-25 15:00:04,Salary,Salary,1266.42,Germany,Mobile App,0,0
T0004374,A000195,C00121,2025-12-23 03:44:48,Interest,Interest,0.23,Germany,Bank Transfer,0,0
T0005633,A003203,C01963,2026-08-07 14:39:17,Direct Debit,Insurance,-124.34,France,Direct Debit,0,0
T0006895,A000408,C00254,2025-04-11 06:23:56,Card Purchase,Dining,-19.1,France,Online,0,0
T0002695,A003772,C02303,2024-08-31 10:19:36,Transfer Out,Transfer,-261.27,Luxembourg,Mobile App,0,0
T0001013,A004031,C02462,2024-02-09 15:26:16,Direct Debit,Insurance,-111.66,Netherlands,Direct Debit,0,0
T0007319,A002189,C01343,2025-08-08 17:28:17,Card Purchase,Dining,-37.29,Luxembourg,Card Present,0,0
T0003576,A000129,C00077,2025-06-17 22:27:48,Card Purchase,Fuel,-34.91,Germany,Online,0,0
T0004755,A002412,C01482,2026-05-05 10:26:34,Transfer In,Transfer,98.4,Germany,Bank Transfer,0,0
T0006362,A001863,C01146,2026-07-20 05:39:39,Transfer Out,Transfer,-488.17,Netherlands,Mobile App,0,0
T0004493,A002418,C01485,2025-05-12 13:34:17,Transfer In,Transfer,207.09,Netherlands,Bank Transfer,0,0
T0003803,A000661,C00406,2025-02-27 22:52:26,Direct Debit,Utilities,-93.85,Belgium,Direct Debit,0,0
T0005573,A000366,C00230,2025-07-28 13:29:43,Cash Withdrawal,Cash,-200,Belgium,ATM,0,0
T0001684,A002803,C01713,2026-03-26 22:32:16,Transfer In,Transfer,100.68,Belgium,Bank Transfer,0,0
T0004276,A003621,C02214,2025-11-03 20:08:13,Cash Withdrawal,Cash,-250,Belgium,ATM,0,0
T0002186,A002491,C01529,2024-03-22 18:27:01,Transfer In,Transfer,102.3,Netherlands,Mobile App,0,0
T0009445,A003267,C02002,2025-08-26 22:53:31,Direct Debit,Housing,-674.66,Belgium,Direct Debit,0,0
T0003507,A003051,C01871,2025-05-19 04:36:03,Transfer In,Transfer,169.87,France,Bank Transfer,0,0
T0001055,A001129,C00688,2026-08-19 17:44:52,Card Purchase,Entertainment,-11.49,France,Card Present,0,0
T0007176,A002244,C01378,2026-01-24 04:44:45,Card Purchase,Dining,-67.11,Belgium,Card Present,0,1
T0007997,A000115,C00068,2026-07-31 01:00:49,Transfer In,Transfer,238.18,Netherlands,Mobile App,0,0
T0001928,A000017,C00010,2024-05-30 19:29:13,Direct Debit,Utilities,-171.64,Netherlands,Direct Debit,0,0
T0007784,A002024,C01242,2026-06-25 21:03:55,Direct Debit,Utilities,-225.26,Netherlands,Direct Debit,0,0
T0000388,A000065,C00038,2024-02-18 06:44:18,Salary,Salary,2311.31,France,Bank Transfer,0,0
T0009910,A000515,C00320,2025-12-20 05:11:03,Transfer In,Transfer,130.14,Belgium,Mobile App,0,0
T0000663,A000886,C00541,2026-05-29 04:39:20,Card Purchase,Travel,-630.03,Italy,Online,1,0
T0000880,A000131,C00079,2025-04-27 09:39:14,Cash Withdrawal,Cash,-40,Germany,ATM,0,0
T0006443,A001460,C00895,2025-11-19 03:28:58,Transfer Out,Transfer,-1197.84,Belgium,Mobile App,0,0
T0008765,A001102,C00671,2026-05-19 11:12:02,Card Purchase,Dining,-18.59,Belgium,Card Present,0,0
T0002515,A000713,C00435,2024-02-20 03:52:05,Transfer Out,Transfer,-226.19,France,Mobile App,0,0
T0009024,A001673,C01028,2025-12-14 07:10:37,Cash Withdrawal,Cash,-250,Belgium,ATM,0,0
T0006988,A002087,C01281,2026-07-06 23:09:42,Interest,Interest,5.94,France,Bank Transfer,0,0
T0007561,A001191,C00725,2024-10-26 07:28:11,Card Purchase,Healthcare,-141.46,Germany,Card Present,0,0
T0009001,A002848,C01739,2025-08-24 11:33:11,Transfer Out,Transfer,-89.52,Luxembourg,Bank Transfer,0,0
T0003501,A001773,C01096,2024-09-08 22:28:30,Transfer In,Transfer,54.24,Netherlands,Mobile App,0,0
T0008194,A002853,C01743,2024-11-09 15:03:40,Card Purchase,Entertainment,-22.67,Belgium,Card Present,0,0
T0003138,A001889,C01160,2026-04-21 07:26:59,Transfer Out,Transfer,-182.07,France,Mobile App,0,0
T0004489,A000599,C00369,2024-03-19 09:29:02,Card Purchase,Fuel,-57.16,France,Online,0,0
T0003092,A002001,C01228,2026-07-28 16:45:49,Salary,Salary,3718.04,Belgium,Mobile App,0,0
T0001465,A002129,C01305,2025-07-19 02:41:49,Transfer Out,Transfer,-68.3,Netherlands,Bank Transfer,0,0
T0005431,A000457,C00284,2024-07-22 14:40:43,Card Purchase,Travel,-305.27,Belgium,Card Present,0,0
T0003278,A002830,C01728,2025-12-04 03:12:40,Transfer In,Transfer,591.59,Germany,Bank Transfer,0,0
T0006768,A001056,C00643,2024-04-19 13:38:13,Transfer Out,Transfer,-329.27,Netherlands,Bank Transfer,0,0
T0006919,A001258,C00769,2026-04-14 02:20:11,Transfer In,Transfer,999.84,Germany,Bank Transfer,0,0
T0005347,A001134,C00692,2025-05-26 16:19:01,Cash Withdrawal,Cash,-40,France,ATM,0,0
T0000020,A000054,C00032,2024-03-16 20:21:57,Card Purchase,Entertainment,-28.47,Belgium,Card Present,0,0
T0002959,A001665,C01023,2025-10-02 14:01:56,Transfer In,Transfer,86.53,Netherlands,Mobile App,0,0
T0007406,A002791,C01706,2025-05-31 05:58:52,Cash Withdrawal,Cash,-80,Netherlands,ATM,0,0
T0006486,A002131,C01307,2024-10-19 22:13:54,Card Purchase,Groceries,-113.08,Belgium,Card Present,0,0
T0000592,A001124,C00684,2026-01-30 13:37:09,Card Purchase,Dining,-14.98,France,Card Present,0,0
T0001847,A000565,C00348,2025-06-10 16:15:47,Card Purchase,Travel,-173.41,Luxembourg,Card Present,1,0
T0002304,A000555,C00343,2024-08-04 20:15:44,Card Purchase,Fuel,-208.89,Belgium,Online,0,0
T0008939,A002141,C01313,2024-08-31 03:57:37,Transfer In,Transfer,62.63,Netherlands,Bank Transfer,0,0
T0008858,A001822,C01123,2026-02-09 18:52:53,Cash Withdrawal,Cash,-150,France,ATM,0,0
T0005623,A000331,C00204,2026-01-22 15:33:21,Transfer In,Transfer,852.54,Netherlands,Mobile App,0,0
T0001931,A000566,C00349,2026-03-06 17:59:36,Transfer In,Transfer,419.69,Belgium,Mobile App,0,0
T0000395,A002905,C01773,2024-06-28 22:28:00,Direct Debit,Telecom,-53.01,France,Direct Debit,0,0
T0005524,A001750,C01081,2026-06-13 03:06:17,Direct Debit,Insurance,-136.81,Belgium,Direct Debit,0,0
T0007696,A003197,C01959,2026-04-04 18:53:38,Transfer Out,Transfer,-142.48,Belgium,Mobile App,0,0
T0002203,A003496,C02137,2025-08-16 01:03:09,Card Purchase,Healthcare,-45.72,Belgium,Card Present,0,0
T0008486,A002915,C01779,2025-02-04 20:09:49,Card Purchase,E-commerce,-361.03,Netherlands,Card Present,0,0
T0007015,A001263,C00772,2024-10-30 05:53:59,Direct Debit,Insurance,-137.82,Netherlands,Direct Debit,0,0
T0003998,A003931,C02405,2025-05-27 07:37:27,Card Purchase,Fuel,-25.8,Belgium,Online,0,0
T0006072,A003593,C02198,2026-03-05 08:59:39,Transfer Out,Transfer,-1429.85,Belgium,Bank Transfer,0,0
T0007605,A003867,C02363,2024-12-26 15:58:04,Transfer Out,Transfer,-1366.07,Netherlands,Bank Transfer,0,0
T0007144,A001550,C00952,2025-07-06 19:45:16,Card Purchase,Entertainment,-77.88,France,Online,0,0
T0009984,A001286,C00789,2025-04-28 19:14:56,Cash Withdrawal,Cash,-150,,ATM,0,0
T0003108,A003026,C01853,2024-11-14 17:56:13,Card Purchase,Fuel,-110.5,France,Card Present,0,0
T0009697,A003208,C01966,2024-03-07 02:21:39,Card Purchase,Entertainment,-64.63,Belgium,Card Present,0,0
T0001233,A002897,C01767,2026-05-23 04:01:13,Card Purchase,Retail,-309.15,Netherlands,Online,0,0
T0003464,A000264,C00164,2024-09-22 14:39:56,Card Purchase,E-commerce,-124.0,Netherlands,Card Present,0,0
T0008034,A002131,C01307,2024-12-27 00:48:24,Salary,Salary,2709.93,Belgium,Mobile App,0,0
T0007369,A003592,C02197,2025-05-18 22:47:20,Card Purchase,Fuel,-56.21,Germany,Mobile App,0,0
T0001146,A002108,C01295,2025-03-24 06:17:39,Card Purchase,Dining,-39.16,Belgium,Online,0,0
T0008087,A000359,C00224,2024-02-24 02:08:45,Cash Withdrawal,Cash,-50,Netherlands,ATM,0,0
T0000319,A001415,C00868,2025-02-25 16:46:50,Transfer Out,Transfer,-316.71,Belgium,Bank Transfer,0,0
T0000292,A001169,C00712,2025-12-31 05:58:01,Transfer Out,Transfer,-186.89,Luxembourg,Bank Transfer,0,0
T0004829,A002304,C01415,2024-08-28 13:56:03,Interest,Interest,14.28,Belgium,Mobile App,0,0
T0008734,A002658,C01625,2026-08-08 12:28:13,Salary,Salary,2792.57,Belgium,Mobile App,0,0
T0008870,A003095,C01895,2026-05-05 13:54:38,Card Purchase,Healthcare,-120.2,Netherlands,Card Present,0,0
T0000194,A002831,C01729,2024-04-21 13:36:46,Direct Debit,Telecom,-52.83,Germany,Direct Debit,0,0
T0004113,A001321,C00813,2025-02-17 11:35:38,Transfer In,Transfer,530.24,Germany,Mobile App,0,0
T0006811,A001825,C01126,2025-01-09 14:01:42,Direct Debit,Insurance,-117.95,Belgium,Direct Debit,0,0
T0008645,A003790,C02315,2026-02-22 08:25:16,Direct Debit,Insurance,-156.38,France,Direct Debit,0,0
T0009946,A001093,C00666,2024-03-23 10:28:44,Card Purchase,Fuel,-44.04,Netherlands,Card Present,0,0
T0003922,A003129,C01912,2025-05-21 04:12:30,Card Purchase,Dining,-78.22,Luxembourg,Card Present,0,0
T0004249,A001395,C00855,2025-05-10 23:35:07,Transfer In,Transfer,619.75,Netherlands,Bank Transfer,0,0
T0006307,A003913,C02395,2025-01-20 12:04:36,Direct Debit,Subscriptions,-21.08,Luxembourg,Direct Debit,0,0
T0006041,A000977,C00597,2024-11-13 10:30:07,Interest,Interest,13.91,Germany,Mobile App,0,0
T0003382,A003951,C02416,2025-09-04 06:37:30,Transfer Out,Transfer,-70.08,Belgium,Bank Transfer,0,0
T0000355,A001455,C00891,2024-02-21 14:22:03,Card Purchase,Retail,-137.26,Belgium,Card Present,0,0
T0009669,A003316,C02032,2024-05-24 16:29:19,Card Purchase,Groceries,-50.74,France,Card Present,0,0
T0003502,A000705,C00430,2025-08-03 21:27:09,Card Purchase,Entertainment,-23.02,Luxembourg,Card Present,0,0
T0005277,A003819,C02333,2024-08-10 22:28:30,Transfer In,Transfer,449.03,Netherlands,Mobile App,0,0
T0004245,A003919,C02398,2025-09-14 17:26:59,Direct Debit,Insurance,-146.65,France,Direct Debit,0,0
T0000662,A000005,C00003,2025-12-23 01:32:31,Transfer In,Transfer,240.32,France,Bank Transfer,0,0
T0005435,A002974,C01818,2025-09-24 21:49:02,Transfer In,Transfer,753.52,Belgium,Bank Transfer,0,0
T0000562,A002763,C01690,2024-07-07 21:08:54,Transfer In,Transfer,250.14,Netherlands,Bank Transfer,0,0
T0005863,A003245,C01988,2025-04-22 04:09:17,Card Purchase,Travel,-237.47,France,Mobile App,1,0
T0009124,A002001,C01228,2026-04-03 19:05:30,Direct Debit,Insurance,-130.98,Belgium,Direct Debit,0,0
T0004989,A002731,C01668,2026-02-23 18:09:55,Direct Debit,Housing,-539.32,Luxembourg,Direct Debit,0,0
T0007940,A003582,C02191,2024-04-27 01:59:11,Direct Debit,Housing,-776.26,France,Direct Debit,0,0
T0004907,A000483,C00300,2025-12-22 04:18:02,Transfer In,Transfer,411.72,Belgium,Bank Transfer,0,0
T0005251,A001201,C00731,2025-01-20 23:04:07,Transfer In,Transfer,513.47,France,Mobile App,0,0
T0005170,A001464,C00898,2026-02-01 23:15:52,Card Purchase,Dining,-33.92,Belgium,Card Present,0,0
T0007193,A001840,C01133,2026-03-06 21:33:59,Card Purchase,Travel,-152.77,France,Card Present,0,0
T0008373,A002334,C01435,2026-06-11 02:36:07,Transfer Out,Transfer,-565.0,Germany,Mobile App,0,0
T0007748,A003474,C02124,2026-04-03 23:50:32,Card Purchase,E-commerce,-156.37,Belgium,Card Present,0,0
T0003570,A001553,C00954,2025-06-19 02:03:24,Card Purchase,Dining,-22.43,Belgium,Online,0,0
T0004782,A003038,C01862,2026-04-06 00:12:23,Card Purchase,E-commerce,-30.02,Belgium,Card Present,0,0
T0007302,A003128,C01912,2024-12-03 09:42:13,Transfer In,Transfer,120.25,Luxembourg,Mobile App,0,0
T0002822,A002298,C01411,2024-04-15 10:53:17,Transfer Out,Transfer,-128.73,Netherlands,Bank Transfer,0,0
T0006711,A001639,C01007,2025-04-21 03:15:19,Card Purchase,E-commerce,-48.88,Belgium,Card Present,0,0
T0004378,A003379,C02067,2025-11-06 07:10:36,Transfer In,Transfer,168.4,Germany,Bank Transfer,0,0
T0002948,A000967,C00591,2024-05-11 05:15:29,Transfer In,Transfer,186.21,Belgium,Bank Transfer,0,0
T0008699,A002146,C01317,2026-02-06 21:50:39,Transfer In,Transfer,187.78,Netherlands,Mobile App,0,0
T0003553,A000350,C00217,2025-10-13 09:13:56,Transfer In,Transfer,383.81,Belgium,Bank Transfer,0,0
T0001737,A000819,C00499,2025-02-27 23:12:43,Card Purchase,Entertainment,-54.18,Netherlands,Card Present,0,0
T0006809,A000970,C00593,2025-11-03 16:55:44,Transfer In,Transfer,1120.61,Belgium,Bank Transfer,0,0
T0002910,A002598,C01592,2025-05-17 22:32:03,Transfer In,Transfer,200.2,Belgium,Mobile App,0,0
T0004017,A001507,C00926,2025-11-28 13:41:10,Direct Debit,Utilities,-122.51,France,Direct Debit,0,0
T0006471,A002307,C01417,2024-07-21 17:56:22,Salary,Salary,2441.1,Luxembourg,Bank Transfer,0,0
T0008887,A000344,C00213,2025-05-04 21:58:19,Transfer In,Transfer,37.82,Germany,Bank Transfer,0,0
T0000605,A001605,C00988,2024-11-05 02:35:34,Transfer In,Transfer,146.87,France,Mobile App,0,0
T0005709,A003795,C02316,2024-10-05 15:07:01,Card Purchase,Travel,-143.88,United States,Card Present,1,0
T0005266,A003907,C02392,2025-08-22 05:38:00,Cash Withdrawal,Cash,-100,Belgium,ATM,0,0
T0007490,A003389,C02071,2024-11-19 15:05:53,Card Purchase,Entertainment,-19.95,Belgium,Card Present,0,0
T0008684,A001851,C01139,2024-02-26 02:35:02,Direct Debit,Utilities,-83.19,Germany,Direct Debit,0,0
T0005419,A001107,C00675,2026-07-15 07:28:21,Transfer In,Transfer,341.05,Belgium,Mobile App,0,0
T0009394,A003160,C01933,2024-03-24 16:28:10,Card Purchase,Dining,-36.55,Netherlands,Online,0,0
T0004546,A003315,C02031,2026-01-10 22:54:57,Transfer In,Transfer,143.52,Belgium,Mobile App,0,0
T0004446,A002403,C01476,2024-09-21 18:58:12,Salary,Salary,2777.19,Netherlands,Mobile App,0,0
T0002758,A002395,C01471,2024-04-01 01:29:33,Direct Debit,Housing,-892.39,Belgium,Direct Debit,0,0
T0004516,A001720,C01062,2024-07-04 08:27:30,Card Purchase,Healthcare,-147.06,Belgium,Card Present,0,0
T0005097,A003647,C02231,2026-03-10 03:39:54,Direct Debit,Utilities,-131.97,Belgium,Direct Debit,0,0
T0002949,A003453,C02111,2025-11-19 11:43:53,Transfer In,Transfer,1142.77,Belgium,Mobile App,0,0
T0001054,A000409,C00255,2024-02-03 13:01:50,Transfer In,Transfer,219.98,Netherlands,Bank Transfer,0,0
T0001040,A002736,C01671,2025-03-08 12:32:04,Transfer In,Transfer,312.08,Netherlands,Mobile App,0,0
T0006191,A001286,C00789,2025-04-07 07:41:05,Card Purchase,Travel,-428.98,Germany,Online,1,0
T0006301,A000121,C00072,2024-10-21 20:57:49,Direct Debit,Insurance,-173.82,Netherlands,Direct Debit,0,0
T0000818,A000936,C00572,2025-12-02 01:45:53,Transfer Out,Transfer,-2335.24,Belgium,Bank Transfer,0,0
T0000152,A003122,C01909,2024-03-13 15:18:59,Transfer In,Transfer,190.35,Netherlands,Bank Transfer,0,0
T0001804,A002332,C01434,2024-01-19 16:16:14,Transfer In,Transfer,563.08,Germany,Mobile App,0,0
T0001929,A000683,C00418,2025-08-13 04:20:16,Card Purchase,Fuel,-41.51,France,Card Present,0,0
T0004490,A002518,C01543,2025-04-15 21:10:53,Cash Withdrawal,Cash,-40,Luxembourg,ATM,0,0
T0009145,A001323,C00815,2025-08-15 04:57:24,Transfer Out,Transfer,-221.0,Belgium,Mobile App,0,0
T0009214,A002960,C01809,2025-04-15 13:29:36,Transfer In,Transfer,145.9,Netherlands,Mobile App,0,0
T0009846,A003612,C02210,2024-11-22 06:59:58,Transfer In,Transfer,262.75,Belgium,Bank Transfer,0,0
T0005457,A000816,C00497,2026-07-14 17:44:48,Card Purchase,Groceries,-46.75,Netherlands,Card Present,0,0
T0006132,A003296,C02020,2026-04-13 20:48:06,Transfer In,Transfer,87.69,Belgium,Mobile App,0,0
T0003484,A000862,C00528,2025-12-04 01:45:30,Direct Debit,Utilities,-170.52,Germany,Direct Debit,0,0
T0006170,A002832,C01729,2024-11-20 23:48:19,Card Purchase,Travel,-446.14,Germany,Card Present,0,0
T0005494,A000027,C00017,2024-05-26 09:30:29,Transfer Out,Transfer,-145.28,Belgium,Mobile App,0,0
T0006123,A002124,C01302,2025-08-18 22:15:18,Transfer In,Transfer,622.69,France,Mobile App,0,0
T0000961,A000793,C00485,2024-10-10 01:34:50,Card Purchase,Dining,-60.36,Belgium,Online,0,0
T0004684,A001304,C00802,2026-04-04 20:30:01,Card Purchase,Dining,-90.0,Germany,Mobile App,0,0
T0008581,A003880,C02372,2026-05-17 12:17:39,Card Purchase,Dining,-49.88,Belgium,Online,0,0
T0000192,A000313,C00193,2024-03-20 21:02:26,Card Purchase,Fuel,-130.99,Belgium,Card Present,0,0
T0006561,A002348,C01441,2024-05-08 09:42:38,Card Purchase,Dining,-56.42,France,Card Present,0,0
T0006113,A003101,C01898,2025-10-22 12:20:35,Direct Debit,Utilities,-181.63,Belgium,Direct Debit,0,0
T0003180,A000996,C00607,2025-01-23 05:10:33,Card Purchase,Fuel,-70.55,Netherlands,Card Present,0,0
T0007900,A000869,C00531,2024-08-13 07:55:26,Transfer In,Transfer,360.02,Belgium,Bank Transfer,0,0
T0000110,A003456,C02112,2024-03-01 04:16:11,Card Purchase,Healthcare,-151.27,Belgium,Online,0,0
T0004381,A000226,C00143,2025-05-02 05:42:30,Transfer Out,Transfer,-186.09,Germany,Bank Transfer,0,0
T0008123,A000949,C00579,2024-02-19 17:14:41,Transfer Out,Transfer,-496.05,Netherlands,Bank Transfer,0,0
T0003905,A002791,C01706,2025-01-19 07:28:04,Transfer In,Transfer,85.06,Netherlands,Mobile App,0,0
T0001519,A003738,C02285,2026-03-24 01:03:12,Transfer Out,Transfer,-213.01,Germany,Mobile App,0,0
T0004318,A002306,C01416,2025-12-11 15:58:38,Card Purchase,Fuel,-117.78,Belgium,Card Present,0,0
T0001722,A003708,C02265,2026-01-27 07:35:32,Transfer Out,Transfer,-655.62,France,Bank Transfer,0,0
T0006122,A001635,C01005,2025-02-22 17:05:46,Transfer Out,Transfer,-387.54,Belgium,Mobile App,0,0
T0009461,A001905,C01170,2026-07-08 15:25:01,Card Purchase,Travel,-780.3,Belgium,Card Present,0,0
T0008287,A000116,C00069,2025-10-21 22:36:39,Direct Debit,Housing,-907.27,Germany,Direct Debit,0,0
T0003148,A003038,C01862,2026-07-13 11:07:36,Salary,Salary,3138.11,Belgium,Mobile App,0,0
T0001263,A001730,C01068,2025-07-25 14:06:10,Direct Debit,Housing,-897.85,Germany,Direct Debit,0,0
T0006543,A001069,C00650,2024-02-03 07:22:54,Card Purchase,Retail,-231.92,Belgium,Card Present,0,0
T0000181,A003028,C01855,2024-06-12 01:22:43,Card Purchase,Travel,-272.15,Germany,Online,0,0
T0002190,A000413,C00258,2024-12-05 10:52:18,Card Purchase,Entertainment,-75.61,Belgium,Online,0,0
T0003203,A001555,C00954,2025-03-20 22:34:54,Card Purchase,Fuel,-119.16,Belgium,Card Present,0,0
T0001100,A003080,C01887,2025-02-03 02:21:31,Interest,Interest,7.54,Netherlands,Mobile App,0,0
T0007016,A002312,C01421,2025-09-02 06:40:14,Transfer In,Transfer,147.15,Netherlands,Mobile App,0,0
T0009420,A001389,C00851,2025-05-30 07:27:00,Transfer Out,Transfer,-247.8,Germany,Mobile App,0,0
T0002671,A003906,C02391,2024-01-17 17:30:52,Card Purchase,Healthcare,-25.19,Luxembourg,Card Present,0,0
T0007439,A002116,C01299,2025-03-19 00:58:41,Card Purchase,Fuel,-112.49,France,Online,0,0
T0002101,A001980,C01212,2026-05-16 22:05:35,Transfer In,Transfer,465.17,Belgium,Mobile App,0,0
T0000952,A002237,C01374,2025-08-31 06:30:55,Card Purchase,Dining,-10.29,Netherlands,Card Present,0,0
T0007149,A000909,C00556,2025-11-18 17:59:49,Direct Debit,Utilities,-194.99,Belgium,Direct Debit,0,0
T0000328,A003689,C02254,2025-11-20 09:37:14,Card Purchase,Travel,-292.9,Belgium,Mobile App,0,0
T0009775,A000059,C00035,2024-11-05 17:07:18,Card Purchase,Dining,-43.4,Belgium,Online,0,0
T0005045,A002321,C01428,2025-06-29 06:33:20,Card Purchase,Healthcare,-116.39,Belgium,Card Present,0,0
T0003748,A002585,C01584,2026-04-26 14:57:46,Transfer In,Transfer,45.97,Germany,Mobile App,0,0
T0006619,A002718,C01662,2025-06-12 14:25:33,Card Purchase,Fuel,-51.58,Belgium,Online,0,0
T0006716,A000409,C00255,2024-03-11 17:34:35,Transfer Out,Transfer,-223.24,Netherlands,Mobile App,0,0
T0007631,A001202,C00732,2024-09-17 23:16:42,Transfer Out,Transfer,-220.37,France,Mobile App,0,0
T0007268,A000752,C00461,2025-12-16 19:51:09,Transfer Out,Transfer,-797.81,Germany,Bank Transfer,0,0
T0005682,A000528,C00326,2024-05-11 07:42:36,Transfer Out,Transfer,-360.3,France,Mobile App,0,0
T0002628,A002217,C01359,2024-05-03 06:32:44,Card Purchase,Retail,-352.98,Belgium,Card Present,0,0
T0002187,A003329,C02038,2024-02-13 23:55:23,Direct Debit,Housing,-730.92,Netherlands,Direct Debit,0,0
T0004240,A001400,C00858,2024-07-14 20:02:00,Card Purchase,Dining,-30.44,Belgium,Card Present,0,0
T0000985,A003459,C02113,2026-08-18 22:34:21,Card Purchase,Healthcare,-121.81,France,Card Present,0,0
T0002059,A002643,C01616,2026-01-30 11:10:39,Card Purchase,Healthcare,-104.45,Luxembourg,Card Present,0,0
T0009909,A001364,C00836,2024-04-17 11:46:07,Card Purchase,Dining,-46.8,Netherlands,Card Present,0,0
T0005467,A000508,C00316,2024-11-11 09:40:19,Card Purchase,E-commerce,-63.65,France,Card Present,0,0
T0001305,A000675,C00415,2025-08-30 20:26:43,Transfer In,Transfer,232.77,Germany,Bank Transfer,0,0
T0005300,A001471,C00902,2025-08-19 07:23:30,Direct Debit,Utilities,-153.68,Belgium,Direct Debit,0,0
T0008197,A003246,C01989,2025-01-15 04:49:27,Transfer In,Transfer,634.74,Belgium,Bank Transfer,0,0
T0002712,A003490,C02134,2024-01-08 01:48:31,Cash Withdrawal,Cash,-250,Germany,ATM,0,0
T0002128,A001338,C00822,2024-10-10 01:59:55,Cash Withdrawal,Cash,-40,Luxembourg,ATM,0,0
T0007571,A001908,C01172,2026-02-25 10:57:41,Card Purchase,Healthcare,-38.13,France,Card Present,0,0
T0002195,A003100,C01897,2024-07-04 15:09:37,Card Purchase,E-commerce,-162.06,Luxembourg,Card Present,0,0
T0009788,A003801,C02320,2025-12-08 13:57:21,Card Purchase,E-commerce,-54.6,Netherlands,Card Present,0,0
T0009498,A001042,C00636,2024-02-28 16:01:49,Transfer Out,Transfer,-306.6,Luxembourg,Bank Transfer,0,0
T0002504,A003606,C02206,2026-02-21 22:00:45,Transfer Out,Transfer,-123.38,Belgium,Mobile App,0,0
T0007313,A001749,C01080,2024-06-13 19:02:19,Transfer In,Transfer,2516.78,Netherlands,Bank Transfer,0,0
T0003213,A002330,C01433,2024-05-18 07:47:31,Cash Withdrawal,Cash,-50,Belgium,ATM,0,0
T0003150,A003054,C01872,2025-01-03 13:00:31,Direct Debit,Utilities,-132.7,,Direct Debit,0,0
T0006921,A002554,C01565,2026-04-19 18:26:13,Card Purchase,E-commerce,-23.03,Belgium,Card Present,0,0
T0001014,A003352,C02051,2025-02-10 21:26:21,Card Purchase,Healthcare,-23.34,Belgium,Card Present,0,0
T0002385,A003183,C01950,2024-10-19 10:01:40,Card Purchase,Dining,-16.11,France,Online,0,0
T0006941,A002399,C01474,2025-09-22 13:44:19,Salary,Salary,1609.72,France,Mobile App,0,0
T0008644,A002293,C01408,2024-10-16 04:17:15,Card Purchase,E-commerce,-64.23,Netherlands,Online,0,0
T0007355,A001992,C01222,2025-08-04 19:47:59,Card Purchase,Travel,-475.08,Belgium,Card Present,0,0
T0007847,A000059,C00035,2026-07-15 09:52:33,Transfer Out,Transfer,-283.5,Belgium,Mobile App,0,0
T0009273,A002375,C01459,2025-04-26 10:38:58,Card Purchase,Fuel,-45.79,Belgium,Online,0,0
T0001475,A000778,C00477,2025-10-16 04:14:17,Card Purchase,Entertainment,-18.74,Netherlands,Card Present,0,0
T0009576,A002723,C01664,2026-05-05 19:03:05,Card Purchase,E-commerce,-165.34,Belgium,Online,0,0
T0007155,A001620,C00997,2026-04-17 07:40:23,Card Purchase,E-commerce,-113.27,Belgium,Online,0,0
T0005675,A000622,C00384,2024-10-27 03:51:26,Transfer Out,Transfer,-187.65,Belgium,Mobile App,0,0
T0000138,A000070,C00042,2025-04-06 01:03:31,Transfer In,Transfer,67.41,Netherlands,Bank Transfer,0,0
T0007034,A003651,C02234,2024-11-26 05:10:55,Transfer In,Transfer,411.74,Belgium,Bank Transfer,0,0
T0003550,A002292,C01408,2024-06-20 14:21:29,Transfer Out,Transfer,-68.53,Netherlands,Bank Transfer,0,0
T0003910,A001734,C01072,2025-09-20 22:45:41,Transfer In,Transfer,142.27,Netherlands,Mobile App,0,0
T0009831,A001831,C01129,2025-11-02 22:46:26,Transfer In,Transfer,88.08,Netherlands,Mobile App,0,0
T0005838,A000953,C00581,2025-09-27 17:23:19,Direct Debit,Housing,-878.89,Belgium,Direct Debit,0,0
T0007602,A000914,C00559,2026-02-07 23:07:53,Direct Debit,Housing,-669.48,Germany,Direct Debit,0,0
T0003081,A001174,C00715,2024-01-09 23:05:13,Card Purchase,Entertainment,-19.92,Netherlands,Mobile App,0,0
T0006947,A004075,C02491,2024-01-01 10:42:37,Salary,Salary,4851.88,Belgium,Mobile App,0,0
T0005107,A002520,C01544,2026-03-22 03:05:56,Transfer Out,Transfer,-917.01,Netherlands,Mobile App,0,0
T0008759,A003823,C02335,2024-12-01 02:40:36,Direct Debit,Telecom,-76.57,Belgium,Direct Debit,0,0
T0002636,A002885,C01760,2025-03-03 18:50:15,Transfer Out,Transfer,-109.83,Netherlands,Bank Transfer,0,1
T0006462,A002666,C01628,2026-07-09 12:28:21,Transfer Out,Transfer,-75.58,France,Mobile App,0,0
T0002904,A000322,C00197,2024-11-11 08:22:20,Card Purchase,E-commerce,-190.65,France,Card Present,0,0
T0000482,A000194,C00120,2024-09-14 15:19:39,Direct Debit,Telecom,-72.92,Belgium,Direct Debit,0,0
T0009702,A001436,C00880,2025-03-28 07:33:51,Card Purchase,Entertainment,-11.15,Belgium,Online,0,0
T0001977,A001150,C00702,2025-03-22 05:17:27,Card Purchase,Groceries,-85.07,Netherlands,Card Present,0,0
T0006590,A002978,C01821,2026-04-24 03:51:49,Card Purchase,Travel,-697.18,Germany,Mobile App,0,0
T0009857,A002034,C01247,2026-01-28 22:39:57,Card Purchase,Healthcare,-107.16,Netherlands,Card Present,0,0
T0006399,A002564,C01573,2025-08-27 19:43:42,Direct Debit,Housing,-747.77,Netherlands,Direct Debit,0,0
T0007417,A001615,C00994,2024-07-16 19:21:55,Card Purchase,Dining,-37.41,France,Mobile App,0,0
T0005390,A002743,C01676,2024-11-09 20:11:32,Card Purchase,E-commerce,-116.26,Spain,Online,1,0
T0008142,A002586,C01584,2026-08-01 23:47:27,Card Purchase,Dining,-131.43,Germany,Online,0,0
T0004609,A003133,C01915,2026-07-02 22:14:44,Card Purchase,Retail,-95.72,Belgium,Online,0,0
T0004458,A002252,C01384,2024-05-24 09:33:02,Direct Debit,Housing,-811.97,Germany,Direct Debit,0,0
T0005831,A002130,C01306,2024-02-25 09:03:33,Card Purchase,E-commerce,-152.65,France,Card Present,0,0
T0000700,A003904,C02390,2026-05-26 09:46:01,Direct Debit,Utilities,-53.81,Luxembourg,Direct Debit,0,0
T0007286,A003945,C02413,2025-12-15 13:19:01,Card Purchase,E-commerce,-49.02,Belgium,Card Present,0,0
T0009493,A003912,C02394,2024-04-04 20:55:40,Direct Debit,Insurance,-138.38,Belgium,Direct Debit,0,0
T0001631,A001398,C00857,2024-04-30 00:40:13,Salary,Salary,2894.91,Netherlands,Bank Transfer,0,0
T0007749,A001904,C01169,2026-07-06 17:04:46,Transfer In,Transfer,357.08,Netherlands,Mobile App,0,0
T0004596,A004088,C02500,2024-11-27 19:13:17,Card Purchase,E-commerce,-45.11,Germany,Card Present,0,0
T0002864,A003210,C01967,2024-06-01 19:37:45,Transfer Out,Transfer,-504.52,France,Bank Transfer,0,0
T0004618,A003409,C02083,2024-03-22 17:28:10,Transfer In,Transfer,262.37,Belgium,Mobile App,0,0
T0001958,A000844,C00515,2026-02-13 02:13:47,Transfer Out,Transfer,-859.78,Netherlands,Bank Transfer,0,0
T0007991,A000001,C00001,2024-07-10 16:36:38,Card Purchase,E-commerce,-51.64,France,Card Present,0,0
T0003140,A002921,C01784,2026-02-27 00:13:36,Transfer Out,Transfer,-155.87,Netherlands,Bank Transfer,0,0
T0001213,A003013,C01845,2024-10-14 01:16:07,Card Purchase,Groceries,-24.5,Netherlands,Mobile App,0,0
T0008187,A002607,C01595,2026-06-04 02:22:22,Card Purchase,Travel,-113.93,France,Mobile App,0,0
T0002160,A002538,C01555,2026-06-11 01:13:41,Transfer Out,Transfer,-338.71,Belgium,Mobile App,0,0
T0002391,A001131,C00690,2024-04-05 02:52:29,Transfer Out,Transfer,-420.77,Belgium,Mobile App,0,0
T0007465,A002800,C01711,2025-07-04 07:14:15,Transfer Out,Transfer,-192.76,Netherlands,Mobile App,0,0
T0008881,A001999,C01227,2024-12-05 10:47:39,Card Purchase,E-commerce,-51.43,Belgium,Card Present,0,0
T0003389,A003536,C02162,2026-04-17 03:27:00,Transfer In,Transfer,130.62,Belgium,Mobile App,0,0
T0006119,A003247,C01989,2024-02-16 16:01:06,Transfer In,Transfer,626.49,Belgium,Mobile App,0,0
T0005085,A001394,C00855,2025-08-09 08:52:50,Salary,Salary,2690.17,Netherlands,Mobile App,0,0
T0008496,A001774,C01096,2026-04-28 06:12:24,Transfer In,Transfer,181.34,Netherlands,Mobile App,0,0
T0000645,A001628,C01001,2025-01-27 04:58:01,Card Purchase,Dining,-17.7,Netherlands,Mobile App,0,0
T0005558,A004086,C02500,2026-01-26 04:05:24,Transfer In,Transfer,87.54,Germany,Bank Transfer,0,0
T0007519,A000602,C00371,2026-02-18 15:30:02,Card Purchase,E-commerce,-47.56,Italy,Card Present,1,0
T0005032,A001418,C00870,2026-02-09 16:26:27,Direct Debit,Housing,-748.62,Netherlands,Direct Debit,0,0
T0007939,A002711,C01657,2026-08-30 08:09:24,Salary,Salary,3100.21,Germany,Mobile App,0,0
T0000516,A000736,C00449,2026-04-04 12:07:48,Card Purchase,Groceries,-36.13,Netherlands,Card Present,0,0
T0003129,A003138,C01918,2024-11-12 23:35:16,Direct Debit,Subscriptions,-24.42,Netherlands,Direct Debit,0,0
T0001772,A002503,C01535,2024-08-15 15:29:57,Direct Debit,Insurance,-179.42,Belgium,Direct Debit,0,0
T0009618,A003445,C02108,2025-03-02 06:46:16,Direct Debit,Telecom,-85.63,Belgium,Direct Debit,0,0
T0004063,A000045,C00026,2025-02-14 02:45:25,Card Purchase,Healthcare,-19.97,Belgium,Online,0,0
T0002763,A002376,C01459,2026-05-10 08:52:14,Transfer In,Transfer,73.42,Belgium,Mobile App,0,0
T0009829,A002244,C01378,2026-03-26 23:11:57,Card Purchase,Travel,-412.52,Belgium,Card Present,0,0
T0005078,A004005,C02449,2025-09-06 23:55:48,Transfer In,Transfer,233.91,Luxembourg,Mobile App,0,0
T0009226,A002571,C01578,2026-01-20 01:18:00,Card Purchase,Retail,-55.92,Belgium,Card Present,0,0
T0002214,A000778,C00477,2024-01-28 14:26:18,Salary,Salary,3251.17,Netherlands,Mobile App,0,0
T0008834,A002773,C01697,2024-05-29 03:32:21,Card Purchase,Fuel,-43.22,Belgium,Card Present,0,0
T0002842,A003602,C02203,2026-05-24 04:03:14,Card Purchase,Dining,-23.5,Germany,Online,0,0
T0006729,A001196,C00729,2024-04-10 16:28:44,Salary,Salary,6775.23,France,Mobile App,0,0
T0005040,A002690,C01642,2024-09-27 15:33:59,Transfer In,Transfer,604.54,Belgium,Mobile App,0,0
T0005827,A001659,C01019,2024-01-21 20:51:49,Card Purchase,Healthcare,-91.61,Belgium,Card Present,0,0
T0006378,A001982,C01214,2025-03-21 06:24:48,Transfer In,,271.15,Belgium,Bank Transfer,0,0
T0008682,A000231,C00147,2026-03-03 18:13:30,Transfer Out,Transfer,-98.51,Netherlands,Mobile App,0,0
T0006900,A000874,C00535,2025-07-05 01:14:06,Transfer In,Transfer,416.88,France,Bank Transfer,0,0
T0006450,A002509,C01538,2025-05-03 17:18:04,Transfer Out,Transfer,-56.17,Netherlands,Mobile App,0,0
T0000946,A001251,C00765,2025-04-23 13:50:13,Direct Debit,Subscriptions,-25.2,Belgium,Direct Debit,0,0
T0007524,A000652,C00401,2024-07-24 10:36:16,Card Purchase,Dining,-128.21,Belgium,Card Present,0,0
T0007575,A002412,C01482,2025-04-01 20:24:18,Transfer In,Transfer,101.86,Germany,Mobile App,0,0
T0005511,A002536,C01554,2026-03-05 22:04:59,Transfer In,Transfer,364.29,France,Mobile App,0,0
T0008517,A003889,C02378,2025-02-06 17:46:06,Transfer In,Transfer,211.33,Belgium,Mobile App,0,0
T0004096,A002510,C01539,2026-04-20 05:37:43,Salary,Salary,10111.77,Luxembourg,Bank Transfer,0,0
T0009655,A003458,C02113,2025-03-26 01:17:43,Interest,Interest,9.53,France,Mobile App,0,0
T0006877,A001270,C00778,2026-01-24 17:09:12,Card Purchase,Groceries,-283.17,Belgium,Card Present,0,0
T0005268,A002565,C01574,2024-10-08 04:58:30,Direct Debit,Utilities,-170.54,France,Direct Debit,0,0
T0000199,A004045,C02470,2026-02-13 22:45:42,Transfer Out,Transfer,-592.69,Netherlands,Bank Transfer,0,0
T0000711,A000120,C00071,2024-02-11 12:14:20,Transfer Out,Transfer,-168.18,Luxembourg,Mobile App,0,0
T0005644,A000504,C00314,2024-04-11 01:19:04,Transfer Out,Transfer,-864.42,Belgium,Mobile App,0,0
T0007860,A001713,C01058,2025-06-19 20:23:29,Cash Withdrawal,Cash,-40,Germany,ATM,0,0
T0004110,A000197,C00123,2025-02-28 19:40:11,Transfer In,Transfer,638.73,France,Mobile App,0,0
T0008461,A001147,C00700,2024-10-22 05:36:21,Card Purchase,E-commerce,-65.47,Belgium,Online,0,0
T0001245,A000256,C00161,2026-08-10 00:50:33,Direct Debit,Telecom,-89.67,Belgium,Direct Debit,0,0
T0003783,A002998,C01834,2025-03-07 20:27:22,Transfer In,Transfer,190.5,Belgium,Mobile App,0,0
T0009251,A001759,C01087,2025-10-02 17:03:55,Transfer In,Transfer,364.98,Belgium,Mobile App,0,0
T0005904,A003517,C02152,2024-08-18 08:37:44,Transfer In,Transfer,841.74,Belgium,Mobile App,0,0
T0000232,A003744,C02288,2024-07-19 20:18:25,Card Purchase,Groceries,-35.78,Germany,Card Present,0,0
T0009499,A002905,C01773,2024-11-03 15:25:20,Direct Debit,Housing,-665.9,France,Direct Debit,0,0
T0004921,A002314,C01423,2024-12-17 04:42:14,Direct Debit,Subscriptions,-19.56,Belgium,Direct Debit,0,0
T0001379,A002741,C01675,2024-05-17 06:03:43,Card Purchase,Retail,-29.75,Belgium,Card Present,0,0
T0002284,A001213,C00738,2026-03-03 05:39:24,Transfer Out,Transfer,-180.87,France,Bank Transfer,0,0
T0004622,A001315,C00809,2025-12-14 09:49:22,Transfer Out,Transfer,-201.65,France,Mobile App,0,0
T0001891,A003799,C02319,2025-10-04 16:46:14,Transfer In,Transfer,118.22,Netherlands,Bank Transfer,0,0
T0005443,A002048,C01256,2025-03-25 14:22:41,Transfer In,Transfer,259.07,Germany,Mobile App,0,0
T0005869,A000372,C00233,2024-08-20 19:58:01,Direct Debit,Utilities,-135.89,France,Direct Debit,0,0
T0006227,A003232,C01980,2026-08-04 00:01:54,Card Purchase,Fuel,-63.7,Belgium,Online,1,0
T0004587,A003472,C02123,2025-08-04 22:00:35,Direct Debit,Housing,-1257.01,France,Direct Debit,0,0
T0009345,A000510,C00317,2025-01-05 03:04:09,Transfer In,Transfer,813.63,Belgium,Mobile App,0,0
T0005795,A003027,C01854,2026-07-04 13:14:16,Salary,Salary,2317.61,Belgium,Mobile App,0,0
T0003837,A003770,C02302,2025-02-18 03:04:45,Transfer Out,Transfer,-664.56,France,Bank Transfer,0,0
T0001822,A001518,C00932,2024-11-25 22:27:45,Card Purchase,Dining,-33.47,Germany,Card Present,0,0
T0001443,A000637,C00391,2024-04-06 09:09:55,Transfer Out,Transfer,-836.48,Netherlands,Mobile App,0,0
T0005423,A001539,C00945,2024-04-07 12:51:25,Transfer Out,Transfer,-434.16,Belgium,Mobile App,0,0
T0001696,A001007,C00615,2026-03-04 13:12:54,Transfer Out,Transfer,-292.8,Netherlands,Mobile App,0,0
T0008384,A002051,C01258,2025-12-14 22:52:34,Transfer In,Transfer,341.88,Germany,Mobile App,0,0
T0008541,A002784,C01703,2024-02-22 23:18:25,Card Purchase,Healthcare,-62.2,Luxembourg,Online,0,0
T0008497,A000936,C00572,2025-05-31 18:06:46,Transfer In,Transfer,669.34,Belgium,Bank Transfer,0,0
T0008579,A003658,C02238,2025-06-10 08:12:49,Card Purchase,Healthcare,-93.72,Belgium,Online,0,0
T0007516,A000779,C00477,2026-08-01 20:22:15,Transfer Out,Transfer,-336.26,Netherlands,Bank Transfer,0,0
T0004254,A004055,C02478,2024-06-29 10:52:48,Card Purchase,Travel,-445.11,Italy,Card Present,1,0
T0006712,A002211,C01356,2026-07-16 07:56:58,Transfer Out,Transfer,-204.13,France,Bank Transfer,0,0
T0002425,A002953,C01805,2026-07-13 17:32:25,Transfer Out,Transfer,-961.23,Germany,Mobile App,0,0
T0002559,A000130,C00078,2024-05-29 08:36:59,Cash Withdrawal,Cash,-40,France,ATM,0,0
T0003839,A000180,C00110,2025-11-07 09:44:09,Card Purchase,E-commerce,-71.27,France,Mobile App,0,0
T0003232,A000717,C00438,2025-10-02 05:02:59,Direct Debit,Subscriptions,-27.39,Belgium,Direct Debit,0,0
T0008328,A002623,C01604,2024-02-02 10:13:19,Card Purchase,Fuel,-28.39,Germany,Online,0,0
T0009836,A000360,C00225,2024-01-28 14:33:24,Interest,Interest,1.01,France,Bank Transfer,0,0
T0005327,A003612,C02210,2024-04-18 12:15:07,Transfer Out,Transfer,-823.59,Belgium,Bank Transfer,0,0
T0000296,A002986,C01825,2025-08-23 13:55:07,Card Purchase,Travel,-590.15,France,Online,1,0
T0009417,A001287,C00790,2024-07-25 06:01:57,Interest,Interest,1.17,Belgium,Mobile App,0,0
T0008898,A002637,C01612,2025-06-03 18:18:32,Salary,Salary,3849.37,Germany,Mobile App,0,0
T0004290,A002451,C01506,2025-05-29 11:05:22,Transfer In,Transfer,435.52,Netherlands,Bank Transfer,0,0
T0001851,A000888,C00543,2025-01-28 06:02:08,Transfer Out,Transfer,-1445.36,Germany,Bank Transfer,0,0
T0006882,A003491,C02135,2024-05-11 23:50:58,Transfer Out,Transfer,-125.72,Belgium,Bank Transfer,0,0
T0000385,A001955,C01198,2026-04-29 18:43:58,Transfer In,Transfer,339.25,Netherlands,Bank Transfer,0,0
T0009485,A002732,C01669,2025-07-01 01:56:01,Transfer In,Transfer,216.04,France,Bank Transfer,0,0
T0002049,A003921,C02399,2025-05-29 00:35:08,Card Purchase,Entertainment,-24.35,Belgium,Card Present,0,0
T0006862,A002110,C01296,2025-02-08 10:30:54,Transfer In,Transfer,367.8,Belgium,Mobile App,0,0
T0006677,A003813,C02329,2025-06-12 08:09:54,Cash Withdrawal,Cash,-40,Belgium,ATM,0,0
T0001712,A000199,C00125,2025-02-24 22:40:13,Transfer In,Transfer,319.42,Belgium,Bank Transfer,0,0
T0000503,A002627,C01607,2026-06-17 11:46:20,Transfer Out,Transfer,-203.38,France,Mobile App,0,0
T0006008,A001299,C00798,2025-04-06 03:45:02,Salary,Salary,6643.55,Belgium,Bank Transfer,0,0
T0000886,A003291,C02017,2024-06-28 04:21:56,Transfer Out,Transfer,-247.27,Belgium,Bank Transfer,0,0
T0006653,A003441,C02106,2025-01-10 13:57:14,Transfer In,Transfer,369.99,Germany,Bank Transfer,0,0
T0002043,A000168,C00102,2026-04-01 04:21:10,Transfer Out,Transfer,-289.71,Belgium,Bank Transfer,0,0
T0008725,A000773,C00474,2024-07-13 22:26:28,Cash Withdrawal,Cash,-40,Netherlands,ATM,0,0
T0001402,A002452,C01506,2025-07-12 12:44:13,Card Purchase,Travel,-186.35,Netherlands,Card Present,0,0
T0002097,A001174,C00715,2024-08-18 12:22:27,Card Purchase,Entertainment,-55.0,Netherlands,Card Present,0,0
T0003325,A001324,C00815,2026-08-23 16:57:18,Card Purchase,Retail,-104.9,Belgium,Online,0,0
T0006805,A001485,C00913,2024-09-07 16:11:15,Card Purchase,Groceries,-34.54,Belgium,Card Present,0,0
T0000448,A002056,C01261,2026-07-10 03:52:39,Transfer Out,Transfer,-159.26,Germany,Bank Transfer,0,0
T0002557,A000584,C00360,2026-07-04 02:20:47,Card Purchase,Fuel,-64.27,Germany,Online,0,0
T0001876,A002809,C01716,2025-10-18 11:33:46,Transfer In,Transfer,289.49,Belgium,Bank Transfer,0,0
T0006608,A001444,C00885,2026-02-25 07:21:32,Card Purchase,Entertainment,-31.97,Germany,Online,0,0
T0008733,A003187,C01952,2024-05-09 07:43:45,Card Purchase,Retail,-33.04,,Card Present,0,0
T0008718,A000328,C00201,2026-02-13 06:10:01,Transfer In,Transfer,87.65,Belgium,Bank Transfer,0,0
T0000504,A001217,C00742,2025-07-21 05:41:32,Transfer Out,Transfer,-144.44,France,Mobile App,0,0
T0002863,A003773,C02304,2026-04-26 18:33:15,Transfer Out,Transfer,-219.47,Germany,Mobile App,0,0
T0000122,A003790,C02315,2026-05-02 18:08:33,Card Purchase,Entertainment,-23.39,France,Online,0,0
T0009826,A002555,C01566,2025-08-04 18:28:28,Card Purchase,Groceries,-33.13,Belgium,Card Present,0,0
T0004148,A002181,C01336,2024-07-02 19:37:41,Transfer In,Transfer,253.58,Belgium,Mobile App,0,0
T0005364,A003883,C02374,2025-10-13 19:03:49,Transfer Out,Transfer,-583.83,France,Bank Transfer,0,0
T0008874,A003481,C02129,2024-03-18 05:55:25,Transfer Out,Transfer,-240.25,Belgium,Bank Transfer,0,0
T0008774,A003720,C02272,2026-08-06 22:34:41,Transfer Out,Transfer,-71.84,France,Bank Transfer,0,0
T0002075,A002436,C01496,2024-01-14 14:05:00,Transfer In,Transfer,168.6,Luxembourg,Bank Transfer,0,0
T0006444,A004050,C02474,2025-07-14 04:10:05,Transfer Out,Transfer,-523.19,Belgium,Bank Transfer,0,0
T0006506,A003455,C02112,2025-01-02 20:04:28,Transfer In,Transfer,149.89,Belgium,Mobile App,0,0
T0000287,A000012,C00006,2024-01-23 17:54:01,Transfer Out,Transfer,-302.48,Netherlands,Mobile App,0,0
T0000547,A003270,C02004,2025-10-06 17:50:39,Transfer In,Transfer,1145.14,Belgium,Mobile App,0,0
T0006502,A000907,C00555,2025-06-15 19:34:56,Direct Debit,Housing,-810.91,Belgium,Direct Debit,0,0
T0005143,A000903,C00552,2024-08-27 15:26:43,Transfer In,Transfer,715.52,Netherlands,Mobile App,0,0
T0004216,A001766,C01092,2024-11-25 04:27:28,Transfer In,Transfer,582.54,Netherlands,Bank Transfer,0,0
T0000779,A001058,C00644,2026-02-13 02:07:52,Transfer In,Transfer,446.25,France,Bank Transfer,0,0
T0003104,A002397,C01472,2025-01-01 15:14:31,Transfer Out,Transfer,-403.39,France,Mobile App,0,0
T0005301,A001848,C01138,2024-02-15 08:16:09,Transfer Out,Transfer,-577.06,Belgium,Mobile App,0,0
T0000747,A002536,C01554,2025-01-17 04:53:59,Transfer In,Transfer,1445.96,France,Mobile App,0,0
T0007014,A001932,C01185,2025-05-06 20:51:43,Card Purchase,Retail,-184.05,Belgium,Online,0,0
T0007024,A002607,C01595,2025-12-22 09:39:14,Card Purchase,E-commerce,-61.72,Italy,Online,1,0
T0004830,A003305,C02026,2026-07-12 11:34:10,Interest,Interest,8.52,Belgium,Mobile App,0,0
T0006655,A003188,C01953,2026-07-14 00:54:44,Card Purchase,Dining,-30.42,France,Online,0,0
T0009442,A000602,C00371,2024-10-19 18:30:48,Card Purchase,Retail,-58.37,France,Card Present,0,0
T0005859,A001462,C00896,2025-06-24 21:30:28,Card Purchase,Travel,-160.95,Netherlands,Online,0,0
T0009948,A001846,C01136,2025-10-23 18:44:44,Transfer Out,Transfer,-311.53,Luxembourg,Mobile App,0,0
T0009828,A002991,C01829,2025-11-05 12:01:28,Transfer Out,Transfer,-565.62,Belgium,Mobile App,0,0
T0000833,A003644,C02229,2026-08-05 19:52:33,Transfer In,Transfer,187.37,Belgium,Mobile App,0,0
T0008118,A000653,C00401,2025-08-26 21:32:01,Card Purchase,Travel,-159.84,Belgium,Card Present,0,0
T0007043,A000490,C00305,2024-09-27 18:50:53,Direct Debit,Housing,-965.41,Germany,Direct Debit,0,0
T0003373,A003083,C01889,2024-08-19 00:57:01,Card Purchase,Retail,-45.08,Belgium,Card Present,0,0
T0000200,A001013,C00620,2024-01-01 04:45:22,Card Purchase,Retail,-63.48,Belgium,Online,0,0
T0006858,A001904,C01169,2025-05-09 05:03:15,Transfer Out,Transfer,-563.82,Netherlands,Mobile App,0,0
T0000447,A000455,C00283,2024-07-25 22:08:47,Transfer Out,Transfer,-1233.19,Luxembourg,Mobile App,0,0
T0005205,A003998,C02444,2025-05-28 16:29:42,Card Purchase,Dining,-22.12,Luxembourg,Card Present,0,0
T0000259,A002300,C01412,2025-04-02 06:54:09,Interest,Interest,7.05,Netherlands,Mobile App,0,0
T0001129,A001658,C01019,2024-12-14 12:07:19,Cash Withdrawal,Cash,-250,Belgium,ATM,0,0
T0007638,A000835,C00509,2024-02-06 09:15:58,Transfer Out,Transfer,-662.22,France,Mobile App,0,0
T0005416,A000130,C00078,2025-04-28 07:32:55,Card Purchase,Fuel,-18.45,Netherlands,Card Present,1,0
T0003225,A000795,C00486,2025-01-21 11:34:51,Transfer In,Transfer,93.17,Belgium,Mobile App,0,0
T0001950,A002574,C01580,2024-02-08 04:08:21,Card Purchase,E-commerce,-99.23,United States,Card Present,1,0
T0009719,A001792,C01105,2025-02-02 05:49:40,Transfer In,Transfer,850.86,Germany,Mobile App,0,0
T0008479,A001410,C00865,2026-04-21 20:56:37,Card Purchase,Fuel,-37.95,Germany,Card Present,0,0
T0001647,A003667,C02243,2024-12-17 05:27:35,Transfer In,Transfer,465.87,Netherlands,Mobile App,0,0
T0008670,A000312,C00193,2024-12-20 02:04:45,Direct Debit,Telecom,-79.27,Belgium,Direct Debit,0,0
T0001892,A001639,C01007,2025-09-25 18:57:06,Card Purchase,Entertainment,-30.69,Belgium,Card Present,0,0
T0000286,A002547,C01561,2026-01-20 00:15:16,Card Purchase,E-commerce,-82.87,Germany,Online,0,0
T0003638,A003888,C02377,2024-11-02 23:33:44,Direct Debit,Subscriptions,-18.54,France,Direct Debit,0,0
T0004495,A003333,C02040,2025-05-15 02:50:22,Card Purchase,E-commerce,-73.45,Belgium,Card Present,0,0
T0006351,A003769,C02302,2025-04-02 05:01:59,Direct Debit,Insurance,-112.38,France,Direct Debit,0,0
T0003181,A001816,C01120,2025-03-22 12:47:14,Direct Debit,Subscriptions,-21.65,Netherlands,Direct Debit,0,0
T0009605,A001649,C01013,2026-05-20 05:33:19,Transfer In,Transfer,667.27,France,Mobile App,0,0
T0002487,A002525,C01547,2024-07-31 01:25:56,Card Purchase,Retail,-75.88,Belgium,Online,0,0
T0008210,A001446,C00886,2026-08-29 02:09:21,Transfer In,Transfer,313.83,,Bank Transfer,0,0
T0001608,A003306,C02027,2026-01-21 22:54:43,Card Purchase,Retail,-81.73,Belgium,Card Present,0,0
T0001747,A003875,C02368,2025-10-12 03:22:22,Transfer In,Transfer,534.34,Germany,Bank Transfer,0,0
T0004920,A000800,C00488,2026-03-24 00:13:38,Card Purchase,Fuel,-93.61,Netherlands,Card Present,0,0
T0004432,A003834,C02342,2025-12-13 14:45:20,Card Purchase,Groceries,-81.93,Belgium,Card Present,0,0
T0000608,A003562,C02177,2024-03-09 02:03:39,Direct Debit,Insurance,-135.36,Belgium,Direct Debit,0,0
T0000677,A003636,C02224,2025-10-03 04:45:16,Transfer Out,Transfer,-634.22,Belgium,Mobile App,0,0
T0007788,A002956,C01807,2024-12-22 23:58:42,Transfer In,Transfer,179.88,Luxembourg,Mobile App,0,0
T0007674,A001814,C01118,2025-04-11 05:05:50,Transfer In,Transfer,326.12,Netherlands,Mobile App,0,0
T0001207,A002814,C01718,2024-10-10 03:08:16,Card Purchase,Healthcare,-57.19,Netherlands,Card Present,0,0
T0005479,A003986,C02437,2025-03-12 21:06:29,Direct Debit,Housing,-1021.75,France,Direct Debit,0,0
T0001527,A000113,C00067,2025-11-16 20:24:26,Transfer In,Transfer,779.26,Germany,Bank Transfer,0,0
T0002980,A002103,C01292,2024-08-12 07:14:17,Transfer In,Transfer,657.15,Netherlands,Bank Transfer,0,0
T0003383,A000924,C00565,2026-01-28 13:27:13,Transfer In,Transfer,720.12,Belgium,Mobile App,0,0
T0005420,A001885,C01157,2024-08-05 07:59:00,Transfer In,Transfer,384.14,Belgium,Bank Transfer,0,0
T0007076,A001941,C01190,2024-09-25 16:11:13,Card Purchase,Dining,-50.53,Belgium,Card Present,0,0
T0000748,A001162,C00708,2024-04-17 14:40:29,Card Purchase,Healthcare,-70.55,Netherlands,Online,0,0
T0009398,A003795,C02316,2025-11-21 07:22:53,Card Purchase,E-commerce,-218.53,Belgium,Card Present,0,0
T0009822,A000470,C00290,2026-03-09 08:18:22,Card Purchase,Travel,-547.3,Netherlands,Card Present,0,0
T0009040,A002854,C01744,2025-06-26 14:10:15,Transfer In,Transfer,371.56,Belgium,Mobile App,0,0
T0009456,A003713,C02268,2024-07-17 11:20:01,Transfer In,Transfer,605.55,Belgium,Bank Transfer,0,0
T0001295,A003427,C02095,2025-01-16 01:58:22,Card Purchase,Healthcare,-24.15,Belgium,Mobile App,0,0
T0001056,A003235,C01982,2026-06-04 22:39:34,Transfer Out,Transfer,-271.73,France,Bank Transfer,0,0
T0004456,A002462,C01512,2026-05-06 11:50:10,Card Purchase,Dining,-33.52,Belgium,Online,0,0
T0003979,A001782,C01099,2026-02-27 02:43:46,Card Purchase,Dining,-25.4,Belgium,Card Present,0,0
T0007796,A000155,C00094,2025-01-15 15:20:52,Transfer In,Transfer,504.37,Netherlands,Bank Transfer,0,0
T0008905,A001024,C00626,2026-05-08 10:31:47,Transfer In,Transfer,341.55,Belgium,Bank Transfer,0,0
T0005180,A000875,C00536,2026-08-13 03:44:39,Interest,Interest,6.34,France,Bank Transfer,0,0
T0005242,A000840,C00513,2025-05-12 23:43:24,Transfer Out,Transfer,-179.93,Belgium,Bank Transfer,0,0
T0006706,A002319,C01427,2026-05-24 16:26:51,Transfer In,Transfer,122.9,Belgium,Mobile App,0,0
T0008489,A002720,C01662,2026-03-12 08:01:21,Card Purchase,Dining,-62.2,Belgium,Card Present,0,0
T0000299,A002822,C01723,2026-03-21 17:55:52,Direct Debit,Insurance,-179.79,Belgium,Direct Debit,0,0
T0007914,A000968,C00592,2025-01-08 13:58:19,Card Purchase,Entertainment,-37.62,Netherlands,Online,0,0
T0004268,A001682,C01034,2024-02-07 18:43:53,Transfer In,Transfer,234.73,Belgium,Bank Transfer,0,0
T0002398,A000072,C00044,2024-03-25 13:45:06,Interest,Interest,3.26,Netherlands,Bank Transfer,0,0
T0007367,A003905,C02391,2025-06-14 04:44:07,Transfer In,Transfer,208.3,Luxembourg,Mobile App,0,0
T0006623,A003757,C02293,2025-09-29 19:28:43,Card Purchase,Healthcare,-32.1,Netherlands,Card Present,1,0
T0009996,A002782,C01701,2024-02-29 21:53:46,Transfer In,Transfer,707.64,France,Bank Transfer,0,0
T0001720,A002616,C01601,2024-12-30 06:37:40,Card Purchase,E-commerce,-33.81,Belgium,Card Present,0,0
T0004741,A002580,C01582,2024-09-06 01:40:10,Transfer In,Transfer,609.82,France,Mobile App,0,0
T0008482,A000487,C00302,2025-07-27 21:14:48,Direct Debit,Telecom,-86.17,France,Direct Debit,0,0
T0007053,A003297,C02021,2024-05-09 03:39:03,Transfer In,Transfer,268.9,Netherlands,Mobile App,0,0
T0005790,A000940,C00574,2025-04-10 21:14:59,Transfer Out,Transfer,-1227.49,France,Bank Transfer,0,1
T0006606,A001614,C00993,2024-12-01 06:22:39,Transfer Out,Transfer,-450.66,Belgium,Bank Transfer,0,0
T0000076,A003417,C02088,2026-04-30 21:43:38,Cash Withdrawal,Cash,-100,Germany,ATM,0,0
T0003925,A002299,C01412,2025-06-15 02:19:14,Transfer Out,Transfer,-2945.24,Netherlands,Mobile App,0,0
T0009393,A004080,C02494,2024-07-16 19:20:53,Salary,Salary,3787.93,Germany,Mobile App,0,0
T0008082,A002983,C01824,2024-01-12 21:07:32,Direct Debit,Housing,-891.64,Belgium,Direct Debit,0,0
T0005597,A000130,C00078,2025-01-06 23:31:22,Cash Withdrawal,Cash,-250,France,ATM,0,0
T0003904,A003212,C01968,2024-03-17 22:13:00,Transfer In,Transfer,582.14,Belgium,Mobile App,0,0
T0008821,A001050,C00640,2026-04-24 18:58:37,Transfer In,Transfer,587.21,Belgium,Mobile App,0,0
T0003543,A003672,C02246,2025-10-17 00:21:46,Transfer In,Transfer,153.73,Belgium,Bank Transfer,0,1
T0007122,A001593,C00981,2024-12-22 12:32:56,Salary,Salary,3043.35,Netherlands,Bank Transfer,0,0
T0006315,A000647,C00397,2026-03-09 21:48:30,Card Purchase,Travel,-448.91,Germany,Card Present,0,0
T0007484,A001027,C00627,2024-06-25 21:55:15,Transfer Out,Transfer,-68.74,Germany,Mobile App,0,0
T0005154,A002162,C01325,2026-06-16 01:46:10,Card Purchase,Travel,-191.85,Belgium,Card Present,0,0
T0003928,A003174,C01943,2026-06-28 16:20:56,Card Purchase,Healthcare,-156.58,France,Mobile App,0,0
T0008690,A000300,C00187,2026-06-18 07:26:07,Transfer In,Transfer,195.49,Luxembourg,Bank Transfer,0,0
T0005244,A002710,C01656,2024-01-31 21:55:03,Card Purchase,E-commerce,-98.99,Belgium,Card Present,0,0
T0006322,A001183,C00722,2025-09-01 16:17:12,Interest,Interest,0.91,France,Bank Transfer,0,0
T0002356,A003351,C02050,2025-08-01 12:47:26,Card Purchase,Healthcare,-40.33,Germany,Online,0,0
T0008002,A001841,C01134,2024-06-22 21:51:14,Transfer In,Transfer,391.26,Netherlands,Mobile App,0,0
T0002153,A000012,C00006,2026-04-01 16:00:42,Transfer In,Transfer,2580.65,Netherlands,Mobile App,0,0
T0004325,A003443,C02107,2025-06-14 06:52:41,Transfer In,Transfer,76.49,Belgium,Bank Transfer,0,0
T0009452,A002899,C01769,2024-11-28 05:22:55,Transfer In,Transfer,126.42,Belgium,Bank Transfer,0,0
T0009703,A001141,C00697,2025-07-01 23:34:24,Card Purchase,Dining,-63.18,Netherlands,Card Present,0,0
T0002204,A000794,C00486,2025-06-30 07:26:45,Transfer Out,Transfer,-476.59,Belgium,Bank Transfer,0,0
T0007289,A003407,C02082,2025-11-10 19:20:10,Transfer Out,Transfer,-948.91,Belgium,Bank Transfer,0,0
T0002120,A001175,C00716,2026-05-27 14:06:00,Transfer Out,Transfer,-506.64,France,Bank Transfer,0,0
T0001278,A003146,C01924,2024-03-27 07:00:20,Direct Debit,Utilities,-159.18,Netherlands,Direct Debit,0,0
T0005245,A000348,C00216,2026-05-14 09:43:47,Card Purchase,Groceries,-235.14,Belgium,Card Present,0,0
T0000019,A000044,C00026,2024-05-22 19:15:42,Transfer Out,Transfer,-83.53,Belgium,Mobile App,0,0
T0006715,A001073,C00653,2024-07-17 07:34:02,Transfer Out,Transfer,-288.59,Belgium,Bank Transfer,0,0
T0008413,A000413,C00258,2026-01-26 06:33:35,Card Purchase,Groceries,-44.31,Belgium,Card Present,0,0
T0008402,A002513,C01541,2026-01-05 15:55:30,Card Purchase,Travel,-303.14,Belgium,Online,0,0
T0002975,A000449,C00280,2026-04-26 23:00:37,Transfer In,Transfer,1056.0,Belgium,Mobile App,0,0
T0002776,A002831,C01729,2026-01-04 09:25:11,Card Purchase,Entertainment,-114.14,Germany,Card Present,0,0
T0009440,A001911,C01175,2026-07-04 15:34:00,Transfer In,Transfer,215.32,Belgium,Bank Transfer,0,0
T0005181,A003007,C01840,2024-03-27 04:24:07,Transfer In,Transfer,1154.0,Belgium,Mobile App,0,0
T0001229,A003737,C02284,2024-08-02 09:53:06,Card Purchase,Travel,-127.25,France,Card Present,1,0
T0002200,A000765,C00470,2026-06-27 16:58:44,Transfer In,Transfer,85.39,Netherlands,Bank Transfer,0,0
T0001419,A000611,C00376,2025-12-21 22:47:18,Direct Debit,Insurance,-101.95,Belgium,Direct Debit,0,0
T0009714,A001224,C00747,2025-03-05 07:10:01,Salary,Salary,4349.97,Belgium,Mobile App,0,0
T0008143,A002520,C01544,2025-01-16 08:18:55,Transfer Out,Transfer,-204.9,Netherlands,Bank Transfer,0,0
T0003700,A003751,C02291,2024-06-28 19:08:19,Card Purchase,E-commerce,-114.34,United States,Card Present,1,0
T0006778,A003909,C02392,2026-02-17 03:34:49,Card Purchase,Dining,-26.58,Belgium,Mobile App,0,0
T0000958,A001339,C00822,2024-08-27 03:45:50,Card Purchase,Dining,-80.19,Luxembourg,Card Present,0,0
T0005167,A003241,C01986,2024-12-26 12:41:57,Card Purchase,Entertainment,-17.73,Belgium,Card Present,0,0
T0002126,A001161,C00708,2026-06-29 05:36:47,Direct Debit,Telecom,-81.72,Netherlands,Direct Debit,0,0
T0008430,A002770,C01694,2026-05-10 13:25:12,Interest,Interest,4.0,Netherlands,Bank Transfer,0,0
T0002182,A002729,C01667,2026-06-17 08:46:12,Cash Withdrawal,Cash,-100,France,ATM,0,0
T0001559,A000700,C00428,2024-07-15 02:22:44,Transfer Out,Transfer,-140.94,Belgium,Mobile App,0,0
T0006550,A001026,C00627,2024-12-03 18:00:15,Cash Withdrawal,Cash,-250,Germany,ATM,0,0
T0003956,A003683,C02251,2026-08-16 01:10:30,Card Purchase,Entertainment,-35.93,Belgium,Card Present,0,0
T0003843,A003993,C02441,2024-11-10 17:28:55,Card Purchase,E-commerce,-68.95,France,Card Present,0,0
T0000522,A000469,C00289,2025-01-20 11:45:42,Card Purchase,Dining,-38.59,Belgium,Online,0,0
T0003642,A001344,C00825,2024-12-17 09:04:48,Card Purchase,Groceries,-25.58,Belgium,Card Present,0,0
T0001762,A001102,C00671,2024-11-02 02:29:39,Card Purchase,E-commerce,-62.12,Belgium,Card Present,0,0
T0003796,A000928,C00566,2025-06-18 11:22:11,Card Purchase,Healthcare,-101.5,France,Online,0,0
T0000006,A001541,C00946,2024-04-22 06:59:02,Direct Debit,Subscriptions,-26.45,France,Direct Debit,0,0
T0001714,A001389,C00851,2026-04-12 12:50:56,Transfer In,Transfer,813.19,Germany,Mobile App,0,0
T0008264,A000225,C00143,2025-05-02 10:37:53,Salary,Salary,2010.42,Germany,Bank Transfer,0,0
T0009931,A001066,C00648,2024-07-02 21:59:04,Transfer Out,Transfer,-1472.33,Netherlands,Mobile App,0,0
T0008388,A002864,C01749,2024-12-02 11:57:06,Transfer In,Transfer,301.33,Luxembourg,Bank Transfer,0,0
T0009533,A002917,C01781,2025-08-29 07:21:45,Direct Debit,Telecom,-37.9,France,Direct Debit,0,0
T0007837,A000151,C00092,2024-08-31 06:36:44,Salary,Salary,2766.55,Belgium,Bank Transfer,0,0
T0003530,A000444,C00277,2026-07-27 04:09:09,Transfer Out,Transfer,-92.6,Belgium,Mobile App,0,0
T0007428,A003506,C02144,2024-06-18 17:55:46,Card Purchase,E-commerce,-169.57,Belgium,Online,0,0
T0007419,A002431,C01492,2025-08-23 21:45:36,Transfer Out,Transfer,-100.84,Belgium,Bank Transfer,0,0
T0008070,A001020,C00624,2026-06-21 19:05:18,Transfer In,Transfer,151.67,Germany,Mobile App,0,0
T0001030,A000463,C00286,2024-07-27 13:44:27,Card Purchase,Travel,-406.54,France,Card Present,0,0
T0000523,A000387,C00240,2025-01-08 12:54:13,Interest,Interest,15.72,France,Mobile App,0,0
T0001152,A000165,C00100,2024-03-22 10:02:04,Transfer In,Transfer,412.52,Belgium,Bank Transfer,0,0
T0001976,A003851,C02353,2025-05-16 11:18:05,Card Purchase,Travel,-51.38,France,Card Present,0,0
T0006645,A001479,C00909,2025-07-12 23:47:17,Transfer In,Transfer,376.84,Belgium,Mobile App,0,0
T0004747,A002693,C01645,2026-03-24 17:24:25,Card Purchase,Healthcare,-157.63,Belgium,Card Present,0,0
T0004641,A001187,C00724,2024-10-05 09:38:02,Card Purchase,Fuel,-39.56,Luxembourg,Online,0,0
T0008343,A001521,C00934,2024-11-07 02:45:23,Card Purchase,E-commerce,-48.79,Belgium,Card Present,0,0
T0006063,A000973,C00595,2026-05-22 21:13:49,Card Purchase,E-commerce,-39.37,Belgium,Online,0,1
T0002635,A003919,C02398,2025-03-03 22:41:23,Card Purchase,Entertainment,-13.52,France,Online,0,0
T0002877,A002861,C01747,2025-06-29 12:06:24,Transfer In,Transfer,392.02,France,Bank Transfer,0,0
T0004949,A003946,C02414,2026-04-21 12:54:41,Card Purchase,E-commerce,-54.42,France,Online,0,0
T0004008,A001793,C01105,2026-04-23 10:28:13,Card Purchase,E-commerce,-565.04,Germany,Card Present,0,0
T0007854,A001377,C00844,2024-07-11 16:10:15,Card Purchase,Fuel,-42.22,Netherlands,Card Present,0,0
T0004815,A003273,C02006,2026-04-27 23:17:23,Direct Debit,Telecom,-60.15,Belgium,Direct Debit,0,0
T0009432,A002076,C01274,2025-03-27 09:47:32,Transfer In,Transfer,180.24,Belgium,Mobile App,0,0
T0008762,A001835,C01131,2025-11-24 03:14:33,Card Purchase,Dining,-31.67,Spain,Online,1,0
T0003800,A000717,C00438,2025-09-10 11:03:29,Cash Withdrawal,Cash,-100,Belgium,ATM,0,0
T0005081,A003314,C02031,2025-08-01 07:02:57,Salary,Salary,4668.83,Belgium,Bank Transfer,0,0
T0009561,A000312,C00193,2024-10-08 17:15:01,Transfer In,Transfer,34.43,Belgium,Bank Transfer,0,0
T0001164,A003077,C01886,2026-04-02 08:33:21,Card Purchase,Dining,-21.51,France,Card Present,0,0
T0006022,A003214,C01969,2024-12-25 05:31:53,Interest,Interest,2.83,Germany,Mobile App,0,0
T0000845,A002244,C01378,2024-12-31 05:20:54,Card Purchase,Fuel,-120.97,Belgium,Card Present,0,0
T0000533,A002001,C01228,2025-03-03 23:48:25,Transfer Out,Transfer,-111.85,Belgium,Mobile App,0,0
T0002828,A003823,C02335,2026-06-12 09:09:28,Card Purchase,Travel,-88.91,Belgium,Online,0,0
T0002012,A003731,C02279,2026-03-12 12:08:08,Transfer Out,Transfer,-353.54,Germany,Mobile App,0,0
T0009370,A001304,C00802,2025-06-02 19:02:53,Salary,Salary,3610.41,Germany,Bank Transfer,0,0
T0000526,A002595,C01589,2025-04-02 16:01:10,Direct Debit,Subscriptions,-25.7,Belgium,Direct Debit,0,0
T0004987,A002839,C01733,2024-11-04 12:19:58,Card Purchase,E-commerce,-99.28,Belgium,Card Present,0,0
T0002821,A002855,C01744,2024-08-26 05:57:37,Cash Withdrawal,Cash,-60,Belgium,ATM,0,0
T0004190,A003433,C02099,2025-12-13 18:57:38,Card Purchase,Groceries,-36.5,Netherlands,Online,0,0
T0002812,A003263,C02000,2024-07-11 03:27:04,Transfer In,Transfer,78.3,Belgium,Bank Transfer,0,0
T0003419,A001918,C01178,2025-07-14 19:33:33,Transfer In,Transfer,625.94,Belgium,Mobile App,0,0
T0002956,A003677,C02248,2024-10-15 03:20:49,Transfer Out,Transfer,-75.5,France,Mobile App,0,0
T0005405,A001666,C01024,2025-07-25 02:29:59,Direct Debit,Telecom,-38.18,Belgium,Direct Debit,0,0
T0007553,A002586,C01584,2026-03-20 22:08:14,Card Purchase,Retail,-277.44,Germany,Card Present,0,0
T0008165,A002581,C01582,2025-05-20 19:58:45,Card Purchase,Travel,-518.71,France,Card Present,0,0
T0005609,A003715,C02270,2025-12-12 14:54:44,Transfer In,Transfer,500.15,Luxembourg,Mobile App,0,0
T0001042,A001706,C01051,2025-04-26 21:35:44,Direct Debit,Telecom,-63.18,Belgium,Direct Debit,0,0
T0006234,A002952,C01805,2025-06-04 07:37:24,Card Purchase,E-commerce,-100.68,Luxembourg,Card Present,1,0
T0005753,A001769,C01093,2025-08-05 17:56:56,Card Purchase,Groceries,-51.33,Netherlands,Online,0,0
T0008736,A001308,C00804,2024-09-17 20:23:16,Transfer In,Transfer,887.61,Belgium,Bank Transfer,0,0
T0002143,A001862,C01145,2024-06-12 20:10:07,Transfer Out,Transfer,-308.88,Belgium,Bank Transfer,0,0
T0002652,A003047,C01868,2024-03-18 21:41:49,Transfer In,Transfer,193.09,Belgium,Bank Transfer,0,0
T0008739,A000423,C00263,2024-03-08 22:15:23,Card Purchase,Groceries,-48.14,Germany,Card Present,0,0
T0006481,A001181,C00721,2024-04-22 22:01:38,Cash Withdrawal,Cash,-250,Belgium,ATM,0,0
T0008058,A003940,C02411,2026-04-07 12:40:02,Card Purchase,E-commerce,-33.08,Belgium,Card Present,0,0
T0001722,A003708,C02265,2026-01-27 07:35:32,Transfer Out,Transfer,-655.62,France,Bank Transfer,0,0
T0004197,A003600,C02202,2026-01-13 14:50:14,Transfer Out,Transfer,-576.2,Netherlands,Bank Transfer,0,0
T0008377,A000733,C00448,2025-06-16 03:10:09,Direct Debit,Subscriptions,-30.7,France,Direct Debit,0,0
T0006922,A003800,C02320,2025-09-28 19:32:46,Direct Debit,Telecom,-63.84,Netherlands,Direct Debit,0,0
T0009132,A002721,C01663,2026-01-19 14:36:18,Cash Withdrawal,Cash,-150,Belgium,ATM,0,0
T0004288,A003832,C02341,2025-09-09 00:41:24,Transfer In,Transfer,896.53,Luxembourg,Mobile App,0,0
T0002002,A003006,C01839,2025-11-21 13:57:29,Transfer In,Transfer,308.67,Germany,Mobile App,0,0
T0003056,A000722,C00440,2024-06-16 20:08:41,Card Purchase,Dining,-56.56,Belgium,Online,0,0
T0000745,A004061,C02481,2024-09-04 02:26:53,Direct Debit,Subscriptions,-22.03,Luxembourg,Direct Debit,0,0
T0003453,A003750,C02291,2024-10-05 05:45:22,Transfer In,Transfer,175.1,France,Mobile App,0,0
T0005013,A000927,C00566,2026-07-28 13:53:51,Card Purchase,Groceries,-36.18,France,Online,0,0
T0004101,A002294,C01409,2024-07-14 01:41:16,Transfer Out,Transfer,-366.98,Netherlands,Bank Transfer,0,0
T0004262,A000173,C00106,2024-04-24 11:17:37,Transfer Out,Transfer,-1263.19,Netherlands,Bank Transfer,0,0
T0006957,A002915,C01779,2024-09-10 06:11:14,Card Purchase,Travel,-233.35,Netherlands,Card Present,0,0
T0002490,A001327,C00817,2025-05-07 15:09:54,Transfer Out,Transfer,-318.24,France,Bank Transfer,0,0
T0008159,A003182,C01949,2024-12-27 10:41:02,Direct Debit,Utilities,-157.83,Belgium,Direct Debit,0,0
T0005278,A002777,C01699,2024-02-05 00:59:19,Direct Debit,Insurance,-118.43,Germany,Direct Debit,0,0
T0003003,A003115,C01905,2024-12-11 12:36:52,Transfer Out,Transfer,-670.85,Belgium,Mobile App,0,0
T0008592,A000292,C00182,2025-08-11 14:37:34,Transfer Out,Transfer,-594.63,Netherlands,Bank Transfer,0,0
T0004235,A001275,C00782,2024-09-08 00:50:50,Card Purchase,Healthcare,-45.79,Netherlands,Mobile App,0,0
T0000305,A001118,C00682,2024-11-30 14:17:15,Transfer Out,Transfer,-485.9,Belgium,Mobile App,0,0
T0007194,A002384,C01465,2026-03-23 19:51:37,Direct Debit,Insurance,-111.55,Belgium,Direct Debit,0,0
T0000715,A002844,C01737,2024-05-22 13:12:05,Transfer In,Transfer,124.73,Netherlands,Bank Transfer,0,0
T0005924,A002742,C01676,2026-02-14 06:39:58,Transfer Out,Transfer,-131.95,Germany,Mobile App,0,0
T0001010,A000506,C00315,2024-05-07 17:16:12,Transfer In,Transfer,167.7,France,Mobile App,0,0
T0006124,A000054,C00032,2024-03-22 21:24:49,Card Purchase,Dining,-28.66,Belgium,Card Present,0,0
T0000389,A002150,C01319,2025-08-05 03:29:14,Card Purchase,E-commerce,-15.5,France,Online,0,0
T0009590,A000187,C00115,2025-07-21 08:30:51,Transfer In,Transfer,254.75,Belgium,Bank Transfer,0,0
T0001039,A003793,C02316,2026-06-19 01:52:54,Transfer Out,Transfer,-187.33,Belgium,Bank Transfer,0,0
T0009210,A000474,C00292,2025-07-10 12:49:54,Card Purchase,Entertainment,-183.7,Belgium,Card Present,0,0
T0003739,A003330,C02038,2025-12-13 01:42:05,Transfer Out,Transfer,-549.97,Netherlands,Bank Transfer,0,0
T0007079,A002034,C01247,2025-07-26 02:35:12,Card Purchase,Entertainment,-73.03,Netherlands,Card Present,0,0
T0005622,A003527,C02157,2024-07-24 18:50:11,Direct Debit,Insurance,-147.22,Belgium,Direct Debit,0,0
T0006906,A002844,C01737,2025-10-19 15:43:06,Transfer Out,Transfer,-72.49,Netherlands,Mobile App,0,0
T0009935,A000937,C00572,2025-02-25 09:55:43,Direct Debit,Subscriptions,-17.7,Belgium,Direct Debit,0,0
T0004561,A001566,C00961,2025-08-25 15:51:12,Cash Withdrawal,Cash,-40,Germany,ATM,0,0
T0009302,A000460,C00285,2024-08-02 09:57:43,Transfer In,Transfer,327.12,France,Mobile App,0,0
T0001474,A000554,C00343,2024-12-20 22:44:00,Transfer In,Transfer,421.14,Belgium,Bank Transfer,0,0
T0001488,A002325,C01430,2025-10-29 07:56:19,Card Purchase,Dining,-128.01,Belgium,Card Present,0,0
T0002207,A000773,C00474,2025-02-20 18:02:04,Cash Withdrawal,Cash,-80,Netherlands,ATM,0,0
T0005018,A003012,C01844,2024-04-22 12:14:21,Direct Debit,Utilities,-152.98,Belgium,Direct Debit,0,0
T0005172,A000209,C00131,2025-07-26 00:32:53,Transfer In,,52.98,Luxembourg,Bank Transfer,0,0
T0009656,A003365,C02059,2025-01-23 07:13:56,Direct Debit,Insurance,-154.31,Belgium,Direct Debit,0,0
T0009411,A001352,C00828,2025-01-25 07:25:04,Card Purchase,Fuel,-59.89,Belgium,Card Present,0,0
T0005006,A001399,C00857,2025-01-01 10:19:36,Transfer Out,Transfer,-177.27,Netherlands,Bank Transfer,0,0
T0003732,A001151,C00703,2024-10-10 23:43:25,Card Purchase,Groceries,-76.47,France,Online,0,0
T0007374,A000968,C00592,2025-04-24 08:53:55,Direct Debit,Telecom,-86.0,Netherlands,Direct Debit,0,0
T0002260,A002452,C01506,2024-08-11 17:48:12,Card Purchase,Retail,-62.95,Netherlands,Card Present,0,0
T0006707,A002240,C01376,2024-05-11 21:21:03,Cash Withdrawal,Cash,-20,Germany,ATM,0,0
T0002225,A000851,C00520,2026-01-22 01:48:28,Card Purchase,Fuel,-201.6,Belgium,Card Present,0,0
T0001397,A000597,C00368,2026-05-03 21:59:33,Transfer In,Transfer,245.54,Belgium,Bank Transfer,0,0
T0005410,A002594,C01588,2024-11-24 11:01:30,Transfer Out,Transfer,-472.64,Germany,Mobile App,0,0
T0006144,A000029,C00018,2024-11-12 06:50:18,Transfer In,,173.19,Belgium,Bank Transfer,0,0
T0002087,A003670,C02244,2026-05-28 10:06:31,Transfer In,Transfer,174.63,France,Mobile App,0,0
T0004454,A001273,C00780,2025-02-23 07:39:23,Direct Debit,Utilities,-120.08,Germany,Direct Debit,0,0
T0009675,A001042,C00636,2026-03-25 14:32:03,Salary,Salary,3741.78,Luxembourg,Bank Transfer,0,0
T0005759,A002656,C01624,2024-05-05 06:58:28,Card Purchase,Travel,-59.96,Belgium,Online,0,0
T0009812,A000283,C00178,2024-07-04 13:35:26,Interest,Interest,10.63,Germany,Mobile App,0,0
T0001577,A000983,C00600,2025-08-19 00:00:26,Card Purchase,Dining,-38.09,Luxembourg,Online,0,0
T0006455,A002685,C01638,2026-05-30 21:53:08,Direct Debit,Utilities,-150.43,Luxembourg,Direct Debit,0,0
T0002138,A003044,C01866,2024-03-26 08:35:39,Transfer In,Transfer,1074.79,Belgium,Mobile App,0,0
T0000304,A003641,C02227,2026-03-11 14:07:32,Transfer In,Transfer,214.06,Belgium,Bank Transfer,0,0
T0003285,A003404,C02081,2024-04-29 07:03:31,Card Purchase,Dining,-71.61,Germany,Card Present,0,0
T0001637,A002657,C01624,2024-03-16 05:56:40,Card Purchase,Healthcare,-97.76,Belgium,Card Present,0,0
T0000168,A001152,C00703,2024-06-12 17:24:59,Interest,Interest,12.15,France,Bank Transfer,0,0
T0003326,A003319,C02034,2025-09-02 18:53:56,Card Purchase,E-commerce,-168.32,Belgium,Online,0,0
T0009102,A003902,C02389,2025-02-04 05:58:45,Cash Withdrawal,Cash,-60,Belgium,ATM,0,0
T0007691,A001329,C00818,2025-04-17 13:22:56,Transfer Out,Transfer,-400.7,France,Mobile App,0,0
T0007777,A001146,C00700,2024-11-06 02:58:56,Transfer Out,Transfer,-466.51,Belgium,Bank Transfer,0,0
T0001516,A002972,C01817,2026-08-07 16:37:00,Transfer Out,Transfer,-225.45,France,Bank Transfer,0,0
T0005707,A002328,C01432,2026-08-10 14:03:54,Card Purchase,Dining,-58.5,Netherlands,Card Present,0,0
T0002199,A000455,C00283,2026-08-07 01:03:32,Transfer Out,Transfer,-130.05,Luxembourg,Mobile App,0,0
T0005800,A002272,C01397,2025-10-24 05:15:56,Transfer Out,Transfer,-573.09,France,Mobile App,0,0
T0002762,A001660,C01020,2025-02-17 22:45:38,Card Purchase,Dining,-53.53,Germany,Card Present,0,0
T0006341,A000724,C00441,2025-04-08 09:54:29,Transfer In,Transfer,373.19,Belgium,Bank Transfer,0,0
T0006949,A000508,C00316,2024-02-04 10:27:56,Transfer In,Transfer,324.06,France,Mobile App,0,0
T0007438,A003008,C01841,2024-08-31 11:18:12,Cash Withdrawal,Cash,-250,Netherlands,ATM,0,0
T0002820,A000275,C00171,2024-12-13 00:38:39,Direct Debit,Housing,-1205.21,Germany,Direct Debit,0,0
T0004603,A000837,C00510,2024-12-17 15:54:40,Transfer Out,Transfer,-527.67,Belgium,Mobile App,0,0
T0000081,A000159,C00096,2024-04-15 14:59:28,Direct Debit,Insurance,-108.96,Luxembourg,Direct Debit,0,0
T0000440,A002800,C01711,2025-08-21 06:12:12,Transfer In,Transfer,952.0,Netherlands,Mobile App,0,0
T0007793,A000211,C00132,2026-03-08 00:12:09,Transfer Out,Transfer,-152.42,France,Bank Transfer,0,0
T0006589,A000307,C00191,2026-03-18 02:29:02,Card Purchase,Dining,-18.78,Belgium,Online,0,0
T0009695,A001348,C00827,2026-06-07 12:13:18,Card Purchase,Travel,-310.5,Netherlands,Card Present,1,0
T0007686,A003375,C02064,2024-11-05 22:56:53,Card Purchase,E-commerce,-102.49,Luxembourg,Online,0,0
T0006835,A002141,C01313,2025-03-21 14:16:49,Transfer In,Transfer,411.98,Netherlands,Mobile App,0,0
T0008542,A001685,C01037,2025-07-03 19:20:25,Card Purchase,Groceries,-104.63,France,Card Present,0,0
T0003703,A000986,C00602,2025-03-30 23:30:49,Cash Withdrawal,Cash,-40,Belgium,ATM,0,0
T0000953,A002389,C01468,2024-02-19 22:20:12,Transfer In,Transfer,885.69,Belgium,Bank Transfer,0,0
T0006402,A000301,C00187,2024-06-10 21:02:38,Card Purchase,Dining,-45.68,Luxembourg,Online,0,0
T0009066,A003391,C02073,2026-05-13 18:52:39,Transfer Out,Transfer,-154.38,Belgium,Bank Transfer,0,0
T0001464,A003522,C02154,2026-01-22 10:52:45,Transfer Out,Transfer,-207.94,Germany,Mobile App,0,0
T0002620,A001270,C00778,2024-07-26 08:22:44,Direct Debit,Housing,-895.25,Belgium,Direct Debit,0,0
T0004754,A002472,C01517,2024-07-07 04:48:49,Direct Debit,Insurance,-164.87,Luxembourg,Direct Debit,0,0
T0003144,A002282,C01402,2024-01-30 13:34:18,Cash Withdrawal,Cash,-80,Belgium,ATM,0,0
T0004149,A002943,C01799,2024-06-12 01:56:44,Card Purchase,Entertainment,-138.16,Spain,Online,1,0
T0000784,A003741,C02286,2026-04-22 13:39:40,Card Purchase,Groceries,-118.71,France,Online,0,0
T0009994,A000152,C00092,2025-07-10 05:22:39,Card Purchase,Healthcare,-64.55,Belgium,Online,0,0
T0009249,A002622,C01604,2026-08-19 12:09:35,Transfer Out,Transfer,-266.55,Germany,Mobile App,0,0
T0008884,A002685,C01638,2025-05-15 20:15:35,Cash Withdrawal,Cash,-60,Luxembourg,ATM,0,0
T0000239,A003311,C02029,2024-12-16 01:40:29,Card Purchase,Retail,-112.13,Luxembourg,Card Present,0,0
T0009804,A003564,C02178,2024-06-23 15:59:33,Transfer In,Transfer,177.9,Belgium,Bank Transfer,0,0
T0003736,A001301,C00800,2026-08-08 03:11:06,Cash Withdrawal,Cash,-20,Germany,ATM,0,0
T0003183,A001796,C01107,2025-08-11 12:23:43,Card Purchase,Dining,-77.88,Belgium,Online,0,0
T0007469,A000723,C00441,2026-07-27 13:51:00,Card Purchase,Retail,-184.23,Belgium,Card Present,0,0
T0007852,A000652,C00401,2024-06-23 07:00:21,Direct Debit,Utilities,-125.96,Belgium,Direct Debit,0,0
T0001629,A000614,C00378,2024-03-26 04:18:42,Cash Withdrawal,Cash,-40,Belgium,ATM,0,0
T0000877,A003395,C02076,2025-12-07 21:35:46,Card Purchase,Travel,-276.22,Belgium,Online,0,0
T0004593,A001098,C00669,2026-05-22 02:08:41,Cash Withdrawal,Cash,-100,Luxembourg,ATM,0,0
T0006991,A003929,C02403,2026-07-02 06:01:21,Card Purchase,E-commerce,-78.01,Belgium,Mobile App,0,0
T0005439,A003333,C02040,2025-01-25 16:11:59,Card Purchase,Entertainment,-27.67,Belgium,Card Present,0,0
T0005576,A000622,C00384,2026-04-16 09:54:13,Salary,Salary,4536.46,Belgium,Mobile App,0,0
T0009409,A002973,C01818,2026-07-23 02:13:21,Card Purchase,Travel,-373.49,Belgium,Card Present,0,0
T0002346,A001184,C00722,2026-04-18 18:46:44,Card Purchase,Healthcare,-56.56,France,Card Present,0,0
T0008510,A002506,C01537,2025-02-18 22:51:40,Direct Debit,Utilities,-152.7,Belgium,Direct Debit,0,0
T0006519,A001547,C00950,2026-05-16 16:57:19,Transfer In,Transfer,1539.62,Belgium,Mobile App,0,0
T0008544,A002801,C01711,2026-04-02 00:07:15,Card Purchase,Travel,-263.48,Netherlands,Mobile App,0,0
T0001332,A001047,C00638,2025-06-13 03:55:37,Salary,Salary,3340.88,France,Bank Transfer,0,0
T0006594,A003984,C02436,2025-08-22 07:49:28,Card Purchase,Travel,-984.85,Belgium,Card Present,0,0
T0005565,A002016,C01237,2024-04-14 17:00:30,Card Purchase,E-commerce,-105.36,Portugal,Card Present,1,0
T0000660,A004068,C02486,2025-06-21 01:43:37,Card Purchase,Healthcare,-128.68,Belgium,Mobile App,0,0
T0007548,A003700,C02261,2025-05-12 14:58:13,Transfer In,Transfer,315.31,Belgium,Bank Transfer,0,0
T0005440,A001547,C00950,2026-04-21 01:21:39,Transfer In,Transfer,1077.67,Belgium,Mobile App,0,0
T0008975,A000071,C00043,2026-08-04 06:08:59,Direct Debit,Telecom,-71.36,Belgium,Direct Debit,0,0
T0001227,A003653,C02234,2024-08-09 10:17:07,Card Purchase,Travel,-381.57,Belgium,Card Present,0,0
T0000694,A003171,C01940,2024-08-31 14:09:25,Transfer In,Transfer,980.67,Netherlands,Bank Transfer,0,0
T0009903,A001175,C00716,2024-08-19 09:08:29,Transfer In,Transfer,80.88,France,Bank Transfer,0,0
T0004931,A003947,C02414,2026-01-12 17:28:38,Card Purchase,Groceries,-141.57,France,Card Present,0,0
T0005126,A000958,C00584,2026-06-13 16:27:26,Direct Debit,Insurance,-136.22,Belgium,Direct Debit,0,0
T0002703,A000534,C00330,2025-08-24 07:45:03,Card Purchase,Travel,-351.69,Belgium,Card Present,0,0
T0007650,A003675,C02247,2024-07-10 14:04:59,Transfer In,Transfer,163.54,Germany,Mobile App,0,0
T0003554,A003422,C02091,2025-02-11 10:42:37,Transfer In,Transfer,512.99,Germany,Bank Transfer,0,0
T0006327,A003697,C02259,2024-12-06 22:20:19,Card Purchase,Groceries,-36.26,Netherlands,Online,0,0
T0005035,A000004,C00003,2025-07-31 08:33:13,Card Purchase,Healthcare,-72.36,France,Card Present,0,0
T0003042,A001795,C01107,2024-05-02 10:43:27,Transfer Out,Transfer,-138.72,Belgium,Mobile App,0,0
T0005490,A002203,C01352,2026-06-15 01:06:18,Card Purchase,Travel,-420.02,Spain,Online,1,0
T0005279,A003476,C02125,2024-08-09 03:22:05,Transfer Out,Transfer,-63.02,France,Mobile App,0,0
T0001537,A001783,C01100,2024-11-11 22:05:17,Interest,Interest,5.1,Netherlands,Bank Transfer,0,0
T0000744,A002541,C01557,2024-06-21 19:21:36,Transfer Out,Transfer,-495.78,France,Bank Transfer,0,0
T0001145,A003351,C02050,2026-05-01 19:03:28,Card Purchase,Groceries,-76.81,Germany,Online,0,0
T0000488,A003071,C01884,2024-08-11 22:25:08,Transfer Out,Transfer,-277.85,Luxembourg,Bank Transfer,0,0
T0000017,A002183,C01337,2025-10-03 19:54:17,Card Purchase,Dining,-37.1,Luxembourg,Card Present,0,0
T0007583,A002176,C01333,2024-01-31 14:00:13,Card Purchase,Groceries,-68.99,Germany,Card Present,0,0
T0001759,A000304,C00189,2024-05-18 15:44:43,Direct Debit,Telecom,-47.91,Luxembourg,Direct Debit,0,0
T0007261,A001280,C00785,2026-03-28 12:53:04,Transfer Out,Transfer,-266.86,Belgium,Bank Transfer,0,0
T0008875,A002105,C01294,2024-06-29 12:46:52,Transfer In,Transfer,1136.95,France,Mobile App,0,0
T0002603,A003774,C02305,2025-10-02 03:47:15,Card Purchase,Healthcare,-98.98,Belgium,Card Present,0,0
T0009785,A001446,C00886,2024-08-08 18:42:32,Transfer Out,Transfer,-1025.94,Belgium,Mobile App,0,0
T0001610,A002327,C01431,2024-01-10 01:58:04,Direct Debit,Insurance,-171.87,Belgium,Direct Debit,0,0
T0008803,A000493,C00307,2026-06-14 09:10:57,Transfer In,Transfer,3131.5,Germany,Mobile App,0,0
T0000001,A002323,C01429,2024-03-16 08:57:48,Transfer In,Transfer,872.08,Belgium,Mobile App,0,0
T0002937,A002040,C01251,2025-04-14 07:14:35,Transfer Out,Transfer,-2572.83,Netherlands,Bank Transfer,0,0
T0001670,A003698,C02260,2026-02-21 23:49:17,Direct Debit,Telecom,-65.22,Netherlands,Direct Debit,0,0
T0004358,A000163,C00099,2024-06-15 19:46:47,Transfer In,Transfer,130.08,Belgium,Bank Transfer,0,0
T0004053,A003383,C02069,2026-05-29 12:13:03,Transfer In,Transfer,633.71,Netherlands,Mobile App,0,0
T0000202,A001036,C00632,2025-08-31 19:27:30,Card Purchase,Dining,-24.75,Belgium,Online,0,0
T0004883,A001142,C00698,2024-09-22 13:13:45,Direct Debit,Telecom,-60.36,Belgium,Direct Debit,0,0
T0005179,A000005,C00003,2024-10-12 08:44:27,Transfer Out,Transfer,-369.95,,Mobile App,0,0
T0003863,A000441,C00275,2025-01-11 02:44:44,Transfer In,Transfer,57.37,Belgium,Mobile App,0,0
T0009044,A001073,C00653,2024-01-31 16:10:21,Card Purchase,Entertainment,-30.24,Belgium,Card Present,0,0
T0004832,A002515,C01542,2025-02-14 18:05:03,Transfer In,Transfer,64.18,Belgium,Mobile App,0,0
T0005771,A001446,C00886,2025-10-19 23:33:18,Card Purchase,E-commerce,-35.4,Italy,Online,1,0
T0005425,A000158,C00095,2024-12-06 19:10:31,Card Purchase,Travel,-267.43,France,Card Present,0,0
T0005202,A001945,C01193,2024-01-02 15:04:04,Transfer In,,712.62,Belgium,Mobile App,0,0
T0000540,A001846,C01136,2025-10-06 02:27:15,Transfer In,Transfer,1129.45,Luxembourg,Bank Transfer,0,0
T0000059,A002801,C01711,2026-04-17 09:05:34,Card Purchase,Entertainment,-43.44,Netherlands,Card Present,0,0
T0006570,A002724,C01664,2026-01-10 01:53:07,Transfer Out,Transfer,-471.72,Belgium,Bank Transfer,0,0
T0001580,A003571,C02184,2025-03-10 13:40:33,Salary,Salary,2077.96,Belgium,Mobile App,0,0
T0009033,A002252,C01384,2024-08-07 09:19:56,Direct Debit,Insurance,-170.86,Germany,Direct Debit,0,0
T0003173,A000203,C00128,2025-12-12 17:42:55,Card Purchase,E-commerce,-57.73,Belgium,Online,0,0
T0000792,A001691,C01040,2026-01-24 07:21:23,Salary,Salary,5205.8,France,Mobile App,0,0
T0002932,A003379,C02067,2025-01-02 19:23:39,Transfer Out,Transfer,-1001.72,Germany,Mobile App,0,0
T0004895,A001787,C01102,2026-02-24 00:08:44,Transfer In,Transfer,388.24,Germany,Bank Transfer,0,0
T0007180,A000758,C00465,2026-01-08 06:33:04,Salary,Salary,2106.62,Belgium,Mobile App,0,0
T0007999,A001472,C00903,2025-12-01 16:40:49,Salary,Salary,2170.79,Belgium,Mobile App,0,0
T0006790,A000058,C00034,2026-04-04 20:05:52,Salary,Salary,4080.29,Belgium,Mobile App,0,0
T0003500,A001005,C00614,2025-11-01 15:40:10,Direct Debit,Insurance,-78.04,Germany,Direct Debit,0,0
T0008454,A002508,C01538,2024-06-12 17:56:20,Salary,Salary,1984.94,Netherlands,Bank Transfer,0,0
T0007383,A000134,C00080,2024-01-08 01:43:23,Transfer In,Transfer,61.38,Belgium,Mobile App,0,0
T0001459,A003224,C01976,2024-06-28 10:12:48,Transfer In,Transfer,1552.14,Germany,Mobile App,0,0
T0004236,A000432,C00269,2025-11-25 07:36:14,Card Purchase,E-commerce,-180.53,Germany,Online,0,0
T0006440,A000406,C00253,2025-07-22 03:00:03,Transfer In,Transfer,401.85,Netherlands,Bank Transfer,0,0
T0007764,A001722,C01063,2026-07-05 17:59:02,Transfer Out,Transfer,-743.4,Germany,Bank Transfer,0,0
T0007952,A001666,C01024,2024-08-04 22:21:11,Direct Debit,Subscriptions,-16.37,Belgium,Direct Debit,0,0
T0001057,A003440,C02105,2025-09-01 10:55:08,Transfer In,Transfer,29.84,Netherlands,Bank Transfer,0,0
T0001022,A002080,C01276,2025-07-28 14:52:13,Transfer In,Transfer,1021.34,France,Mobile App,0,0
T0005422,A003787,C02313,2024-10-20 09:33:12,Transfer In,Transfer,78.22,Netherlands,Mobile App,0,0
T0008750,A003769,C02302,2024-10-28 02:14:12,Transfer Out,Transfer,-470.15,France,Bank Transfer,0,0
T0007798,A001077,C00655,2025-04-21 04:37:26,Card Purchase,Dining,-25.81,Netherlands,Mobile App,0,0
T0001866,A003335,C02041,2025-07-15 07:04:15,Transfer In,Transfer,423.28,France,Mobile App,0,0
T0009142,A001103,C00672,2025-11-30 11:42:22,Direct Debit,Insurance,-155.47,Netherlands,Direct Debit,0,0
T0007755,A002057,C01262,2026-06-24 07:45:07,Card Purchase,Groceries,-35.65,Germany,Online,0,0
T0000065,A001570,C00965,2024-08-31 01:36:25,Interest,Interest,14.63,Netherlands,Mobile App,0,0
T0009295,A000226,C00143,2024-02-09 20:10:04,Transfer In,Transfer,785.23,Germany,Bank Transfer,0,0
T0006295,A000362,C00227,2026-06-19 00:33:59,Transfer In,Transfer,204.1,Germany,Bank Transfer,0,0
T0006284,A001764,C01091,2024-07-17 14:41:55,Card Purchase,Fuel,-86.61,Belgium,Card Present,0,0
T0003022,A002155,C01323,2024-11-18 06:07:57,Direct Debit,Subscriptions,-22.6,Belgium,Direct Debit,0,0
T0007542,A001286,C00789,2024-12-08 01:52:39,Card Purchase,Entertainment,-59.45,Luxembourg,Online,0,0
T0004439,A001730,C01068,2025-11-27 02:08:11,Card Purchase,Groceries,-90.73,Germany,Card Present,0,0
T0000139,A002595,C01589,2025-09-02 05:23:38,Card Purchase,Healthcare,-41.57,Belgium,Online,0,0
T0000803,A000538,C00333,2024-07-19 07:02:49,Transfer In,Transfer,96.76,Belgium,Mobile App,0,0
T0000130,A001351,C00828,2025-11-12 10:22:22,Transfer Out,Transfer,-282.02,Belgium,Mobile App,0,0
T0008535,A000274,C00170,2026-03-22 17:09:56,Transfer In,Transfer,119.75,Germany,Bank Transfer,0,0
T0006804,A000588,C00362,2025-12-07 16:16:37,Transfer Out,Transfer,-259.4,France,Mobile App,0,0
T0006354,A002743,C01676,2025-02-08 10:41:14,Transfer In,Transfer,1389.03,Germany,Bank Transfer,0,0
T0007234,A001781,C01099,2024-01-28 21:46:08,Transfer Out,Transfer,-859.98,Belgium,Mobile App,0,0
T0005367,A002465,C01513,2024-10-28 02:10:59,Transfer Out,Transfer,-642.34,Belgium,Mobile App,0,0
T0006815,A003111,C01903,2025-01-07 17:58:49,Cash Withdrawal,Cash,-60,Belgium,ATM,0,0
T0004965,A001102,C00671,2024-10-30 12:16:14,Card Purchase,Dining,-59.83,Belgium,Card Present,0,0
T0002610,A002719,C01662,2026-01-10 14:53:44,Transfer In,Transfer,87.13,Belgium,Mobile App,0,0
T0009542,A003686,C02253,2024-12-31 17:50:26,Card Purchase,E-commerce,-94.6,Belgium,Card Present,0,0
T0002027,A000028,C00017,2025-12-07 13:24:17,Card Purchase,Travel,-230.68,Belgium,Card Present,0,0
T0000082,A001261,C00771,2024-07-29 18:23:44,Direct Debit,Utilities,-164.85,France,Direct Debit,0,0
T0007536,A003905,C02391,2025-12-06 02:04:28,Transfer In,Transfer,226.24,Luxembourg,Bank Transfer,0,0
T0005855,A003181,C01948,2024-03-11 01:13:38,Card Purchase,Dining,-103.66,Belgium,Online,0,0
T0003971,A000039,C00022,2024-09-02 23:05:16,Transfer In,Transfer,565.83,France,Mobile App,0,0
T0003868,A002558,C01569,2025-02-03 23:45:45,Transfer In,Transfer,519.89,Belgium,Mobile App,0,0
T0002065,A002886,C01761,2025-12-24 02:47:38,Direct Debit,Utilities,-149.83,Belgium,Direct Debit,0,0
T0004047,A003762,C02297,2026-07-02 00:08:58,Card Purchase,Healthcare,-121.19,Belgium,Mobile App,0,0
T0003079,A000799,C00488,2024-03-16 21:26:30,Interest,Interest,15.72,Netherlands,Mobile App,0,0
T0009242,A002805,C01714,2025-07-08 11:57:34,Transfer In,Transfer,1070.81,France,Bank Transfer,0,0
T0009212,A000418,C00260,2024-06-17 22:11:01,Transfer In,Transfer,105.78,France,Mobile App,0,0
T0001368,A001395,C00855,2025-02-27 05:37:59,Interest,Interest,13.48,Netherlands,Bank Transfer,0,0
T0001871,A001504,C00924,2024-04-02 05:55:02,Transfer In,Transfer,532.77,Belgium,Bank Transfer,0,0
T0002399,A000711,C00434,2026-05-01 11:16:46,Transfer In,Transfer,165.91,Belgium,Bank Transfer,0,0
T0006297,A000999,C00610,2026-03-23 08:15:30,Salary,Salary,3894.85,Germany,Mobile App,0,0
T0007105,A003028,C01855,2025-06-13 20:48:43,Transfer Out,Transfer,-1120.79,Germany,Bank Transfer,0,0
T0008603,A002939,C01796,2024-02-04 04:37:20,Card Purchase,Healthcare,-82.52,Belgium,Card Present,0,0
T0003352,A002583,C01583,2025-02-07 11:17:20,Cash Withdrawal,Cash,-250,Belgium,ATM,0,0
T0003692,A001976,C01211,2025-06-02 12:21:53,Direct Debit,Housing,-541.67,France,Direct Debit,0,0
T0001199,A002435,C01496,2024-07-30 20:44:56,Card Purchase,Dining,-12.46,Luxembourg,Card Present,0,0
T0000867,A000266,C00165,2024-09-09 17:38:47,Transfer Out,Transfer,-136.65,France,Bank Transfer,0,0
T0001518,A000980,C00599,2026-08-26 07:26:51,Transfer In,Transfer,435.2,Netherlands,Bank Transfer,0,0
T0006310,A003156,C01930,2025-03-22 14:20:10,Transfer In,Transfer,332.76,Belgium,Bank Transfer,0,0
T0001567,A003613,C02210,2025-05-21 12:03:30,Card Purchase,Entertainment,-47.8,Belgium,Card Present,0,0
T0009875,A000520,C00322,2025-08-27 08:20:17,Transfer In,Transfer,3877.26,Belgium,Bank Transfer,0,0
T0004788,A002840,C01734,2025-08-14 13:48:52,Card Purchase,Travel,-363.48,Belgium,Online,0,0
T0005737,A002647,C01619,2026-03-14 05:15:10,Card Purchase,Groceries,-68.22,Belgium,Card Present,0,0
T0004954,A003543,C02166,2024-02-07 01:28:42,Direct Debit,Telecom,-56.55,France,Direct Debit,0,0
T0006235,A002776,C01698,2025-10-01 17:07:54,Card Purchase,Entertainment,-39.48,Luxembourg,Card Present,0,0
T0004060,A004022,C02457,2025-06-26 15:10:15,Card Purchase,Entertainment,-49.82,Germany,Card Present,0,0
T0005846,A002931,C01790,2025-09-11 19:35:12,Card Purchase,Travel,-221.96,Belgium,Online,0,0
T0001529,A003812,C02328,2026-02-17 11:45:52,Card Purchase,Healthcare,-68.21,Belgium,Card Present,0,0
T0001041,A001382,C00847,2025-04-26 15:51:45,Transfer In,Transfer,66.32,Belgium,Bank Transfer,0,0
T0003296,A002595,C01589,2026-06-09 10:50:07,Transfer In,Transfer,117.5,Belgium,Bank Transfer,0,0
T0007408,A002947,C01802,2025-06-23 22:15:43,Interest,Interest,12.85,Germany,Mobile App,0,0
T0005354,A002431,C01492,2025-01-27 19:12:08,Transfer In,Transfer,26.26,Belgium,Bank Transfer,0,0
T0000251,A000185,C00113,2025-05-31 23:37:36,Card Purchase,Fuel,-31.69,Germany,Online,0,0
T0001991,A002848,C01739,2024-01-09 00:37:48,Transfer In,Transfer,48.65,Luxembourg,Mobile App,0,0
T0003284,A003647,C02231,2025-06-12 06:36:01,Direct Debit,Subscriptions,-21.12,Belgium,Direct Debit,0,0
T0005027,A004070,C02487,2025-04-02 02:13:37,Transfer Out,Transfer,-49.85,France,Bank Transfer,0,0
T0007204,A000918,C00561,2024-05-05 22:09:36,Interest,Interest,2.69,France,Mobile App,0,0
T0003967,A003399,C02078,2024-05-19 21:15:33,Interest,Interest,14.76,Luxembourg,Bank Transfer,0,0
T0008198,A001335,C00821,2024-07-26 06:40:09,Interest,Interest,3.71,Netherlands,Bank Transfer,0,0
T0006688,A002687,C01640,2024-11-04 11:29:37,Direct Debit,Subscriptions,-29.37,France,Direct Debit,0,0
T0002942,A003230,C01980,2025-04-09 17:17:30,Transfer In,Transfer,468.0,France,Bank Transfer,0,0
T0000774,A000209,C00131,2024-07-15 10:57:19,Card Purchase,Entertainment,-8.66,Luxembourg,Card Present,0,0
T0008022,A003165,C01936,2026-02-18 07:04:11,Transfer Out,Transfer,-36.51,Netherlands,Bank Transfer,0,0
T0009626,A002442,C01500,2025-05-15 21:35:35,Cash Withdrawal,Cash,-100,Belgium,ATM,0,0
T0004983,A003944,C02413,2025-09-11 14:41:36,Transfer Out,Transfer,-372.47,Belgium,Bank Transfer,0,0
T0005169,A001756,C01085,2025-03-30 23:05:09,Interest,Interest,14.69,Netherlands,Bank Transfer,0,0
T0007032,A000718,C00438,2025-01-23 02:26:45,Transfer In,Transfer,169.56,Belgium,Mobile App,0,0
T0008345,A002891,C01763,2025-11-07 11:17:55,Transfer In,Transfer,968.53,Germany,Mobile App,0,0
T0007707,A002678,C01635,2025-06-28 10:37:40,Direct Debit,Housing,-1273.29,Belgium,Direct Debit,0,0
T0009975,A001491,C00916,2024-02-14 18:33:36,Card Purchase,Groceries,-37.64,Belgium,Online,0,0
T0002912,A001518,C00932,2024-01-17 16:56:05,Card Purchase,Dining,-37.43,Germany,Card Present,0,0
T0001849,A001008,C00616,2025-12-02 11:21:34,Transfer In,Transfer,164.55,France,Mobile App,0,0
T0009764,A003324,C02035,2024-03-01 13:28:16,Card Purchase,Entertainment,-33.36,Netherlands,Card Present,0,0
T0007607,A003401,C02079,2025-11-30 18:32:28,Cash Withdrawal,Cash,-60,Belgium,ATM,0,0
T0007354,A001352,C00828,2026-05-04 23:17:03,Card Purchase,Entertainment,-38.89,Belgium,Card Present,0,0
T0003881,A000388,C00241,2024-02-28 19:23:00,Transfer In,Transfer,950.55,France,Mobile App,0,0
T0000086,A001350,C00828,2024-05-28 09:46:25,Salary,Salary,4221.82,Belgium,Mobile App,0,0
T0006271,A000250,C00157,2026-07-26 08:41:46,Transfer Out,Transfer,-486.68,Belgium,Bank Transfer,0,0
T0005744,A001300,C00799,2024-07-16 00:38:41,Transfer Out,Transfer,-649.9,Germany,Mobile App,0,0
T0004397,A003642,C02227,2024-10-22 08:13:08,Card Purchase,Dining,-20.28,Belgium,Online,0,0
T0000726,A003449,C02109,2025-12-08 03:32:53,Cash Withdrawal,Cash,-150,Belgium,ATM,0,0
T0008291,A000652,C00401,2025-11-10 22:20:17,Direct Debit,Housing,-919.59,Belgium,Direct Debit,0,0
T0002157,A002345,C01440,2025-07-13 23:53:02,Transfer Out,Transfer,-168.48,Belgium,Mobile App,0,0
T0002017,A002469,C01515,2025-07-01 09:16:04,Transfer In,Transfer,301.87,Germany,Bank Transfer,0,0
T0002466,A002933,C01792,2025-05-28 02:26:38,Transfer In,Transfer,538.8,Belgium,Mobile App,0,0
T0003481,A000301,C00187,2024-02-26 01:47:08,Card Purchase,Fuel,-71.83,Luxembourg,Card Present,0,0
T0003875,A002926,C01787,2026-03-28 01:58:42,Transfer In,Transfer,113.18,Belgium,Bank Transfer,0,0
T0005151,A000465,C00287,2024-06-25 23:09:57,Transfer Out,Transfer,-264.95,Germany,Bank Transfer,0,0
T0002988,A000649,C00398,2025-08-31 18:07:11,Transfer Out,Transfer,-70.81,France,Mobile App,0,0
T0009535,A000859,C00527,2024-11-08 12:46:29,Transfer In,Transfer,321.18,Germany,Mobile App,0,0
T0005344,A003356,C02054,2026-06-01 06:20:23,Salary,Salary,4278.45,Belgium,Mobile App,0,0
T0003555,A003123,C01909,2025-11-23 01:22:20,Card Purchase,E-commerce,-49.99,Netherlands,Online,0,0
T0007732,A002156,C01323,2025-02-03 19:20:22,Transfer In,Transfer,298.99,Belgium,Bank Transfer,0,0
T0002713,A001465,C00899,2025-11-04 06:40:29,Direct Debit,Telecom,-56.66,Belgium,Direct Debit,0,0
T0005655,A003456,C02112,2024-10-10 03:03:04,Card Purchase,Fuel,-77.29,Belgium,Online,0,0
T0008423,A001813,C01118,2025-11-22 09:03:41,Direct Debit,Housing,-1278.81,Netherlands,Direct Debit,0,0
T0004511,A003614,C02211,2024-08-27 04:54:49,Direct Debit,Utilities,-120.07,France,Direct Debit,0,0
T0005429,A002428,C01490,2025-08-02 00:48:42,Card Purchase,Travel,-434.53,Germany,Card Present,0,0
T0006403,A002133,C01308,2025-04-15 22:42:24,Card Purchase,Retail,-142.39,Luxembourg,Online,0,0
T0001257,A000044,C00026,2024-04-03 16:08:33,Interest,Interest,17.15,Belgium,Bank Transfer,0,0
T0008057,A000878,C00537,2024-06-28 20:26:00,Card Purchase,Dining,-49.99,Belgium,Online,0,0
T0009093,A000255,C00160,2026-05-03 23:16:05,Cash Withdrawal,Cash,-150,Netherlands,ATM,0,0
T0002661,A001270,C00778,2025-05-16 01:37:19,Transfer In,Transfer,75.17,Belgium,Mobile App,0,0
T0001551,A002162,C01325,2025-12-23 16:19:51,Card Purchase,Entertainment,-33.82,Belgium,Online,0,0
T0007885,A001029,C00628,2024-02-28 06:05:38,Transfer Out,Transfer,-470.86,Netherlands,Bank Transfer,0,0
T0006203,A002030,C01245,2024-01-01 06:13:33,Card Purchase,Healthcare,-89.39,Belgium,Card Present,0,0
T0000587,A003306,C02027,2025-01-22 02:34:14,Card Purchase,Dining,-32.62,Belgium,Mobile App,0,0
T0004205,A002168,C01329,2026-05-21 11:15:13,Transfer Out,Transfer,-342.01,Belgium,Mobile App,0,0
T0004005,A003338,C02043,2025-05-31 22:47:17,Card Purchase,Retail,-59.35,Belgium,Card Present,0,0
T0006248,A000112,C00066,2025-01-06 01:55:11,Card Purchase,Entertainment,-23.0,Belgium,Card Present,0,0
T0004935,A000021,C00013,2024-10-28 06:50:00,Salary,Salary,4579.11,Germany,Mobile App,0,0
T0006275,A000586,C00361,2024-09-02 09:07:35,Transfer In,Transfer,637.07,France,Mobile App,0,0
T0004086,A003979,C02432,2025-04-28 14:00:09,Transfer In,Transfer,58.65,Belgium,Mobile App,0,0
T0002158,A001116,C00681,2024-08-31 23:06:22,Transfer In,Transfer,1120.46,Netherlands,Mobile App,0,1
T0000014,A004083,C02497,2025-04-22 04:26:13,Direct Debit,Utilities,-155.77,Netherlands,Direct Debit,0,0
T0005083,A001352,C00828,2026-06-21 01:34:19,Card Purchase,Travel,-321.28,Belgium,Card Present,0,0
T0001664,A001862,C01145,2026-05-27 04:06:17,Transfer Out,Transfer,-147.67,Belgium,Bank Transfer,0,0
T0005815,A000795,C00486,2024-01-30 19:06:48,Transfer Out,Transfer,-146.73,Belgium,Mobile App,0,0
T0007377,A001001,C00611,2024-06-13 02:18:05,Cash Withdrawal,Cash,-150,Netherlands,ATM,0,0
T0001108,A001331,C00819,2024-10-23 19:18:53,Direct Debit,Insurance,-87.25,Luxembourg,Direct Debit,0,0
T0004527,A001807,C01114,2025-07-18 07:29:19,Card Purchase,Travel,-356.95,Belgium,Card Present,0,0
T0002278,A003078,C01886,2025-12-21 17:06:55,Transfer In,Transfer,102.46,France,Bank Transfer,0,0
T0004557,A003698,C02260,2024-05-27 18:03:22,Direct Debit,Subscriptions,-17.82,Netherlands,Direct Debit,0,0
T0002266,A001204,C00733,2026-08-16 05:11:35,Transfer In,Transfer,159.17,France,Mobile App,0,0
T0003478,A002627,C01607,2024-09-18 06:43:16,Salary,Salary,4722.6,France,Bank Transfer,0,1
T0001994,A000571,C00353,2024-09-05 13:45:53,Transfer Out,Transfer,-137.63,France,Bank Transfer,0,0
T0006325,A000724,C00441,2024-11-13 06:13:17,Transfer In,Transfer,276.24,Belgium,Mobile App,0,0
T0005885,A002047,C01255,2025-02-27 22:48:36,Transfer Out,Transfer,-147.88,Germany,Bank Transfer,0,0
T0001247,A000779,C00477,2026-04-27 01:48:48,Transfer In,Transfer,27.48,Netherlands,Bank Transfer,0,0
T0008140,A000126,C00075,2025-01-08 19:38:34,Transfer In,Transfer,298.46,Belgium,Mobile App,0,0
T0006333,A003441,C02106,2025-07-05 20:59:28,Card Purchase,Travel,-298.07,Germany,Online,0,0
T0005349,A001152,C00703,2025-07-23 11:25:05,Transfer In,Transfer,57.66,France,Mobile App,0,0
T0001289,A000771,C00473,2026-08-03 02:31:23,Transfer In,Transfer,218.13,Netherlands,Bank Transfer,0,0
T0000031,A002069,C01270,2024-12-02 03:33:32,Salary,Salary,3936.54,Belgium,Bank Transfer,0,0
T0005677,A001756,C01085,2025-03-27 13:32:38,Transfer Out,Transfer,-505.89,Netherlands,Bank Transfer,0,0
T0003780,A001588,C00977,2024-11-19 11:53:54,Transfer Out,Transfer,-874.67,Belgium,Mobile App,0,0
T0006912,A000057,C00034,2026-03-24 16:18:41,Transfer In,Transfer,213.68,Belgium,Bank Transfer,0,0
T0000498,A001069,C00650,2026-06-09 10:26:49,Transfer In,Transfer,187.53,Belgium,Mobile App,0,0
T0008059,A001323,C00815,2025-02-03 19:03:32,Transfer In,Transfer,677.24,Belgium,Bank Transfer,0,0
T0004277,A003043,C01865,2025-06-01 22:32:12,Transfer In,Transfer,170.04,Belgium,Bank Transfer,0,0
T0007718,A003904,C02390,2026-01-10 01:42:06,Card Purchase,Dining,-14.84,Luxembourg,Card Present,0,0
T0001455,A002223,C01364,2024-11-12 18:55:56,Transfer In,Transfer,186.85,Germany,Bank Transfer,0,0
T0002447,A000494,C00308,2026-07-15 04:53:47,Card Purchase,Dining,-15.39,Belgium,Card Present,0,0
T0001224,A001516,C00931,2026-05-03 15:57:34,Card Purchase,Retail,-85.41,Belgium,Online,0,0
T0005374,A002655,C01624,2025-04-22 21:39:28,Interest,Interest,17.95,Belgium,Bank Transfer,0,0
T0006997,A001308,C00804,2025-01-02 04:06:15,Transfer Out,Transfer,-401.04,Belgium,Bank Transfer,0,0
T0005718,A002886,C01761,2026-07-07 03:57:29,Direct Debit,Insurance,-141.86,Belgium,Direct Debit,0,0
T0005191,A003983,C02435,2025-03-11 09:41:34,Card Purchase,Dining,-12.09,Belgium,Card Present,0,0
T0008266,A003245,C01988,2025-09-08 19:18:26,Card Purchase,Healthcare,-59.46,Belgium,Card Present,0,0
T0005957,A000146,C00088,2024-02-25 04:29:28,Card Purchase,Dining,-38.26,Netherlands,Card Present,0,0
T0009965,A001479,C00909,2024-05-10 10:24:18,Transfer In,Transfer,92.76,Belgium,Mobile App,0,0
T0003557,A003426,C02094,2024-06-14 22:04:58,Transfer In,Transfer,148.51,Belgium,Mobile App,0,0
T0006517,A002202,C01351,2026-08-14 05:30:28,Transfer Out,Transfer,-85.98,Luxembourg,Bank Transfer,0,0
T0009109,A001088,C00663,2025-10-15 11:23:21,Cash Withdrawal,Cash,-100,Belgium,ATM,0,0
T0009463,A000007,C00004,2025-05-09 01:45:23,Transfer In,Transfer,1828.41,Belgium,Mobile App,0,0
T0002742,A003217,C01971,2026-07-14 21:23:14,Interest,Interest,4.38,Germany,Bank Transfer,0,0
T0008855,A002716,C01661,2025-02-21 16:57:32,Card Purchase,Healthcare,-43.84,Netherlands,Online,0,0
T0000158,A003350,C02050,2024-06-06 04:05:06,Transfer In,Transfer,662.39,Germany,Mobile App,0,0
T0004212,A002903,C01771,2026-02-10 14:30:54,Cash Withdrawal,Cash,-40,Germany,ATM,0,0
T0007635,A004015,C02454,2024-09-17 17:30:26,Salary,Salary,1272.49,Belgium,Bank Transfer,0,0
T0005274,A001330,C00819,2024-08-26 09:37:37,Transfer Out,Transfer,-510.83,Luxembourg,Bank Transfer,0,0
T0003224,A000130,C00078,2024-08-17 21:05:56,Interest,Interest,9.49,France,Mobile App,0,0
T0007892,A003403,C02080,2025-05-14 21:05:19,Transfer In,Transfer,1060.37,Belgium,Mobile App,0,0
T0009580,A001677,C01031,2024-05-07 05:31:17,Salary,Salary,2597.53,Belgium,Bank Transfer,0,0
T0003257,A003272,C02005,2025-09-16 02:47:26,Direct Debit,Insurance,-141.67,Belgium,Direct Debit,0,0
T0000806,A001581,C00972,2026-02-06 18:26:08,Card Purchase,Entertainment,-75.42,Netherlands,Online,0,0
T0003504,A000454,C00282,2026-05-15 17:17:53,Transfer Out,Transfer,-291.8,Belgium,Bank Transfer,0,0
T0002927,A003986,C02437,2025-06-20 07:53:15,Card Purchase,E-commerce,-110.38,France,Card Present,0,0
T0002761,A003046,C01868,2025-09-18 02:36:37,Card Purchase,Entertainment,-22.54,Belgium,Card Present,0,0
T0004617,A001381,C00847,2026-07-28 07:38:18,Card Purchase,Fuel,-79.27,Belgium,Card Present,0,0
T0006318,A002792,C01707,2025-08-15 15:44:52,Transfer In,Transfer,619.12,Luxembourg,Mobile App,0,0
T0003287,A001263,C00772,2025-02-05 06:36:18,Transfer In,Transfer,86.62,Netherlands,Bank Transfer,0,0
T0005365,A002064,C01267,2025-10-04 00:22:34,Card Purchase,Entertainment,-12.98,Germany,Card Present,0,0
T0001974,A002253,C01385,2024-01-30 06:05:57,Card Purchase,Travel,-487.14,Luxembourg,Card Present,0,0
T0002130,A002550,C01563,2025-06-05 13:34:47,Transfer In,Transfer,682.83,Belgium,Bank Transfer,0,0
T0009953,A004075,C02491,2026-07-09 20:52:50,Transfer Out,Transfer,-141.82,Belgium,Bank Transfer,0,0
T0009402,A000958,C00584,2024-06-09 14:17:24,Salary,Salary,2058.51,Belgium,Mobile App,0,0
T0008050,A000961,C00586,2025-11-27 21:57:44,Transfer Out,Transfer,-1291.62,Belgium,Mobile App,0,0
T0004367,A001965,C01206,2024-12-16 01:45:41,Transfer In,Transfer,465.42,Luxembourg,Bank Transfer,0,0
T0003600,A003165,C01936,2026-02-25 04:14:45,Transfer In,Transfer,344.68,Netherlands,Mobile App,0,0
T0001904,A003074,C01885,2026-05-30 14:35:54,Transfer Out,Transfer,-70.11,Belgium,Mobile App,0,0
T0007590,A000568,C00351,2025-06-01 21:59:31,Transfer In,Transfer,346.06,Netherlands,Bank Transfer,0,0
T0000631,A000286,C00179,2026-06-19 10:25:51,Card Purchase,Travel,-264.13,Belgium,Card Present,0,0
T0008589,A000900,C00551,2024-06-30 23:21:05,Transfer In,Transfer,310.58,Belgium,Bank Transfer,0,0
T0002740,A001571,C00966,2024-02-13 03:53:24,Direct Debit,Housing,-744.98,Belgium,Direct Debit,0,0
T0004688,A002764,C01690,2025-03-24 09:36:27,Card Purchase,Entertainment,-60.92,Netherlands,Online,0,0
T0003895,A000006,C00003,2025-10-08 09:40:09,Card Purchase,Groceries,-132.71,France,Online,0,0
T0003761,A000538,C00333,2026-06-02 21:06:53,Transfer In,Transfer,519.3,Belgium,Mobile App,0,0
T0007797,A003138,C01918,2026-06-18 12:38:31,Direct Debit,Telecom,-69.74,Netherlands,Direct Debit,0,0
T0001208,A002256,C01387,2025-03-12 05:43:37,Transfer In,Transfer,836.73,Belgium,Mobile App,0,0
T0004798,A001510,C00928,2024-11-03 05:05:34,Cash Withdrawal,Cash,-150,France,ATM,0,0
T0008928,A003863,C02360,2024-10-26 04:32:33,Card Purchase,Travel,-203.02,Spain,Online,1,0
T0000888,A004076,C02491,2024-06-16 13:51:57,Card Purchase,Travel,-893.86,Belgium,Card Present,0,0
T0009936,A000914,C00559,2025-11-30 05:54:40,Transfer Out,Transfer,-114.72,Germany,Bank Transfer,0,0
T0006253,A003972,C02428,2024-11-05 14:37:47,Transfer Out,Transfer,-175.75,Belgium,Mobile App,0,0
T0009392,A002411,C01481,2026-05-29 01:05:47,Direct Debit,Utilities,-133.5,Germany,Direct Debit,0,0
T0003302,A003610,C02208,2025-06-07 06:06:57,Card Purchase,Travel,-334.09,Belgium,Card Present,0,0
T0001187,A003918,C02397,2024-02-14 10:56:41,Transfer In,Transfer,297.88,Germany,Mobile App,0,0
T0003452,A000402,C00251,2025-09-30 21:00:21,Direct Debit,Utilities,-166.19,Luxembourg,Direct Debit,0,0
T0009243,A003499,C02139,2025-12-20 07:36:45,Card Purchase,E-commerce,-46.63,Belgium,Online,0,0
T0004591,A004071,C02488,2024-05-24 03:28:00,Direct Debit,Utilities,-157.24,France,Direct Debit,0,0
T0009202,A002880,C01758,2026-01-12 19:49:05,Card Purchase,Dining,-16.58,Germany,Card Present,0,0
T0002751,A001575,C00968,2026-08-10 17:04:27,Transfer In,Transfer,1162.58,France,Bank Transfer,0,0
T0009986,A003788,C02314,2025-03-31 12:10:50,Transfer Out,Transfer,-104.29,Netherlands,Bank Transfer,0,0
T0005125,A003025,C01853,2024-07-13 10:44:42,Transfer In,Transfer,698.49,France,Bank Transfer,0,0
T0000530,A000670,C00410,2026-03-07 13:10:09,Transfer In,Transfer,814.2,Netherlands,Bank Transfer,0,0
T0002249,A002927,C01788,2024-08-03 01:34:09,Transfer Out,Transfer,-355.53,Germany,Bank Transfer,0,0
T0003078,A001166,C00711,2025-08-24 14:21:51,Transfer In,Transfer,222.35,Germany,Bank Transfer,0,0
T0003851,A001820,C01122,2026-06-18 22:14:04,Transfer In,Transfer,453.08,Netherlands,Mobile App,0,0
T0006973,A003816,C02331,2026-05-13 04:27:06,Card Purchase,Entertainment,-63.17,Belgium,Card Present,0,0
T0008102,A002307,C01417,2024-03-21 23:59:42,Transfer In,Transfer,198.25,Luxembourg,Mobile App,0,0
T0004107,A003697,C02259,2025-04-03 04:40:05,Card Purchase,Entertainment,-20.19,Netherlands,Card Present,0,0
T0009760,A000548,C00339,2026-02-26 22:49:20,Card Purchase,Fuel,-78.4,Netherlands,Card Present,0,0
T0000519,A002298,C01411,2024-03-27 02:07:07,Transfer Out,Transfer,-31.4,Netherlands,Mobile App,0,0
T0002662,A002393,C01470,2025-04-20 11:10:30,Card Purchase,Fuel,-57.63,Belgium,Online,0,0
T0006750,A000348,C00216,2024-06-12 02:19:29,Card Purchase,Dining,-51.89,Belgium,Online,0,0
T0003613,A000714,C00436,2025-10-20 21:44:25,Interest,Interest,13.19,France,Bank Transfer,0,0
T0001741,A001948,C01195,2025-11-29 21:54:25,Direct Debit,Insurance,-115.95,Netherlands,Direct Debit,0,0
T0001235,A003340,C02044,2025-07-15 17:29:31,Cash Withdrawal,Cash,-250,Belgium,ATM,0,0
T0005693,A003746,C02289,2025-09-01 14:03:56,Card Purchase,Retail,-31.69,Netherlands,Card Present,0,0
T0008841,A004070,C02487,2025-07-02 11:19:29,Transfer In,Transfer,189.79,France,Bank Transfer,0,0
T0005019,A002958,C01808,2024-01-29 22:33:59,Card Purchase,Dining,-97.57,Belgium,Card Present,0,0
T0003727,A001704,C01049,2025-01-26 18:25:57,Card Purchase,E-commerce,-37.99,Netherlands,Online,0,0
T0001064,A003405,C02081,2025-08-15 14:06:51,Card Purchase,Fuel,-21.69,Germany,Card Present,0,0
T0006749,A000405,C00253,2025-11-03 19:29:54,Card Purchase,E-commerce,-37.22,Netherlands,Mobile App,0,0
T0009342,A001204,C00733,2025-11-13 05:32:10,Direct Debit,Housing,-610.48,France,Direct Debit,0,0
T0009095,A002820,C01721,2025-10-03 15:05:40,Card Purchase,Travel,-275.15,Netherlands,Online,0,0
T0003095,A003617,C02212,2024-01-09 08:41:17,Card Purchase,Healthcare,-90.78,Netherlands,Online,0,0
T0007923,A003450,C02109,2026-05-16 18:36:44,Card Purchase,Travel,-215.88,Belgium,Card Present,0,0
T0007425,A001044,C00636,2025-10-06 23:55:00,Card Purchase,Groceries,-69.13,Luxembourg,Card Present,0,0
T0001719,A002605,C01595,2024-09-10 20:16:25,Transfer In,Transfer,265.02,France,Mobile App,0,0
T0001758,A003367,C02060,2025-05-12 02:27:12,Transfer Out,Transfer,-216.77,Belgium,Bank Transfer,0,0
T0006940,A004067,C02485,2024-02-26 15:14:06,Card Purchase,Entertainment,-39.43,Luxembourg,Card Present,0,0
T0005412,A002933,C01792,2025-12-27 18:07:38,Cash Withdrawal,Cash,-80,Belgium,ATM,0,0
T0003710,A003537,C02162,2025-11-27 23:41:31,Card Purchase,Travel,-199.62,Belgium,Online,0,0
T0005481,A002760,C01687,2024-02-16 01:14:24,Card Purchase,Travel,-566.05,Belgium,Card Present,0,0
T0002681,A001092,C00665,2025-07-01 03:23:45,Transfer In,Transfer,500.68,France,Bank Transfer,0,0
T0002508,A000698,C00427,2025-01-07 16:04:49,Cash Withdrawal,Cash,-200,Belgium,ATM,0,0
T0007710,A000614,C00378,2026-07-24 19:05:58,Cash Withdrawal,Cash,-100,Belgium,ATM,0,0
T0002458,A002800,C01711,2025-08-22 08:51:46,Transfer Out,Transfer,-75.71,Netherlands,Mobile App,0,0
T0004894,A001234,C00752,2024-10-09 09:03:03,Transfer In,Transfer,147.01,Belgium,Bank Transfer,0,0
T0009473,A001081,C00659,2025-11-15 05:24:48,Card Purchase,Fuel,-37.39,Germany,Online,0,0
T0001877,A002297,C01411,2025-06-10 13:20:44,Transfer Out,Transfer,-43.75,Netherlands,Mobile App,0,0
T0009627,A001909,C01173,2025-08-06 09:54:11,Card Purchase,Travel,-420.68,France,Card Present,1,0
T0007935,A002225,C01366,2024-06-22 20:24:52,Direct Debit,Telecom,-71.41,Belgium,Direct Debit,0,0
T0008747,A000880,C00538,2024-03-16 09:45:15,Card Purchase,Travel,-144.78,Germany,Card Present,0,0
T0007601,A002768,C01693,2025-07-16 14:43:18,Card Purchase,Retail,-117.68,United States,Card Present,1,0
T0006220,A000499,C00311,2024-09-06 13:34:00,Transfer Out,Transfer,-1398.73,Belgium,Bank Transfer,0,0
T0005384,A000136,C00082,2026-02-26 12:19:35,Transfer Out,Transfer,-284.24,France,Mobile App,0,0
T0009512,A002313,C01422,2025-09-24 23:43:50,Direct Debit,Housing,-846.81,Germany,Direct Debit,0,0
T0008892,A000455,C00283,2025-09-20 22:11:22,Transfer In,Transfer,1133.93,Luxembourg,Mobile App,0,0
T0002928,A000090,C00052,2024-06-26 13:22:54,Direct Debit,Telecom,-54.42,Belgium,Direct Debit,0,0
T0006012,A000449,C00280,2025-10-24 07:33:13,Interest,Interest,7.98,Belgium,Mobile App,0,0
T0004676,A003430,C02097,2025-07-12 20:41:32,Cash Withdrawal,Cash,-250,Netherlands,ATM,0,0
T0002287,A001035,C00631,2026-04-06 13:23:31,Transfer In,Transfer,2217.08,Belgium,Mobile App,0,0
T0006703,A001662,C01021,2025-09-03 19:01:00,Transfer In,Transfer,820.14,Germany,Bank Transfer,0,0
T0006272,A002403,C01476,2025-03-19 03:37:16,Card Purchase,Travel,-519.76,Netherlands,Card Present,0,0
T0003215,A002637,C01612,2026-03-06 22:53:43,Salary,Salary,4720.44,Germany,Mobile App,0,0
T0006389,A000688,C00422,2025-08-25 05:04:49,Direct Debit,Utilities,-126.46,Belgium,Direct Debit,0,0
T0001925,A001127,C00686,2026-06-26 09:29:07,Interest,Interest,17.69,Germany,Mobile App,0,0
T0008488,A001627,C01000,2024-08-06 12:54:39,Direct Debit,Telecom,-56.2,France,Direct Debit,0,0
T0005529,A000079,C00046,2024-10-23 16:44:54,Card Purchase,Fuel,-179.23,Germany,Card Present,0,0
T0003009,A001454,C00891,2024-11-12 23:12:48,Cash Withdrawal,Cash,-50,Belgium,ATM,0,0
T0007666,A001752,C01082,2024-03-25 07:21:47,Card Purchase,Dining,-34.75,Luxembourg,Online,1,0
T0001405,A002507,C01537,2026-08-23 23:51:13,Card Purchase,Groceries,-32.11,Belgium,Online,0,0
T0002324,A000375,C00234,2025-04-09 06:46:41,Transfer Out,Transfer,-722.05,Netherlands,Mobile App,0,0
T0008344,A001663,C01021,2026-07-27 07:33:27,Card Purchase,Travel,-80.15,Germany,Online,0,0
T0008826,A002366,C01454,2024-07-31 18:03:08,Direct Debit,Housing,-941.16,Netherlands,Direct Debit,0,0
T0004993,A001381,C00847,2024-06-11 21:36:39,Card Purchase,Travel,-591.12,United States,Online,1,0
T0000460,A001342,C00825,2026-07-07 10:31:30,Direct Debit,Housing,-431.31,Belgium,Direct Debit,0,0
T0003799,A003584,C02192,2025-12-30 21:46:29,Direct Debit,Utilities,-135.75,Belgium,Direct Debit,0,0
T0006637,A000951,C00579,2024-05-28 06:36:50,Card Purchase,Travel,-150.2,Netherlands,Card Present,0,0
T0006557,A003010,C01842,2024-07-20 17:00:18,Card Purchase,Travel,-142.46,Belgium,Card Present,0,0
T0005508,A003873,C02367,2026-03-21 11:14:18,Transfer Out,Transfer,-768.57,Netherlands,Bank Transfer,0,0
T0001151,A002169,C01329,2024-08-04 00:18:31,Transfer Out,Transfer,-197.84,Belgium,Bank Transfer,0,0
T0005329,A002655,C01624,2026-03-01 05:25:11,Transfer In,Transfer,257.41,Belgium,Bank Transfer,0,0
T0009154,A003685,C02252,2025-09-06 06:57:16,Card Purchase,Healthcare,-218.7,Belgium,Card Present,0,0
T0004705,A001587,C00976,2024-04-10 23:37:29,Transfer In,Transfer,419.11,Belgium,Bank Transfer,0,0
T0002236,A002884,C01760,2025-02-04 07:33:11,Direct Debit,Utilities,-179.07,Netherlands,Direct Debit,0,0
T0005326,A002216,C01359,2024-04-26 14:59:29,Transfer Out,Transfer,-200.65,Belgium,Bank Transfer,0,0
T0008584,A001190,C00725,2025-09-17 05:21:06,Transfer Out,Transfer,-103.46,Germany,Mobile App,0,0
T0000176,A003341,C02045,2026-04-15 07:40:04,Card Purchase,Groceries,-109.21,Netherlands,Card Present,0,0
T0000336,A001610,C00991,2024-04-02 09:36:52,Card Purchase,Groceries,-101.62,Netherlands,Mobile App,0,0
T0005914,A001888,C01159,2024-03-01 00:05:42,Transfer In,Transfer,157.05,France,Mobile App,0,0
T0008636,A003066,C01880,2025-01-21 19:32:52,Interest,Interest,17.06,Germany,Mobile App,0,0
T0001704,A003782,C02309,2026-03-04 04:30:54,Card Purchase,Healthcare,-59.37,Germany,Card Present,0,0
T0003124,A003336,C02042,2026-05-22 04:59:49,Transfer Out,Transfer,-152.9,Netherlands,Mobile App,0,0
T0008613,A002208,C01355,2025-07-21 08:09:55,Card Purchase,Retail,-36.0,Netherlands,Card Present,0,0
T0006676,A001980,C01212,2026-03-12 15:18:26,Transfer In,Transfer,187.35,Belgium,Bank Transfer,0,0
T0009884,A000218,C00137,2024-10-28 23:23:06,Salary,Salary,3231.52,,Mobile App,0,0
T0006468,A003804,C02323,2025-08-19 11:50:55,Card Purchase,Fuel,-25.03,Germany,Card Present,0,0
T0000990,A000272,C00169,2024-09-12 18:17:46,Card Purchase,Travel,-625.8,France,Card Present,0,0
T0003329,A002890,C01762,2026-06-26 10:48:58,Card Purchase,E-commerce,-49.52,Netherlands,Mobile App,0,0
T0002392,A002673,C01632,2024-02-09 11:02:25,Card Purchase,Healthcare,-110.86,Belgium,Online,0,0
T0004427,A001866,C01147,2025-01-09 17:42:28,Transfer In,Transfer,3536.66,Germany,Mobile App,0,0
T0000217,A000312,C00193,2024-01-03 13:01:07,Transfer Out,Transfer,-303.02,Belgium,Bank Transfer,0,0
T0002592,A003007,C01840,2025-04-17 03:37:39,Salary,Salary,2196.12,Belgium,Mobile App,0,0
T0008627,A000455,C00283,2024-01-03 00:28:34,Transfer Out,Transfer,-1053.58,Luxembourg,Mobile App,0,0
T0008395,A003366,C02060,2025-07-10 05:26:55,Card Purchase,Fuel,-103.07,Belgium,Online,0,0
T0002194,A001623,C00998,2025-03-27 14:54:47,Interest,Interest,17.47,Belgium,Bank Transfer,0,0
T0000258,A001268,C00776,2025-08-27 09:12:04,Transfer In,Transfer,79.55,Belgium,Bank Transfer,0,0
T0009292,A001805,C01113,2026-06-11 02:10:29,Transfer In,Transfer,348.5,Belgium,Mobile App,0,0
T0009275,A002121,C01301,2025-06-21 04:37:57,Transfer In,Transfer,181.71,Belgium,Mobile App,0,0
T0004336,A002151,C01320,2025-11-08 13:02:22,Card Purchase,Entertainment,-32.26,Spain,Card Present,1,0
T0000603,A002320,C01427,2024-01-09 18:33:51,Cash Withdrawal,Cash,-60,Belgium,ATM,0,0
T0003337,A002098,C01288,2024-04-07 03:50:58,Card Purchase,Healthcare,-107.37,Netherlands,Online,0,1
T0004781,A000435,C00271,2025-01-31 02:17:11,Cash Withdrawal,Cash,-50,France,ATM,0,0
T0005927,A000820,C00500,2024-05-30 12:45:34,Card Purchase,Entertainment,-36.5,Germany,Card Present,0,0
T0007169,A002869,C01752,2024-12-21 18:42:19,Transfer In,Transfer,849.64,Belgium,Mobile App,0,0
T0002113,A001618,C00996,2025-12-28 09:57:11,Transfer Out,Transfer,-312.63,Netherlands,Mobile App,0,0
T0000992,A000378,C00236,2024-06-02 00:31:17,Transfer In,Transfer,526.0,Belgium,Bank Transfer,0,0
T0008251,A004049,C02474,2024-12-18 21:00:23,Direct Debit,Insurance,-147.86,Belgium,Direct Debit,0,0
T0002531,A000113,C00067,2025-06-05 21:05:56,Cash Withdrawal,Cash,-100,Germany,ATM,0,0
T0003890,A000546,C00337,2026-05-26 23:08:33,Card Purchase,Groceries,-64.33,France,Card Present,0,0
T0002369,A001817,C01120,2024-03-23 07:10:17,Transfer In,Transfer,226.55,Netherlands,Mobile App,0,0
T0001282,A001959,C01202,2026-03-15 01:30:17,Transfer In,Transfer,97.41,Netherlands,Bank Transfer,0,0
T0000556,A001427,C00876,2025-03-17 10:24:06,Cash Withdrawal,Cash,-50,Belgium,ATM,0,0
T0002890,A002038,C01250,2024-09-23 23:51:18,Interest,Interest,1.36,Netherlands,Mobile App,0,0
T0004470,A002033,C01247,2025-08-21 21:25:45,Transfer Out,Transfer,-281.02,Netherlands,Bank Transfer,0,0
T0002291,A000977,C00597,2026-03-19 21:53:08,Transfer In,Transfer,147.7,Germany,Bank Transfer,0,0
T0004482,A004048,C02473,2024-08-07 12:00:40,Direct Debit,Telecom,-71.97,Netherlands,Direct Debit,0,0
T0009344,A002224,C01365,2025-03-17 02:31:42,Card Purchase,Entertainment,-52.72,Belgium,Online,0,0
T0007489,A000197,C00123,2024-02-27 16:17:20,Transfer In,Transfer,1127.97,France,Bank Transfer,0,0
T0005625,A001339,C00822,2024-09-16 11:03:27,Card Purchase,Dining,-61.54,Luxembourg,Card Present,0,0
T0004856,A002756,C01684,2024-11-26 15:58:12,Transfer Out,Transfer,-277.47,Germany,Bank Transfer,0,0
T0003131,A002852,C01743,2024-07-02 03:10:21,Transfer Out,Transfer,-811.09,Belgium,Mobile App,0,1
T0003248,A002313,C01422,2024-08-09 22:49:51,Direct Debit,Telecom,-58.79,Germany,Direct Debit,0,0
T0008913,A001457,C00893,2026-08-26 00:44:45,Card Purchase,Dining,-28.98,Belgium,Online,0,0
T0006212,A003939,C02410,2024-08-14 23:49:45,Card Purchase,E-commerce,-44.59,Belgium,Mobile App,0,0
T0000602,A000892,C00546,2026-04-12 12:48:25,Cash Withdrawal,Cash,-20,Belgium,ATM,0,0
T0006265,A003644,C02229,2025-09-13 19:41:06,Interest,Interest,4.86,Belgium,Mobile App,0,0
T0007570,A002530,C01550,2025-09-28 03:08:27,Direct Debit,Housing,-944.45,Germany,Direct Debit,0,0
T0007785,A000724,C00441,2026-05-20 15:43:25,Transfer In,Transfer,727.93,Belgium,Mobile App,0,0
T0003525,A003469,C02120,2025-08-26 14:06:51,Transfer In,Transfer,59.99,Belgium,Bank Transfer,0,0
T0002057,A002965,C01813,2026-02-25 23:47:52,Cash Withdrawal,Cash,-20,Netherlands,ATM,0,0
T0009060,A001428,C00876,2024-10-19 20:24:03,Card Purchase,Entertainment,-34.19,Spain,Online,1,0
T0003973,A001490,C00916,2024-08-24 00:22:07,Direct Debit,Utilities,-155.75,Belgium,Direct Debit,0,0
T0006213,A000144,C00088,2025-10-20 01:38:08,Card Purchase,Dining,-54.11,Netherlands,Card Present,0,0
T0003314,A000747,C00457,2024-01-11 23:51:37,Card Purchase,Travel,-381.34,Belgium,Online,0,0
T0004467,A003390,C02072,2026-04-25 18:35:28,Card Purchase,Groceries,-141.21,Belgium,Card Present,0,0
T0009056,A000849,C00519,2026-01-02 05:00:35,Transfer In,Transfer,229.32,Netherlands,Mobile App,0,0
T0002103,A003953,C02417,2024-08-04 08:06:35,Salary,Salary,3603.55,Belgium,Bank Transfer,0,0
T0008151,A003981,C02434,2025-07-13 11:59:39,Transfer Out,Transfer,-483.83,Netherlands,Mobile App,0,0
T0007253,A000819,C00499,2026-05-30 12:07:37,Card Purchase,Fuel,-128.33,Netherlands,Card Present,0,0
T0005732,A001979,C01212,2025-02-06 06:41:17,Card Purchase,Retail,-66.55,Belgium,Mobile App,0,0
T0009693,A000179,C00109,2026-08-23 09:02:25,Transfer In,Transfer,326.87,Belgium,Bank Transfer,0,0
T0002505,A001270,C00778,2025-07-08 23:13:19,Cash Withdrawal,Cash,-40,Belgium,ATM,0,0
T0002394,A002366,C01454,2024-02-19 22:38:30,Cash Withdrawal,Cash,-200,Netherlands,ATM,0,0
T0008109,A002153,C01322,2025-06-27 20:00:31,Direct Debit,Utilities,-149.13,Netherlands,Direct Debit,0,0
T0002507,A001363,C00836,2026-06-20 09:25:43,Card Purchase,Healthcare,-97.02,Netherlands,Online,0,0
T0009763,A001733,C01071,2026-07-15 21:41:20,Transfer In,Transfer,239.71,Luxembourg,Bank Transfer,0,0
T0006435,A000475,C00293,2025-08-12 01:34:35,Transfer Out,Transfer,-120.41,Germany,Mobile App,0,0
T0006679,A000881,C00539,2025-02-16 00:22:29,Interest,Interest,2.49,Germany,Bank Transfer,0,0
T0003865,A001945,C01193,2025-09-12 14:17:43,Transfer In,Transfer,164.4,Belgium,Mobile App,0,0
T0007195,A003325,C02036,2025-06-18 04:25:17,Transfer Out,Transfer,-208.94,Germany,Mobile App,0,0
T0007478,A001292,C00792,2025-06-13 09:25:20,Transfer Out,Transfer,-808.34,Belgium,Bank Transfer,0,0
T0006365,A001225,C00747,2026-02-18 11:29:28,Transfer In,Transfer,637.07,Belgium,Mobile App,0,0
T0000827,A002408,C01479,2026-04-19 12:17:21,Transfer In,Transfer,503.94,Belgium,Bank Transfer,0,0
T0002615,A001252,C00766,2024-04-07 03:15:24,Card Purchase,Travel,-249.85,Belgium,Mobile App,0,0
T0008580,A001417,C00869,2026-03-26 09:07:44,Transfer In,Transfer,599.73,Luxembourg,Bank Transfer,0,0
T0006861,A001196,C00729,2026-05-15 22:37:24,Transfer Out,,-196.1,France,Mobile App,0,0
T0000142,A002538,C01555,2024-10-26 14:55:19,Transfer Out,Transfer,-359.06,Belgium,Mobile App,0,0
T0002880,A003288,C02015,2024-01-30 01:13:02,Cash Withdrawal,Cash,-200,France,ATM,0,0
T0007510,A002245,C01379,2024-04-22 05:38:11,Transfer In,Transfer,389.98,Belgium,Bank Transfer,0,0
T0007690,A000250,C00157,2025-07-29 02:17:10,Interest,Interest,14.44,Belgium,Mobile App,0,0
T0009696,A001448,C00887,2024-12-30 06:45:20,Card Purchase,E-commerce,-64.28,Netherlands,Card Present,0,0
T0003467,A002702,C01651,2025-06-04 06:36:56,Card Purchase,Healthcare,-37.53,France,Online,0,1
T0005766,A002690,C01642,2025-03-07 14:57:43,Transfer In,Transfer,289.21,Belgium,Bank Transfer,0,0
T0001732,A003700,C02261,2024-07-24 01:50:39,Direct Debit,Subscriptions,-33.88,Belgium,Direct Debit,0,0
T0001374,A000176,C00108,2024-03-12 12:19:44,Transfer In,Transfer,504.98,France,Bank Transfer,0,0
T0002454,A004042,C02468,2024-04-23 07:30:33,Transfer In,Transfer,75.99,Belgium,Bank Transfer,0,0
T0003047,A001197,C00729,2026-07-01 19:52:40,Card Purchase,Travel,-649.48,France,Card Present,0,0
T0007649,A000287,C00180,2026-07-17 05:37:24,Cash Withdrawal,Cash,-80,Netherlands,ATM,0,0
T0000729,A000342,C00211,2026-08-18 16:22:58,Transfer In,Transfer,278.13,Netherlands,Bank Transfer,0,0
T0003317,A003726,C02277,2026-01-05 14:45:48,Card Purchase,Healthcare,-43.51,Belgium,Card Present,0,0
T0001672,A002837,C01732,2025-05-05 19:27:59,Transfer In,Transfer,448.5,Belgium,Bank Transfer,0,0
T0000850,A004025,C02459,2026-04-05 00:46:40,Card Purchase,Retail,-87.88,France,Card Present,0,0
T0008296,A001380,C00846,2024-09-21 10:58:30,Card Purchase,Fuel,-42.37,Germany,Card Present,0,0
T0008797,A002740,C01675,2025-05-24 18:41:12,Transfer Out,Transfer,-784.61,Belgium,Mobile App,0,0
T0007324,A002634,C01611,2024-02-05 00:58:50,Cash Withdrawal,Cash,-100,Netherlands,ATM,0,0
T0007409,A001664,C01022,2024-03-20 16:55:41,Card Purchase,Fuel,-92.51,Germany,Card Present,0,0
T0003126,A002479,C01522,2025-08-09 17:13:43,Transfer Out,Transfer,-269.64,France,Mobile App,0,0
T0008431,A003844,C02349,2024-08-31 10:36:41,Transfer In,Transfer,336.92,France,Mobile App,0,0
T0006088,A002836,C01731,2026-04-17 12:35:35,Direct Debit,Insurance,-111.87,Belgium,Direct Debit,0,0
T0007066,A001531,C00940,2024-02-07 04:15:11,Transfer Out,Transfer,-80.55,Germany,Bank Transfer,0,0
T0003243,A000937,C00572,2026-05-05 13:35:21,Card Purchase,Entertainment,-27.64,Belgium,Online,0,0
T0007549,A001295,C00795,2026-05-29 04:40:48,Direct Debit,Utilities,-202.04,Belgium,Direct Debit,0,0
T0002648,A003442,C02107,2024-06-17 22:32:21,Transfer In,Transfer,362.12,Belgium,Mobile App,0,0
T0009993,A000908,C00555,2025-12-09 16:18:15,Transfer Out,Transfer,-32.67,Belgium,Bank Transfer,0,0
T0006871,A000012,C00006,2025-09-29 19:46:39,Interest,Interest,7.55,Netherlands,Bank Transfer,0,0
T0004551,A003955,C02418,2024-10-09 15:46:58,Card Purchase,Retail,-92.99,Belgium,Card Present,0,0
T0009574,A003518,C02152,2025-03-03 01:11:05,Card Purchase,Entertainment,-57.74,Belgium,Online,0,0
T0007271,A000422,C00263,2024-04-30 21:02:45,Transfer Out,Transfer,-326.84,Germany,Mobile App,0,0
T0006814,A001290,C00791,2024-07-29 02:50:38,Card Purchase,Fuel,-87.88,Germany,Mobile App,1,0
T0000022,A003041,C01864,2024-08-06 22:15:18,Interest,Interest,9.09,Netherlands,Mobile App,0,0
T0004048,A000115,C00068,2024-04-10 08:46:38,Transfer In,Transfer,671.56,Netherlands,Bank Transfer,0,0
T0001439,A002637,C01612,2026-02-05 20:05:35,Transfer Out,Transfer,-319.81,Germany,Bank Transfer,0,0
T0009712,A000228,C00145,2025-01-16 06:13:15,Cash Withdrawal,Cash,-60,France,ATM,0,0
T0007737,A003428,C02095,2025-06-14 05:21:22,Transfer In,Transfer,1176.4,Belgium,Bank Transfer,0,0
T0005891,A001297,C00796,2024-09-19 21:18:42,Card Purchase,Healthcare,-40.91,Netherlands,Card Present,0,0
T0002201,A002479,C01522,2026-08-18 19:01:50,Transfer In,Transfer,169.16,France,Bank Transfer,0,0
T0006974,A003504,C02143,2024-02-14 05:04:41,Transfer In,Transfer,301.23,Belgium,Bank Transfer,0,0
T0008728,A003085,C01890,2025-07-03 05:08:06,Card Purchase,Dining,-54.62,Belgium,Card Present,0,0
T0000179,A001918,C01178,2025-05-16 23:49:43,Card Purchase,Groceries,-86.02,Belgium,Card Present,0,0
T0005595,A002177,C01334,2025-07-10 20:15:03,Direct Debit,Subscriptions,-24.31,Belgium,Direct Debit,0,0
T0005613,A002698,C01648,2024-01-24 09:00:12,Card Purchase,Groceries,-82.59,Belgium,Card Present,0,0
T0007309,A001623,C00998,2026-05-15 10:10:09,Transfer Out,Transfer,-461.17,Belgium,Mobile App,0,0
T0005793,A002757,C01685,2025-03-20 10:47:20,Card Purchase,Entertainment,-95.69,Luxembourg,Card Present,0,0
T0000337,A000415,C00258,2024-02-19 22:44:09,Card Purchase,E-commerce,-132.14,Belgium,Card Present,0,0
T0000106,A002285,C01404,2024-08-16 19:49:19,Cash Withdrawal,Cash,-20,Luxembourg,ATM,0,0
T0006416,A003985,C02436,2025-08-27 09:30:39,Card Purchase,Travel,-165.9,Belgium,Card Present,0,0
T0001506,A001278,C00783,2025-07-31 20:42:37,Direct Debit,Subscriptions,-31.06,Belgium,Direct Debit,0,0
T0002070,A001079,C00657,2024-07-07 09:33:02,Card Purchase,Entertainment,-64.75,Germany,Online,0,0
T0007596,A000550,C00340,2025-04-11 20:56:20,Card Purchase,Retail,-54.44,Belgium,Online,0,0
T0000584,A000051,C00031,2024-04-02 18:20:37,Card Purchase,Groceries,-64.4,France,Card Present,0,0
T0004909,A002642,C01616,2024-01-07 04:50:45,Card Purchase,Fuel,-38.05,Luxembourg,Card Present,0,0
T0003591,A003027,C01854,2024-04-27 08:56:17,Direct Debit,Telecom,-62.75,Belgium,Direct Debit,0,0
T0008005,A000937,C00572,2025-11-30 05:15:31,Cash Withdrawal,Cash,-50,Belgium,ATM,0,0
T0005455,A000940,C00574,2024-10-10 01:09:33,Card Purchase,Retail,-184.54,Italy,Card Present,1,0
T0007768,A000361,C00226,2024-02-21 23:56:40,Transfer Out,Transfer,-108.23,Belgium,Bank Transfer,0,0
T0004264,A000689,C00422,2025-07-20 18:23:31,Transfer In,Transfer,506.52,Belgium,Bank Transfer,0,0
T0008567,A001407,C00864,2024-08-27 10:50:12,Card Purchase,Fuel,-20.97,Belgium,Card Present,0,0
T0004156,A002753,C01682,2026-01-05 14:00:31,Transfer Out,Transfer,-109.13,France,Mobile App,0,0
T0007308,A003964,C02424,2026-03-19 16:47:57,Card Purchase,Groceries,-35.14,Belgium,Card Present,0,0
T0001590,A001577,C00970,2025-01-31 07:56:29,Transfer Out,Transfer,-136.58,Germany,Mobile App,0,0
T0005854,A000388,C00241,2025-10-09 08:13:07,Transfer Out,,-133.9,France,Mobile App,0,0
T0008062,A003376,C02065,2025-06-18 22:34:00,Transfer Out,Transfer,-196.96,Germany,Mobile App,0,0
T0008406,A003605,C02205,2024-06-05 17:10:14,Cash Withdrawal,Cash,-60,Belgium,ATM,0,0
T0007488,A000775,C00475,2026-08-14 01:53:09,Transfer In,Transfer,355.84,Belgium,Mobile App,0,0
T0005956,A003486,C02131,2024-04-07 20:58:44,Transfer In,Transfer,263.2,Luxembourg,Mobile App,0,0
T0009937,A002366,C01454,2026-08-10 04:35:32,Card Purchase,Entertainment,-28.85,Netherlands,Card Present,0,0
T0008676,A002140,C01312,2024-12-12 04:17:56,Transfer Out,Transfer,-1136.01,Belgium,Mobile App,0,0
T0000497,A003236,C01983,2025-01-30 10:34:08,Cash Withdrawal,Cash,-150,France,ATM,0,0
T0004765,A002914,C01779,2026-02-21 18:17:11,Transfer In,Transfer,226.49,Netherlands,Mobile App,0,0
T0007949,A000938,C00573,2024-11-12 06:19:21,Transfer In,Transfer,424.9,Belgium,Mobile App,0,0
T0003392,A001421,C00872,2024-08-27 19:19:50,Interest,Interest,7.35,Belgium,Mobile App,0,0
T0006535,A003040,C01863,2024-08-23 16:16:20,Transfer Out,Transfer,-85.37,Germany,Mobile App,0,0
T0009306,A003624,C02216,2024-10-21 21:33:38,Transfer In,Transfer,636.99,Belgium,Bank Transfer,0,0
T0008129,A000602,C00371,2024-06-10 19:43:19,Card Purchase,Healthcare,-86.56,France,Online,0,0
T0001643,A001864,C01146,2024-10-05 10:29:04,Transfer In,Transfer,74.15,Netherlands,Bank Transfer,0,0
T0008713,A002101,C01291,2026-05-27 04:51:56,Card Purchase,Groceries,-39.81,Luxembourg,Online,0,0
T0000555,A001910,C01174,2025-07-08 05:05:36,Transfer In,Transfer,19.3,Belgium,Mobile App,0,0
T0006208,A002245,C01379,2026-02-22 10:58:56,Transfer In,Transfer,330.24,Belgium,Mobile App,0,0
T0003835,A003354,C02052,2026-02-06 06:50:16,Transfer In,Transfer,128.46,Belgium,Bank Transfer,0,0
T0001452,A001335,C00821,2024-01-06 08:07:33,Transfer In,,282.06,Netherlands,Mobile App,0,0
T0007471,A003608,C02207,2025-05-01 18:25:26,Card Purchase,E-commerce,-53.8,Germany,Card Present,0,0
T0002582,A001620,C00997,2026-01-28 05:28:54,Direct Debit,Telecom,-66.01,Belgium,Direct Debit,0,0
T0004477,A002952,C01805,2024-01-13 02:47:17,Direct Debit,Insurance,-123.8,Germany,Direct Debit,0,0
T0008694,A001752,C01082,2024-08-05 19:58:17,Salary,Salary,3515.25,Belgium,Mobile App,0,0
T0003455,A002245,C01379,2025-09-02 19:46:34,Transfer In,Transfer,473.45,Belgium,Mobile App,0,0
T0002325,A000087,C00051,2026-07-10 21:23:13,Transfer In,Transfer,134.79,Belgium,Bank Transfer,0,0
T0000177,A003020,C01849,2024-08-02 11:29:28,Interest,Interest,9.18,Belgium,Bank Transfer,0,0
T0007186,A002180,C01336,2025-07-09 00:49:54,Direct Debit,Utilities,-141.19,Belgium,Direct Debit,0,0
T0006375,A001353,C00829,2024-09-19 13:22:46,Direct Debit,Subscriptions,-29.52,Belgium,Direct Debit,0,0
T0009765,A003612,C02210,2024-01-03 18:46:18,Transfer In,Transfer,988.13,Belgium,Mobile App,0,0
T0003972,A003901,C02388,2024-08-05 05:43:08,Transfer Out,Transfer,-133.35,Netherlands,Bank Transfer,0,0
T0000776,A003161,C01934,2024-09-07 13:32:05,Transfer In,Transfer,270.75,France,Mobile App,0,0
T0005669,A000542,C00336,2025-12-04 03:26:45,Transfer Out,Transfer,-330.26,Belgium,Bank Transfer,0,0
T0007705,A003319,C02034,2025-12-28 09:44:55,Direct Debit,Telecom,-77.71,Belgium,Direct Debit,0,0
T0002999,A000313,C00193,2026-04-17 12:39:55,Card Purchase,Entertainment,-30.17,Belgium,Online,0,0
T0008026,A000379,C00237,2024-03-20 01:25:48,Card Purchase,Retail,-129.47,Luxembourg,Online,0,0
T0007474,A002557,C01568,2024-03-06 09:16:29,Card Purchase,Dining,-40.31,Luxembourg,Card Present,0,0
T0003473,A003539,C02163,2026-05-29 00:00:47,Card Purchase,Retail,-107.82,France,Card Present,1,0
T0002221,A002960,C01809,2026-04-13 19:10:49,Transfer In,Transfer,74.76,Netherlands,Mobile App,0,0
T0004435,A000323,C00198,2024-12-06 15:17:11,Card Purchase,E-commerce,-96.75,Netherlands,Card Present,0,0
T0000894,A000403,C00252,2026-01-02 07:35:01,Transfer In,,525.24,Netherlands,Mobile App,0,0
T0005273,A003613,C02210,2025-01-04 14:04:18,Card Purchase,Travel,-152.34,Belgium,Online,0,0
T0005112,A000747,C00457,2026-06-30 14:48:36,Card Purchase,Groceries,-44.69,Belgium,Card Present,0,0
T0006670,A004055,C02478,2025-07-16 04:54:46,Transfer Out,Transfer,-971.56,Netherlands,Mobile App,0,0
T0009727,A001200,C00731,2025-01-03 22:40:55,Card Purchase,E-commerce,-101.73,Luxembourg,Card Present,1,0
T0004944,A001129,C00688,2026-01-09 14:57:14,Card Purchase,Travel,-137.09,France,Card Present,0,0
T0004523,A003478,C02126,2025-02-07 17:49:37,Card Purchase,Fuel,-86.54,Belgium,Card Present,0,0
T0009310,A003329,C02038,2026-01-03 05:10:47,Cash Withdrawal,Cash,-40,Netherlands,ATM,0,0
T0009167,A001272,C00779,2026-01-23 06:04:16,Card Purchase,Groceries,-177.51,Belgium,Online,0,0
T0006738,A003280,C02011,2026-01-30 03:10:25,Transfer Out,Transfer,-557.86,Germany,Mobile App,0,0
T0008067,A004058,C02480,2026-08-22 09:21:23,Transfer Out,Transfer,-314.08,Luxembourg,Bank Transfer,0,0
T0000757,A004064,C02483,2024-02-04 19:22:57,Direct Debit,Housing,-903.33,France,Direct Debit,0,0
T0006813,A000591,C00364,2024-08-05 06:26:06,Card Purchase,Travel,-518.72,Belgium,Card Present,0,0
T0007381,A002365,C01453,2025-01-27 18:32:05,Transfer Out,Transfer,-705.57,Belgium,Mobile App,0,0
T0000225,A002670,C01630,2025-02-24 12:02:34,Transfer In,Transfer,170.98,Belgium,Bank Transfer,0,0
T0005626,A003553,C02170,2024-12-11 06:49:35,Transfer Out,Transfer,-242.93,Luxembourg,Bank Transfer,0,0
T0004918,A002383,C01464,2026-03-23 22:59:08,Card Purchase,Dining,-39.8,Belgium,Card Present,0,0
T0006466,A001592,C00980,2024-07-30 16:55:02,Transfer Out,Transfer,-265.43,Belgium,Mobile App,0,0
T0002032,A001478,C00908,2024-12-07 18:13:15,Transfer In,Transfer,537.28,Belgium,Bank Transfer,0,0
T0006842,A000375,C00234,2026-07-05 18:11:34,Card Purchase,Retail,-114.39,Netherlands,Online,0,0
T0005587,A000844,C00515,2025-04-14 12:32:25,Card Purchase,Healthcare,-89.01,Netherlands,Card Present,0,0
T0001845,A002087,C01281,2024-05-23 08:37:31,Transfer In,Transfer,591.61,France,Mobile App,0,0
T0000119,A000772,C00473,2025-08-01 04:13:03,Transfer Out,Transfer,-413.3,Netherlands,Bank Transfer,0,0
T0005252,A002749,C01679,2024-04-05 08:13:12,Transfer In,Transfer,349.31,France,Bank Transfer,0,0
T0007068,A003968,C02426,2024-01-20 10:50:03,Direct Debit,Insurance,-161.37,Netherlands,Direct Debit,0,0
T0002069,A001908,C01172,2026-05-07 03:39:35,Card Purchase,Entertainment,-27.44,France,Online,0,0
T0006177,A001627,C01000,2024-12-16 03:08:54,Card Purchase,E-commerce,-66.4,France,Card Present,0,0
T0003564,A003570,C02184,2024-11-11 21:12:57,Transfer In,Transfer,370.6,Belgium,Bank Transfer,0,0
T0004833,A001179,C00719,2024-05-20 05:03:28,Direct Debit,Utilities,-166.53,Belgium,Direct Debit,0,0
T0005098,A003573,C02186,2024-03-28 23:35:19,Direct Debit,Subscriptions,-29.08,Netherlands,Direct Debit,0,0
T0004043,A002450,C01506,2025-08-28 01:40:59,Direct Debit,Housing,-722.76,Netherlands,Direct Debit,0,0
T0001509,A000574,C00355,2025-10-20 12:52:10,Transfer Out,Transfer,-143.23,Belgium,Bank Transfer,0,0
T0007012,A001160,C00707,2026-01-04 15:21:07,Card Purchase,Healthcare,-14.95,Belgium,Card Present,0,0
T0004919,A002810,C01717,2025-06-06 10:37:15,Transfer Out,Transfer,-37.14,France,Mobile App,0,0
T0003964,A003493,C02136,2025-10-10 10:26:37,Transfer In,Transfer,169.91,France,Mobile App,0,0
T0000941,A002975,C01819,2026-07-30 13:32:33,Transfer In,Transfer,254.04,Belgium,Mobile App,0,0
T0001362,A003105,C01900,2025-01-08 08:53:18,Card Purchase,Retail,-36.19,Belgium,Online,0,0
T0009121,A000967,C00591,2025-11-13 16:55:31,Transfer In,Transfer,570.48,Belgium,Mobile App,0,0
T0008964,A003117,C01907,2025-12-30 21:40:25,Transfer In,Transfer,28.32,Germany,Mobile App,0,0
T0004455,A002999,C01835,2025-03-09 00:26:10,Transfer In,Transfer,235.13,Netherlands,Mobile App,0,0
T0001253,A002522,C01545,2026-06-02 13:38:40,Transfer Out,Transfer,-126.28,Belgium,Mobile App,0,0
T0006884,A000946,C00577,2025-08-02 08:42:15,Transfer In,Transfer,937.25,Netherlands,Bank Transfer,0,1
T0002800,A002640,C01615,2024-01-21 17:02:52,Transfer In,Transfer,50.65,France,Mobile App,0,0
T0002939,A000711,C00434,2024-01-29 09:59:54,Transfer In,Transfer,216.74,Belgium,Bank Transfer,0,0
T0007644,A003165,C01936,2025-12-08 16:16:23,Interest,Interest,16.41,Netherlands,Mobile App,0,0
T0006698,A000613,C00377,2025-07-18 01:31:06,Card Purchase,Groceries,-83.44,Belgium,Card Present,0,0
T0004581,A001007,C00615,2025-01-18 08:06:37,Transfer In,Transfer,477.32,Netherlands,Bank Transfer,0,0
T0002488,A003048,C01869,2025-02-21 17:14:47,Interest,Interest,13.36,Belgium,Bank Transfer,0,0
T0008190,A002969,C01815,2024-06-15 01:48:54,Card Purchase,Travel,-133.32,France,Card Present,0,0
T0003448,A003950,C02416,2025-09-12 21:03:33,Direct Debit,Subscriptions,-22.69,Belgium,Direct Debit,0,0
T0003315,A001066,C00648,2024-01-30 04:05:33,Transfer Out,Transfer,-251.18,Netherlands,Bank Transfer,0,0
T0001035,A000044,C00026,2025-10-24 19:38:27,Interest,Interest,15.54,Belgium,Mobile App,0,0
T0008724,A000042,C00024,2026-04-23 09:57:48,Card Purchase,Travel,-330.88,Luxembourg,Card Present,1,0
T0004928,A002500,C01533,2025-12-27 12:14:24,Transfer Out,Transfer,-616.44,France,Bank Transfer,0,0
T0009381,A003350,C02050,2026-06-16 13:42:17,Transfer In,Transfer,232.86,Germany,Bank Transfer,0,0
T0005819,A002130,C01306,2025-05-07 02:50:25,Card Purchase,Travel,-391.74,France,Card Present,0,0
T0005042,A000188,C00116,2024-09-23 00:47:01,Card Purchase,Groceries,-52.41,Belgium,Online,0,0
T0003161,A001668,C01026,2025-04-25 11:53:09,Transfer In,Transfer,194.31,Belgium,Mobile App,0,0
T0001920,A003900,C02387,2024-04-02 00:56:48,Interest,Interest,7.6,France,Mobile App,0,0
T0006161,A002609,C01597,2025-08-03 16:54:33,Card Purchase,E-commerce,-300.7,Netherlands,Online,0,1
T0009644,A004035,C02464,2026-06-27 20:38:57,Transfer In,Transfer,148.2,Belgium,Mobile App,0,0
T0003246,A002399,C01474,2025-06-11 04:25:05,Salary,Salary,1529.22,France,Bank Transfer,0,0
T0000794,A002875,C01755,2025-07-11 20:04:37,Direct Debit,Utilities,-111.18,France,Direct Debit,0,0
T0007112,A001220,C00743,2024-11-03 21:35:54,Transfer In,Transfer,111.16,Germany,Mobile App,0,0
T0001562,A000124,C00074,2026-02-22 20:01:54,Card Purchase,E-commerce,-176.21,Belgium,Online,0,0
T0000300,A000419,C00261,2024-09-28 20:57:27,Card Purchase,Dining,-99.93,France,Card Present,0,0
T0002148,A001775,C01097,2026-07-13 11:02:14,Cash Withdrawal,Cash,-40,Germany,ATM,0,0
T0000828,A001123,C00684,2026-04-18 13:34:42,Card Purchase,Dining,-100.09,France,Card Present,0,0
T0007231,A003368,C02061,2024-08-16 13:52:37,Card Purchase,Travel,-300.11,Belgium,Card Present,0,0
T0000039,A001384,C00848,2024-12-08 19:02:05,Transfer In,Transfer,85.32,Netherlands,Bank Transfer,0,0
T0005833,A000650,C00399,2025-01-09 11:25:36,Salary,Salary,1896.28,France,Bank Transfer,0,0
T0001909,A004038,C02465,2024-07-02 10:51:30,Direct Debit,Utilities,-106.69,France,Direct Debit,0,0
T0000578,A003833,C02342,2025-01-13 15:18:23,Transfer Out,Transfer,-445.53,Belgium,Bank Transfer,0,0
T0007128,A004049,C02474,2026-04-21 22:59:40,Card Purchase,Dining,-53.88,Belgium,Card Present,0,0
T0006937,A003356,C02054,2026-01-17 05:23:45,Card Purchase,Retail,-47.75,Belgium,Online,0,0
T0009613,A000515,C00320,2025-04-24 10:44:02,Transfer In,Transfer,341.62,Belgium,Mobile App,0,0
T0008445,A003329,C02038,2024-03-10 05:19:53,Direct Debit,Utilities,-153.02,Netherlands,Direct Debit,0,0
T0006283,A001654,C01017,2024-05-02 03:56:50,Card Purchase,Entertainment,-67.34,Belgium,Online,0,0
T0009234,A000611,C00376,2025-10-28 02:19:35,Direct Debit,Housing,-560.75,Belgium,Direct Debit,0,0
T0008473,A000392,C00243,2025-05-08 07:24:18,Interest,Interest,9.42,Netherlands,Bank Transfer,0,0
T0003035,A002944,C01800,2024-10-11 00:29:08,Transfer In,Transfer,202.69,Netherlands,Mobile App,0,0
T0001129,A001658,C01019,2024-12-14 12:07:19,Cash Withdrawal,Cash,-250,Belgium,ATM,0,0
T0006289,A000686,C00420,2024-02-06 14:58:28,Card Purchase,Groceries,-45.05,Netherlands,Card Present,0,0
T0002283,A001522,C00935,2026-06-19 05:46:09,Card Purchase,Dining,-21.43,Netherlands,Card Present,0,0
T0008364,A000020,C00012,2025-02-25 16:37:00,Transfer Out,Transfer,-605.48,France,Mobile App,0,1
T0001662,A002614,C01599,2026-03-10 22:12:55,Transfer In,,99.52,Belgium,Bank Transfer,0,0
T0000469,A003599,C02202,2025-02-19 14:12:39,Direct Debit,Telecom,-45.44,Netherlands,Direct Debit,0,0
T0006945,A000781,C00479,2024-05-12 18:45:50,Direct Debit,Subscriptions,-21.94,Belgium,Direct Debit,0,0
T0000121,A001923,C01182,2024-02-18 00:54:50,Transfer Out,Transfer,-279.51,Netherlands,Mobile App,0,0
T0007922,A001278,C00783,2025-04-08 11:18:00,Cash Withdrawal,Cash,-80,Belgium,ATM,0,0
T0007581,A002209,C01355,2026-01-10 08:49:32,Transfer In,Transfer,362.13,Netherlands,Mobile App,0,0
T0001335,A002470,C01516,2025-10-04 21:37:08,Transfer Out,Transfer,-604.33,Germany,Bank Transfer,0,0
T0000297,A002113,C01298,2024-11-03 02:26:57,Cash Withdrawal,Cash,-200,Belgium,ATM,0,0
T0009297,A001925,C01183,2025-05-02 05:19:01,Interest,Interest,5.56,France,Bank Transfer,0,0
T0000739,A000712,C00435,2024-10-14 22:53:32,Direct Debit,Subscriptions,-21.93,France,Direct Debit,0,0
T0005681,A002024,C01242,2024-06-05 03:14:34,Salary,Salary,4612.95,Netherlands,Mobile App,0,0
T0001945,A001083,C00660,2026-07-13 07:00:22,Transfer In,Transfer,956.21,Netherlands,Mobile App,0,0
T0005299,A003012,C01844,2024-12-10 10:06:06,Card Purchase,Dining,-41.61,Belgium,Online,0,0
T0001548,A001544,C00948,2024-10-12 01:29:22,Transfer In,Transfer,1191.92,Belgium,Mobile App,0,0
T0008463,A002510,C01539,2026-06-20 20:35:21,Direct Debit,Housing,-1032.83,Luxembourg,Direct Debit,0,0
T0000402,A003483,C02130,2025-04-27 19:34:22,Direct Debit,Subscriptions,-19.07,Netherlands,Direct Debit,0,0
T0009784,A001516,C00931,2026-04-09 03:51:44,Card Purchase,Dining,-62.36,Belgium,Card Present,0,0
T0004536,A000482,C00299,2024-08-31 13:44:29,Transfer Out,Transfer,-32.6,Belgium,Bank Transfer,0,0
T0007851,A002686,C01639,2026-07-28 15:46:37,Transfer Out,Transfer,-78.73,Germany,Mobile App,0,0
T0008452,A003636,C02224,2026-02-17 16:43:34,Direct Debit,Insurance,-127.59,Belgium,Direct Debit,0,0
T0005700,A002979,C01821,2026-01-27 10:30:30,Card Purchase,Dining,-81.32,Germany,Card Present,0,0
T0000550,A000667,C00409,2024-06-21 14:33:33,Card Purchase,Healthcare,-41.3,Belgium,Card Present,0,0
T0005920,A003279,C02011,2025-12-20 19:46:01,Card Purchase,Dining,-37.26,Germany,Card Present,0,0
T0005735,A000045,C00026,2025-08-16 20:16:57,Salary,Salary,8944.14,Belgium,Bank Transfer,0,0
T0006102,A003843,C02348,2024-12-22 23:53:32,Transfer Out,Transfer,-173.94,Belgium,Bank Transfer,0,0
T0008863,A002287,C01406,2026-03-12 15:29:51,Transfer In,Transfer,567.49,Germany,Mobile App,0,0
T0005224,A003572,C02185,2026-08-30 09:58:55,Card Purchase,Entertainment,-22.84,Netherlands,Card Present,0,0
T0004655,A002036,C01249,2025-11-19 03:28:30,Transfer Out,Transfer,-233.65,Germany,Mobile App,0,0
T0007396,A001548,C00950,2025-09-18 07:42:00,Card Purchase,Entertainment,-38.2,Spain,Online,1,0
T0002433,A001479,C00909,2026-05-24 00:07:02,Transfer Out,Transfer,-240.47,Belgium,Mobile App,0,0
T0000553,A003277,C02009,2025-04-01 09:36:12,Card Purchase,Dining,-17.81,France,Mobile App,0,0
T0002891,A001626,C00999,2025-05-20 18:11:46,Card Purchase,E-commerce,-157.89,Belgium,Online,0,0
T0005012,A003072,C01884,2025-09-22 23:55:46,Transfer In,Transfer,898.12,Luxembourg,Bank Transfer,0,0
T0008635,A002878,C01756,2025-03-24 09:49:23,Transfer In,Transfer,177.46,Germany,Mobile App,0,0
T0006051,A001894,C01163,2026-02-03 19:48:18,Direct Debit,Housing,-1175.12,France,Direct Debit,0,0
T0004292,A001518,C00932,2026-04-18 11:21:28,Card Purchase,Fuel,-63.73,Germany,Online,0,0
T0008155,A000135,C00081,2024-07-23 12:06:06,Transfer Out,Transfer,-434.39,Belgium,Mobile App,0,1
T0003549,A000430,C00268,2026-04-30 14:42:06,Transfer In,Transfer,555.41,Netherlands,Mobile App,0,0
T0008730,A003495,C02137,2026-04-21 14:48:44,Cash Withdrawal,Cash,-150,Belgium,ATM,0,0
T0009291,A000604,C00372,2025-09-21 06:15:24,Transfer In,Transfer,138.82,France,Mobile App,0,0
T0008749,A000103,C00061,2026-05-19 11:54:48,Transfer In,Transfer,257.05,Belgium,Bank Transfer,0,0
T0006943,A003705,C02264,2026-03-18 08:27:44,Transfer Out,Transfer,-92.0,Belgium,Bank Transfer,0,0
T0003822,A003345,C02047,2026-01-20 04:37:30,Card Purchase,Retail,-173.29,Belgium,Online,0,0
T0006427,A003740,C02286,2025-05-20 15:57:24,Cash Withdrawal,Cash,-200,France,ATM,0,0
T0008512,A001867,C01148,2025-01-13 10:11:23,Direct Debit,Telecom,-80.58,Germany,Direct Debit,0,0
T0005459,A001760,C01088,2025-09-06 04:48:47,Transfer Out,Transfer,-100.15,Germany,Bank Transfer,0,0
T0000032,A003880,C02372,2024-06-19 11:05:05,Salary,Salary,2719.05,Belgium,Mobile App,0,0
T0004088,A001084,C00661,2025-02-22 18:05:46,Transfer In,Transfer,68.57,Belgium,Mobile App,0,0
T0009382,A000324,C00199,2025-09-17 10:05:28,Transfer Out,Transfer,-104.88,France,Mobile App,0,0
T0003083,A001173,C00715,2026-01-05 05:01:38,Transfer In,Transfer,613.11,Netherlands,Bank Transfer,0,0
T0000795,A000515,C00320,2026-06-26 10:46:45,Transfer In,Transfer,1890.79,Belgium,Mobile App,0,0
T0001309,A003372,C02063,2025-05-03 12:49:04,Card Purchase,Retail,-90.04,Belgium,Online,0,0
T0007307,A003437,C02103,2025-07-02 15:42:17,Card Purchase,Dining,-31.14,Germany,Online,0,0
T0006023,A000709,C00432,2024-03-18 06:32:44,Transfer In,Transfer,349.66,France,Mobile App,0,0
T0003537,A003391,C02073,2025-04-01 19:43:50,Transfer In,Transfer,1246.24,Belgium,Mobile App,0,0
T0003313,A000243,C00153,2026-02-04 03:33:58,Transfer In,Transfer,262.4,Germany,Mobile App,0,0
T0006418,A001472,C00903,2025-06-23 12:27:49,Direct Debit,Utilities,-87.75,Belgium,Direct Debit,0,0
T0008861,A000729,C00446,2024-06-27 08:20:47,Card Purchase,Healthcare,-84.43,Germany,Online,0,0
T0008698,A002305,C01415,2025-11-29 18:06:30,Card Purchase,Entertainment,-63.75,Belgium,Online,0,0
T0008996,A001907,C01172,2025-07-24 19:05:56,Card Purchase,Entertainment,-19.97,France,Online,0,0
T0006381,A000293,C00183,2026-07-16 03:26:20,Transfer Out,Transfer,-757.13,Belgium,Mobile App,0,0
T0003418,A001066,C00648,2025-02-10 14:23:40,Transfer Out,Transfer,-318.42,Netherlands,Mobile App,0,0
T0001604,A002092,C01284,2026-01-28 13:36:35,Direct Debit,Telecom,-61.07,Belgium,Direct Debit,0,0
T0007385,A000633,C00389,2026-02-17 09:02:11,Interest,Interest,15.49,Belgium,Bank Transfer,0,0
T0001751,A000867,C00530,2026-07-27 12:47:52,Card Purchase,Entertainment,-19.67,France,Card Present,0,0
T0007511,A003690,C02255,2026-04-24 11:05:45,Transfer Out,Transfer,-53.42,France,Mobile App,0,0
T0009676,A001428,C00876,2024-10-26 03:39:51,Card Purchase,Travel,-224.56,Belgium,Online,0,0
T0000777,A003345,C02047,2025-08-27 15:59:21,Card Purchase,Travel,-440.52,Belgium,Online,0,0
T0004326,A003991,C02440,2026-01-05 12:35:29,Cash Withdrawal,Cash,-100,Belgium,ATM,0,0
T0005911,A003597,C02201,2024-11-25 14:34:14,Direct Debit,Utilities,-168.73,Belgium,Direct Debit,0,0
T0004876,A001177,C00717,2026-01-15 02:04:50,Transfer Out,Transfer,-574.33,Belgium,Bank Transfer,0,0
T0009517,A001162,C00708,2025-11-18 18:24:15,Card Purchase,E-commerce,-65.67,Netherlands,Card Present,0,0
T0004223,A003493,C02136,2025-04-08 20:01:16,Transfer In,Transfer,273.81,France,Mobile App,0,0
T0003693,A003963,C02424,2025-12-05 12:14:52,Transfer In,Transfer,293.16,Belgium,Bank Transfer,0,1
T0007430,A000158,C00095,2024-09-07 23:03:56,Card Purchase,Travel,-312.1,France,Card Present,0,0
T0003896,A002531,C01551,2025-09-22 10:24:20,Cash Withdrawal,Cash,-100,Germany,ATM,0,0
T0008745,A002576,C01581,2025-10-25 14:52:54,Card Purchase,Groceries,-41.74,Spain,Online,1,1
T0002632,A000147,C00089,2024-03-23 11:52:58,Direct Debit,Housing,-705.76,Germany,Direct Debit,0,0
T0002229,A001962,C01203,2024-07-11 22:21:05,Transfer In,Transfer,16.13,Belgium,Bank Transfer,0,0
T0007080,A001120,C00683,2026-05-12 10:19:38,Transfer In,Transfer,159.07,Belgium,Bank Transfer,0,0
T0005638,A000058,C00034,2026-07-30 08:43:59,Card Purchase,Entertainment,-46.9,Belgium,Online,0,0
T0000967,A003325,C02036,2025-05-11 08:43:33,Direct Debit,Insurance,-90.73,Germany,Direct Debit,0,0
T0001190,A002182,C01337,2026-06-28 06:56:15,Card Purchase,Groceries,-60.65,Luxembourg,Online,0,0
T0006053,A000708,C00432,2025-12-12 05:34:45,Cash Withdrawal,Cash,-150,France,ATM,0,0
T0009554,A003492,C02136,2026-01-21 10:46:13,Card Purchase,E-commerce,-63.58,France,Card Present,0,0
T0008957,A003656,C02236,2025-10-12 20:51:06,Cash Withdrawal,Cash,-100,France,ATM,0,0
T0004563,A001534,C00942,2024-03-15 07:30:51,Transfer Out,Transfer,-455.01,Belgium,Bank Transfer,0,0
T0000560,A003958,C02419,2024-07-15 00:57:59,Card Purchase,Groceries,-30.83,Belgium,Online,0,0
T0005541,A001247,C00763,2024-04-09 23:41:33,Transfer In,Transfer,378.15,Belgium,Mobile App,0,0
T0008383,A001079,C00657,2026-01-15 10:45:32,Salary,Salary,2393.0,Germany,Mobile App,0,0
T0006925,A002277,C01399,2024-07-14 06:14:30,Transfer Out,Transfer,-213.16,Germany,Bank Transfer,0,0
T0005992,A003696,C02259,2024-09-07 22:58:22,Salary,Salary,3588.85,Netherlands,Mobile App,0,0
T0004234,A000803,C00490,2026-07-21 07:17:04,Cash Withdrawal,Cash,-20,Belgium,ATM,0,0
T0008241,A001198,C00730,2025-05-04 13:02:00,Card Purchase,Groceries,-50.93,Netherlands,Online,0,0
T0003885,A003075,C01885,2026-02-22 11:40:28,Transfer In,Transfer,942.59,Belgium,Bank Transfer,0,0
T0007017,A002251,C01383,2024-11-08 09:26:40,Transfer In,Transfer,180.01,Germany,Mobile App,0,0
T0003947,A002001,C01228,2024-08-27 06:08:57,Card Purchase,Groceries,-132.57,Belgium,Card Present,0,0
T0009489,A003466,C02118,2024-07-26 17:49:02,Transfer In,Transfer,70.82,Belgium,Mobile App,0,0
T0003911,A002680,C01635,2024-10-23 16:26:15,Card Purchase,Fuel,-40.34,Belgium,Card Present,0,0
T0003994,A001630,C01003,2025-11-26 17:53:46,Transfer Out,Transfer,-502.0,Germany,Bank Transfer,0,0
T0009751,A000274,C00170,2026-03-24 04:47:28,Transfer In,Transfer,353.13,Germany,Mobile App,0,0
T0004476,A003916,C02396,2025-03-21 15:37:20,Card Purchase,Groceries,-38.73,Netherlands,Card Present,0,0
T0001365,A003714,C02269,2025-11-11 12:27:29,Transfer Out,Transfer,-57.26,France,Bank Transfer,0,0
T0008442,A001077,C00655,2025-03-21 02:47:14,Transfer In,Transfer,340.66,Netherlands,Bank Transfer,0,0
T0005067,A000331,C00204,2026-07-09 00:34:11,Transfer In,Transfer,108.54,Netherlands,Mobile App,0,0
T0003926,A002850,C01741,2025-12-03 20:38:18,Card Purchase,Groceries,-60.68,Germany,Online,0,0
T0009699,A002184,C01338,2026-01-12 23:55:28,Card Purchase,Dining,-131.97,Germany,Online,0,0
T0008073,A000403,C00252,2025-08-05 23:04:06,Transfer In,Transfer,224.02,Netherlands,Mobile App,0,0
T0004915,A003009,C01842,2024-07-20 14:50:14,Card Purchase,Entertainment,-20.68,Belgium,Card Present,0,0
T0007412,A002974,C01818,2025-07-27 09:45:25,Transfer Out,Transfer,-881.88,Belgium,Bank Transfer,0,0
T0004972,A003927,C02402,2026-06-29 14:56:08,Transfer In,Transfer,318.14,Belgium,Mobile App,0,0
T0006010,A001053,C00642,2024-01-26 14:04:47,Transfer In,Transfer,268.28,Germany,Bank Transfer,0,0
T0006598,A001183,C00722,2024-12-16 05:20:37,Transfer In,Transfer,153.07,France,Mobile App,0,0
T0002868,A004009,C02451,2024-07-16 18:48:37,Transfer Out,Transfer,-451.48,Germany,Mobile App,0,0
T0001444,A001687,C01038,2026-04-21 20:08:57,Card Purchase,Groceries,-81.64,France,Card Present,0,0
T0007685,A002597,C01591,2026-05-19 07:02:15,Card Purchase,Retail,-105.43,Netherlands,Card Present,0,0
T0009320,A000526,C00325,2026-08-26 17:01:47,Card Purchase,Retail,-36.64,Netherlands,Online,0,0
T0009152,A003937,C02409,2024-12-16 15:25:47,Transfer In,Transfer,783.53,Luxembourg,Bank Transfer,0,0
T0000983,A000715,C00437,2026-08-21 13:44:37,Direct Debit,Telecom,-94.51,Belgium,Direct Debit,0,0
T0005398,A001385,C00849,2026-02-21 19:04:37,Card Purchase,Groceries,-117.19,France,Card Present,0,0
T0002105,A001524,C00937,2024-09-14 15:00:31,Card Purchase,Healthcare,-51.72,Germany,Card Present,0,0
T0001333,A000336,C00206,2026-08-24 05:17:37,Transfer In,Transfer,147.41,Germany,Bank Transfer,0,0
T0005063,A003126,C01911,2025-10-10 13:46:50,Transfer Out,Transfer,-501.91,France,Mobile App,0,0
T0007418,A000445,C00277,2025-06-13 17:19:02,Card Purchase,Groceries,-24.73,Belgium,Card Present,0,0
T0002367,A001657,C01018,2024-11-20 04:21:44,Card Purchase,E-commerce,-95.24,Germany,Card Present,0,0
T0008867,A003321,C02034,2024-04-02 04:40:21,Card Purchase,E-commerce,-84.2,Belgium,Online,0,0
T0001447,A001598,C00983,2025-11-24 21:34:02,Card Purchase,Entertainment,-18.3,Belgium,Card Present,0,0
T0001451,A003311,C02029,2025-04-06 00:58:32,Card Purchase,E-commerce,-45.26,Luxembourg,Mobile App,0,0
T0009072,A001260,C00770,2024-12-18 02:37:28,Card Purchase,E-commerce,-127.1,Germany,Online,0,0
T0004577,A001786,C01101,2024-04-15 09:52:33,Transfer In,Transfer,18.51,Belgium,Bank Transfer,0,0
T0000306,A002213,C01357,2024-08-24 04:31:14,Direct Debit,Insurance,-105.99,Belgium,Direct Debit,0,0
T0007504,A000412,C00257,2024-04-22 14:16:20,Salary,Salary,3282.72,Belgium,Mobile App,0,0
T0006396,A002503,C01535,2024-01-21 05:19:29,Salary,Salary,4226.28,Belgium,Bank Transfer,0,0
T0002054,A002104,C01293,2024-04-22 18:24:46,Card Purchase,Dining,-29.33,France,Card Present,0,0
T0004780,A001229,C00749,2025-08-16 15:36:26,Transfer Out,Transfer,-272.59,Belgium,Mobile App,0,0
T0002846,A002600,C01593,2025-11-26 03:16:48,Direct Debit,Telecom,-66.17,Belgium,Direct Debit,0,0
T0007587,A000567,C00350,2026-07-29 03:22:15,Card Purchase,Travel,-212.36,Belgium,Online,0,0
T0006789,A003033,C01858,2024-12-26 14:54:07,Card Purchase,E-commerce,-133.65,Netherlands,Card Present,1,0
T0003795,A002982,C01823,2024-09-24 18:32:44,Transfer Out,Transfer,-237.57,Netherlands,Bank Transfer,0,0
T0009598,A001079,C00657,2025-02-09 02:20:33,Direct Debit,Telecom,-44.72,Germany,Direct Debit,0,0
T0007568,A002811,C01717,2025-08-15 08:52:00,Card Purchase,Travel,-244.64,France,Online,0,0
T0006726,A002642,C01616,2024-04-08 10:12:45,Card Purchase,Travel,-290.56,Luxembourg,Card Present,0,0
T0000773,A000393,C00244,2026-06-10 13:07:00,Cash Withdrawal,Cash,-250,Germany,ATM,0,0
T0008018,A001016,C00621,2025-07-06 06:28:26,Direct Debit,Housing,-1018.96,France,Direct Debit,0,0
T0006797,A003473,C02123,2025-07-01 04:54:59,Transfer In,Transfer,320.77,France,Mobile App,0,0
T0005079,A002300,C01412,2026-06-20 17:47:02,Transfer In,Transfer,203.47,Netherlands,Bank Transfer,0,0
T0007716,A000766,C00471,2025-11-26 17:28:07,Transfer In,Transfer,185.4,Belgium,Bank Transfer,0,0
T0009708,A003665,C02241,2026-08-19 23:41:20,Interest,Interest,10.09,Belgium,Bank Transfer,0,0
T0007139,A003998,C02444,2025-06-12 14:01:34,Card Purchase,Retail,-183.58,Luxembourg,Mobile App,0,0
T0009959,A000465,C00287,2025-12-01 01:56:33,Card Purchase,E-commerce,-164.36,Germany,Card Present,0,0
T0000457,A002944,C01800,2026-07-22 06:58:12,Transfer In,Transfer,2275.28,Netherlands,Mobile App,0,0
T0003165,A001659,C01019,2025-09-27 14:44:03,Card Purchase,Entertainment,-37.56,Belgium,Mobile App,0,0
T0007382,A000732,C00448,2025-04-03 09:54:09,Transfer Out,Transfer,-132.74,France,Bank Transfer,0,0
T0004604,A003133,C01915,2024-03-22 22:15:27,Direct Debit,Telecom,-66.96,Belgium,Direct Debit,0,0
T0003240,A000620,C00382,2025-02-17 21:42:36,Transfer In,Transfer,585.69,France,Mobile App,0,0
T0009067,A004071,C02488,2025-02-01 06:24:19,Card Purchase,Groceries,-62.51,France,Card Present,0,0
T0003785,A002819,C01720,2024-09-22 18:03:27,Transfer In,Transfer,85.16,France,Mobile App,0,0
T0004885,A001114,C00680,2026-03-06 11:00:48,Direct Debit,Telecom,-62.6,Belgium,Direct Debit,0,0
T0003742,A001627,C01000,2026-08-19 05:54:20,Transfer Out,Transfer,-255.21,France,Mobile App,0,0
T0002426,A003008,C01841,2024-01-02 13:02:04,Salary,Salary,2186.74,Netherlands,Mobile App,0,0
T0008250,A002458,C01509,2024-09-22 18:32:33,Card Purchase,E-commerce,-129.27,Germany,Card Present,0,0
T0009374,A003790,C02315,2026-08-15 14:58:51,Salary,Salary,3778.86,France,Bank Transfer,0,0
T0005102,A000237,C00150,2025-05-10 22:51:16,Direct Debit,Subscriptions,-26.04,Germany,Direct Debit,0,0
T0003579,A003881,C02372,2024-06-20 05:06:53,Interest,Interest,4.19,Belgium,Bank Transfer,0,1
T0007640,A003291,C02017,2024-07-06 23:40:50,Transfer In,Transfer,117.28,Belgium,Mobile App,0,0
T0003244,A003551,C02169,2025-10-09 07:24:58,Cash Withdrawal,Cash,-80,Germany,ATM,0,0
T0005972,A000511,C00318,2025-09-13 04:11:06,Salary,Salary,3517.87,Belgium,Mobile App,0,0
T0004300,A000776,C00475,2025-08-18 22:40:46,Transfer Out,Transfer,-319.47,Belgium,Mobile App,0,0
T0002023,A000760,C00467,2025-04-16 15:48:51,Direct Debit,Telecom,-51.72,Belgium,Direct Debit,0,0
T0008776,A001265,C00774,2025-06-24 07:16:59,Salary,Salary,2484.44,Belgium,Bank Transfer,0,0
T0004225,A000051,C00031,2025-11-02 18:58:50,Transfer Out,Transfer,-2110.96,France,Mobile App,0,0
T0003412,A000910,C00556,2024-05-06 15:58:41,Interest,Interest,2.99,Belgium,Mobile App,0,0
T0008508,A001709,C01054,2024-05-13 13:45:17,Card Purchase,Healthcare,-58.99,Germany,Mobile App,0,0
T0004942,A004084,C02498,2026-06-02 14:27:13,Transfer In,Transfer,325.71,Belgium,Mobile App,0,0
T0003534,A001095,C00667,2026-08-22 09:34:54,Transfer In,Transfer,493.72,France,Bank Transfer,0,0
T0004879,A002358,C01448,2024-09-11 14:34:30,Salary,Salary,2268.58,Germany,Mobile App,0,0
T0007057,A003580,C02190,2025-06-18 05:47:29,Direct Debit,Housing,-770.03,France,Direct Debit,0,0
T0009414,A003723,C02275,2024-09-21 01:09:54,Direct Debit,Insurance,-113.93,Belgium,Direct Debit,0,0
T0008218,A002683,C01637,2025-05-12 16:31:55,Transfer In,Transfer,319.16,Belgium,Bank Transfer,0,0
T0003907,A001562,C00958,2025-04-26 11:04:20,Transfer Out,Transfer,-109.56,Belgium,Mobile App,0,0
T0003485,A001975,C01210,2025-09-01 14:16:54,Transfer In,Transfer,983.2,Germany,Bank Transfer,0,0
T0000685,A003698,C02260,2026-02-13 13:41:07,Card Purchase,Fuel,-47.81,Netherlands,Card Present,0,0
T0008220,A000246,C00155,2024-06-27 18:06:46,Direct Debit,Housing,-1170.59,Belgium,Direct Debit,0,0
T0008411,A001692,C01041,2026-08-23 03:22:54,Transfer Out,Transfer,-35.36,France,Bank Transfer,0,0
T0003482,A000973,C00595,2026-06-12 23:23:17,Cash Withdrawal,Cash,-60,Belgium,ATM,0,0
T0000156,A003177,C01945,2024-10-13 23:34:18,Transfer In,Transfer,355.29,Netherlands,Bank Transfer,0,0
T0004838,A001404,C00862,2024-07-10 10:41:02,Card Purchase,Entertainment,-20.71,France,Card Present,0,0
T0005835,A000191,C00118,2025-04-20 14:31:00,Transfer Out,Transfer,-111.62,Belgium,Bank Transfer,0,0
T0008890,A002499,C01532,2025-01-31 07:30:46,Card Purchase,Groceries,-59.29,Belgium,Card Present,0,0
T0009840,A003377,C02065,2024-07-14 14:02:58,Direct Debit,Subscriptions,-30.6,Germany,Direct Debit,0,0
T0000532,A003875,C02368,2024-11-10 08:55:08,Transfer In,Transfer,406.85,Germany,Mobile App,0,0
T0008455,A003551,C02169,2026-01-10 22:57:47,Transfer In,Transfer,210.0,Germany,Mobile App,0,0
T0008540,A003330,C02038,2024-01-31 19:27:41,Transfer Out,Transfer,-94.07,Netherlands,Bank Transfer,0,0
T0000141,A001004,C00613,2025-03-26 06:35:03,Transfer Out,Transfer,-533.42,France,Mobile App,0,0
T0008450,A003819,C02333,2026-06-06 22:34:35,Transfer Out,Transfer,-780.41,Netherlands,Bank Transfer,0,0
T0006775,A001123,C00684,2025-04-15 13:42:43,Direct Debit,Housing,-925.41,France,Direct Debit,0,0
T0003677,A002102,C01292,2024-01-18 14:59:37,Transfer In,Transfer,1144.75,Netherlands,Mobile App,0,0
T0004578,A000634,C00389,2024-07-15 19:11:12,Card Purchase,Fuel,-25.94,Belgium,Card Present,0,0
T0007641,A002078,C01275,2024-04-24 03:12:59,Card Purchase,Travel,-353.97,Belgium,Online,0,0
T0001241,A002037,C01250,2025-10-06 10:10:56,Cash Withdrawal,Cash,-200,Netherlands,ATM,0,0
T0004226,A001288,C00790,2025-10-07 14:22:20,Card Purchase,Retail,-38.96,Belgium,Card Present,0,0
T0002611,A002236,C01373,2026-03-24 02:23:16,Transfer In,Transfer,246.16,Belgium,Bank Transfer,0,0
T0009041,A000174,C00106,2024-09-17 19:18:57,Cash Withdrawal,Cash,-40,Netherlands,ATM,0,0
T0002530,A000980,C00599,2026-01-16 18:29:12,Transfer Out,Transfer,-649.39,Netherlands,Mobile App,0,0
T0001183,A003209,C01966,2026-08-07 16:56:46,Card Purchase,Healthcare,-224.07,Belgium,Online,0,0
T0004360,A002676,C01634,2025-07-02 15:06:07,Transfer Out,Transfer,-265.94,Netherlands,Bank Transfer,0,0
T0009814,A002855,C01744,2025-07-17 16:44:54,Cash Withdrawal,Cash,-60,Belgium,ATM,0,0
T0006851,A000592,C00365,2026-07-09 18:05:44,Card Purchase,Retail,-112.84,Belgium,Card Present,0,0
T0006187,A002328,C01432,2024-08-29 05:57:32,Direct Debit,Telecom,-56.68,Netherlands,Direct Debit,0,0
T0006376,A003076,C01885,2025-07-08 14:36:04,Card Purchase,Travel,-324.47,Belgium,Card Present,0,0
T0009529,A002830,C01728,2024-03-30 04:03:00,Transfer In,Transfer,806.25,Germany,Mobile App,0,0
T0003903,A003627,C02218,2025-01-22 01:01:50,Card Purchase,Travel,-258.36,Belgium,Card Present,0,0
T0001033,A001075,C00654,2024-06-21 22:16:21,Card Purchase,Travel,-443.52,Belgium,Online,0,0
T0007814,A002626,C01606,2024-12-27 18:27:51,Transfer In,Transfer,798.35,Netherlands,Mobile App,0,0
T0003687,A001338,C00822,2024-03-09 18:09:27,Transfer Out,Transfer,-166.85,Luxembourg,Mobile App,0,0
T0008987,A002098,C01288,2026-05-03 03:38:38,Card Purchase,Retail,-117.59,Netherlands,Card Present,0,0
T0007941,A002264,C01391,2024-07-30 19:23:35,Card Purchase,Travel,-158.66,Netherlands,Card Present,0,0
T0000971,A000441,C00275,2024-04-27 12:46:37,Transfer In,,478.88,Belgium,Bank Transfer,0,0
T0001004,A003848,C02351,2026-05-23 14:20:24,Transfer In,Transfer,111.47,Belgium,Bank Transfer,0,0
T0007096,A000808,C00492,2025-07-11 00:49:02,Salary,Salary,3335.96,France,Bank Transfer,0,0
T0008471,A003049,C01869,2024-01-16 17:25:36,Transfer Out,Transfer,-52.88,Belgium,Bank Transfer,0,0
T0004789,A003754,C02292,2025-09-10 14:12:40,Transfer In,Transfer,277.22,Netherlands,Mobile App,0,0
T0006353,A001650,C01014,2024-09-05 04:42:18,Interest,Interest,10.12,Luxembourg,Bank Transfer,0,0
T0000187,A000916,C00560,2024-02-04 23:52:54,Card Purchase,Fuel,-44.05,Luxembourg,Card Present,0,0
T0006498,A000358,C00223,2025-08-07 18:47:11,Transfer In,Transfer,416.89,Belgium,Bank Transfer,0,0
T0005432,A000478,C00295,2025-02-03 13:53:12,Direct Debit,Subscriptions,-34.58,Belgium,Direct Debit,0,0
T0003832,A001442,C00885,2026-03-04 08:31:27,Transfer Out,Transfer,-305.32,Germany,Bank Transfer,0,0
T0005461,A002401,C01475,2025-02-24 15:58:28,Card Purchase,Groceries,-44.72,Belgium,Card Present,0,0
T0004166,A001290,C00791,2025-11-02 00:22:17,Card Purchase,Entertainment,-59.36,Belgium,Mobile App,0,0
T0004247,A000302,C00188,2025-10-01 15:37:18,Direct Debit,Telecom,-27.12,Netherlands,Direct Debit,0,0
T0008196,A001774,C01096,2025-04-21 16:40:02,Transfer In,Transfer,124.63,Netherlands,Bank Transfer,0,0
T0009791,A000158,C00095,2024-01-24 06:59:17,Card Purchase,Retail,-36.06,France,Online,0,0
T0002046,A002588,C01585,2024-05-12 11:00:23,Transfer In,Transfer,203.66,France,Mobile App,0,0
T0005635,A002384,C01465,2025-06-03 05:46:11,Transfer Out,Transfer,-80.69,Belgium,Bank Transfer,0,0
T0009932,A003051,C01871,2026-04-29 05:02:18,Direct Debit,Housing,-711.01,France,Direct Debit,0,0
T0008586,A002012,C01234,2026-05-31 10:35:36,Transfer In,,1328.13,Belgium,Bank Transfer,0,0
T0000546,A003818,C02333,2025-10-29 16:50:49,Transfer Out,Transfer,-662.93,Netherlands,Mobile App,0,0
T0000183,A002330,C01433,2026-01-29 04:53:24,Direct Debit,Housing,-806.63,Belgium,Direct Debit,0,0
T0008268,A002656,C01624,2025-09-28 20:31:33,Card Purchase,E-commerce,-132.89,Belgium,Online,0,0
T0008973,A003643,C02228,2024-04-18 18:41:57,Salary,Salary,4015.39,France,Bank Transfer,0,0
T0000108,A000487,C00302,2026-02-26 06:48:09,Card Purchase,Entertainment,-23.62,France,Card Present,0,0
T0008882,A000998,C00609,2024-10-01 03:12:40,Card Purchase,E-commerce,-77.54,Germany,Card Present,0,0
T0001446,A003783,C02310,2026-06-16 11:35:08,Card Purchase,Entertainment,-104.65,Belgium,Card Present,0,0
T0001006,A000867,C00530,2025-07-01 03:08:29,Card Purchase,Travel,-48.98,France,Card Present,0,0
T0009013,A000694,C00425,2024-01-21 16:34:13,Cash Withdrawal,Cash,-250,Belgium,ATM,0,0
T0004583,A000049,C00029,2025-06-10 16:51:54,Card Purchase,Travel,-450.54,Netherlands,Online,0,0
T0009277,A000758,C00465,2025-06-18 20:22:22,Card Purchase,Travel,-462.56,Belgium,Online,0,0
T0005961,A002818,C01720,2025-09-19 14:30:33,Transfer In,Transfer,255.71,France,Mobile App,0,0
T0003850,A003142,C01921,2024-07-14 16:33:42,Transfer In,Transfer,159.34,Belgium,Mobile App,0,0
T0001327,A000378,C00236,2026-01-30 01:39:54,Transfer In,Transfer,243.67,Belgium,Mobile App,0,0
T0004796,A000231,C00147,2024-07-11 08:40:47,Card Purchase,Travel,-101.09,Netherlands,Online,0,0
T0005604,A000259,C00162,2024-03-20 03:44:09,Transfer Out,Transfer,-181.19,France,Bank Transfer,0,0
T0001026,A003741,C02286,2024-01-12 15:37:54,Card Purchase,E-commerce,-41.61,Luxembourg,Card Present,1,0
T0007527,A002560,C01570,2026-04-18 06:56:24,Card Purchase,Entertainment,-21.3,France,Mobile App,0,0
T0003268,A002539,C01556,2026-04-17 07:20:24,Transfer In,Transfer,476.88,Germany,Bank Transfer,0,0
T0000613,A003158,C01932,2025-08-04 20:46:14,Direct Debit,Subscriptions,-23.98,Belgium,Direct Debit,0,0
T0002259,A003334,C02041,2025-09-29 02:32:20,Direct Debit,Housing,-709.68,France,Direct Debit,0,0
T0000312,A002272,C01397,2026-01-11 10:53:07,Card Purchase,Groceries,-106.44,France,Card Present,0,0
T0001565,A002601,C01593,2025-08-22 16:33:37,Card Purchase,Travel,-464.0,Belgium,Online,0,0
T0009912,A001317,C00811,2024-10-30 11:36:44,Salary,Salary,7339.6,Belgium,Bank Transfer,0,0
T0007124,A001474,C00905,2026-02-02 13:52:08,Cash Withdrawal,Cash,-20,Belgium,ATM,0,0
T0006683,A001138,C00694,2025-02-16 01:49:03,Transfer In,Transfer,131.11,Belgium,Bank Transfer,0,0
T0003660,A000499,C00311,2025-09-28 17:54:05,Transfer In,Transfer,1485.85,Belgium,Mobile App,0,0
T0002538,A002081,C01277,2024-07-09 20:06:44,Direct Debit,Telecom,-63.35,France,Direct Debit,0,0
T0006245,A000853,C00522,2024-02-20 17:11:36,Card Purchase,Fuel,-30.93,Netherlands,Card Present,0,0
T0005023,A003401,C02079,2025-03-29 14:28:49,Salary,Salary,4466.66,Belgium,Mobile App,0,0
T0002981,A002149,C01318,2025-09-14 16:55:37,Transfer In,Transfer,317.69,Luxembourg,Mobile App,0,0
T0006948,A002227,C01367,2026-04-01 00:27:51,Transfer In,Transfer,741.25,France,Mobile App,0,0
T0006497,A002089,C01282,2025-12-13 07:16:28,Transfer Out,Transfer,-200.68,Belgium,Bank Transfer,0,0
T0004257,A002738,C01673,2024-05-15 21:24:58,Card Purchase,Entertainment,-11.62,France,Online,0,0
T0000489,A002334,C01435,2026-07-31 09:16:30,Card Purchase,E-commerce,-177.27,Germany,Mobile App,0,0
T0004045,A003948,C02415,2026-07-31 23:55:32,Transfer Out,Transfer,-698.69,Germany,Bank Transfer,0,0
T0000004,A000661,C00406,2026-01-30 18:48:10,Card Purchase,Healthcare,-171.7,,Online,0,0
T0005332,A000201,C00127,2025-03-11 00:30:04,Transfer Out,Transfer,-237.86,Belgium,Bank Transfer,0,0
T0003234,A000069,C00041,2025-02-01 18:58:09,Card Purchase,Fuel,-93.16,Netherlands,Card Present,0,0
T0000791,A000554,C00343,2026-03-09 03:11:55,Transfer Out,Transfer,-136.56,Belgium,Mobile App,0,0
T0008083,A002023,C01241,2026-06-04 20:48:02,Transfer In,Transfer,272.24,Belgium,Mobile App,0,0
T0000860,A001964,C01205,2026-08-09 04:35:01,Transfer Out,Transfer,-47.3,Germany,Mobile App,0,0
T0003279,A002918,C01782,2024-05-27 06:44:24,Card Purchase,Dining,-33.66,Belgium,Card Present,0,0
T0005342,A001057,C00643,2024-11-04 08:52:50,Card Purchase,Entertainment,-56.5,Netherlands,Online,0,0
T0008677,A002356,C01447,2026-06-29 22:10:49,Transfer Out,Transfer,-198.27,Belgium,Bank Transfer,0,0
T0005672,A001122,C00683,2025-05-01 21:28:42,Card Purchase,Dining,-60.8,Belgium,Online,0,0
T0005138,A002546,C01560,2026-02-09 19:44:31,Transfer In,Transfer,179.88,Germany,Bank Transfer,0,0
T0009926,A003057,C01874,2024-08-29 17:04:33,Transfer Out,Transfer,-70.45,Belgium,Bank Transfer,0,0
T0007472,A001885,C01157,2024-05-30 00:41:10,Transfer Out,Transfer,-227.97,Belgium,Mobile App,0,0
T0005263,A002509,C01538,2024-03-30 10:04:55,Transfer In,Transfer,186.22,Netherlands,Bank Transfer,0,0
T0003986,A001210,C00737,2026-07-09 06:22:34,Interest,Interest,17.58,Belgium,Mobile App,0,0
T0002006,A002133,C01308,2025-06-05 15:59:54,Card Purchase,Groceries,-71.0,Luxembourg,Mobile App,0,0
T0000778,A000460,C00285,2026-07-26 11:19:28,Transfer Out,Transfer,-637.53,France,Mobile App,0,0
T0002770,A003249,C01991,2025-06-30 22:35:07,Transfer In,Transfer,186.61,Belgium,Mobile App,0,0
T0003053,A001083,C00660,2024-02-15 12:34:57,Transfer Out,Transfer,-961.14,Netherlands,Mobile App,0,0
T0006028,A002619,C01603,2024-08-08 19:40:28,Card Purchase,Travel,-300.02,Netherlands,Card Present,0,0
T0004836,A002339,C01437,2025-08-26 21:02:18,Transfer In,Transfer,331.05,Belgium,Mobile App,0,0
T0004037,A003354,C02052,2024-04-27 07:03:22,Transfer Out,Transfer,-202.56,Belgium,Mobile App,0,0
T0004106,A002314,C01423,2026-04-11 17:13:22,Card Purchase,Groceries,-69.56,Belgium,Card Present,0,0
T0009987,A003981,C02434,2024-12-24 00:02:04,Card Purchase,E-commerce,-80.9,Spain,Online,1,0
T0000763,A002780,C01700,2024-02-19 20:04:25,Card Purchase,Healthcare,-112.99,Netherlands,Online,0,0
T0000427,A001415,C00868,2026-03-12 10:28:15,Transfer Out,Transfer,-392.6,Belgium,Bank Transfer,0,0
T0005346,A001193,C00727,2024-07-23 21:25:40,Transfer Out,Transfer,-105.63,France,Bank Transfer,0,0
T0002772,A003876,C02368,2025-07-19 13:34:12,Card Purchase,Groceries,-114.11,Germany,Card Present,0,0
T0004056,A002482,C01523,2026-05-28 02:11:14,Transfer In,Transfer,308.34,Germany,Bank Transfer,0,0
T0000541,A003699,C02260,2024-05-18 20:10:06,Card Purchase,Entertainment,-7.57,Netherlands,Online,0,0
T0000857,A002480,C01522,2024-03-14 23:03:05,Card Purchase,Groceries,-53.48,France,Online,0,0
T0009976,A002754,C01682,2024-08-27 13:51:59,Card Purchase,Dining,-43.21,France,Card Present,0,0
T0001645,A000013,C00007,2024-09-12 02:36:46,Transfer In,Transfer,101.55,Belgium,Mobile App,0,0
T0008744,A003534,C02160,2025-01-25 13:36:07,Transfer In,Transfer,212.74,Belgium,Mobile App,0,0
T0000169,A002355,C01446,2026-08-13 21:49:41,Transfer In,Transfer,230.09,Belgium,Bank Transfer,0,0
T0008956,A003524,C02155,2024-01-04 13:58:52,Card Purchase,Entertainment,-16.69,France,Card Present,0,0
T0003960,A003736,C02284,2024-10-07 03:00:53,Card Purchase,Healthcare,-395.58,Germany,Card Present,0,0
T0004099,A003846,C02350,2024-10-14 13:53:27,Card Purchase,Groceries,-22.44,Netherlands,Card Present,0,0
T0001351,A003354,C02052,2024-08-11 15:11:46,Transfer Out,Transfer,-252.13,Belgium,Mobile App,0,0
T0008740,A000690,C00423,2025-02-23 11:46:08,Transfer In,Transfer,110.99,Belgium,Mobile App,0,0
T0003106,A003557,C02173,2025-05-14 10:40:14,Direct Debit,Subscriptions,-22.61,France,Direct Debit,0,0
T0007298,A003124,C01910,2025-06-14 14:08:53,Direct Debit,Subscriptions,-13.17,Belgium,Direct Debit,0,0
T0002899,A001642,C01008,2024-06-19 12:06:58,Transfer Out,Transfer,-105.45,Netherlands,Bank Transfer,0,0
T0003681,A003043,C01865,2026-07-09 15:08:48,Transfer In,Transfer,141.91,Belgium,Bank Transfer,0,0
T0003105,A001151,C00703,2025-06-14 15:06:52,Card Purchase,Fuel,-38.75,France,Mobile App,0,0
T0000502,A003914,C02396,2024-09-19 02:08:05,Transfer In,Transfer,399.51,Netherlands,Mobile App,0,0
T0000461,A001418,C00870,2025-12-30 17:08:42,Cash Withdrawal,Cash,-20,Netherlands,ATM,0,0
T0009686,A001248,C00763,2024-12-04 03:41:59,Transfer In,Transfer,103.95,Belgium,Bank Transfer,0,0
T0009774,A002095,C01286,2024-07-17 12:55:30,Card Purchase,Travel,-511.03,Germany,Card Present,0,0
T0004685,A000849,C00519,2026-05-17 23:32:39,Transfer In,Transfer,252.9,Netherlands,Bank Transfer,0,0
T0009054,A001670,C01026,2026-02-05 17:37:10,Card Purchase,Groceries,-52.89,Spain,Card Present,1,0
T0003733,A002032,C01247,2024-12-14 01:25:03,Transfer Out,Transfer,-157.53,Netherlands,Mobile App,0,0
T0009070,A001173,C00715,2024-12-02 16:40:17,Direct Debit,Housing,-870.62,Netherlands,Direct Debit,0,0
T0008400,A000423,C00263,2024-03-11 18:08:36,Card Purchase,Groceries,-26.61,Germany,Card Present,0,0
T0002795,A001429,C00877,2026-02-14 14:02:41,Direct Debit,Insurance,-140.77,France,Direct Debit,0,0
T0000185,A001849,C01138,2024-07-13 06:32:24,Transfer In,Transfer,952.03,Belgium,Mobile App,0,0
T0008562,A002987,C01826,2025-08-07 14:13:56,Card Purchase,Dining,-44.91,Luxembourg,Mobile App,0,0
T0008992,A003516,C02151,2026-05-09 21:18:06,Salary,Salary,3208.29,Belgium,Mobile App,0,0
T0000052,A003319,C02034,2025-03-17 07:44:00,Transfer Out,Transfer,-343.68,Belgium,Bank Transfer,0,0
T0006236,A002260,C01389,2024-09-03 19:18:17,Transfer In,Transfer,138.65,Belgium,Mobile App,0,0
T0007708,A002235,C01373,2025-10-08 07:35:08,Direct Debit,Telecom,-57.45,Belgium,Direct Debit,0,0
T0007964,A000900,C00551,2026-04-21 02:26:53,Transfer Out,Transfer,-94.9,Belgium,Bank Transfer,0,0
T0001657,A001278,C00783,2025-11-05 21:45:10,Card Purchase,Retail,-72.22,Belgium,Card Present,0,0
T0002601,A001743,C01076,2025-08-31 11:28:06,Card Purchase,E-commerce,-81.96,Belgium,Card Present,0,0
T0002348,A002027,C01244,2025-06-29 15:26:34,Card Purchase,Retail,-111.05,France,Online,0,0
T0004123,A003275,C02008,2025-10-03 19:04:26,Transfer Out,Transfer,-839.87,Netherlands,Mobile App,0,0
T0009337,A002915,C01779,2024-06-14 13:37:34,Card Purchase,Travel,-170.86,Netherlands,Card Present,0,0
T0007523,A003223,C01976,2024-01-21 19:48:38,Card Purchase,Fuel,-38.57,Germany,Online,0,0
T0002491,A003935,C02407,2025-08-22 02:01:05,Card Purchase,Travel,-174.69,Netherlands,Card Present,0,0
T0005378,A003796,C02317,2025-03-22 20:15:28,Card Purchase,E-commerce,-189.67,Netherlands,Card Present,0,0
T0006048,A001839,C01133,2024-05-13 12:35:02,Transfer In,Transfer,1912.99,France,Mobile App,0,0
T0009612,A003053,C01872,2025-12-16 00:23:59,Transfer In,Transfer,161.43,Belgium,Bank Transfer,0,0
T0003728,A001240,C00756,2024-01-25 06:06:31,Card Purchase,Healthcare,-30.46,Netherlands,Card Present,0,0
T0002869,A003590,C02195,2026-03-26 03:11:44,Transfer In,Transfer,412.5,Netherlands,Bank Transfer,0,0
T0009286,A001203,C00732,2025-04-05 16:17:57,Transfer In,Transfer,269.97,France,Bank Transfer,0,0
T0004762,A001252,C00766,2025-03-26 08:02:43,Cash Withdrawal,Cash,-80,Belgium,ATM,0,0
T0006713,A003458,C02113,2026-05-20 14:27:48,Transfer In,Transfer,192.72,France,Mobile App,0,0
T0003323,A003220,C01974,2024-09-22 08:19:58,Transfer In,Transfer,1233.49,Netherlands,Bank Transfer,0,0
T0003559,A000171,C00104,2025-01-15 07:48:08,Transfer Out,Transfer,-117.33,Belgium,Mobile App,0,0
T0008986,A002145,C01317,2024-10-22 15:49:03,Card Purchase,Travel,-509.46,Netherlands,Online,0,0
T0003631,A000651,C00400,2024-09-18 23:48:38,Transfer Out,Transfer,-610.12,Netherlands,Mobile App,0,0
T0009863,A000525,C00325,2026-03-06 14:47:42,Transfer Out,Transfer,-426.7,Netherlands,Bank Transfer,0,0
T0001169,A002355,C01446,2025-03-12 06:08:26,Transfer In,Transfer,324.56,Belgium,Mobile App,0,0
T0008656,A002511,C01540,2026-04-19 04:44:13,Card Purchase,Travel,-487.76,France,Card Present,0,0
T0007895,A000633,C00389,2025-10-05 06:22:06,Transfer Out,Transfer,-688.0,Belgium,Mobile App,0,0
T0007033,A002282,C01402,2026-04-28 07:18:46,Direct Debit,Utilities,-141.11,Belgium,Direct Debit,0,1
T0005022,A001619,C00996,2024-07-13 11:58:04,Card Purchase,Entertainment,-56.48,Netherlands,Card Present,0,0
T0008394,A001206,C00734,2025-10-10 10:53:12,Salary,Salary,3193.09,Belgium,Bank Transfer,0,0
T0006850,A001029,C00628,2025-06-20 13:48:43,Direct Debit,Subscriptions,-14.28,Netherlands,Direct Debit,0,0
T0008758,A003459,C02113,2024-03-08 23:43:53,Card Purchase,Travel,-116.61,France,Mobile App,0,0
T0007172,A001816,C01120,2026-02-04 01:31:10,Transfer Out,Transfer,-466.01,Netherlands,Mobile App,0,0
T0000210,A001338,C00822,2024-02-18 18:16:36,Transfer Out,Transfer,-457.83,Luxembourg,Bank Transfer,0,0
T0001586,A002384,C01465,2026-02-21 11:00:03,Salary,Salary,1352.73,Belgium,Bank Transfer,0,0
T0004696,A004014,C02453,2024-03-01 02:35:52,Card Purchase,Healthcare,-120.59,France,Online,0,0
T0004991,A003255,C01994,2025-11-28 21:56:46,Card Purchase,E-commerce,-81.3,France,Online,0,0
T0008832,A003249,C01991,2025-12-23 07:15:58,Transfer Out,Transfer,-466.19,Belgium,Mobile App,0,0
T0002379,A001026,C00627,2025-02-09 02:45:36,Direct Debit,Telecom,-54.56,Germany,Direct Debit,0,0
T0000790,A003503,C02142,2025-02-03 12:11:09,Card Purchase,Dining,-40.29,Belgium,Card Present,0,0
T0004746,A002168,C01329,2025-11-03 09:09:09,Salary,Salary,3078.9,Belgium,Bank Transfer,0,1
T0006893,A000150,C00091,2024-12-08 06:16:15,Card Purchase,Entertainment,-20.52,Netherlands,Card Present,0,0
T0005539,A003559,C02174,2025-09-08 02:02:20,Card Purchase,Travel,-331.65,Italy,Card Present,1,0
T0006129,A001046,C00637,2024-04-25 01:36:44,Transfer In,Transfer,468.56,Germany,Mobile App,0,0
T0009357,A000822,C00502,2024-04-04 23:12:50,Transfer Out,Transfer,-98.56,Netherlands,Bank Transfer,0,0
T0006574,A002477,C01521,2025-08-28 21:22:26,Cash Withdrawal,Cash,-20,Belgium,ATM,0,0
T0003624,A000078,C00046,2026-06-16 04:23:37,Salary,Salary,1383.67,Germany,Mobile App,0,0
T0000160,A000180,C00110,2026-05-14 07:54:32,Card Purchase,Fuel,-53.79,France,Card Present,0,0
T0003792,A001606,C00989,2024-08-01 21:50:26,Transfer Out,Transfer,-1256.35,Belgium,Bank Transfer,0,0
T0006190,A000227,C00144,2024-09-14 10:19:06,Cash Withdrawal,Cash,-250,France,ATM,0,0
T0008868,A003535,C02161,2024-09-12 15:58:26,Card Purchase,Travel,-188.33,Germany,Online,0,0
T0003069,A001840,C01133,2026-07-03 11:26:27,Card Purchase,Travel,-1191.84,France,Online,0,0
T0009938,A003880,C02372,2025-06-15 22:52:02,Salary,Salary,2540.09,Belgium,Mobile App,0,0
T0006751,A000365,C00229,2024-03-29 23:52:32,Card Purchase,Fuel,-42.91,Germany,Mobile App,0,0
T0009742,A000657,C00404,2025-04-28 15:18:41,Direct Debit,Insurance,-69.93,Belgium,Direct Debit,0,0
T0004091,A001609,C00990,2024-12-21 09:22:02,Card Purchase,Fuel,-45.59,Netherlands,Online,0,0
T0006681,A003469,C02120,2024-05-10 22:55:04,Transfer Out,Transfer,-505.6,Belgium,Bank Transfer,0,0
T0008272,A002432,C01493,2025-04-27 21:14:28,Transfer In,Transfer,777.47,Belgium,Bank Transfer,0,0
T0007700,A003538,C02162,2025-09-06 17:41:13,Card Purchase,Groceries,-30.37,Belgium,Mobile App,0,0
T0007269,A001309,C00805,2026-04-18 11:11:37,Transfer Out,Transfer,-2592.14,Belgium,Mobile App,0,0
T0003662,A002597,C01591,2024-04-15 00:39:53,Transfer Out,Transfer,-179.68,Netherlands,Bank Transfer,0,0
T0001690,A001061,C00645,2026-05-27 09:06:42,Card Purchase,Healthcare,-34.4,Netherlands,Mobile App,0,0
T0009245,A002819,C01720,2025-08-19 15:34:46,Card Purchase,Dining,-107.03,France,Card Present,0,0
T0002306,A002223,C01364,2026-02-03 20:28:28,Direct Debit,Insurance,-125.89,Germany,Direct Debit,0,0
T0005816,A000475,C00293,2024-07-30 11:22:06,Card Purchase,Travel,-128.9,Germany,Online,0,0
T0006460,A003922,C02399,2026-03-31 10:04:44,Transfer Out,Transfer,-971.62,Belgium,Mobile App,0,0
T0008649,A002307,C01417,2025-03-05 22:34:10,Transfer In,Transfer,90.42,Luxembourg,Mobile App,0,0
T0004109,A000049,C00029,2025-08-15 14:48:27,Card Purchase,E-commerce,-116.72,Netherlands,Card Present,0,0
T0009808,A002410,C01480,2024-10-25 00:26:55,Card Purchase,Fuel,-50.6,France,Card Present,0,0
T0009798,A002770,C01694,2024-04-26 08:51:00,Transfer In,Transfer,206.94,Netherlands,Mobile App,0,0
T0007980,A001930,C01184,2025-07-12 06:10:28,Transfer In,Transfer,302.97,Netherlands,Mobile App,0,0
T0007623,A001685,C01037,2025-12-05 20:12:38,Card Purchase,Dining,-55.9,France,Card Present,0,0
T0006000,A002280,C01401,2024-09-22 01:29:53,Card Purchase,Dining,-98.47,France,Mobile App,0,0
T0000862,A002884,C01760,2025-11-23 23:57:00,Card Purchase,Fuel,-22.11,Netherlands,Online,0,0
T0004403,A003086,C01891,2024-03-19 07:29:28,Interest,Interest,15.81,France,Mobile App,0,0
T0001370,A000424,C00264,2026-01-26 16:35:42,Transfer In,Transfer,867.38,France,Mobile App,0,0
T0002657,A002397,C01472,2026-06-08 05:27:22,Transfer Out,Transfer,-60.42,France,Mobile App,0,0
T0009914,A003441,C02106,2024-08-29 13:35:18,Direct Debit,Insurance,-115.3,Germany,Direct Debit,0,0
T0004105,A003646,C02230,2024-06-21 22:12:06,Transfer In,Transfer,176.27,Belgium,Mobile App,0,0
T0003422,A001202,C00732,2025-03-29 19:06:47,Direct Debit,Housing,-815.77,France,Direct Debit,0,0
T0004932,A001311,C00807,2026-05-20 20:31:24,Transfer In,Transfer,155.73,France,Mobile App,0,0
T0004424,A002456,C01508,2024-08-20 18:10:52,Transfer Out,Transfer,-116.58,Belgium,Bank Transfer,0,0
T0003647,A003008,C01841,2024-05-26 10:42:10,Card Purchase,E-commerce,-74.73,Netherlands,Card Present,0,0
T0006803,A003869,C02364,2024-04-27 09:13:00,Transfer In,Transfer,496.87,Netherlands,Bank Transfer,0,0
T0009355,A000503,C00314,2025-03-26 11:16:36,Direct Debit,Insurance,-109.26,Belgium,Direct Debit,0,0
T0006985,A002249,C01382,2025-11-09 23:32:28,Card Purchase,Fuel,-25.42,Belgium,Card Present,0,0
T0005862,A003038,C01862,2026-04-04 08:37:33,Direct Debit,Utilities,-83.98,Belgium,Direct Debit,0,0
T0006567,A002142,C01314,2025-06-01 17:04:17,Direct Debit,Subscriptions,-21.58,Belgium,Direct Debit,0,0
T0003362,A003788,C02314,2025-05-31 11:04:30,Transfer In,Transfer,550.69,Netherlands,Bank Transfer,0,0
T0001025,A001535,C00942,2025-10-30 09:30:47,Transfer Out,Transfer,-269.47,Belgium,Bank Transfer,0,0
T0002833,A001864,C01146,2026-04-23 23:19:37,Interest,Interest,14.93,Netherlands,Mobile App,0,0
T0000639,A002050,C01257,2026-05-15 19:37:24,Transfer Out,Transfer,-167.76,Netherlands,Mobile App,0,0
T0009426,A003329,C02038,2026-04-05 10:34:43,Direct Debit,Housing,-736.35,Netherlands,Direct Debit,0,0
T0006527,A001225,C00747,2024-08-05 12:01:07,Transfer Out,Transfer,-335.78,Belgium,Bank Transfer,0,0
T0002756,A000856,C00525,2025-01-17 06:55:06,Transfer Out,Transfer,-103.95,,Mobile App,0,0
T0006233,A000761,C00468,2025-02-25 06:50:18,Card Purchase,Retail,-66.0,Netherlands,Card Present,0,0
T0004192,A000865,C00529,2024-05-07 15:07:17,Salary,Salary,4395.9,Belgium,Bank Transfer,0,0
T0000426,A000807,C00492,2025-11-19 13:16:53,Transfer In,Transfer,519.83,France,Bank Transfer,0,0
T0004251,A003039,C01862,2024-05-17 12:28:44,Interest,Interest,6.99,Belgium,Bank Transfer,0,0
T0005230,A002865,C01750,2026-05-07 08:20:48,Transfer In,Transfer,130.85,Belgium,Mobile App,0,0
T0001007,A001079,C00657,2025-06-06 11:24:54,Transfer In,Transfer,587.94,Germany,Mobile App,0,0
T0004740,A003702,C02262,2024-03-26 06:33:10,Transfer In,Transfer,711.78,Germany,Bank Transfer,0,0
T0003571,A003377,C02065,2025-08-16 09:56:30,Card Purchase,Fuel,-48.15,Germany,Card Present,0,0
T0005430,A003816,C02331,2025-06-10 00:05:59,Direct Debit,Utilities,-157.56,Belgium,Direct Debit,0,0
T0001453,A000047,C00027,2025-09-25 18:40:00,Card Purchase,E-commerce,-76.86,Netherlands,Card Present,0,0
T0008158,A003472,C02123,2024-03-09 05:44:46,Direct Debit,Insurance,-79.41,France,Direct Debit,0,0
T0008101,A000974,C00595,2024-04-01 11:27:31,Transfer Out,Transfer,-262.93,Belgium,Bank Transfer,0,0
T0005938,A003536,C02162,2024-04-14 17:24:19,Interest,Interest,4.52,Belgium,Mobile App,0,0
T0007235,A003200,C01962,2026-08-11 13:15:48,Salary,Salary,2678.06,Netherlands,Mobile App,0,0
T0001256,A000400,C00249,2025-12-08 08:51:39,Card Purchase,Dining,-101.7,Netherlands,Online,0,0
T0000588,A000275,C00171,2025-08-25 08:48:10,Card Purchase,E-commerce,-128.69,Germany,Online,0,0
T0009229,A001920,C01179,2026-08-07 20:53:36,Salary,Salary,5824.38,Belgium,Bank Transfer,0,0
T0005849,A001694,C01042,2025-04-25 04:29:00,Card Purchase,Dining,-102.12,Germany,Online,0,0
T0009611,A002391,C01469,2025-11-09 17:02:29,Card Purchase,Entertainment,-55.13,France,Card Present,0,0
T0005209,A001805,C01113,2026-04-27 12:55:25,Direct Debit,Housing,-852.57,Belgium,Direct Debit,0,0
T0002370,A001966,C01206,2025-09-26 09:35:15,Direct Debit,Insurance,-128.44,Luxembourg,Direct Debit,0,0
T0002462,A000091,C00053,2025-09-03 01:36:02,Transfer In,Transfer,294.84,Germany,Mobile App,0,0
T0009998,A002934,C01793,2025-12-06 07:23:09,Transfer In,Transfer,572.62,Belgium,Mobile App,0,0
T0008938,A001861,C01144,2025-07-06 09:54:08,Card Purchase,Dining,-29.14,France,Card Present,0,0
T0002349,A000769,C00472,2025-12-09 07:14:53,Transfer In,Transfer,225.23,Belgium,Bank Transfer,0,0
T0001177,A002441,C01500,2024-09-26 14:39:18,Transfer In,Transfer,108.41,Belgium,Bank Transfer,0,0
T0005651,A001261,C00771,2026-03-05 18:17:16,Transfer Out,Transfer,-58.27,France,Bank Transfer,0,0
T0006261,A001009,C00616,2026-07-02 04:50:40,Card Purchase,Retail,-94.63,France,Card Present,0,0
T0006147,A000524,C00324,2025-11-07 00:03:57,Direct Debit,Utilities,-118.18,,Direct Debit,0,0
T0006920,A001368,C00840,2025-10-17 04:03:32,Direct Debit,Insurance,-130.45,Belgium,Direct Debit,0,0
T0001118,A003592,C02197,2025-09-25 22:45:05,Card Purchase,Fuel,-110.51,Germany,Online,0,0
T0009371,A000763,C00469,2024-06-06 10:04:00,Transfer In,Transfer,468.13,Germany,Mobile App,0,0
T0007010,A001726,C01065,2026-04-10 00:49:17,Direct Debit,Subscriptions,-25.83,Luxembourg,Direct Debit,0,0
T0002415,A000692,C00424,2025-03-26 11:30:28,Transfer Out,Transfer,-45.48,Belgium,Bank Transfer,0,0
T0000868,A003056,C01873,2024-03-09 03:25:45,Card Purchase,Travel,-212.03,Belgium,Card Present,0,0
T0001252,A002117,C01300,2024-09-09 07:58:22,Transfer In,Transfer,279.77,Belgium,Mobile App,0,0
T0003938,A002251,C01383,2026-01-04 05:54:18,Transfer In,Transfer,408.89,Germany,Bank Transfer,0,0
T0004025,A003007,C01840,2024-07-06 15:13:00,Card Purchase,Travel,-410.74,Belgium,Online,0,0
T0001844,A002637,C01612,2026-05-17 06:10:25,Cash Withdrawal,Cash,-60,Germany,ATM,0,0
T0005373,A000239,C00151,2025-12-27 12:56:51,Transfer In,Transfer,330.86,Belgium,Bank Transfer,0,0
T0008662,A001986,C01216,2026-05-09 06:40:20,Transfer Out,Transfer,-129.21,Netherlands,Mobile App,0,0
T0000582,A002701,C01651,2025-07-22 02:44:38,Transfer Out,Transfer,-198.43,France,Bank Transfer,0,0
T0004542,A001007,C00615,2024-11-01 00:54:26,Transfer Out,Transfer,-256.16,Netherlands,Bank Transfer,0,0
T0009178,A003742,C02287,2025-02-15 04:29:44,Transfer In,Transfer,96.03,France,Bank Transfer,0,0
T0007981,A001350,C00828,2026-03-20 07:37:46,Transfer Out,Transfer,-548.45,Belgium,Mobile App,0,0
T0003675,A001902,C01168,2025-01-24 08:24:33,Transfer In,Transfer,417.77,Belgium,Bank Transfer,0,0
T0005762,A000880,C00538,2024-06-09 23:37:59,Transfer In,Transfer,312.88,Germany,Bank Transfer,0,0
T0002219,A002410,C01480,2025-06-09 02:48:47,Card Purchase,Groceries,-20.23,France,Online,0,0
T0008235,A002956,C01807,2025-06-02 21:28:50,Card Purchase,Travel,-279.4,,Online,0,0
T0009698,A002443,C01500,2024-03-06 19:45:51,Card Purchase,Travel,-237.26,Belgium,Mobile App,0,0
T0006087,A003813,C02329,2024-12-09 10:43:21,Transfer Out,Transfer,-207.61,Belgium,Bank Transfer,0,0
T0008707,A001976,C01211,2024-01-26 16:59:58,Direct Debit,Subscriptions,-29.39,France,Direct Debit,0,0
T0008657,A000059,C00035,2025-05-02 09:42:34,Card Purchase,Healthcare,-74.25,Belgium,Mobile App,0,0
T0008981,A000498,C00310,2025-09-05 09:39:39,Direct Debit,Subscriptions,-26.41,Belgium,Direct Debit,0,0
T0003514,A001075,C00654,2024-08-02 12:10:43,Direct Debit,Utilities,-144.46,Belgium,Direct Debit,0,0
T0002725,A001139,C00695,2025-04-22 05:33:27,Direct Debit,Utilities,-172.28,Netherlands,Direct Debit,0,0
T0006593,A000658,C00404,2024-11-05 05:21:04,Transfer Out,Transfer,-1327.59,Belgium,Mobile App,0,0
T0008134,A001459,C00894,2026-07-09 07:17:03,Transfer In,Transfer,325.95,Luxembourg,Bank Transfer,0,0
T0008137,A002117,C01300,2025-02-23 18:56:21,Cash Withdrawal,Cash,-80,Belgium,ATM,0,0
T0004565,A001246,C00762,2025-01-05 10:12:59,Direct Debit,Utilities,-176.27,France,Direct Debit,0,0
T0006152,A002263,C01391,2024-10-03 12:15:30,Direct Debit,Utilities,-152.34,Netherlands,Direct Debit,0,0
T0007688,A001866,C01147,2024-12-23 01:24:47,Transfer In,Transfer,349.89,Germany,Bank Transfer,0,0
T0001800,A001399,C00857,2025-06-06 19:52:00,Transfer In,Transfer,281.94,Netherlands,Bank Transfer,0,0
T0006880,A001656,C01018,2025-01-01 12:37:26,Card Purchase,E-commerce,-78.6,Germany,Card Present,0,0
T0006500,A000779,C00477,2024-11-16 21:21:21,Transfer In,Transfer,272.52,Netherlands,Bank Transfer,0,0
T0006153,A001080,C00658,2024-11-03 21:02:21,Transfer Out,Transfer,-119.04,Belgium,Mobile App,0,0
T0009396,A003408,C02083,2025-08-24 19:30:17,Card Purchase,Travel,-152.05,Belgium,Card Present,0,0
T0006944,A003552,C02169,2025-01-11 16:49:53,Card Purchase,Dining,-42.68,Germany,Online,0,0
T0001314,A002475,C01519,2026-07-18 05:45:06,Transfer Out,Transfer,-323.56,Belgium,Bank Transfer,0,0
T0001322,A003492,C02136,2025-01-27 09:51:20,Cash Withdrawal,Cash,-50,France,ATM,0,0
T0000641,A000527,C00326,2024-02-21 12:37:48,Direct Debit,Utilities,-156.52,France,Direct Debit,0,0
T0006763,A003380,C02067,2024-03-26 01:46:42,Card Purchase,E-commerce,-34.33,Germany,Card Present,0,0
T0000945,A001866,C01147,2025-10-10 16:03:33,Transfer In,Transfer,138.22,Germany,Mobile App,0,0
T0009617,A001333,C00820,2026-08-18 13:54:02,Card Purchase,E-commerce,-134.36,Netherlands,Card Present,0,0
T0001273,A001860,C01144,2024-05-30 16:37:59,Transfer In,Transfer,2412.34,France,Mobile App,0,0
T0003644,A000316,C00195,2024-05-07 11:20:20,Transfer In,Transfer,351.59,Belgium,Bank Transfer,0,0
T0006135,A002936,C01794,2024-02-18 18:17:04,Direct Debit,Utilities,-118.88,Belgium,Direct Debit,0,0
T0005476,A000792,C00485,2026-01-29 01:11:01,Card Purchase,Entertainment,-22.11,Belgium,Card Present,0,0
T0005156,A000820,C00500,2025-01-12 03:56:50,Cash Withdrawal,Cash,-50,Germany,ATM,0,0
T0005159,A003451,C02110,2026-02-11 07:38:22,Transfer In,Transfer,178.2,Belgium,Mobile App,0,0
T0008641,A002311,C01421,2025-09-25 13:55:57,Transfer In,Transfer,53.86,Netherlands,Mobile App,0,0
T0008953,A001948,C01195,2025-09-09 22:41:47,Salary,Salary,3773.52,Netherlands,Mobile App,0,0
T0001671,A000888,C00543,2025-04-25 06:54:22,Card Purchase,E-commerce,-120.42,Germany,Card Present,0,0
T0006420,A002903,C01771,2025-02-20 09:35:04,Direct Debit,Telecom,-76.8,Germany,Direct Debit,0,0
T0002216,A002086,C01280,2026-07-08 22:26:23,Transfer In,Transfer,121.19,Germany,Bank Transfer,0,0
T0005615,A002350,C01442,2026-01-04 14:12:17,Transfer In,Transfer,113.8,Luxembourg,Mobile App,0,0
T0005899,A000729,C00446,2024-04-03 04:35:08,Direct Debit,Utilities,-112.23,Germany,Direct Debit,0,0
T0001084,A003380,C02067,2025-04-17 21:45:54,Card Purchase,Travel,-238.43,Germany,Online,0,0
T0007236,A003522,C02154,2024-03-17 07:31:05,Transfer Out,Transfer,-359.71,Germany,Mobile App,0,0
T0001140,A001345,C00826,2026-07-15 19:13:23,Card Purchase,Travel,-136.8,Belgium,Card Present,0,0
T0009830,A002763,C01690,2024-07-25 03:46:33,Transfer In,Transfer,72.32,Netherlands,Mobile App,0,0
T0006369,A002502,C01534,2024-12-24 00:29:09,Card Purchase,E-commerce,-101.19,Belgium,Mobile App,0,0
T0001445,A003546,C02167,2024-09-20 22:06:23,Transfer In,Transfer,314.83,Netherlands,Bank Transfer,0,0
T0005442,A001830,C01129,2026-03-09 15:38:01,Transfer In,Transfer,279.62,Netherlands,Mobile App,0,0
T0008441,A001297,C00796,2025-07-18 18:57:24,Direct Debit,Subscriptions,-21.47,Netherlands,Direct Debit,0,0
T0000441,A000958,C00584,2024-12-15 12:03:58,Card Purchase,E-commerce,-66.95,Belgium,Online,0,0
T0003712,A002439,C01498,2024-05-25 17:51:02,Card Purchase,Dining,-34.84,Germany,Card Present,0,0
T0003356,A000080,C00047,2026-07-18 04:04:46,Transfer In,Transfer,330.57,Belgium,Bank Transfer,0,0
T0001132,A002644,C01617,2026-01-12 12:07:14,Card Purchase,Retail,-120.98,Belgium,Online,0,0
T0008849,A003052,C01871,2025-01-04 08:54:42,Transfer In,Transfer,252.05,France,Bank Transfer,0,0
T0003941,A002144,C01316,2024-03-14 23:19:31,Transfer In,Transfer,269.64,Netherlands,Mobile App,0,0
T0000067,A002345,C01440,2025-04-06 23:42:57,Card Purchase,Entertainment,-28.42,Belgium,Card Present,0,0
T0004690,A003852,C02354,2024-03-27 00:35:05,Cash Withdrawal,Cash,-80,Germany,ATM,0,0
T0005168,A000690,C00423,2025-02-28 06:04:45,Transfer In,Transfer,141.05,Belgium,Mobile App,0,0
T0000208,A003324,C02035,2024-12-25 06:48:52,Card Purchase,Dining,-157.13,Netherlands,Online,0,0
T0006843,A003478,C02126,2024-07-12 04:26:29,Card Purchase,Entertainment,-59.53,Belgium,Mobile App,0,0
T0008980,A000073,C00044,2026-05-23 18:17:44,Transfer In,Transfer,139.55,Netherlands,Bank Transfer,0,0
T0004294,A003368,C02061,2024-01-10 13:08:08,Transfer Out,Transfer,-116.12,Belgium,Mobile App,0,0
T0002945,A000779,C00477,2025-01-21 05:47:05,Transfer Out,Transfer,-61.31,Netherlands,Mobile App,0,0
T0002481,A001690,C01039,2025-05-21 10:54:26,Card Purchase,Travel,-230.23,Belgium,Card Present,0,0
T0009663,A001132,C00690,2024-11-17 11:39:54,Transfer Out,Transfer,-293.01,Belgium,Bank Transfer,0,0
T0000301,A001731,C01069,2024-07-09 07:30:31,Transfer Out,Transfer,-144.01,Germany,Bank Transfer,0,0
T0007241,A000979,C00598,2024-12-04 02:11:13,Card Purchase,E-commerce,-46.0,France,Card Present,0,0
T0002714,A003672,C02246,2024-05-30 14:47:10,Transfer In,Transfer,169.42,Belgium,Mobile App,0,0
T0004902,A003122,C01909,2025-01-01 02:45:59,Transfer In,Transfer,381.71,Netherlands,Mobile App,0,0
T0006955,A003465,C02117,2024-11-03 03:31:54,Card Purchase,E-commerce,-96.22,Belgium,Online,0,0
T0005087,A001514,C00931,2025-02-22 02:50:17,Card Purchase,Dining,-70.0,Belgium,Card Present,0,0
T0001484,A002011,C01234,2025-02-15 13:42:41,Transfer In,Transfer,1252.25,Belgium,Mobile App,0,0
T0008942,A002472,C01517,2025-05-15 21:54:43,Interest,Interest,3.64,Luxembourg,Bank Transfer,0,0
T0005289,A001241,C00757,2025-06-22 02:30:08,Cash Withdrawal,Cash,-60,France,ATM,0,0
T0000240,A002531,C01551,2025-04-13 08:56:34,Salary,Salary,1940.42,Germany,Bank Transfer,0,0
T0001023,A000715,C00437,2025-10-23 02:10:59,Card Purchase,Retail,-76.16,Belgium,Card Present,0,0
T0006434,A002684,C01637,2024-07-08 19:33:40,Card Purchase,Travel,-152.07,Belgium,Card Present,0,0
T0002955,A002505,C01536,2025-02-01 04:50:30,Direct Debit,Utilities,-165.74,Belgium,Direct Debit,0,0
T0004337,A002523,C01546,2024-02-19 01:35:49,Transfer Out,Transfer,-183.2,Belgium,Mobile App,0,0
T0001702,A000967,C00591,2024-10-04 06:07:26,Transfer In,,207.45,Belgium,Bank Transfer,0,0
T0003157,A001507,C00926,2026-08-30 09:41:23,Card Purchase,Groceries,-36.82,France,Online,0,0
T0003592,A000777,C00476,2026-08-07 02:48:29,Transfer In,Transfer,381.74,Netherlands,Mobile App,0,0
T0008681,A003984,C02436,2026-04-13 09:36:34,Transfer Out,Transfer,-63.15,Belgium,Bank Transfer,0,0
T0004774,A001656,C01018,2024-01-27 03:58:00,Direct Debit,Utilities,-170.49,Germany,Direct Debit,0,0
T0006472,A000744,C00456,2025-06-24 04:53:01,Card Purchase,Groceries,-34.22,Belgium,Online,0,0
T0004692,A002787,C01704,2024-09-09 08:35:12,Interest,Interest,8.63,Germany,Mobile App,0,0
T0000671,A003233,C01981,2025-12-06 03:50:38,Transfer Out,Transfer,-215.03,Belgium,Mobile App,0,0
T0007451,A001527,C00938,2025-11-15 03:22:53,Transfer Out,Transfer,-467.08,Belgium,Mobile App,0,0
T0002145,A000643,C00395,2024-08-22 09:36:33,Interest,Interest,3.48,Netherlands,Bank Transfer,0,0
T0006257,A002427,C01490,2025-03-04 18:28:34,Transfer In,Transfer,152.05,Germany,Bank Transfer,0,0
T0007366,A000472,C00291,2026-07-18 22:13:16,Direct Debit,Utilities,-136.28,Germany,Direct Debit,0,0
T0001808,A002618,C01602,2025-07-20 01:05:16,Card Purchase,Retail,-96.63,Belgium,Online,0,0
T0002482,A003207,C01965,2026-05-10 12:20:17,Transfer Out,Transfer,-509.9,Netherlands,Mobile App,0,0
T0008076,A003885,C02375,2026-01-12 17:16:13,Card Purchase,Travel,-134.42,Netherlands,Card Present,0,0
T0005310,A003491,C02135,2026-07-20 11:02:10,Card Purchase,Travel,-564.7,Belgium,Online,0,0
T0004519,A002359,C01448,2025-03-26 22:43:32,Transfer In,Transfer,728.64,Germany,Bank Transfer,0,0
T0001635,A001297,C00796,2025-09-20 17:56:28,Direct Debit,Subscriptions,-20.65,Netherlands,Direct Debit,0,0
T0009989,A001800,C01111,2026-01-03 12:14:15,Cash Withdrawal,Cash,-200,Belgium,ATM,0,0
T0000415,A003872,C02366,2024-10-27 14:43:50,Cash Withdrawal,Cash,-200,Germany,ATM,0,0
T0008242,A000078,C00046,2026-01-26 08:43:56,Card Purchase,Healthcare,-34.81,Germany,Card Present,0,0
T0005020,A000143,C00087,2024-12-19 12:35:33,Transfer Out,Transfer,-373.93,Belgium,Mobile App,0,0
T0003363,A000141,C00086,2024-09-11 07:26:17,Transfer In,Transfer,244.46,France,Mobile App,0,0
T0003840,A003336,C02042,2024-10-21 12:43:52,Salary,Salary,3242.97,Netherlands,Bank Transfer,0,0
T0000272,A003690,C02255,2025-03-31 12:30:33,Transfer In,Transfer,430.22,France,Bank Transfer,0,0
T0005964,A004083,C02497,2024-05-29 20:09:42,Transfer Out,Transfer,-122.34,Netherlands,Mobile App,0,0
T0003066,A002003,C01230,2024-03-22 06:28:53,Direct Debit,Housing,-776.28,Germany,Direct Debit,0,0
T0001528,A000086,C00050,2026-07-06 04:28:00,Direct Debit,Subscriptions,-26.29,Germany,Direct Debit,0,0
T0009312,A003573,C02186,2025-03-01 22:25:15,Card Purchase,Entertainment,-27.28,Netherlands,Online,0,0
T0002217,A003352,C02051,2026-05-23 13:17:22,Transfer In,Transfer,305.53,Belgium,Mobile App,0,0
T0006246,A000191,C00118,2024-09-30 18:38:46,Interest,Interest,10.55,Belgium,Bank Transfer,0,0
T0009606,A002508,C01538,2026-04-27 05:21:22,Card Purchase,E-commerce,-68.32,Netherlands,Online,0,0
T0003355,A002322,C01428,2025-02-03 06:32:28,Transfer In,Transfer,19.82,Belgium,Bank Transfer,0,0
T0004443,A000404,C00252,2025-07-01 13:02:28,Card Purchase,Travel,-348.14,Netherlands,Mobile App,0,0
T0002179,A000047,C00027,2025-09-14 01:29:56,Transfer Out,Transfer,-60.7,Netherlands,Mobile App,0,0
T0008783,A003350,C02050,2024-09-29 12:03:01,Transfer Out,Transfer,-450.33,Germany,Bank Transfer,0,0
T0008788,A000837,C00510,2024-11-28 09:54:00,Card Purchase,Groceries,-45.99,Netherlands,Card Present,1,0
T0004230,A001911,C01175,2024-03-18 06:15:25,Transfer In,Transfer,242.77,Belgium,Bank Transfer,0,0
T0004334,A000669,C00410,2026-08-28 20:19:12,Direct Debit,Insurance,-109.5,Netherlands,Direct Debit,0,0
T0004819,A000627,C00385,2024-02-18 19:59:02,Card Purchase,Travel,-229.13,Belgium,Card Present,0,0
T0008116,A001662,C01021,2024-11-09 15:00:36,Transfer In,Transfer,365.53,Germany,Bank Transfer,0,0
T0005866,A002597,C01591,2025-04-24 01:45:03,Card Purchase,Healthcare,-34.34,Netherlands,Card Present,0,0
T0008380,A003827,C02338,2025-11-13 09:44:21,Direct Debit,Housing,-661.75,France,Direct Debit,0,0
T0008500,A003689,C02254,2024-05-16 05:15:26,Card Purchase,Fuel,-32.48,Belgium,Card Present,0,0
T0004566,A000376,C00235,2026-04-17 22:29:27,Transfer Out,Transfer,-360.1,France,Bank Transfer,0,0
T0006583,A001432,C00878,2025-11-12 13:25:34,Cash Withdrawal,Cash,-50,Netherlands,ATM,0,0
T0003523,A002639,C01614,2026-03-31 17:08:55,Transfer In,Transfer,154.07,Belgium,Mobile App,0,0
T0001267,A000230,C00146,2024-11-28 13:20:19,Card Purchase,Fuel,-46.16,Belgium,Online,0,0
T0003867,A001590,C00978,2025-12-15 19:04:59,Direct Debit,Utilities,-154.89,Belgium,Direct Debit,0,0
T0001868,A000420,C00261,2024-07-12 00:08:41,Transfer In,Transfer,169.7,France,Mobile App,0,0
T0003208,A003583,C02192,2026-04-10 17:28:29,Transfer In,Transfer,364.37,Belgium,Mobile App,0,0
T0005002,A002496,C01531,2025-01-17 21:10:29,Transfer Out,Transfer,-425.65,Germany,Bank Transfer,0,0
T0001756,A000679,C00417,2024-03-06 19:25:40,Card Purchase,E-commerce,-176.86,Germany,Card Present,0,0
T0008161,A002954,C01806,2026-02-11 05:37:50,Direct Debit,Housing,-735.15,Belgium,Direct Debit,0,0
T0001784,A002831,C01729,2024-03-03 10:55:39,Direct Debit,Insurance,-96.4,Germany,Direct Debit,0,0
T0008458,A002762,C01689,2025-11-29 05:17:19,Salary,Salary,3278.64,Belgium,Mobile App,0,0
T0008721,A000027,C00017,2025-09-24 11:52:13,Transfer Out,Transfer,-489.78,Belgium,Bank Transfer,0,0
T0003909,A003022,C01850,2025-04-03 02:38:10,Transfer Out,Transfer,-740.59,Germany,Mobile App,0,0
T0002745,A003826,C02337,2025-06-08 05:05:00,Card Purchase,Healthcare,-30.3,Belgium,Card Present,0,0
T0006966,A002414,C01483,2025-07-18 09:17:50,Transfer In,Transfer,134.07,France,Bank Transfer,0,0
T0000445,A002166,C01328,2025-12-03 01:59:27,Transfer Out,Transfer,-3204.55,Belgium,Bank Transfer,0,0
T0000085,A001695,C01043,2024-08-24 16:24:02,Transfer Out,Transfer,-275.57,Luxembourg,Mobile App,0,0
T0003609,A000946,C00577,2025-09-19 11:48:15,Transfer In,Transfer,412.89,Netherlands,Bank Transfer,0,0
T0002382,A003905,C02391,2025-10-25 13:34:36,Transfer In,Transfer,399.67,Luxembourg,Bank Transfer,0,0
T0000459,A001676,C01030,2025-07-02 05:39:24,Transfer Out,Transfer,-208.57,Netherlands,Mobile App,0,0
T0000950,A002233,C01372,2024-01-30 01:20:23,Transfer Out,Transfer,-410.46,Belgium,Mobile App,0,0
T0004761,A003413,C02086,2025-12-13 09:42:19,Direct Debit,Telecom,-69.29,Germany,Direct Debit,0,0
T0007044,A003845,C02349,2026-08-19 17:42:43,Direct Debit,Subscriptions,-21.43,France,Direct Debit,0,0
T0002311,A002135,C01309,2025-09-05 08:49:04,Direct Debit,Utilities,-151.83,Belgium,Direct Debit,0,0
T0003212,A003133,C01915,2024-12-12 16:21:06,Transfer Out,Transfer,-883.69,Belgium,Mobile App,0,0
T0005560,A002825,C01724,2026-05-24 22:56:02,Card Purchase,Groceries,-41.32,Belgium,Card Present,0,0
T0009536,A000512,C00319,2025-05-01 22:11:28,Direct Debit,Utilities,-171.93,Netherlands,Direct Debit,0,0
T0002962,A001856,C01142,2026-06-18 18:00:19,Card Purchase,Entertainment,-46.97,France,Online,0,0
T0004153,A002233,C01372,2024-09-14 12:04:06,Card Purchase,Fuel,-74.84,Luxembourg,Card Present,1,0
T0003673,A002753,C01682,2026-04-09 19:31:56,Transfer In,Transfer,469.17,France,Bank Transfer,0,0
T0000575,A001768,C01093,2025-08-19 16:43:17,Card Purchase,Travel,-592.35,France,Card Present,1,0
T0004663,A003034,C01859,2025-05-08 21:31:09,Card Purchase,Travel,-400.23,Netherlands,Card Present,0,0
T0002486,A001217,C00742,2026-08-31 20:54:14,Cash Withdrawal,Cash,-200,France,ATM,0,0
T0007272,A003579,C02189,2026-01-31 20:06:41,Transfer Out,Transfer,-1184.37,Germany,Bank Transfer,0,0
T0006951,A003075,C01885,2024-08-08 11:22:22,Interest,Interest,15.12,Belgium,Bank Transfer,0,0
T0001616,A001025,C00626,2024-08-02 08:32:17,Card Purchase,Travel,-162.86,Belgium,Mobile App,0,0
T0008605,A001289,C00791,2026-07-24 22:22:38,Direct Debit,Subscriptions,-23.57,Belgium,Direct Debit,0,0
T0008617,A003440,C02105,2024-05-30 15:36:12,Interest,Interest,13.32,Netherlands,Bank Transfer,0,0
T0007441,A001096,C00667,2025-06-30 19:23:33,Direct Debit,Utilities,-111.98,France,Direct Debit,0,0
T0009325,A003730,C02279,2024-04-13 20:37:22,Direct Debit,Telecom,-79.71,Germany,Direct Debit,0,0
T0003870,A000992,C00606,2026-01-18 10:50:24,Transfer Out,Transfer,-242.22,Belgium,Bank Transfer,0,0
T0003894,A000090,C00052,2025-10-03 16:23:58,Transfer Out,Transfer,-685.45,Belgium,Bank Transfer,0,0
T0006969,A003794,C02316,2024-06-02 03:29:55,Card Purchase,Entertainment,-66.56,Belgium,Card Present,0,0
T0006986,A000089,C00051,2025-08-05 17:51:59,Card Purchase,Dining,-40.71,Belgium,Mobile App,0,0
T0006467,A002074,C01272,2025-01-07 16:49:08,Transfer Out,Transfer,-85.36,Luxembourg,Mobile App,0,0
T0001791,A003541,C02165,2025-12-26 12:11:19,Card Purchase,E-commerce,-72.55,Netherlands,Card Present,0,0
T0008174,A003950,C02416,2026-07-22 13:08:25,Direct Debit,Utilities,-133.07,Belgium,Direct Debit,0,0
T0001674,A001059,C00645,2025-03-03 11:54:13,Transfer Out,Transfer,-208.69,Netherlands,Bank Transfer,0,0
T0004431,A000438,C00272,2024-05-31 07:16:13,Card Purchase,E-commerce,-48.86,Germany,Card Present,0,0
T0000934,A002251,C01383,2025-05-05 09:04:22,Transfer Out,Transfer,-280.24,Germany,Bank Transfer,0,0
T0007498,A000181,C00111,2025-02-11 04:26:25,Cash Withdrawal,Cash,-150,Belgium,ATM,0,0
T0008092,A002699,C01649,2024-01-16 14:57:38,Card Purchase,Travel,-577.94,United States,Online,1,0
T0006451,A001841,C01134,2025-12-19 22:00:03,Transfer In,Transfer,431.04,Netherlands,Bank Transfer,0,0
T0001174,A002919,C01783,2026-08-18 14:25:26,Card Purchase,Groceries,-38.96,Belgium,Card Present,0,0
T0001330,A004040,C02466,2024-09-19 11:19:19,Transfer In,Transfer,302.24,France,Mobile App,0,0
T0008029,A002845,C01737,2026-05-23 04:57:09,Card Purchase,Groceries,-105.43,Netherlands,Card Present,0,0
T0008277,A003973,C02429,2025-05-26 13:25:46,Transfer In,Transfer,205.5,Belgium,Bank Transfer,0,0
T0007459,A002981,C01822,2024-06-24 23:37:49,Interest,Interest,11.45,Belgium,Mobile App,0,0
T0003635,A001241,C00757,2026-07-16 10:51:02,Cash Withdrawal,Cash,-80,France,ATM,0,0
T0005632,A002392,C01469,2025-12-28 04:06:12,Card Purchase,E-commerce,-274.69,France,Card Present,0,0
T0005974,A003185,C01951,2025-01-15 22:58:43,Interest,Interest,11.24,Belgium,Mobile App,0,0
T0000144,A003241,C01986,2024-02-23 18:38:17,Card Purchase,Healthcare,-37.44,Belgium,Card Present,0,0
T0002970,A002531,C01551,2024-01-29 17:26:16,Cash Withdrawal,Cash,-250,Germany,ATM,0,0
T0006933,A002492,C01529,2026-02-09 21:17:19,Interest,Interest,15.38,Netherlands,Mobile App,0,0
T0006534,A003449,C02109,2026-03-03 10:09:53,Card Purchase,Travel,-253.84,Belgium,Card Present,0,0
T0002747,A003879,C02371,2025-10-21 15:52:08,Transfer In,Transfer,680.89,Belgium,Bank Transfer,0,0
T0000564,A003384,C02069,2024-11-17 12:36:31,Transfer Out,Transfer,-455.27,Netherlands,Bank Transfer,0,0
T0005870,A002356,C01447,2024-04-22 13:52:32,Direct Debit,Utilities,-146.88,Belgium,Direct Debit,0,0
T0008951,A002684,C01637,2025-05-09 00:20:07,Card Purchase,Healthcare,-140.88,Belgium,Card Present,0,0
T0005391,A002337,C01436,2025-12-15 22:02:37,Direct Debit,Telecom,-64.93,Germany,Direct Debit,0,0
T0005649,A003856,C02356,2025-07-14 17:15:28,Direct Debit,Telecom,-74.79,France,Direct Debit,0,0
T0000520,A001716,C01059,2026-08-19 09:01:43,Transfer Out,Transfer,-280.17,Belgium,Bank Transfer,0,0
T0003195,A003922,C02399,2024-04-20 05:18:19,Transfer Out,Transfer,-346.61,Belgium,Mobile App,0,0
T0004073,A003416,C02087,2025-08-26 11:34:05,Card Purchase,Travel,-228.29,Germany,Online,1,0
T0007560,A003959,C02420,2025-04-14 07:55:20,Direct Debit,Insurance,-94.14,Netherlands,Direct Debit,0,0
T0007794,A002689,C01642,2026-02-10 02:12:59,Direct Debit,Utilities,-111.28,Belgium,Direct Debit,0,0
T0005756,A002143,C01315,2024-08-08 14:19:55,Transfer Out,Transfer,-62.97,Belgium,Mobile App,0,0
T0002925,A001892,C01162,2026-04-03 16:05:16,Direct Debit,Telecom,-44.43,Belgium,Direct Debit,0,0
T0006690,A003458,C02113,2026-06-01 14:13:01,Transfer In,Transfer,320.49,France,Bank Transfer,0,0
T0003937,A002089,C01282,2025-07-11 06:11:38,Transfer Out,Transfer,-437.87,Belgium,Bank Transfer,0,0
T0008582,A000562,C00346,2024-07-16 00:46:38,Card Purchase,Retail,-129.15,France,Card Present,0,0
T0000188,A000534,C00330,2024-04-03 20:52:36,Transfer In,Transfer,132.11,Belgium,Bank Transfer,0,0
T0000317,A001253,C00766,2024-04-24 18:09:00,Transfer In,Transfer,64.83,Belgium,Bank Transfer,0,0
T0007927,A002442,C01500,2025-10-03 05:05:50,Transfer In,Transfer,141.23,Belgium,Mobile App,0,0
T0002563,A003882,C02373,2025-07-27 17:38:51,Salary,Salary,3342.85,Belgium,Mobile App,0,0
T0000483,A000869,C00531,2024-07-27 08:04:48,Transfer Out,Transfer,-263.84,Belgium,Bank Transfer,0,0
T0003338,A001028,C00627,2024-02-01 05:35:41,Card Purchase,Entertainment,-24.94,Germany,Card Present,0,0
T0006682,A002119,C01300,2025-04-27 09:31:59,Card Purchase,Dining,-124.47,Belgium,Card Present,0,0
T0001797,A001634,C01004,2025-10-13 17:12:01,Card Purchase,Travel,-296.47,Netherlands,Card Present,0,0
T0009518,A002318,C01426,2026-01-04 11:07:15,Card Purchase,Healthcare,-202.1,Belgium,Online,0,0
T0006165,A001817,C01120,2026-01-26 05:48:32,Transfer Out,Transfer,-76.34,Netherlands,Bank Transfer,0,0
T0000257,A000558,C00344,2025-12-16 21:37:34,Card Purchase,E-commerce,-423.75,Luxembourg,Card Present,0,0
T0008252,A004066,C02485,2024-09-22 05:12:36,Salary,Salary,2750.29,Luxembourg,Mobile App,0,0
T0003995,A002062,C01266,2025-07-29 16:38:51,Transfer Out,Transfer,-104.85,Luxembourg,Bank Transfer,0,0
T0004628,A001248,C00763,2025-08-21 20:55:42,Transfer In,Transfer,172.44,Belgium,Mobile App,0,0
T0004627,A001901,C01168,2024-07-15 17:27:28,Cash Withdrawal,Cash,-60,Belgium,ATM,0,0
T0001913,A001468,C00900,2026-07-10 21:21:01,Card Purchase,Dining,-14.25,Belgium,Card Present,0,0
T0009750,A001910,C01174,2024-02-13 15:17:59,Transfer In,Transfer,935.67,Belgium,Bank Transfer,0,0
T0007326,A002809,C01716,2024-08-31 01:14:44,Card Purchase,Travel,-272.86,Belgium,Card Present,0,0
T0007462,A001904,C01169,2025-05-22 17:45:33,Transfer Out,Transfer,-143.46,Netherlands,Bank Transfer,0,0
T0009748,A002522,C01545,2025-09-02 08:22:03,Interest,Interest,15.44,Belgium,Bank Transfer,0,0
T0003884,A000385,C00239,2025-08-25 01:18:12,Card Purchase,Travel,-319.89,Belgium,Card Present,0,0
T0002720,A000054,C00032,2024-05-20 18:34:24,Card Purchase,Travel,-281.81,Belgium,Card Present,0,0
T0008372,A001335,C00821,2024-01-27 02:09:51,Transfer Out,Transfer,-109.69,Netherlands,Mobile App,0,0
T0009311,A000248,C00155,2024-06-24 16:58:00,Card Purchase,Groceries,-83.41,Belgium,Card Present,0,0
T0000247,A002700,C01650,2024-07-08 11:18:40,Transfer Out,Transfer,-137.17,Belgium,Mobile App,0,0
T0006791,A001595,C00982,2025-04-18 21:07:01,Transfer Out,Transfer,-3010.09,France,Mobile App,0,0
T0001468,A000528,C00326,2026-07-08 19:27:09,Transfer In,Transfer,345.82,France,Mobile App,0,0
T0009544,A000206,C00130,2026-05-26 06:43:39,Card Purchase,Fuel,-44.64,Belgium,Card Present,0,0
T0009563,A000686,C00420,2026-03-25 10:27:37,Card Purchase,Fuel,-32.16,Netherlands,Card Present,0,0
T0009473,A001081,C00659,2025-11-15 05:24:48,Card Purchase,Fuel,-37.39,Germany,Online,0,0
T0008706,A003544,C02166,2026-01-25 06:01:37,Transfer Out,,-58.02,France,Mobile App,0,0
T0005163,A001629,C01002,2024-03-15 15:27:30,Direct Debit,Utilities,-195.61,Luxembourg,Direct Debit,0,0
T0007052,A000676,C00415,2025-02-15 09:18:00,Card Purchase,Dining,-51.39,Germany,Card Present,0,0
T0008827,A002137,C01310,2025-06-11 09:03:38,Transfer In,Transfer,738.44,Germany,Bank Transfer,0,0
T0002699,A003047,C01868,2024-10-19 19:54:59,Card Purchase,Dining,-39.2,Belgium,Card Present,0,0
T0002290,A000215,C00136,2024-10-17 20:41:40,Direct Debit,Housing,-886.65,Netherlands,Direct Debit,0,0
T0007679,A003831,C02341,2024-07-15 22:42:25,Transfer In,Transfer,246.11,Luxembourg,Bank Transfer,0,0
T0002680,A001856,C01142,2024-01-02 13:06:29,Transfer In,Transfer,349.57,France,Bank Transfer,0,0
T0000332,A002614,C01599,2026-08-29 19:44:20,Transfer In,Transfer,419.5,Belgium,Bank Transfer,0,0
T0005370,A003439,C02104,2025-02-21 20:56:31,Card Purchase,Groceries,-37.23,Germany,Card Present,0,0
T0001021,A000119,C00071,2024-09-06 15:51:53,Transfer Out,Transfer,-51.38,Luxembourg,Mobile App,0,0
T0002673,A002626,C01606,2026-08-05 21:48:16,Transfer Out,Transfer,-895.85,Netherlands,Mobile App,0,0
T0004849,A001218,C00742,2026-02-06 06:24:52,Transfer In,Transfer,294.84,France,Bank Transfer,0,0
T0002142,A000054,C00032,2024-03-31 00:22:07,Card Purchase,Healthcare,-100.14,Belgium,Online,0,0
T0004886,A001136,C00692,2024-11-24 05:47:40,Card Purchase,E-commerce,-90.85,France,Online,0,0
T0009740,A003435,C02101,2025-08-11 20:18:18,Card Purchase,Groceries,-104.54,Belgium,Mobile App,0,0
T0000066,A002037,C01250,2024-09-15 07:10:24,Salary,Salary,4570.23,Netherlands,Bank Transfer,0,0
T0005781,A003616,C02212,2025-12-13 17:57:19,Transfer Out,Transfer,-188.58,Netherlands,Mobile App,0,0
T0009601,A001948,C01195,2026-07-29 17:46:44,Transfer In,Transfer,93.87,Netherlands,Bank Transfer,0,0
T0000281,A001822,C01123,2024-11-24 02:08:45,Card Purchase,E-commerce,-60.99,France,Card Present,0,0
T0003848,A000061,C00036,2025-01-26 04:16:10,Transfer In,Transfer,88.02,Belgium,Bank Transfer,0,0
T0008746,A001671,C01027,2024-12-13 19:04:15,Direct Debit,Telecom,-34.27,Belgium,Direct Debit,0,0
T0001357,A000511,C00318,2026-04-30 21:41:04,Salary,Salary,3193.95,Belgium,Mobile App,0,0
T0003391,A002597,C01591,2025-05-09 21:42:23,Card Purchase,Fuel,-66.49,Netherlands,Card Present,0,0
T0008591,A003275,C02008,2026-02-19 15:30:17,Interest,Interest,8.65,Netherlands,Mobile App,0,0
T0003975,A000444,C00277,2024-10-01 17:50:03,Transfer Out,Transfer,-174.0,Belgium,Bank Transfer,0,0
T0003406,A003472,C02123,2026-08-19 10:33:55,Card Purchase,E-commerce,-109.41,France,Card Present,0,0
T0000117,A003979,C02432,2024-09-07 11:13:22,Transfer In,Transfer,253.81,Belgium,Mobile App,0,0
T0003113,A003038,C01862,2025-08-27 06:07:20,Transfer In,Transfer,219.6,Belgium,Bank Transfer,0,0
T0000675,A002965,C01813,2025-02-11 00:23:43,Card Purchase,Entertainment,-40.22,Netherlands,Online,0,0
T0009723,A002037,C01250,2026-07-08 12:04:17,Direct Debit,Utilities,-142.62,Netherlands,Direct Debit,0,0
T0005585,A003224,C01976,2024-09-20 16:13:06,Transfer In,Transfer,610.36,Germany,Bank Transfer,0,0
T0000341,A002196,C01347,2026-01-30 12:18:01,Transfer In,Transfer,1147.75,Belgium,Bank Transfer,0,0
T0001914,A003697,C02259,2025-04-23 01:09:59,Card Purchase,Healthcare,-79.3,Belgium,Mobile App,1,0
T0000228,A002099,C01289,2025-03-26 09:17:23,Transfer Out,Transfer,-272.79,France,Bank Transfer,0,0
T0003093,A002799,C01711,2026-07-17 00:37:25,Salary,Salary,4431.63,Netherlands,Bank Transfer,0,0
T0006180,A003239,C01984,2024-05-15 23:48:16,Salary,Salary,2488.28,Belgium,Mobile App,0,0
T0005983,A002932,C01791,2025-03-16 17:22:02,Direct Debit,Subscriptions,-31.27,Germany,Direct Debit,0,0
T0008179,A003638,C02225,2024-03-24 08:46:47,Transfer Out,Transfer,-304.63,Germany,Mobile App,0,0
T0009425,A003469,C02120,2025-09-27 12:38:40,Interest,Interest,4.24,Belgium,Bank Transfer,0,0
T0003685,A001722,C01063,2025-09-19 14:50:34,Transfer Out,Transfer,-107.94,Germany,Bank Transfer,0,0
T0007215,A000549,C00340,2024-07-25 10:20:05,Transfer Out,Transfer,-349.42,Belgium,Mobile App,0,0
T0004309,A001761,C01088,2024-08-26 09:38:45,Card Purchase,Travel,-217.32,Germany,Mobile App,0,0
T0000842,A001223,C00746,2026-05-16 06:32:39,Transfer In,Transfer,320.68,Germany,Bank Transfer,0,0
T0005325,A003908,C02392,2024-07-25 07:29:09,Transfer Out,Transfer,-597.5,Belgium,Bank Transfer,0,0
T0006930,A001071,C00651,2025-07-25 10:04:03,Transfer In,Transfer,1474.43,Belgium,Bank Transfer,0,0
T0009023,A000727,C00444,2024-08-10 16:40:33,Transfer Out,Transfer,-179.51,Netherlands,Bank Transfer,0,0
T0006946,A000794,C00486,2024-07-22 01:06:46,Direct Debit,Insurance,-115.32,Belgium,Direct Debit,0,0
T0001103,A000995,C00607,2026-08-25 17:31:13,Interest,Interest,11.19,Netherlands,Bank Transfer,0,0
T0009983,A003918,C02397,2024-06-03 07:50:08,Transfer In,Transfer,211.38,Germany,Bank Transfer,0,0
T0004011,A002109,C01296,2025-08-20 10:44:58,Salary,Salary,2888.02,Belgium,Bank Transfer,0,0
T0000143,A002333,C01434,2026-02-25 11:51:46,Card Purchase,E-commerce,-77.59,Germany,Card Present,0,0
T0000884,A000918,C00561,2025-03-14 02:58:19,Transfer In,Transfer,291.64,France,Bank Transfer,0,0
T0007062,A000770,C00472,2024-11-14 11:48:32,Card Purchase,E-commerce,-30.63,Belgium,Mobile App,0,0
T0003879,A001321,C00813,2024-11-11 01:55:54,Transfer In,Transfer,1034.1,Germany,Bank Transfer,0,0
T0006374,A000686,C00420,2025-10-29 03:40:01,Card Purchase,Healthcare,-27.91,Netherlands,Card Present,0,0
T0004124,A000711,C00434,2024-10-12 14:07:19,Interest,Interest,8.33,Belgium,Mobile App,0,0
T0000914,A000471,C00290,2025-07-13 02:32:04,Transfer Out,Transfer,-359.13,Netherlands,Mobile App,0,0
T0001782,A002469,C01515,2025-01-27 14:00:36,Transfer Out,Transfer,-61.44,Germany,Mobile App,0,0
T0003179,A003927,C02402,2024-08-10 21:22:12,Transfer Out,Transfer,-87.12,Belgium,Mobile App,0,0
T0002894,A002080,C01276,2024-01-10 15:41:10,Card Purchase,Dining,-53.95,France,Card Present,0,0
T0008651,A002133,C01308,2024-01-22 20:13:42,Card Purchase,Healthcare,-80.69,Luxembourg,Online,0,0
T0004426,A003488,C02132,2026-08-25 18:02:21,Transfer In,,179.77,Belgium,Mobile App,0,0
T0002732,A001208,C00735,2024-01-19 17:40:23,Card Purchase,Travel,-247.93,Netherlands,Card Present,0,0
T0003888,A003056,C01873,2026-06-05 05:30:00,Card Purchase,Healthcare,-37.36,Belgium,Online,0,0
T0005464,A003009,C01842,2026-07-15 23:44:44,Transfer In,Transfer,357.76,Belgium,Bank Transfer,0,0
T0001186,A001373,C00842,2026-02-03 03:19:21,Transfer Out,Transfer,-769.65,Germany,Bank Transfer,0,0
T0000334,A002576,C01581,2024-09-16 05:10:41,Card Purchase,Healthcare,-108.01,France,Online,0,0
T0007969,A001185,C00723,2026-06-23 06:47:14,Direct Debit,Subscriptions,-28.92,Belgium,Direct Debit,0,0
T0001995,A001995,C01224,2025-09-19 06:55:55,Card Purchase,Travel,-354.58,Belgium,Card Present,0,0
T0000027,A000622,C00384,2025-06-27 21:26:03,Cash Withdrawal,Cash,-150,Belgium,ATM,0,0
T0009940,A002391,C01469,2024-12-23 00:51:48,Direct Debit,Insurance,-119.25,France,Direct Debit,0,0
T0007339,A003200,C01962,2025-02-03 09:54:44,Card Purchase,Healthcare,-133.57,Netherlands,Card Present,0,0
T0000375,A000392,C00243,2025-12-21 05:26:57,Transfer In,Transfer,179.61,Netherlands,Bank Transfer,0,0
T0008555,A001608,C00990,2024-05-08 11:53:13,Transfer In,Transfer,368.62,Netherlands,Bank Transfer,0,0
T0005421,A001704,C01049,2026-08-04 22:28:50,Card Purchase,Travel,-63.81,Netherlands,Online,0,0
T0004003,A002836,C01731,2026-06-26 17:06:08,Card Purchase,Entertainment,-40.06,Belgium,Online,0,0
T0000410,A001884,C01157,2026-06-14 12:12:26,Cash Withdrawal,Cash,-80,Belgium,ATM,0,0
T0006983,A001414,C00868,2024-04-10 15:16:18,Card Purchase,Dining,-52.25,Belgium,Card Present,0,0
T0003205,A000574,C00355,2024-12-10 16:49:39,Transfer In,Transfer,929.32,Belgium,Mobile App,0,0
T0002209,A000911,C00557,2024-08-13 17:58:17,Transfer In,Transfer,581.79,Belgium,Mobile App,0,0
T0000573,A000080,C00047,2024-11-16 17:48:06,Transfer Out,Transfer,-1727.04,Belgium,Mobile App,0,0
T0006709,A002709,C01656,2024-09-23 23:45:34,Direct Debit,Utilities,-142.73,Belgium,Direct Debit,0,0
T0002198,A002946,C01801,2026-02-10 08:24:52,Transfer In,Transfer,317.63,Germany,Mobile App,0,0
T0000089,A001837,C01132,2026-07-12 08:59:39,Transfer In,Transfer,315.8,Belgium,Bank Transfer,0,0
T0006207,A003008,C01841,2025-10-24 23:41:22,Transfer Out,Transfer,-458.77,Netherlands,Mobile App,0,0
T0002950,A000355,C00220,2025-04-30 10:35:44,Transfer Out,Transfer,-91.77,Netherlands,Mobile App,0,0
T0004681,A000835,C00509,2026-01-31 09:10:05,Transfer In,Transfer,253.68,France,Mobile App,0,0
T0000005,A002477,C01521,2024-05-14 16:05:22,Transfer Out,Transfer,-648.58,Belgium,Bank Transfer,0,0
T0009424,A001771,C01094,2025-04-16 03:35:37,Direct Debit,Telecom,-61.08,Netherlands,Direct Debit,0,0
T0008376,A001778,C01098,2024-04-10 13:08:53,Transfer Out,Transfer,-243.38,Netherlands,Mobile App,0,0
T0004438,A000602,C00371,2025-02-19 15:01:52,Transfer In,Transfer,286.99,France,Mobile App,0,0
T0006067,A002539,C01556,2024-11-11 18:39:28,Transfer Out,Transfer,-275.87,Germany,Mobile App,0,0
T0004717,A000677,C00416,2026-08-22 04:34:41,Card Purchase,E-commerce,-185.58,France,Card Present,0,0
T0007902,A001553,C00954,2025-07-15 11:33:41,Transfer In,Transfer,350.08,Belgium,Bank Transfer,0,0
T0002011,A000395,C00246,2024-09-18 01:08:23,Transfer In,Transfer,359.51,Belgium,Bank Transfer,0,0
T0001867,A000869,C00531,2026-06-02 06:25:08,Transfer In,Transfer,195.89,Belgium,Mobile App,0,0
T0009902,A003086,C01891,2024-07-20 17:57:55,Transfer In,Transfer,624.38,France,Bank Transfer,0,0
T0006485,A000162,C00099,2024-03-24 23:04:55,Transfer In,Transfer,370.2,Belgium,Mobile App,0,0
T0005234,A003947,C02414,2026-07-18 12:23:32,Card Purchase,Entertainment,-42.74,France,Card Present,0,0
T0006215,A003480,C02128,2024-01-03 23:37:58,Transfer In,Transfer,96.91,Luxembourg,Bank Transfer,0,0
T0005994,A003492,C02136,2024-01-29 00:26:33,Transfer In,Transfer,1384.15,France,Mobile App,0,0
T0005665,A001986,C01216,2026-05-18 19:23:42,Transfer In,Transfer,374.44,Netherlands,Mobile App,0,0
T0005668,A000570,C00352,2024-10-15 17:25:58,Card Purchase,Fuel,-72.32,Netherlands,Online,0,0
T0006470,A002064,C01267,2025-08-15 15:00:04,Card Purchase,E-commerce,-131.0,Germany,Card Present,0,0
T0008845,A001509,C00927,2024-03-09 08:25:58,Card Purchase,Healthcare,-62.96,Netherlands,Card Present,0,0
T0004200,A003675,C02247,2025-08-31 17:59:50,Transfer Out,Transfer,-270.82,Germany,Bank Transfer,0,0
T0008856,A003002,C01837,2024-10-08 14:50:57,Direct Debit,Housing,-886.44,Germany,Direct Debit,0,0
T0001848,A000218,C00137,2026-05-14 00:46:14,Card Purchase,Retail,-101.2,Belgium,Mobile App,0,0
T0006963,A003344,C02047,2024-10-29 02:07:47,Card Purchase,Groceries,-83.33,Belgium,Mobile App,0,0
T0004352,A003797,C02317,2025-08-25 09:32:31,Card Purchase,E-commerce,-109.29,Italy,Card Present,1,0
T0007283,A001652,C01016,2026-06-19 19:29:32,Cash Withdrawal,Cash,-200,Netherlands,ATM,0,0
T0005243,A001815,C01119,2025-10-17 21:42:32,Transfer In,Transfer,176.43,Belgium,Bank Transfer,0,0
T0001833,A000299,C00186,2024-02-16 14:11:02,Salary,Salary,3276.08,Belgium,Bank Transfer,0,0
T0000271,A002278,C01400,2024-12-02 16:13:27,Transfer In,Transfer,656.48,Belgium,Bank Transfer,0,0
T0002907,A002074,C01272,2025-05-26 12:26:33,Transfer Out,Transfer,-403.21,Luxembourg,Bank Transfer,0,0
T0009127,A002863,C01748,2026-07-02 14:17:25,Transfer Out,Transfer,-81.65,Belgium,Mobile App,0,0
T0003548,A000941,C00575,2025-01-11 07:05:34,Card Purchase,Travel,-189.93,France,Card Present,0,0
T0003171,A000964,C00588,2025-07-02 00:44:22,Direct Debit,Housing,-896.7,Germany,Direct Debit,0,0
T0004535,A000758,C00465,2026-05-31 09:18:26,Direct Debit,Insurance,-101.47,Belgium,Direct Debit,0,0
T0001255,A001406,C00864,2024-03-13 00:14:59,Card Purchase,E-commerce,-66.18,Spain,Mobile App,1,0
T0005008,A000895,C00548,2025-03-29 15:53:41,Salary,Salary,3089.53,France,Mobile App,0,0
T0001043,A001586,C00976,2025-04-22 18:27:55,Transfer In,Transfer,226.54,Belgium,Bank Transfer,0,0
T0008483,A000046,C00026,2024-06-27 14:06:54,Card Purchase,Fuel,-22.91,Belgium,Card Present,0,0
T0006782,A002298,C01411,2024-10-30 00:24:15,Transfer In,Transfer,1247.34,Netherlands,Bank Transfer,0,0
T0005843,A000239,C00151,2026-01-16 19:18:05,Transfer In,Transfer,377.6,Belgium,Bank Transfer,0,0
T0009537,A000063,C00037,2024-11-04 02:42:01,Transfer Out,Transfer,-445.93,Netherlands,Bank Transfer,0,0
T0003524,A003254,C01994,2026-01-29 02:40:09,Transfer In,Transfer,942.33,France,Mobile App,0,0
T0003162,A001567,C00962,2024-09-03 06:36:36,Transfer Out,Transfer,-331.96,France,Bank Transfer,0,0
T0007282,A002933,C01792,2025-08-09 19:36:50,Salary,Salary,1785.11,Belgium,Bank Transfer,0,0
T0007778,A000273,C00169,2024-05-21 04:12:03,Transfer In,Transfer,725.01,France,Mobile App,0,0
T0001031,A002373,C01457,2026-08-24 18:06:29,Transfer In,Transfer,316.22,Belgium,Mobile App,0,0
T0005797,A000353,C00219,2026-06-06 21:54:28,Transfer Out,Transfer,-355.47,Belgium,Bank Transfer,0,0
T0003070,A003730,C02279,2024-02-18 08:29:18,Card Purchase,Groceries,-87.68,Germany,Card Present,0,0
T0004472,A003743,C02288,2025-11-13 09:58:02,Cash Withdrawal,Cash,-40,Germany,ATM,0,0
T0000796,A003035,C01859,2024-09-04 08:24:47,Transfer In,Transfer,325.09,,Bank Transfer,0,0
T0006745,A002352,C01444,2025-01-28 01:33:01,Interest,Interest,17.3,France,Mobile App,0,0
T0003458,A001987,C01217,2025-03-11 07:11:49,Card Purchase,Dining,-48.39,Belgium,Online,0,0
T0005701,A001061,C00645,2026-07-07 18:05:50,Card Purchase,E-commerce,-58.18,Netherlands,Mobile App,0,0
T0006636,A001429,C00877,2025-07-30 17:03:43,Direct Debit,Subscriptions,-27.08,France,Direct Debit,0,0
T0006062,A000839,C00512,2024-06-10 03:38:56,Transfer In,Transfer,89.65,Germany,Bank Transfer,0,0
T0002071,A001909,C01173,2024-10-25 03:14:21,Direct Debit,Insurance,-82.1,Belgium,Direct Debit,0,0
T0009086,A002344,C01439,2026-06-22 16:14:46,Card Purchase,Travel,-574.71,Belgium,Card Present,0,0
T0005186,A000517,C00321,2025-04-29 01:27:51,Cash Withdrawal,Cash,-250,Belgium,ATM,0,0
T0008525,A003735,C02283,2024-10-23 14:14:04,Card Purchase,Fuel,-28.2,Belgium,Card Present,0,0
T0005257,A003181,C01948,2025-08-08 18:23:59,Card Purchase,Fuel,-31.57,Belgium,Online,0,0
T0008534,A002498,C01532,2024-06-27 10:17:56,Transfer In,Transfer,230.66,Belgium,Bank Transfer,0,0
T0007967,A003096,C01896,2025-02-21 11:12:40,Direct Debit,Telecom,-63.92,Germany,Direct Debit,0,0
T0008016,A003000,C01836,2026-04-05 06:59:23,Interest,Interest,2.46,Germany,Mobile App,0,0
T0002860,A001252,C00766,2026-07-17 08:37:04,Direct Debit,Insurance,-134.77,Belgium,Direct Debit,0,0
T0006766,A001136,C00692,2024-02-22 21:58:08,Transfer In,Transfer,358.11,France,Mobile App,0,0
T0003540,A001164,C00709,2024-12-16 02:04:32,Interest,Interest,14.35,Belgium,Bank Transfer,0,0
T0009276,A000079,C00046,2026-08-08 05:35:45,Card Purchase,Dining,-40.93,Germany,Online,0,0
T0003802,A000559,C00345,2025-05-31 06:11:19,Card Purchase,Dining,-51.8,Belgium,Card Present,0,0
T0008008,A001501,C00923,2024-07-07 02:12:46,Direct Debit,Insurance,-82.61,Luxembourg,Direct Debit,0,0
T0000464,A000200,C00126,2024-01-24 02:49:36,Direct Debit,Utilities,-97.26,France,Direct Debit,0,0
T0005190,A002316,C01424,2025-06-09 14:03:16,Direct Debit,Utilities,-185.99,Netherlands,Direct Debit,0,0
T0006953,A000345,C00214,2026-01-21 03:32:50,Cash Withdrawal,Cash,-200,Belgium,ATM,0,0
T0004964,A000206,C00130,2026-01-01 09:11:07,Transfer Out,Transfer,-55.64,Belgium,Mobile App,0,0
T0006885,A003104,C01900,2024-08-20 18:56:38,Transfer In,Transfer,376.09,Belgium,Bank Transfer,0,0
T0005903,A002614,C01599,2024-12-28 14:34:36,Interest,Interest,1.92,Belgium,Bank Transfer,0,0
T0008090,A002489,C01528,2026-08-30 21:01:06,Direct Debit,Housing,-981.6,Netherlands,Direct Debit,0,0
T0004953,A003139,C01919,2026-07-20 10:28:10,Transfer In,Transfer,440.44,Netherlands,Mobile App,0,0
T0001668,A003554,C02171,2024-12-24 00:39:25,Transfer In,Transfer,157.1,Belgium,Bank Transfer,0,0
T0000289,A001862,C01145,2024-11-01 19:54:07,Transfer In,Transfer,402.24,Belgium,Mobile App,0,0
T0002915,A002290,C01407,2026-04-05 01:20:32,Card Purchase,Dining,-36.37,Netherlands,Online,0,0
T0002930,A003390,C02072,2026-07-30 17:36:38,Cash Withdrawal,Cash,-50,Belgium,ATM,0,0
T0002390,A002831,C01729,2024-04-08 16:07:14,Card Purchase,Groceries,-183.95,Germany,Card Present,0,0
T0000345,A001306,C00802,2025-10-05 14:35:06,Card Purchase,Dining,-24.6,Germany,Card Present,0,0
T0003147,A000902,C00552,2025-08-06 00:44:02,Transfer Out,Transfer,-499.43,Netherlands,Bank Transfer,0,0
T0003359,A003244,C01988,2026-05-11 20:44:11,Direct Debit,Subscriptions,-25.62,Belgium,Direct Debit,0,0
T0005427,A000104,C00061,2024-12-20 23:10:25,Card Purchase,E-commerce,-88.49,Belgium,Card Present,0,0
T0002233,A000813,C00496,2024-02-19 12:51:48,Interest,Interest,1.2,Luxembourg,Mobile App,0,0
T0008115,A003616,C02212,2024-07-23 20:58:50,Transfer Out,Transfer,-738.62,Netherlands,Mobile App,0,0
T0004094,A002544,C01559,2026-04-24 17:32:10,Transfer In,Transfer,370.11,Belgium,Bank Transfer,0,0
T0001321,A003183,C01950,2024-01-08 17:08:01,Direct Debit,Insurance,-133.0,France,Direct Debit,0,0
T0009483,A000005,C00003,2026-02-06 04:46:14,Transfer In,Transfer,299.68,France,Mobile App,0,0
T0001300,A000903,C00552,2025-11-12 03:27:45,Transfer In,Transfer,1115.72,Netherlands,Bank Transfer,0,0
T0009827,A000295,C00184,2026-07-08 05:13:41,Direct Debit,Telecom,-14.73,Netherlands,Direct Debit,0,0
T0005486,A000076,C00045,2024-08-05 06:36:08,Transfer Out,Transfer,-317.41,Netherlands,Mobile App,0,0
T0006077,A003550,C02168,2024-05-18 04:00:11,Card Purchase,Travel,-214.88,France,Card Present,0,0
T0009259,A001475,C00906,2026-06-28 04:38:37,Card Purchase,Travel,-137.24,Belgium,Card Present,0,0
T0000996,A002531,C01551,2025-12-07 13:15:00,Transfer In,Transfer,565.06,Germany,Bank Transfer,0,0
T0007765,A003612,C02210,2024-07-08 01:08:33,Transfer Out,Transfer,-1417.56,Belgium,Mobile App,0,0
T0001231,A000992,C00606,2026-04-08 20:30:19,Transfer Out,Transfer,-276.47,Belgium,Bank Transfer,0,0
T0002188,A003652,C02234,2024-01-28 18:26:03,Transfer In,Transfer,1188.46,Belgium,Bank Transfer,0,1
T0005201,A001960,C01202,2025-03-18 23:48:22,Direct Debit,Telecom,-49.76,Netherlands,Direct Debit,0,0
T0004464,A000145,C00088,2026-08-12 17:16:14,Interest,Interest,7.58,Netherlands,Bank Transfer,0,0
T0007208,A001494,C00918,2026-05-28 01:43:09,Cash Withdrawal,Cash,-60,Belgium,ATM,0,0
T0001008,A002163,C01326,2026-05-31 23:58:09,Transfer In,Transfer,133.16,Netherlands,Bank Transfer,0,0
T0006338,A002211,C01356,2025-11-26 22:50:52,Transfer In,Transfer,553.2,France,Bank Transfer,0,0
T0007818,A002088,C01281,2026-06-29 12:36:01,Card Purchase,Travel,-423.71,France,Mobile App,0,0
T0006511,A001304,C00802,2025-07-03 14:14:14,Card Purchase,Travel,-272.48,Germany,Card Present,0,0
T0000071,A002315,C01423,2024-11-14 19:13:22,Transfer Out,Transfer,-249.6,Belgium,Mobile App,0,0
T0007998,A003395,C02076,2026-06-26 14:10:33,Card Purchase,Dining,-40.34,Belgium,Card Present,0,0
T0004311,A002701,C01651,2024-06-05 07:50:23,Card Purchase,Fuel,-147.55,France,Online,0,0
T0004345,A002984,C01825,2024-06-19 12:24:56,Direct Debit,Telecom,-74.0,Germany,Direct Debit,0,0
T0000487,A000377,C00236,2024-05-13 16:18:50,Transfer In,Transfer,493.68,Belgium,Bank Transfer,0,0
T0006148,A003034,C01859,2026-03-21 18:01:01,Direct Debit,Insurance,-104.94,Netherlands,Direct Debit,0,0
T0001594,A003589,C02195,2024-05-28 19:27:33,Transfer Out,Transfer,-42.92,Netherlands,Bank Transfer,0,0
T0008103,A000055,C00033,2024-11-24 15:39:42,Card Purchase,E-commerce,-212.67,Belgium,Online,0,0
T0006005,A001929,C01184,2025-11-18 11:44:13,Interest,Interest,17.58,Netherlands,Mobile App,0,0
T0009115,A003043,C01865,2026-07-17 15:46:40,Card Purchase,Travel,-101.61,Belgium,Card Present,0,0
T0007219,A003815,C02330,2025-09-16 18:50:10,Card Purchase,Healthcare,-106.3,Belgium,Online,0,0
T0006638,A003952,C02417,2024-03-22 06:50:23,Interest,Interest,3.9,Belgium,Bank Transfer,0,0
T0001265,A003334,C02041,2024-09-22 06:01:08,Cash Withdrawal,Cash,-100,France,ATM,0,0
T0002953,A002043,C01252,2024-05-03 16:25:11,Card Purchase,Retail,-106.47,Belgium,Card Present,0,0
T0003793,A003441,C02106,2024-11-27 20:12:12,Card Purchase,Dining,-96.74,Germany,Mobile App,0,0
T0004429,A002858,C01745,2025-08-07 20:15:42,Transfer In,Transfer,226.84,Belgium,Mobile App,0,0
T0008660,A004006,C02450,2025-06-15 08:22:04,Card Purchase,Retail,-229.29,Netherlands,Online,0,0
T0009521,A003266,C02001,2026-01-12 02:52:27,Card Purchase,Entertainment,-65.97,Belgium,Online,0,0
T0003897,A002656,C01624,2025-11-03 13:52:48,Cash Withdrawal,Cash,-20,Belgium,ATM,0,0
T0009287,A002469,C01515,2025-05-04 18:51:32,Transfer In,Transfer,110.67,Germany,Mobile App,0,0
T0004797,A001873,C01151,2024-09-07 12:33:05,Transfer In,Transfer,1303.82,Belgium,Mobile App,0,0
T0000484,A002501,C01533,2025-04-12 10:55:48,Direct Debit,Utilities,-154.65,France,Direct Debit,0,0
T0003404,A003933,C02406,2026-03-26 11:09:23,Cash Withdrawal,Cash,-100,Netherlands,ATM,0,0
T0000963,A002738,C01673,2025-10-31 21:15:31,Card Purchase,Entertainment,-21.38,France,Online,0,0
T0000196,A000114,C00067,2024-04-17 23:42:51,Transfer In,Transfer,154.95,Germany,Bank Transfer,0,0
T0008748,A001086,C00662,2026-08-30 12:09:15,Direct Debit,Housing,-978.79,Netherlands,Direct Debit,0,0
T0006475,A002186,C01340,2024-02-23 02:36:39,Direct Debit,Telecom,-40.93,Germany,Direct Debit,0,0
T0003441,A003838,C02345,2025-12-05 10:05:19,Cash Withdrawal,Cash,-20,Germany,ATM,0,0
T0001865,A001961,C01202,2024-02-17 09:05:17,Card Purchase,Dining,-85.13,Netherlands,Mobile App,0,0
T0001816,A002439,C01498,2026-08-05 22:02:39,Card Purchase,Dining,-15.95,Germany,Card Present,0,0
T0001165,A002937,C01795,2025-01-18 16:19:26,Transfer In,Transfer,585.75,Belgium,Bank Transfer,0,0
T0001536,A000556,C00344,2025-12-20 19:54:03,Transfer In,Transfer,174.31,Luxembourg,Bank Transfer,0,0
T0002395,A003773,C02304,2024-06-07 18:14:52,Card Purchase,Travel,-327.01,Germany,Card Present,0,0
T0004020,A001343,C00825,2026-07-14 09:04:43,Transfer Out,Transfer,-230.97,Belgium,Bank Transfer,0,0
T0008830,A001862,C01145,2026-02-21 04:40:01,Interest,Interest,11.87,Belgium,Bank Transfer,0,0
T0005984,A001529,C00939,2024-01-25 18:53:43,Card Purchase,Healthcare,-53.54,France,Card Present,0,0
T0009868,A000673,C00413,2024-07-18 19:58:36,Transfer Out,Transfer,-340.17,Belgium,Mobile App,0,0
T0007709,A000649,C00398,2025-09-26 00:07:25,Transfer Out,Transfer,-112.71,France,Mobile App,0,0
T0009957,A001627,C01000,2024-03-06 07:30:48,Card Purchase,Dining,-10.01,France,Online,0,0
T0008470,A002863,C01748,2024-04-05 12:23:30,Transfer Out,Transfer,-798.66,Belgium,Bank Transfer,0,0
T0002445,A000086,C00050,2025-06-03 22:43:02,Direct Debit,Utilities,-104.81,Germany,Direct Debit,0,0
T0001969,A001981,C01213,2025-09-13 17:51:06,Transfer In,Transfer,195.39,Belgium,Bank Transfer,0,0
T0009220,A003584,C02192,2026-07-02 14:17:33,Card Purchase,Travel,-671.29,Belgium,Card Present,0,0
T0005220,A002398,C01473,2026-04-25 19:31:21,Transfer Out,Transfer,-189.91,Belgium,Bank Transfer,0,0
T0007178,A000069,C00041,2026-08-03 18:42:18,Cash Withdrawal,Cash,-50,Netherlands,ATM,0,0
T0001812,A000289,C00180,2024-12-28 18:33:39,Card Purchase,Healthcare,-91.79,Germany,Mobile App,1,0
T0003916,A003343,C02046,2026-04-04 21:54:44,Card Purchase,Healthcare,-63.64,Netherlands,Card Present,0,0
T0002979,A002193,C01346,2025-10-08 12:59:32,Card Purchase,Groceries,-69.91,Netherlands,Online,0,0
T0008314,A002738,C01673,2026-03-29 20:48:07,Card Purchase,Healthcare,-98.72,France,Online,0,0
T0007397,A002852,C01743,2025-02-12 21:28:41,Transfer In,Transfer,517.06,Belgium,Bank Transfer,0,0
T0006898,A000309,C00192,2025-02-27 11:29:54,Card Purchase,Retail,-105.93,Netherlands,Online,0,0
T0002321,A000023,C00014,2026-06-17 17:34:22,Direct Debit,Telecom,-66.77,Luxembourg,Direct Debit,0,0
T0004564,A000792,C00485,2025-10-07 13:23:30,Salary,Salary,2243.83,Belgium,Bank Transfer,0,0
T0001466,A002678,C01635,2024-10-07 04:04:32,Salary,Salary,3684.37,Belgium,Mobile App,0,0
T0004659,A001045,C00637,2025-07-26 15:10:32,Transfer In,Transfer,1027.1,Germany,Bank Transfer,0,0
T0005627,A000277,C00173,2024-03-11 07:47:00,Transfer In,Transfer,133.32,Belgium,Mobile App,0,0
T0002767,A003239,C01984,2025-04-23 08:36:57,Direct Debit,Insurance,-128.02,Belgium,Direct Debit,0,0
T0002231,A003699,C02260,2024-10-24 15:07:37,Card Purchase,Travel,-97.22,Italy,Card Present,1,0
T0006442,A001109,C00676,2024-08-21 00:10:14,Transfer In,Transfer,259.41,Netherlands,Mobile App,0,0
T0004842,A002085,C01280,2024-01-05 11:21:22,Transfer Out,Transfer,-379.95,Germany,Mobile App,0,0
T0004889,A001041,C00635,2024-04-23 04:04:14,Transfer In,Transfer,180.92,Luxembourg,Mobile App,0,0
T0007390,A003714,C02269,2025-07-19 11:30:14,Card Purchase,Travel,-260.48,France,Card Present,0,0
T0002478,A000930,C00568,2025-07-27 17:09:54,Card Purchase,Travel,-184.96,Germany,Online,0,0
T0002667,A000070,C00042,2025-04-09 12:08:03,Transfer Out,Transfer,-36.77,Netherlands,Bank Transfer,0,0
T0009016,A000204,C00129,2025-10-26 21:01:59,Direct Debit,Housing,-1196.71,Belgium,Direct Debit,0,0
T0001386,A003224,C01976,2024-02-03 06:53:42,Transfer In,Transfer,296.25,Germany,Mobile App,0,0
T0002166,A000413,C00258,2026-07-18 01:20:16,Card Purchase,Groceries,-32.75,Luxembourg,Card Present,1,0
T0006783,A001449,C00888,2025-09-26 09:32:47,Card Purchase,E-commerce,-435.06,Belgium,Card Present,0,0
T0001061,A003952,C02417,2024-06-23 06:38:06,Transfer Out,Transfer,-233.8,Belgium,Bank Transfer,0,0
T0004104,A002619,C01603,2024-09-02 01:28:26,Cash Withdrawal,Cash,-20,Netherlands,ATM,0,0
T0008813,A002376,C01459,2025-11-02 03:54:30,Transfer Out,,-228.04,Belgium,Mobile App,0,0
T0002819,A000693,C00424,2025-01-26 15:48:36,Card Purchase,Retail,-148.24,Belgium,Mobile App,0,0
T0007660,A000620,C00382,2024-08-25 21:44:10,Card Purchase,Travel,-229.73,France,Card Present,0,0
T0004023,A002079,C01276,2026-03-07 08:32:12,Transfer Out,Transfer,-99.98,France,Mobile App,0,0
T0001815,A000918,C00561,2024-01-21 18:12:00,Transfer In,Transfer,251.04,France,Bank Transfer,0,0
T0005594,A003356,C02054,2025-11-08 03:58:13,Transfer Out,Transfer,-507.32,Belgium,Mobile App,0,0
T0001017,A002576,C01581,2026-04-29 13:55:59,Direct Debit,Housing,-698.36,France,Direct Debit,0,0
T0009217,A000339,C00209,2024-07-06 05:18:52,Card Purchase,Travel,-369.06,Belgium,Card Present,0,0
T0007477,A001193,C00727,2024-11-05 09:27:22,Direct Debit,Housing,-783.63,France,Direct Debit,0,0
T0009449,A003815,C02330,2025-01-08 18:01:56,Card Purchase,Dining,-128.62,Belgium,Online,0,0
T0003580,A001475,C00906,2026-04-23 23:57:39,Cash Withdrawal,Cash,-250,Belgium,ATM,0,0
T0006743,A000339,C00209,2024-10-22 05:31:10,Transfer In,Transfer,214.77,Belgium,Bank Transfer,0,0
T0004805,A001323,C00815,2024-05-10 08:03:34,Transfer Out,,-504.85,Belgium,Bank Transfer,0,0
T0001588,A003533,C02160,2024-01-19 02:28:31,Interest,Interest,5.92,Belgium,Bank Transfer,0,0
T0009351,A003194,C01957,2025-03-31 06:30:08,Card Purchase,E-commerce,-65.24,France,Online,0,0
T0007118,A000530,C00327,2026-08-07 12:17:08,Salary,Salary,1869.27,France,Mobile App,0,0
T0000294,A002310,C01420,2025-10-07 15:30:30,Cash Withdrawal,Cash,-100,France,ATM,0,0
T0002649,A002457,C01508,2026-03-10 03:55:39,Card Purchase,E-commerce,-87.6,Belgium,Card Present,0,0
T0000416,A003879,C02371,2024-11-20 23:00:55,Salary,Salary,2666.33,Belgium,Bank Transfer,0,0
T0005132,A000685,C00419,2025-06-02 06:11:13,Card Purchase,Dining,-26.62,Luxembourg,Mobile App,0,0
T0000340,A002704,C01653,2024-09-04 11:26:06,Interest,Interest,6.61,Germany,Mobile App,0,0
T0003117,A000728,C00445,2024-10-06 16:05:49,Cash Withdrawal,Cash,-80,Netherlands,ATM,0,0
T0005916,A003929,C02403,2025-06-08 02:43:30,Card Purchase,Fuel,-74.68,Belgium,Mobile App,0,0
T0002774,A004081,C02495,2024-10-07 11:10:05,Transfer Out,Transfer,-206.96,Netherlands,Bank Transfer,0,0
T0009353,A000666,C00408,2026-03-15 20:44:46,Card Purchase,Dining,-79.19,Germany,Card Present,0,0
T0000201,A000907,C00555,2026-07-29 22:02:03,Direct Debit,Telecom,-58.78,Belgium,Direct Debit,0,0
T0004716,A003280,C02011,2026-04-29 18:22:24,Transfer Out,Transfer,-146.55,Germany,Mobile App,0,0
T0008545,A003509,C02146,2024-08-28 12:24:25,Transfer In,Transfer,1020.85,Netherlands,Bank Transfer,0,0
T0007659,A000359,C00224,2025-07-25 00:30:35,Card Purchase,Fuel,-65.78,Netherlands,Card Present,0,0
T0008860,A002536,C01554,2026-01-16 03:45:25,Transfer In,Transfer,534.15,France,Bank Transfer,0,0
T0004092,A003706,C02264,2025-08-15 00:22:05,Direct Debit,Subscriptions,-17.8,Belgium,Direct Debit,0,0
T0002687,A001703,C01048,2025-10-23 08:18:13,Transfer Out,Transfer,-241.2,Belgium,Bank Transfer,0,0
T0001157,A002035,C01248,2024-03-30 09:52:46,Direct Debit,Telecom,-50.06,Belgium,Direct Debit,0,1
T0000567,A001607,C00990,2025-04-30 12:27:59,Direct Debit,Subscriptions,-29.51,Netherlands,Direct Debit,0,0
T0000347,A001780,C01099,2026-02-25 12:42:35,Transfer In,Transfer,500.13,Belgium,Bank Transfer,0,0
T0009701,A003461,C02115,2025-10-14 03:51:56,Transfer In,Transfer,405.62,Germany,Mobile App,0,0
T0005109,A002851,C01742,2024-04-29 05:08:59,Transfer In,Transfer,153.32,Netherlands,Bank Transfer,0,0
T0000190,A003213,C01968,2026-03-04 17:27:31,Card Purchase,Retail,-68.98,Belgium,Card Present,0,0
T0000212,A002602,C01594,2025-08-26 18:49:49,Direct Debit,Subscriptions,-19.19,Germany,Direct Debit,0,0
T0001988,A001592,C00980,2025-05-19 20:41:44,Transfer In,Transfer,162.72,Belgium,Mobile App,0,0
T0008248,A001189,C00725,2024-04-12 13:16:46,Direct Debit,Subscriptions,-28.41,Germany,Direct Debit,0,0
T0005546,A001524,C00937,2026-01-14 18:22:49,Transfer Out,,-355.33,Germany,Mobile App,0,0
T0005603,A002425,C01488,2025-08-21 19:36:39,Card Purchase,Entertainment,-37.81,Belgium,Card Present,0,0
T0003128,A000336,C00206,2026-01-10 21:03:16,Transfer Out,Transfer,-254.59,Germany,Bank Transfer,0,0
T0004597,A001923,C01182,2024-10-26 01:31:15,Card Purchase,Entertainment,-65.17,Netherlands,Card Present,0,0
T0004691,A002807,C01715,2024-07-03 15:03:17,Transfer Out,Transfer,-227.28,Belgium,Bank Transfer,0,0
T0005281,A002387,C01466,2025-04-03 09:14:41,Transfer In,Transfer,459.36,Germany,Mobile App,0,0
T0009637,A001114,C00680,2025-05-06 23:28:03,Card Purchase,Travel,-197.38,Belgium,Card Present,0,0
T0003632,A003106,C01901,2025-05-21 03:57:33,Transfer In,Transfer,200.17,Germany,Bank Transfer,0,0
T0001149,A002865,C01750,2024-01-17 00:55:12,Transfer In,Transfer,112.52,Belgium,Mobile App,0,0
T0009595,A000992,C00606,2025-09-06 16:34:50,Transfer In,Transfer,487.62,Belgium,Bank Transfer,0,0
T0009203,A001958,C01201,2025-09-16 17:25:57,Transfer Out,Transfer,-135.9,France,Mobile App,0,0
T0008032,A002937,C01795,2026-02-28 05:00:26,Transfer Out,Transfer,-636.75,Belgium,Bank Transfer,0,0
T0001578,A002432,C01493,2025-09-03 19:03:06,Transfer In,Transfer,413.03,Belgium,Bank Transfer,0,0
T0009017,A001386,C00849,2024-09-13 14:06:44,Transfer Out,Transfer,-272.77,France,Mobile App,0,0
T0001281,A000437,C00272,2025-08-17 20:29:43,Transfer In,Transfer,1097.07,Germany,Mobile App,0,0
T0001082,A002043,C01252,2024-02-16 22:53:32,Card Purchase,Retail,-124.65,Belgium,Card Present,0,0
T0001406,A004026,C02460,2026-07-27 08:31:44,Card Purchase,E-commerce,-65.12,Luxembourg,Card Present,0,0
T0002923,A000810,C00493,2024-09-29 20:35:07,Transfer Out,Transfer,-506.44,France,Mobile App,0,0
T0008566,A000529,C00327,2024-11-14 11:26:32,Transfer Out,Transfer,-512.71,France,Mobile App,0,0
T0007217,A000488,C00303,2024-04-14 20:41:07,Cash Withdrawal,Cash,-150,Luxembourg,ATM,0,0
T0009777,A003988,C02438,2026-05-10 18:27:45,Card Purchase,Dining,-28.94,France,Card Present,0,0
T0000044,A002959,C01809,2024-10-19 09:17:43,Transfer Out,Transfer,-60.12,Netherlands,Mobile App,0,0
T0009036,A001207,C00734,2026-08-25 16:04:12,Card Purchase,Travel,-430.16,Belgium,Card Present,0,0
T0000544,A002274,C01398,2026-03-01 10:55:01,Transfer In,Transfer,283.25,Belgium,Mobile App,0,0
T0000938,A003308,C02028,2026-01-17 21:10:37,Salary,Salary,3231.68,Belgium,Mobile App,0,0
T0002568,A003452,C02111,2024-06-27 02:36:51,Direct Debit,Telecom,-64.3,Belgium,Direct Debit,0,0
T0000611,A002723,C01664,2026-08-04 05:30:24,Card Purchase,Travel,-379.43,Belgium,Online,0,0
T0002416,A002042,C01252,2024-07-19 14:49:03,Direct Debit,Insurance,-98.21,Belgium,Direct Debit,0,0
T0002180,A003179,C01947,2026-01-01 14:11:54,Salary,Salary,2045.12,Belgium,Mobile App,0,0
T0001818,A002941,C01798,2024-06-22 09:00:36,Card Purchase,Travel,-1425.15,Belgium,Card Present,0,0
T0002498,A001355,C00831,2026-01-24 19:02:00,Salary,Salary,1845.83,Netherlands,Bank Transfer,0,0
T0000733,A000499,C00311,2026-04-07 00:17:14,Transfer In,Transfer,110.4,Belgium,Bank Transfer,0,0
T0000485,A000996,C00607,2024-04-03 19:56:37,Card Purchase,Dining,-20.2,Netherlands,Card Present,0,0
T0009472,A000286,C00179,2024-07-19 09:53:55,Card Purchase,Entertainment,-23.54,Belgium,Online,0,0
T0008245,A002235,C01373,2026-04-19 19:19:32,Card Purchase,Dining,-100.57,Belgium,Card Present,0,0
T0009694,A001762,C01089,2025-08-12 05:53:10,Transfer Out,Transfer,-192.41,Belgium,Mobile App,0,0
T0009224,A001009,C00616,2024-10-16 04:46:32,Card Purchase,Retail,-124.81,France,Online,0,0
T0007669,A002781,C01701,2024-11-03 21:09:16,Card Purchase,Fuel,-22.93,France,Online,0,0
T0009075,A002709,C01656,2025-05-27 04:54:21,Transfer In,Transfer,104.18,Belgium,Mobile App,0,0
T0003159,A001690,C01039,2025-09-24 13:37:56,Card Purchase,Dining,-10.65,Belgium,Online,0,0
T0009592,A002584,C01583,2026-02-03 19:57:28,Card Purchase,Fuel,-54.57,Belgium,Card Present,0,0
T0003923,A003188,C01953,2024-08-04 05:32:21,Transfer Out,Transfer,-268.19,France,Bank Transfer,0,0
T0008332,A002204,C01353,2026-06-10 21:34:52,Direct Debit,Subscriptions,-18.92,Belgium,Direct Debit,0,0
T0000930,A000236,C00149,2026-06-29 09:50:55,Salary,Salary,3813.13,France,Mobile App,0,0
T0004888,A001680,C01032,2026-01-09 14:19:25,Transfer Out,Transfer,-506.09,Belgium,Mobile App,0,0
T0008389,A001267,C00775,2025-11-22 03:10:29,Cash Withdrawal,Cash,-50,Germany,ATM,0,0
T0004012,A002644,C01617,2025-05-20 11:26:26,Direct Debit,Telecom,-95.63,Belgium,Direct Debit,0,0
T0001781,A001573,C00967,2025-09-12 08:50:05,Card Purchase,Groceries,-54.56,Germany,Card Present,0,0
T0009883,A001654,C01017,2025-09-05 13:01:10,Cash Withdrawal,Cash,-100,Belgium,ATM,0,0
T0006601,A000438,C00272,2025-11-12 00:19:37,Card Purchase,Groceries,-54.18,United States,Card Present,1,0
T0005945,A003595,C02200,2025-01-15 08:43:53,Direct Debit,Housing,-611.93,Netherlands,Direct Debit,0,0
T0006902,A004000,C02445,2024-03-30 13:17:46,Transfer Out,Transfer,-1623.76,France,Mobile App,0,0
T0006879,A001498,C00920,2025-12-15 16:41:41,Direct Debit,Telecom,-96.08,Belgium,Direct Debit,0,0
T0008623,A002522,C01545,2026-05-10 16:25:52,Interest,Interest,16.69,Belgium,Mobile App,0,0
T0006304,A002820,C01721,2024-09-20 17:23:30,Cash Withdrawal,Cash,-40,Netherlands,ATM,0,0
T0003136,A000128,C00077,2024-02-07 12:46:28,Transfer Out,Transfer,-766.25,Germany,Bank Transfer,0,0
T0003957,A002808,C01716,2024-07-31 10:53:02,Interest,Interest,6.13,,Bank Transfer,0,0
T0004018,A001492,C00917,2024-01-31 00:30:54,Card Purchase,Retail,-62.53,Netherlands,Online,0,0
T0001725,A000609,C00375,2025-02-12 17:12:40,Transfer In,Transfer,637.64,Germany,Bank Transfer,0,0
T0009513,A001452,C00890,2024-03-03 07:34:46,Transfer In,Transfer,94.73,Netherlands,Mobile App,0,0
T0009051,A003861,C02359,2025-03-23 11:17:25,Transfer Out,Transfer,-1725.91,Belgium,Mobile App,0,0
T0007140,A000779,C00477,2025-11-28 02:54:29,Transfer In,Transfer,345.13,Netherlands,Mobile App,0,0
T0004775,A003114,C01904,2026-07-08 08:51:39,Card Purchase,Fuel,-49.59,France,Mobile App,0,0
T0003429,A002365,C01453,2024-08-13 14:24:49,Cash Withdrawal,Cash,-200,Belgium,ATM,0,0
T0000170,A003199,C01961,2026-05-13 20:57:31,Transfer In,Transfer,374.0,Germany,Mobile App,0,0
T0008976,A001505,C00925,2024-11-18 00:55:28,Transfer In,Transfer,266.77,Netherlands,Bank Transfer,0,0
T0001511,A001753,C01083,2024-06-27 14:48:14,Transfer Out,Transfer,-95.16,Belgium,Mobile App,0,0
T0005145,A001557,C00956,2024-03-30 01:10:36,Cash Withdrawal,Cash,-50,Belgium,ATM,0,0
T0005787,A003753,C02292,2026-03-24 04:44:07,Direct Debit,Housing,-997.57,Netherlands,Direct Debit,0,0
T0002022,A003338,C02043,2026-08-01 06:47:09,Transfer Out,Transfer,-94.8,Belgium,Bank Transfer,0,0
T0009497,A002847,C01738,2024-03-27 10:14:07,Card Purchase,Fuel,-45.08,Belgium,Online,0,0
T0002686,A001764,C01091,2024-02-14 05:32:21,Transfer In,Transfer,2466.5,Belgium,Mobile App,0,0
T0008435,A001657,C01018,2024-05-06 15:01:09,Card Purchase,Travel,-195.35,Germany,Card Present,0,0
T0005404,A000671,C00411,2025-05-21 23:33:14,Card Purchase,Fuel,-125.35,Netherlands,Card Present,0,0
T0006950,A002823,C01723,2024-05-16 23:43:28,Transfer In,Transfer,2374.55,Belgium,Mobile App,0,0
T0000263,A003366,C02060,2026-07-21 18:43:26,Card Purchase,E-commerce,-60.14,Belgium,Mobile App,0,0
T0003812,A000962,C00587,2025-06-07 19:16:05,Transfer In,Transfer,371.61,Belgium,Mobile App,0,0
T0008113,A002150,C01319,2024-11-19 09:16:49,Card Purchase,E-commerce,-221.32,France,Online,0,0
T0003798,A001874,C01151,2024-11-04 09:36:53,Card Purchase,Dining,-40.41,Belgium,Online,0,0
T0006680,A003524,C02155,2025-01-01 13:32:04,Card Purchase,Healthcare,-20.75,France,Card Present,0,0
T0001721,A002386,C01466,2026-02-27 02:24:48,Transfer In,Transfer,795.16,Germany,Bank Transfer,0,0
T0006513,A001755,C01084,2026-04-16 21:17:35,Transfer In,Transfer,420.77,Netherlands,Bank Transfer,0,0
T0005129,A003044,C01866,2025-05-25 20:35:21,Transfer Out,Transfer,-342.91,Belgium,Mobile App,0,0
T0002613,A002412,C01482,2024-02-02 22:09:16,Transfer In,Transfer,350.04,Germany,Mobile App,0,0
T0009816,A002169,C01329,2024-09-16 03:07:54,Interest,Interest,2.26,Belgium,Mobile App,0,0
T0009494,A001156,C00705,2024-07-05 16:55:44,Direct Debit,Insurance,-146.54,Luxembourg,Direct Debit,0,0
T0008081,A000857,C00526,2024-08-27 05:58:11,Transfer Out,Transfer,-230.91,Netherlands,Mobile App,0,0
T0005477,A000512,C00319,2025-03-12 13:29:07,Card Purchase,Groceries,-44.31,Netherlands,Card Present,0,0
T0001593,A003532,C02159,2024-02-25 00:44:38,Salary,Salary,2199.85,Germany,Bank Transfer,0,0
T0005640,A001951,C01196,2025-04-10 00:27:17,Cash Withdrawal,Cash,-200,Belgium,ATM,0,0
T0000831,A000581,C00359,2026-02-28 04:31:56,Transfer Out,Transfer,-62.81,Belgium,Bank Transfer,0,0
T0007453,A002682,C01637,2025-05-31 11:24:11,Transfer Out,Transfer,-92.25,Belgium,Mobile App,0,0
T0008835,A001797,C01108,2024-07-02 08:50:25,Card Purchase,Retail,-173.9,Germany,Card Present,0,0
T0004243,A002202,C01351,2025-12-13 13:31:03,Transfer In,Transfer,539.9,Luxembourg,Mobile App,0,0
T0002312,A002768,C01693,2025-04-24 10:13:15,Card Purchase,Retail,-111.59,Belgium,Card Present,0,0
T0009438,A002254,C01386,2025-07-30 15:27:25,Direct Debit,Telecom,-73.24,Belgium,Direct Debit,0,0
T0008335,A003630,C02220,2025-03-13 00:11:50,Transfer Out,Transfer,-365.56,Belgium,Bank Transfer,0,0
T0003252,A001052,C00641,2024-06-10 11:16:48,Direct Debit,Utilities,-144.87,Netherlands,Direct Debit,0,0
T0003385,A001608,C00990,2024-12-06 14:57:09,Transfer In,Transfer,455.32,Netherlands,Bank Transfer,0,0
T0007815,A001780,C01099,2024-01-05 06:45:47,Card Purchase,Dining,-42.68,Belgium,Mobile App,0,0
T0005896,A001295,C00795,2024-08-27 07:36:37,Card Purchase,Travel,-167.01,Belgium,Card Present,0,0
T0008527,A002144,C01316,2025-08-08 22:00:17,Transfer In,Transfer,276.21,Netherlands,Bank Transfer,0,0
T0007884,A002030,C01245,2026-05-14 13:18:12,Card Purchase,Dining,-82.14,Belgium,Card Present,0,0
T0009486,A002288,C01406,2024-09-08 03:29:49,Card Purchase,Retail,-115.5,Germany,Card Present,0,0
T0006624,A001295,C00795,2024-04-12 17:57:20,Card Purchase,Fuel,-31.42,Belgium,Online,0,0
T0000356,A003207,C01965,2024-05-16 01:11:41,Transfer Out,Transfer,-44.75,Netherlands,Mobile App,0,0
T0008119,A003139,C01919,2025-05-17 07:31:51,Transfer In,Transfer,331.46,Netherlands,Mobile App,0,0
T0008297,A000669,C00410,2025-03-20 17:39:05,Card Purchase,Dining,-43.45,Netherlands,Card Present,0,0
T0008563,A001736,C01073,2026-02-15 17:16:51,Card Purchase,Healthcare,-63.03,France,Online,0,0
T0006359,A000308,C00191,2026-04-05 03:46:39,Card Purchase,Groceries,-35.32,Belgium,Mobile App,0,0
T0004373,A000720,C00440,2024-12-27 11:39:49,Card Purchase,E-commerce,-69.72,Germany,Card Present,1,0
T0009778,A000219,C00138,2025-08-23 10:02:47,Transfer Out,Transfer,-155.75,France,Mobile App,0,0
T0000669,A000582,C00359,2024-02-25 16:33:54,Card Purchase,Entertainment,-13.5,Belgium,Card Present,0,0
T0002789,A001610,C00991,2024-08-17 05:32:03,Card Purchase,Dining,-81.98,Netherlands,Online,0,0
T0005699,A000202,C00128,2024-01-28 22:34:47,Transfer Out,Transfer,-831.16,Belgium,Bank Transfer,0,0
T0002647,A002040,C01251,2024-01-19 20:39:45,Transfer In,Transfer,128.89,Netherlands,Bank Transfer,0,0
T0003831,A001556,C00955,2024-01-17 12:25:19,Direct Debit,Subscriptions,-22.94,Netherlands,Direct Debit,0,0
T0000681,A000076,C00045,2024-01-28 19:25:33,Transfer In,Transfer,135.63,Netherlands,Bank Transfer,0,0
T0004046,A001290,C00791,2024-08-02 00:13:08,Card Purchase,E-commerce,-91.41,Belgium,Online,0,0
T0004545,A002293,C01408,2026-02-05 12:06:28,Card Purchase,Travel,-135.96,Netherlands,Card Present,0,0
T0006036,A004007,C02450,2026-08-01 18:38:21,Transfer In,Transfer,1100.91,Netherlands,Mobile App,0,0
T0003730,A000044,C00026,2024-04-26 20:10:10,Transfer Out,Transfer,-559.77,Belgium,Mobile App,0,1
T0006133,A003714,C02269,2024-09-12 07:42:23,Transfer Out,Transfer,-535.5,France,Bank Transfer,0,0
T0004176,A000193,C00119,2026-04-28 00:17:13,Card Purchase,E-commerce,-73.61,Germany,Card Present,0,0
T0002131,A000243,C00153,2025-09-12 04:17:56,Transfer Out,Transfer,-639.82,Germany,Bank Transfer,0,0
T0000710,A002833,C01730,2025-04-02 07:39:56,Card Purchase,Travel,-92.74,Belgium,Card Present,0,0
T0002438,A001556,C00955,2024-07-05 21:17:37,Salary,Salary,3293.92,Netherlands,Mobile App,0,0
T0000743,A003219,C01973,2024-04-21 19:26:16,Salary,Salary,2688.76,France,Mobile App,0,0
T0009156,A001241,C00757,2024-03-17 23:32:43,Card Purchase,Fuel,-42.08,France,Card Present,0,0
T0001624,A002737,C01672,2024-04-12 19:23:57,Transfer In,Transfer,1000.58,Belgium,Bank Transfer,0,0
T0001783,A002496,C01531,2026-03-28 09:09:10,Transfer Out,Transfer,-533.45,Germany,Bank Transfer,0,0
T0008859,A000249,C00156,2024-07-26 13:03:57,Transfer Out,Transfer,-882.2,France,Mobile App,0,0
T0002327,A002838,C01733,2026-08-17 08:35:24,Card Purchase,Retail,-54.87,Belgium,Online,0,0
T0008259,A003017,C01847,2026-05-30 07:26:18,Card Purchase,Groceries,-44.39,Belgium,Mobile App,0,0
T0001701,A001227,C00748,2026-06-07 03:16:55,Transfer In,Transfer,1485.35,Belgium,Bank Transfer,0,0
T0007368,A000710,C00433,2025-06-24 13:19:19,Card Purchase,Travel,-79.24,Germany,Card Present,0,0
T0009218,A002306,C01416,2024-08-27 14:39:14,Transfer In,Transfer,173.59,Belgium,Mobile App,0,0
T0003671,A001807,C01114,2025-10-13 16:23:18,Direct Debit,Subscriptions,-24.74,Belgium,Direct Debit,0,0
T0003517,A001105,C00674,2024-01-08 09:38:07,Card Purchase,Groceries,-88.24,Belgium,Card Present,0,0
T0002591,A001619,C00996,2024-03-31 15:00:56,Direct Debit,Housing,-638.15,Netherlands,Direct Debit,0,0
T0009027,A000415,C00258,2024-07-05 07:07:06,Card Purchase,Healthcare,-40.31,Belgium,Card Present,0,0
T0009332,A000997,C00608,2025-09-27 06:30:24,Salary,Salary,2491.19,Belgium,Bank Transfer,0,0
T0002719,A002864,C01749,2024-03-28 20:51:19,Transfer In,Transfer,196.9,Luxembourg,Bank Transfer,0,0
T0002457,A001391,C00853,2025-11-16 01:57:00,Transfer In,Transfer,237.24,Germany,Mobile App,0,0
T0003756,A002810,C01717,2026-08-17 05:22:04,Transfer In,Transfer,455.98,France,Mobile App,0,0
T0001181,A003121,C01909,2025-11-26 05:37:27,Interest,Interest,3.79,Netherlands,Bank Transfer,0,0
T0007159,A002051,C01258,2025-07-22 09:08:08,Interest,Interest,5.04,Germany,Bank Transfer,0,0
T0007040,A000600,C00369,2025-03-05 14:59:51,Transfer Out,Transfer,-242.67,France,Mobile App,0,0
T0009869,A003743,C02288,2025-07-28 22:24:34,Card Purchase,Groceries,-186.15,Germany,Card Present,0,0
T0004413,A001597,C00983,2025-12-07 07:36:05,Transfer In,Transfer,88.34,Belgium,Mobile App,0,0
T0001261,A000252,C00158,2025-02-09 03:15:50,Cash Withdrawal,Cash,-80,Germany,ATM,0,0
T0008633,A002608,C01596,2026-04-27 07:43:54,Transfer Out,Transfer,-163.44,Belgium,Mobile App,0,0
T0003618,A001829,C01128,2024-09-13 19:18:11,Card Purchase,E-commerce,-189.26,Netherlands,Card Present,0,0
T0004158,A001020,C00624,2025-10-28 16:40:41,Direct Debit,Telecom,-62.6,Germany,Direct Debit,0,0
T0003335,A003859,C02358,2026-08-08 20:11:38,Card Purchase,Healthcare,-33.32,Belgium,Card Present,0,0
T0000858,A000353,C00219,2024-06-24 16:01:35,Interest,Interest,8.24,Belgium,Bank Transfer,0,0
T0000706,A000875,C00536,2025-12-10 19:15:19,Transfer In,Transfer,829.18,France,Bank Transfer,0,0
T0000163,A001414,C00868,2024-11-02 00:45:57,Direct Debit,Telecom,-86.73,,Direct Debit,0,0
T0009462,A001475,C00906,2026-03-31 15:02:52,Card Purchase,Fuel,-39.29,Luxembourg,Card Present,1,0
T0001148,A000715,C00437,2025-10-01 01:05:10,Cash Withdrawal,Cash,-100,Belgium,ATM,0,0
T0006859,A003264,C02001,2025-07-01 10:40:11,Card Purchase,E-commerce,-54.43,United States,Online,1,0
T0007300,A000197,C00123,2025-06-12 07:40:25,Interest,Interest,14.5,France,Mobile App,0,0
T0002836,A000371,C00232,2026-02-05 15:37:24,Direct Debit,Housing,-692.83,Germany,Direct Debit,0,0
T0005981,A002372,C01457,2025-12-15 09:17:36,Transfer Out,Transfer,-194.48,Belgium,Mobile App,0,0
T0008679,A002858,C01745,2024-03-27 03:44:57,Transfer In,Transfer,152.15,Belgium,Bank Transfer,0,0
T0003425,A001368,C00840,2024-03-15 01:07:08,Card Purchase,Retail,-101.29,Belgium,Online,0,0
T0000515,A001430,C00877,2026-06-09 15:35:42,Interest,Interest,12.45,France,Bank Transfer,0,0
T0009170,A003480,C02128,2026-01-30 18:29:28,Interest,Interest,2.77,Luxembourg,Bank Transfer,0,0
T0004400,A001811,C01116,2024-04-01 10:01:39,Transfer In,Transfer,171.9,France,Mobile App,0,0
T0009319,A003909,C02392,2024-07-06 09:18:37,Card Purchase,Entertainment,-102.6,Belgium,Card Present,0,0
T0003817,A002274,C01398,2026-02-13 16:12:24,Transfer In,Transfer,1777.32,Belgium,Mobile App,0,0
T0003723,A001208,C00735,2024-06-14 11:38:54,Cash Withdrawal,Cash,-80,Netherlands,ATM,0,0
T0007295,A003022,C01850,2025-06-26 08:51:23,Transfer In,Transfer,110.69,Germany,Bank Transfer,0,0
T0008515,A001075,C00654,2024-03-26 01:49:29,Card Purchase,Fuel,-41.88,,Mobile App,0,0
T0007476,A000282,C00177,2025-07-11 00:25:31,Card Purchase,Fuel,-33.79,Germany,Card Present,0,0
T0009807,A004037,C02464,2025-06-13 21:04:39,Card Purchase,Travel,-69.05,Belgium,Card Present,0,0
T0005977,A002041,C01251,2024-04-09 09:49:45,Card Purchase,Dining,-65.97,Netherlands,Card Present,0,0
T0006909,A003402,C02079,2025-10-15 22:20:42,Transfer In,Transfer,554.89,Belgium,Mobile App,0,0
T0009796,A002150,C01319,2026-05-15 14:13:45,Transfer In,Transfer,274.25,France,Bank Transfer,0,0
T0004194,A001509,C00927,2025-05-03 21:01:24,Direct Debit,Utilities,-142.06,Netherlands,Direct Debit,0,0
T0007318,A001540,C00945,2025-06-15 02:56:44,Transfer Out,Transfer,-1062.41,Belgium,Bank Transfer,0,0
T0007267,A003551,C02169,2025-08-12 16:59:01,Card Purchase,Entertainment,-26.87,Germany,Card Present,0,0
T0002299,A002517,C01542,2024-04-05 02:56:23,Card Purchase,E-commerce,-71.44,Belgium,Online,0,0
T0000040,A001107,C00675,2025-09-05 22:41:44,Transfer Out,Transfer,-546.09,Belgium,Bank Transfer,0,0
T0003241,A002235,C01373,2026-05-06 03:50:23,Cash Withdrawal,Cash,-100,Belgium,ATM,0,0
T0006537,A002427,C01490,2025-04-01 20:24:54,Transfer Out,Transfer,-185.17,Germany,Bank Transfer,0,0
T0007423,A003061,C01877,2024-04-19 13:52:28,Direct Debit,Subscriptions,-23.11,France,Direct Debit,0,0
T0001211,A000727,C00444,2025-01-11 20:24:13,Transfer Out,Transfer,-60.78,Netherlands,Bank Transfer,0,0
T0009181,A001958,C01201,2024-02-16 09:21:41,Salary,Salary,4466.23,France,Mobile App,0,0
T0002895,A001417,C00869,2025-02-11 00:43:11,Transfer In,Transfer,1792.54,Luxembourg,Bank Transfer,0,0
T0001761,A000195,C00121,2024-11-16 20:11:26,Interest,Interest,7.01,Germany,Bank Transfer,0,0
T0009488,A000345,C00214,2026-05-24 19:44:52,Transfer Out,Transfer,-250.52,Belgium,Mobile App,0,0
T0007348,A003110,C01902,2024-08-07 07:20:58,Transfer In,Transfer,451.51,Germany,Bank Transfer,0,0
T0003874,A003237,C01983,2024-03-06 18:42:49,Transfer In,Transfer,405.68,France,Mobile App,0,0
T0007378,A000058,C00034,2025-06-21 03:01:33,Direct Debit,Subscriptions,-23.47,Belgium,Direct Debit,0,0
T0001821,A000904,C00553,2026-03-04 19:09:40,Transfer In,Transfer,1834.84,Belgium,Mobile App,0,0
T0000905,A003536,C02162,2025-05-14 01:10:09,Transfer In,Transfer,164.45,Belgium,Mobile App,0,0
T0002711,A001912,C01175,2025-05-26 21:41:08,Card Purchase,Fuel,-96.07,Belgium,Card Present,0,0
T0009195,A002793,C01708,2024-07-27 16:10:31,Card Purchase,Dining,-25.5,Luxembourg,Card Present,0,0
T0002598,A003595,C02200,2025-04-19 19:14:53,Direct Debit,Housing,-882.29,Netherlands,Direct Debit,0,0
T0000655,A001808,C01114,2024-04-25 01:19:47,Card Purchase,E-commerce,-46.31,Italy,Card Present,1,0
T0005861,A002961,C01810,2025-08-28 15:22:01,Card Purchase,Retail,-23.76,Belgium,Card Present,0,0
T0003913,A001059,C00645,2024-09-24 03:52:33,Transfer Out,Transfer,-486.5,Netherlands,Bank Transfer,0,0
T0009861,A003635,C02223,2024-09-29 04:53:51,Transfer In,Transfer,238.73,Belgium,Mobile App,0,0
T0006894,A003838,C02345,2024-01-20 16:49:32,Salary,Salary,1318.23,Germany,Bank Transfer,0,0
T0002562,A001963,C01204,2024-01-05 09:27:03,Transfer Out,Transfer,-358.11,Belgium,Mobile App,0,0
T0004146,A001905,C01170,2026-03-14 09:15:18,Card Purchase,Entertainment,-69.54,Belgium,Card Present,0,0
T0009895,A002578,C01581,2025-03-16 20:48:04,Card Purchase,Fuel,-60.03,France,Mobile App,0,0
T0002095,A001693,C01042,2024-11-27 21:23:58,Transfer Out,Transfer,-246.47,Germany,Bank Transfer,0,0
T0006216,A000112,C00066,2025-08-02 14:00:43,Card Purchase,Dining,-17.15,Belgium,Online,0,0
T0009905,A003850,C02352,2026-03-08 19:07:41,Transfer In,,343.93,France,Mobile App,0,0
T0008307,A001610,C00991,2025-09-08 08:47:33,Card Purchase,Healthcare,-18.27,Netherlands,Card Present,0,0
T0008095,A000264,C00164,2025-02-10 20:53:46,Card Purchase,Groceries,-49.52,Netherlands,Card Present,0,0
T0009589,A002105,C01294,2026-07-13 13:46:24,Transfer In,Transfer,135.77,France,Bank Transfer,0,0
T0002496,A000045,C00026,2024-05-06 10:53:20,Transfer Out,Transfer,-719.58,Belgium,Mobile App,0,0
T0000982,A002432,C01493,2024-03-20 03:26:16,Transfer In,Transfer,377.09,Belgium,Mobile App,0,0
T0004370,A000083,C00049,2026-05-11 12:11:22,Direct Debit,Insurance,-144.95,Belgium,Direct Debit,0,0
T0004607,A000828,C00505,2026-08-02 04:27:56,Direct Debit,Utilities,-79.38,Netherlands,Direct Debit,0,0
T0005437,A000103,C00061,2024-08-18 06:51:01,Transfer Out,Transfer,-178.86,Belgium,Mobile App,0,0
T0003920,A003276,C02009,2024-10-29 11:37:50,Direct Debit,Subscriptions,-21.85,France,Direct Debit,0,0
T0005031,A003862,C02360,2025-05-11 10:14:46,Transfer Out,Transfer,-359.8,Belgium,Bank Transfer,0,0
T0000849,A000248,C00155,2024-12-24 07:18:25,Card Purchase,E-commerce,-69.46,Belgium,Online,0,0
T0000049,A002378,C01460,2024-03-14 09:13:39,Direct Debit,Housing,-823.88,Belgium,Direct Debit,0,0
T0001955,A003607,C02206,2025-01-04 17:28:01,Card Purchase,Entertainment,-15.71,Belgium,Card Present,0,0
T0001985,A002049,C01256,2025-08-29 01:57:40,Transfer In,Transfer,351.83,Germany,Mobile App,0,0
T0003753,A001344,C00825,2024-08-18 22:22:55,Card Purchase,E-commerce,-78.99,Belgium,Online,0,0
T0000728,A002340,C01438,2024-03-05 16:27:44,Interest,Interest,10.99,Belgium,Mobile App,0,0
T0003303,A000300,C00187,2025-04-04 02:19:26,Transfer Out,Transfer,-372.8,Luxembourg,Mobile App,0,0
T0008021,A001054,C00642,2026-08-06 00:52:54,Transfer Out,Transfer,-48.16,Germany,Bank Transfer,0,0
T0009501,A001587,C00976,2026-01-20 22:28:47,Cash Withdrawal,Cash,-100,Belgium,ATM,0,0
T0003827,A003105,C01900,2024-08-04 03:29:29,Direct Debit,Utilities,-153.74,Belgium,Direct Debit,0,0
T0002281,A001890,C01160,2025-01-11 23:09:49,Direct Debit,Subscriptions,-25.05,France,Direct Debit,0,0
T0009061,A000648,C00397,2024-06-15 20:44:37,Card Purchase,E-commerce,-148.99,Germany,Card Present,0,0
T0008571,A003096,C01896,2024-08-24 03:50:48,Transfer Out,Transfer,-279.15,Germany,Bank Transfer,0,0
T0009974,A004065,C02484,2025-12-15 08:52:01,Direct Debit,Subscriptions,-22.41,Netherlands,Direct Debit,0,0
T0007108,A001168,C00712,2025-08-20 18:23:40,Cash Withdrawal,Cash,-150,,ATM,0,0
T0003758,A001584,C00974,2024-05-07 21:57:18,Transfer In,Transfer,260.55,Belgium,Mobile App,0,0
T0007779,A002854,C01744,2026-08-14 00:55:54,Transfer In,Transfer,127.31,Belgium,Mobile App,0,0
T0001125,A000357,C00222,2024-03-02 09:07:17,Direct Debit,Telecom,-49.92,Belgium,Direct Debit,0,0
T0006335,A002756,C01684,2025-02-10 12:28:19,Transfer In,Transfer,538.43,Germany,Bank Transfer,0,0
T0002123,A003714,C02269,2025-06-23 12:37:55,Card Purchase,Travel,-273.34,France,Mobile App,0,0
T0000037,A003879,C02371,2024-05-18 22:54:12,Transfer In,Transfer,793.32,Belgium,Mobile App,0,0
T0000658,A000302,C00188,2026-08-15 20:37:22,Transfer In,Transfer,811.66,Netherlands,Mobile App,0,0
T0008805,A001685,C01037,2025-09-23 03:27:42,Direct Debit,Utilities,-205.06,France,Direct Debit,0,0
T0003844,A002622,C01604,2025-03-27 15:15:18,Transfer Out,Transfer,-1530.01,Germany,Mobile App,0,0
T0002251,A002548,C01562,2026-07-10 05:30:22,Transfer Out,Transfer,-197.43,Germany,Bank Transfer,0,0
T0004893,A003508,C02146,2025-10-06 06:26:17,Cash Withdrawal,Cash,-40,Netherlands,ATM,0,0
T0004155,A000446,C00278,2024-01-12 02:32:40,Card Purchase,Entertainment,-23.81,France,Mobile App,0,0
T0004517,A002726,C01665,2024-08-01 02:45:44,Transfer Out,Transfer,-400.18,Belgium,Mobile App,0,0
T0002268,A000684,C00419,2025-10-25 10:35:46,Transfer Out,Transfer,-688.98,Luxembourg,Bank Transfer,0,0
T0002987,A002585,C01584,2026-08-27 03:04:20,Transfer Out,Transfer,-763.24,Germany,Bank Transfer,0,0
T0006226,A004013,C02453,2024-04-11 13:33:38,Transfer Out,Transfer,-44.37,France,Mobile App,0,0
T0002798,A003359,C02055,2024-04-24 21:40:35,Cash Withdrawal,Cash,-60,Belgium,ATM,0,0
T0006580,A001162,C00708,2024-03-07 19:06:46,Card Purchase,Retail,-29.94,Netherlands,Card Present,0,0
T0006097,A000091,C00053,2024-12-08 13:33:10,Transfer Out,Transfer,-276.11,Germany,Bank Transfer,0,0
T0007820,A000205,C00129,2025-08-31 19:42:23,Card Purchase,E-commerce,-298.04,Belgium,Card Present,0,0
T0008270,A002059,C01264,2024-09-10 12:44:40,Direct Debit,Utilities,-97.9,Netherlands,Direct Debit,0,0
T0001353,A002375,C01459,2025-07-03 21:30:31,Card Purchase,Travel,-228.85,Belgium,Card Present,0,0
T0007905,A000216,C00136,2024-03-02 23:08:24,Transfer Out,Transfer,-254.54,Netherlands,Mobile App,0,0
T0005250,A002796,C01709,2026-03-28 22:45:39,Transfer In,Transfer,100.53,Netherlands,Bank Transfer,0,0
T0009619,A000170,C00104,2026-02-23 23:22:04,Card Purchase,Retail,-98.4,Belgium,Online,0,0
T0002781,A001398,C00857,2025-02-16 23:20:19,Card Purchase,Fuel,-30.85,Netherlands,Online,0,0
T0004404,A001058,C00644,2024-12-20 23:38:36,Card Purchase,Dining,-31.32,France,Card Present,0,0
T0006708,A002322,C01428,2024-12-28 10:10:44,Transfer In,Transfer,33.69,Belgium,Mobile App,0,0
T0007846,A002228,C01368,2024-05-22 00:25:26,Card Purchase,Fuel,-126.3,Netherlands,Mobile App,0,0
T0008135,A003652,C02234,2024-04-01 07:27:11,Direct Debit,Subscriptions,-28.06,,Direct Debit,0,0
T0004764,A003176,C01945,2025-08-14 18:18:53,Card Purchase,Groceries,-41.41,Netherlands,Card Present,0,0
T0007146,A003648,C02232,2025-03-11 16:45:08,Transfer In,Transfer,359.68,France,Mobile App,0,0
T0009175,A002627,C01607,2025-08-15 20:26:39,Card Purchase,Travel,-100.12,France,Online,0,0
T0003424,A003495,C02137,2025-08-07 10:42:12,Card Purchase,E-commerce,-177.82,Belgium,Card Present,0,0
T0003186,A002392,C01469,2024-01-08 13:27:18,Card Purchase,Fuel,-65.75,France,Mobile App,0,0
T0000230,A001012,C00619,2025-10-13 08:58:48,Direct Debit,Utilities,-122.25,Belgium,Direct Debit,0,0
T0005445,A004061,C02481,2026-06-20 16:49:01,Card Purchase,Healthcare,-48.7,Luxembourg,Card Present,0,0
T0008549,A000384,C00239,2026-03-25 18:02:43,Transfer In,Transfer,650.5,Belgium,Bank Transfer,0,0
T0009042,A002434,C01495,2025-04-05 18:15:02,Transfer Out,Transfer,-120.69,Belgium,Mobile App,0,0
T0004494,A001189,C00725,2026-03-11 18:02:29,Card Purchase,Retail,-134.66,Germany,Card Present,0,0
T0001965,A000838,C00511,2024-04-03 13:38:18,Interest,Interest,11.92,Germany,Bank Transfer,0,0
T0008666,A000809,C00493,2026-03-31 10:41:04,Transfer Out,Transfer,-210.76,France,Mobile App,0,0
T0001106,A002523,C01546,2024-12-05 13:53:25,Transfer Out,Transfer,-97.23,Belgium,Bank Transfer,0,0
T0004138,A003159,C01933,2025-06-25 21:26:52,Card Purchase,Groceries,-52.33,Netherlands,Card Present,0,0
T0009025,A000342,C00211,2024-05-08 09:12:53,Transfer Out,Transfer,-404.64,Netherlands,Mobile App,0,0
T0001442,A000169,C00103,2025-04-02 13:38:46,Transfer In,Transfer,245.23,France,Mobile App,0,0
T0008325,A002687,C01640,2024-08-17 03:21:15,Card Purchase,Entertainment,-17.31,France,Card Present,0,0
T0007284,A002822,C01723,2026-05-30 12:58:38,Salary,Salary,3532.64,Belgium,Mobile App,0,0
T0003209,A003039,C01862,2024-11-23 11:10:55,Interest,Interest,15.54,Belgium,Bank Transfer,0,0
T0004055,A001637,C01006,2024-09-14 16:27:07,Transfer In,Transfer,319.42,France,Bank Transfer,0,0
T0000957,A003597,C02201,2025-05-30 13:28:12,Transfer Out,Transfer,-4173.36,Belgium,Mobile App,0,0
T0004346,A001452,C00890,2025-05-31 12:44:19,Transfer Out,Transfer,-217.31,Netherlands,Mobile App,0,0
T0004531,A003386,C02070,2025-04-07 09:10:13,Transfer In,,254.48,Germany,Bank Transfer,0,0
T0003454,A002462,C01512,2026-07-03 22:35:19,Direct Debit,Housing,-820.81,Belgium,Direct Debit,0,0
T0005936,A002040,C01251,2025-05-09 03:46:27,Transfer In,Transfer,169.24,Netherlands,Bank Transfer,0,0
T0009641,A001424,C00873,2024-09-19 16:08:56,Transfer Out,Transfer,-1126.68,France,Mobile App,0,0
T0009186,A002382,C01464,2024-03-27 05:59:14,Transfer Out,Transfer,-355.31,Belgium,Mobile App,0,0
T0003734,A002310,C01420,2025-09-05 09:13:20,Card Purchase,E-commerce,-183.6,France,Online,0,0
T0001449,A000416,C00259,2025-09-26 23:58:40,Transfer In,Transfer,144.68,Netherlands,Bank Transfer,0,0
T0001066,A002425,C01488,2025-09-12 01:38:40,Card Purchase,Dining,-81.91,Belgium,Online,0,0
T0006426,A002274,C01398,2024-07-14 00:26:47,Transfer Out,Transfer,-220.31,Belgium,Bank Transfer,0,0
T0007518,A001055,C00643,2026-02-23 23:36:53,Transfer Out,Transfer,-605.3,Netherlands,Bank Transfer,0,0
T0004117,A001034,C00631,2025-12-28 11:11:22,Transfer In,Transfer,89.29,Belgium,Mobile App,0,0
T0008023,A000501,C00312,2025-03-30 08:15:06,Card Purchase,E-commerce,-103.06,Belgium,Online,0,0
T0006358,A001763,C01090,2026-04-18 23:13:16,Transfer Out,Transfer,-539.49,France,Mobile App,0,0
T0007744,A000183,C00112,2025-08-18 10:28:07,Direct Debit,Insurance,-133.24,Germany,Direct Debit,0,0
T0003216,A000558,C00344,2024-12-06 13:10:39,Card Purchase,Dining,-38.25,Luxembourg,Online,0,0
T0006725,A001144,C00699,2026-03-15 01:24:46,Transfer In,Transfer,200.61,France,Bank Transfer,0,0
T0009063,A000916,C00560,2025-11-05 16:49:48,Card Purchase,Healthcare,-51.45,Luxembourg,Card Present,0,0
T0003943,A001803,C01112,2024-10-20 11:31:25,Transfer In,Transfer,1200.29,Belgium,Mobile App,0,0
T0003483,A001404,C00862,2026-01-18 12:24:43,Salary,Salary,4529.36,France,Bank Transfer,0,0
T0005662,A003529,C02158,2025-05-21 13:00:05,Transfer In,Transfer,660.62,Netherlands,Mobile App,0,0
T0005144,A000530,C00327,2024-08-18 01:34:11,Card Purchase,Entertainment,-51.84,France,Card Present,0,0
T0004982,A003530,C02158,2024-08-28 11:11:59,Card Purchase,Healthcare,-77.92,Netherlands,Card Present,0,0
T0001924,A003128,C01912,2025-10-12 06:21:40,Transfer Out,Transfer,-274.17,Luxembourg,Mobile App,0,0
T0003750,A004033,C02463,2026-03-30 08:00:20,Card Purchase,Entertainment,-25.81,France,Online,0,0
T0003854,A002835,C01730,2026-08-18 03:02:16,Card Purchase,Fuel,-63.29,Belgium,Online,0,0
T0008047,A001029,C00628,2026-02-15 08:19:43,Card Purchase,Dining,-83.89,Netherlands,Online,0,0
T0005407,A003061,C01877,2024-04-22 15:58:29,Card Purchase,Retail,-48.82,France,Online,0,0
T0003002,A001803,C01112,2026-06-24 03:17:20,Transfer In,Transfer,676.93,Belgium,Bank Transfer,0,0
T0005531,A002413,C01482,2024-07-17 10:58:53,Direct Debit,Insurance,-95.56,Germany,Direct Debit,0,1
T0009199,A001010,C00617,2025-07-07 03:33:25,Transfer In,Transfer,282.45,,Mobile App,0,0
T0007486,A002637,C01612,2024-05-19 23:33:32,Transfer Out,Transfer,-218.22,Germany,Mobile App,0,0
T0001248,A003707,C02264,2024-05-24 10:15:18,Card Purchase,Fuel,-75.12,Belgium,Online,0,0
T0007481,A002080,C01276,2026-02-26 09:47:54,Card Purchase,Healthcare,-65.11,France,Mobile App,0,0
T0000127,A003773,C02304,2026-07-28 04:02:21,Card Purchase,E-commerce,-53.7,Germany,Card Present,0,0
T0005196,A002766,C01692,2026-08-12 05:25:54,Transfer Out,Transfer,-619.78,Belgium,Bank Transfer,0,0
T0001382,A003573,C02186,2024-11-24 02:03:10,Card Purchase,Healthcare,-116.34,Italy,Card Present,1,0
T0008337,A003623,C02216,2024-12-08 19:14:20,Transfer Out,Transfer,-658.32,Belgium,Mobile App,0,0
T0004612,A000556,C00344,2024-05-31 01:20:57,Transfer In,Transfer,204.92,Luxembourg,Bank Transfer,0,0
T0005636,A000801,C00489,2024-04-19 14:59:12,Card Purchase,Retail,-40.83,Belgium,Online,0,0
T0001485,A000988,C00603,2026-08-29 15:45:37,Transfer In,Transfer,2064.13,Germany,Bank Transfer,0,0
T0003228,A003682,C02251,2025-04-29 21:23:21,Transfer In,Transfer,94.64,Belgium,Mobile App,0,0
T0000333,A001554,C00954,2026-08-16 22:28:57,Transfer Out,Transfer,-208.64,Belgium,Bank Transfer,0,0
T0001399,A003854,C02355,2026-01-07 11:33:02,Transfer In,Transfer,95.99,Belgium,Bank Transfer,0,0
T0003409,A000573,C00354,2025-10-17 15:48:27,Card Purchase,Fuel,-38.66,Belgium,Online,0,0
T0009149,A003640,C02226,2026-07-28 17:14:29,Transfer In,Transfer,77.68,France,Bank Transfer,0,0
T0008274,A002469,C01515,2026-02-24 23:39:34,Transfer Out,Transfer,-303.57,Germany,Mobile App,0,0
T0005120,A000304,C00189,2024-05-17 08:49:58,Cash Withdrawal,Cash,-100,Luxembourg,ATM,0,0
T0006082,A002803,C01713,2024-03-17 17:54:23,Transfer In,Transfer,171.75,Belgium,Bank Transfer,0,0
T0004699,A003893,C02381,2024-08-02 09:37:44,Card Purchase,Healthcare,-33.05,Netherlands,Card Present,0,0
T0009349,A002214,C01358,2025-12-16 19:08:55,Cash Withdrawal,Cash,-100,Germany,ATM,0,0
T0006641,A000990,C00604,2024-03-30 23:40:57,Transfer In,Transfer,214.58,Netherlands,Mobile App,0,0
T0003369,A002911,C01777,2026-07-03 10:31:40,Card Purchase,Travel,-117.56,Belgium,Card Present,0,0
T0003407,A002198,C01348,2024-03-27 06:06:58,Direct Debit,Insurance,-106.23,Netherlands,Direct Debit,0,0
T0002642,A002734,C01670,2024-02-23 01:45:11,Direct Debit,Utilities,-180.83,France,Direct Debit,0,0
T0008550,A001695,C01043,2024-12-12 17:10:36,Card Purchase,Travel,-363.17,Luxembourg,Card Present,0,0
T0006915,A001395,C00855,2026-01-30 04:42:23,Transfer In,Transfer,103.4,Netherlands,Mobile App,0,0
T0007325,A001082,C00659,2026-05-10 22:06:43,Transfer In,Transfer,185.72,Germany,Bank Transfer,0,0
T0002337,A001077,C00655,2025-12-28 13:35:22,Card Purchase,Groceries,-134.48,Netherlands,Online,0,0
T0007349,A000708,C00432,2025-04-21 05:53:08,Transfer In,Transfer,314.71,France,Mobile App,0,0
T0002773,A003275,C02008,2024-08-28 20:04:43,Transfer Out,Transfer,-94.73,Netherlands,Mobile App,0,0
T0009767,A002508,C01538,2024-08-25 09:28:50,Interest,Interest,13.39,Netherlands,Mobile App,0,0
T0005518,A003244,C01988,2025-09-30 05:25:20,Salary,Salary,1896.35,Belgium,Bank Transfer,0,0
T0007811,A002718,C01662,2024-10-13 07:37:56,Direct Debit,Subscriptions,-24.99,Belgium,Direct Debit,0,0
T0008696,A002621,C01603,2026-03-03 04:20:22,Card Purchase,Dining,-46.16,Netherlands,Card Present,0,0
T0005433,A000903,C00552,2025-09-07 20:07:52,Transfer In,Transfer,75.03,Netherlands,Mobile App,0,0
T0007810,A000282,C00177,2025-08-08 00:41:07,Card Purchase,Retail,-95.01,Germany,Card Present,0,0
T0004181,A003671,C02245,2026-01-07 21:43:31,Card Purchase,Groceries,-24.92,France,Online,0,0
T0001238,A003022,C01850,2025-06-30 03:14:39,Transfer In,Transfer,663.66,Germany,Mobile App,0,0
T0000148,A003462,C02115,2025-10-12 11:22:59,Card Purchase,Healthcare,-34.58,Germany,Card Present,0,0
T0007291,A003465,C02117,2026-06-03 20:59:46,Card Purchase,Entertainment,-48.48,Belgium,Card Present,0,0
T0009962,A001724,C01064,2024-09-17 04:56:10,Transfer Out,Transfer,-200.86,Belgium,Bank Transfer,0,0
T0000500,A000743,C00455,2025-09-29 15:14:06,Card Purchase,Dining,-42.64,Netherlands,Online,0,0
T0003641,A000133,C00080,2026-01-12 10:24:58,Card Purchase,Travel,-148.09,Belgium,Online,0,0
T0005231,A001557,C00956,2024-08-16 23:04:31,Card Purchase,Dining,-84.77,Belgium,Card Present,0,0
T0001420,A002993,C01830,2025-01-21 18:02:16,Transfer Out,,-251.97,France,Mobile App,0,0
T0008180,A001078,C00656,2024-09-05 03:00:45,Transfer Out,Transfer,-690.48,Belgium,Bank Transfer,0,0
T0007199,A001342,C00825,2024-06-06 02:31:07,Card Purchase,E-commerce,-141.57,Belgium,Card Present,0,0
T0004201,A000079,C00046,2026-03-15 16:01:49,Card Purchase,E-commerce,-218.24,Germany,Card Present,0,0
T0001605,A004039,C02466,2026-05-16 02:20:30,Transfer Out,Transfer,-829.18,France,Bank Transfer,0,0
T0003935,A001712,C01057,2024-07-26 14:07:31,Card Purchase,Retail,-70.46,Luxembourg,Online,0,0
T0000209,A002050,C01257,2024-11-01 08:47:30,Transfer Out,Transfer,-404.79,Netherlands,Bank Transfer,0,0
T0000634,A002778,C01700,2026-03-29 12:47:45,Transfer Out,Transfer,-166.59,Netherlands,Mobile App,0,0
T0000186,A000228,C00145,2026-06-26 17:55:17,Transfer In,Transfer,322.58,France,Bank Transfer,0,0
T0008661,A002059,C01264,2026-05-23 10:56:52,Direct Debit,Utilities,-137.13,Netherlands,Direct Debit,0,0
T0000585,A003174,C01943,2025-10-02 02:03:12,Transfer Out,Transfer,-538.1,France,Mobile App,0,0
T0005396,A002541,C01557,2026-06-08 06:27:45,Transfer Out,Transfer,-249.94,France,Mobile App,0,0
T0002797,A000820,C00500,2024-01-26 20:58:55,Direct Debit,Telecom,-67.33,Germany,Direct Debit,0,0
T0000466,A000631,C00388,2026-04-09 15:53:45,Transfer Out,Transfer,-151.64,Belgium,Bank Transfer,0,0
T0008451,A000719,C00439,2025-08-09 15:10:59,Transfer In,Transfer,546.44,Belgium,Bank Transfer,0,0
T0007174,A003606,C02206,2025-03-20 17:52:43,Card Purchase,Groceries,-45.16,Belgium,Online,0,0
T0007664,A001587,C00976,2026-06-04 06:27:22,Direct Debit,Subscriptions,-25.96,Belgium,Direct Debit,0,0
T0004394,A000872,C00534,2026-08-12 21:39:19,Transfer In,Transfer,80.89,Belgium,Bank Transfer,0,0
T0003977,A001075,C00654,2025-01-19 00:56:06,Card Purchase,Healthcare,-51.11,Belgium,Card Present,0,0
T0005582,A001657,C01018,2025-12-19 23:41:51,Card Purchase,Retail,-25.26,Germany,Online,0,0
T0003876,A001933,C01186,2026-06-26 07:21:14,Card Purchase,Retail,-140.01,Belgium,Online,0,0
T0004623,A001237,C00754,2024-03-08 05:37:28,Transfer In,Transfer,249.07,Belgium,Bank Transfer,0,0
T0003551,A001172,C00714,2024-07-16 23:25:32,Interest,Interest,4.53,Belgium,Bank Transfer,0,0
T0004175,A001506,C00925,2024-09-08 15:29:42,Salary,Salary,4968.83,Netherlands,Bank Transfer,0,0
T0007579,A003147,C01925,2026-03-23 13:54:39,Cash Withdrawal,Cash,-100,Belgium,ATM,0,0
T0006089,A001394,C00855,2025-09-06 20:31:07,Card Purchase,Dining,-35.34,Netherlands,Card Present,0,0
T0002716,A001921,C01180,2024-08-03 17:41:31,Transfer In,Transfer,88.29,Belgium,Bank Transfer,0,0
T0005039,A001949,C01195,2025-09-14 07:06:11,Transfer In,Transfer,344.85,Netherlands,Bank Transfer,0,0
T0008347,A000191,C00118,2024-08-18 13:13:47,Transfer Out,Transfer,-89.57,Belgium,Bank Transfer,0,0
T0002545,A003430,C02097,2026-07-19 16:12:59,Card Purchase,Dining,-17.93,Netherlands,Card Present,0,0
T0005997,A001036,C00632,2024-04-23 06:37:17,Card Purchase,Fuel,-61.04,Belgium,Online,0,0
T0005734,A000023,C00014,2024-04-12 22:16:44,Card Purchase,Dining,-21.86,Luxembourg,Mobile App,0,0
T0000554,A003382,C02068,2026-08-14 16:08:52,Card Purchase,Travel,-518.51,Belgium,Online,0,0
T0007255,A001796,C01107,2025-04-23 18:36:19,Card Purchase,Groceries,-66.59,Belgium,Mobile App,0,0
T0003901,A000594,C00366,2024-12-16 10:16:01,Interest,Interest,16.69,Belgium,Bank Transfer,0,0
T0007508,A003737,C02284,2024-02-14 12:29:16,Card Purchase,Entertainment,-32.69,Italy,Card Present,1,0
T0002301,A002697,C01648,2025-07-11 20:45:28,Transfer Out,Transfer,-149.4,Belgium,Mobile App,0,0
T0009189,A001373,C00842,2025-01-24 02:21:49,Transfer In,Transfer,197.28,Germany,Bank Transfer,0,0
T0004870,A000063,C00037,2025-11-13 03:06:41,Card Purchase,Entertainment,-26.51,Netherlands,Online,0,0
T0002172,A001468,C00900,2025-10-11 22:45:23,Transfer In,Transfer,3427.26,Belgium,Mobile App,0,0
T0003531,A001533,C00941,2024-11-19 11:04:58,Transfer In,Transfer,325.76,Belgium,Bank Transfer,0,0
T0002185,A002387,C01466,2026-03-09 09:42:09,Transfer Out,Transfer,-501.56,Germany,Mobile App,0,0
T0009525,A001768,C01093,2024-04-25 15:50:45,Transfer Out,Transfer,-142.76,Netherlands,Mobile App,0,0
T0004749,A001689,C01039,2024-10-28 23:00:12,Transfer In,Transfer,190.32,Belgium,Mobile App,0,0
T0001036,A001087,C00663,2026-06-15 03:48:13,Interest,Interest,1.54,Belgium,Bank Transfer,0,0
T0005512,A002294,C01409,2025-09-15 14:03:34,Direct Debit,Telecom,-85.17,Netherlands,Direct Debit,0,0
T0009725,A001349,C00827,2026-01-15 18:24:23,Transfer In,Transfer,228.1,Belgium,Mobile App,0,0
T0005540,A002698,C01648,2024-04-02 11:51:17,Cash Withdrawal,Cash,-200,Belgium,ATM,0,0
T0004460,A004004,C02449,2024-10-17 21:48:23,Salary,Salary,1715.07,Luxembourg,Mobile App,0,0
T0009516,A002576,C01581,2025-06-12 17:25:54,Card Purchase,Fuel,-127.7,France,Card Present,0,0
T0003384,A000364,C00228,2024-07-23 02:06:25,Transfer In,Transfer,231.12,France,Mobile App,0,0
T0002375,A002879,C01757,2024-05-18 22:29:12,Card Purchase,Dining,-61.02,Netherlands,Card Present,0,0
T0008465,A002625,C01606,2025-08-06 21:58:20,Card Purchase,Dining,-12.19,Netherlands,Online,0,0
T0001499,A000450,C00280,2025-06-08 19:30:32,Direct Debit,Utilities,-127.6,Belgium,Direct Debit,0,0
T0006484,A001050,C00640,2025-11-15 18:18:21,Transfer In,Transfer,560.98,Belgium,Bank Transfer,0,0
T0007028,A004056,C02479,2024-08-15 12:15:17,Transfer In,Transfer,182.45,Belgium,Mobile App,0,0
T0000220,A002503,C01535,2024-04-04 08:52:06,Card Purchase,Dining,-61.49,Belgium,Card Present,0,0
T0006496,A002043,C01252,2024-05-23 07:08:48,Card Purchase,Entertainment,-30.92,Belgium,Card Present,0,0
T0009879,A002420,C01486,2026-05-27 12:55:10,Transfer Out,Transfer,-208.42,Luxembourg,Mobile App,0,0
T0002558,A003246,C01989,2026-06-18 15:40:08,Transfer In,Transfer,280.51,Belgium,Bank Transfer,0,0
T0007863,A002315,C01423,2026-02-27 16:08:31,Interest,Interest,0.35,Belgium,Bank Transfer,0,0
T0005955,A003896,C02384,2025-06-13 21:39:11,Transfer In,Transfer,331.25,Belgium,Bank Transfer,0,0
T0009198,A001005,C00614,2024-02-27 03:43:11,Direct Debit,Subscriptions,-25.73,Germany,Direct Debit,0,0
T0002293,A001381,C00847,2025-08-25 12:24:53,Transfer Out,Transfer,-207.52,Belgium,Bank Transfer,0,0
T0004237,A002556,C01567,2025-02-20 01:44:33,Card Purchase,Groceries,-88.9,Germany,Card Present,0,0
T0002640,A001317,C00811,2025-02-12 02:07:47,Card Purchase,Travel,-385.25,Belgium,Online,0,0
T0007370,A000497,C00309,2025-07-18 04:46:52,Transfer Out,Transfer,-365.9,Germany,Mobile App,0,0
T0006463,A001804,C01112,2024-10-06 02:06:17,Cash Withdrawal,Cash,-80,Belgium,ATM,0,0
T0001700,A000167,C00101,2024-08-04 00:30:41,Transfer In,Transfer,806.09,Netherlands,Bank Transfer,0,0
T0000698,A003202,C01963,2024-05-17 22:26:02,Interest,Interest,10.71,France,Mobile App,0,0
T0007968,A003855,C02355,2026-04-22 20:27:41,Card Purchase,Entertainment,-81.35,Belgium,Card Present,0,0
T0002472,A000617,C00380,2024-04-04 01:00:50,Transfer In,Transfer,68.07,Netherlands,Mobile App,0,0
T0002750,A001838,C01133,2025-12-27 17:05:34,Transfer Out,Transfer,-61.44,France,Mobile App,0,0
T0007901,A002315,C01423,2026-02-17 04:07:21,Transfer In,Transfer,614.59,Belgium,Bank Transfer,0,0
T0005195,A002818,C01720,2026-06-18 14:52:22,Transfer In,Transfer,276.34,France,Mobile App,0,0
T0000870,A003619,C02213,2024-04-22 10:41:07,Card Purchase,Dining,-35.91,Belgium,Card Present,0,0
T0003026,A000999,C00610,2024-09-18 01:00:34,Card Purchase,E-commerce,-27.05,United States,Card Present,1,0
T0007661,A003985,C02436,2024-09-24 20:57:00,Card Purchase,Retail,-64.18,Belgium,Card Present,0,0
T0000955,A003480,C02128,2024-07-15 07:50:09,Transfer Out,Transfer,-247.02,Luxembourg,Mobile App,0,0
T0006630,A000755,C00462,2026-02-26 20:30:16,Transfer Out,Transfer,-439.85,France,Mobile App,0,0
T0004567,A000880,C00538,2024-10-17 21:22:57,Card Purchase,Travel,-551.12,Germany,Card Present,0,0
T0002888,A002494,C01530,2026-05-08 11:49:43,Card Purchase,Travel,-92.11,France,Online,0,0
T0008812,A002203,C01352,2025-01-15 22:04:58,Direct Debit,Subscriptions,-30.51,Germany,Direct Debit,0,0
T0007987,A000246,C00155,2026-06-26 00:30:13,Salary,Salary,3724.28,Belgium,Bank Transfer,0,0
T0008896,A003117,C01907,2025-05-20 12:02:39,Transfer In,Transfer,164.96,Germany,Mobile App,0,0
T0009933,A000811,C00494,2025-09-20 01:43:09,Transfer Out,Transfer,-1211.48,France,Mobile App,0,0
T0008873,A003268,C02003,2024-12-10 18:34:42,Card Purchase,E-commerce,-67.46,Belgium,Online,0,0
T0007323,A002121,C01301,2024-02-04 17:49:49,Interest,Interest,11.47,Belgium,Bank Transfer,0,0
T0003513,A003100,C01897,2025-07-25 02:46:10,Card Purchase,Travel,-720.24,Luxembourg,Mobile App,0,0
T0003077,A000584,C00360,2025-10-18 11:01:33,Card Purchase,Travel,-152.35,Germany,Online,0,0
T0000740,A003690,C02255,2024-10-21 07:11:46,Transfer Out,Transfer,-373.77,France,Bank Transfer,0,0
T0000915,A001395,C00855,2026-01-11 12:54:59,Transfer In,Transfer,292.77,Netherlands,Mobile App,0,0
T0007614,A000573,C00354,2024-12-08 07:04:40,Card Purchase,E-commerce,-28.08,Belgium,Card Present,0,0
T0007403,A003400,C02078,2026-05-05 23:22:48,Card Purchase,Entertainment,-16.26,Luxembourg,Card Present,0,0
T0003823,A000954,C00581,2025-01-22 16:29:17,Transfer In,Transfer,105.3,Belgium,Mobile App,0,0
T0000781,A002486,C01526,2024-11-28 06:28:40,Transfer Out,Transfer,-196.41,France,Mobile App,0,0
T0006134,A000646,C00397,2024-09-21 18:34:09,Transfer Out,Transfer,-947.14,Germany,Mobile App,0,0
T0005553,A000979,C00598,2025-07-30 22:10:52,Card Purchase,Entertainment,-29.55,France,Online,0,0
T0007467,A003920,C02398,2026-01-22 23:28:18,Transfer In,Transfer,765.34,France,Bank Transfer,0,0
T0000284,A000860,C00527,2026-04-22 17:47:07,Salary,Salary,3234.12,Germany,Bank Transfer,0,0
T0006433,A001038,C00633,2026-07-18 08:55:53,Card Purchase,Fuel,-14.53,Netherlands,Online,0,0
T0000872,A001557,C00956,2025-05-11 10:27:20,Direct Debit,Utilities,-152.08,Belgium,Direct Debit,0,0
T0003439,A000899,C00550,2024-09-12 18:15:16,Card Purchase,Retail,-182.56,Belgium,Card Present,0,0
T0001198,A001153,C00704,2025-09-24 07:56:38,Transfer In,Transfer,1356.54,Luxembourg,Mobile App,0,0
T0008998,A002714,C01659,2024-09-16 19:18:20,Transfer Out,Transfer,-70.88,France,Mobile App,0,0
T0003310,A000726,C00443,2026-04-29 14:49:17,Cash Withdrawal,Cash,-50,France,ATM,0,0
T0001435,A000030,C00018,2026-07-19 09:28:21,Card Purchase,Travel,-175.64,Belgium,Card Present,0,0
T0004715,A001359,C00833,2024-07-02 03:20:45,Card Purchase,Fuel,-136.71,Netherlands,Online,0,0
T0007230,A002251,C01383,2024-10-18 13:59:44,Transfer In,Transfer,293.48,Germany,Bank Transfer,0,0
T0001623,A002903,C01771,2025-08-08 17:30:26,Direct Debit,Utilities,-163.71,Germany,Direct Debit,0,0
T0002670,A001156,C00705,2025-12-23 22:24:26,Salary,Salary,4830.96,Luxembourg,Bank Transfer,0,0
T0005117,A001368,C00840,2025-12-23 13:22:38,Card Purchase,Healthcare,-70.2,Belgium,Card Present,0,0
T0009222,A001866,C01147,2026-02-15 02:05:58,Transfer Out,Transfer,-948.56,Germany,Mobile App,0,0
T0004398,A003700,C02261,2024-10-13 19:30:02,Direct Debit,Subscriptions,-10.64,Belgium,Direct Debit,0,0
T0008408,A000253,C00159,2024-10-12 11:04:18,Direct Debit,Subscriptions,-28.48,Belgium,Direct Debit,0,0
T0008405,A000180,C00110,2025-01-03 04:15:59,Card Purchase,Retail,-67.44,France,Mobile App,0,0
T0009724,A002512,C01540,2024-07-19 19:42:57,Transfer In,Transfer,190.7,France,Bank Transfer,0,0
T0006149,A002205,C01353,2026-02-25 13:51:46,Transfer In,Transfer,263.79,Belgium,Bank Transfer,0,0
T0000174,A001211,C00737,2026-07-18 05:51:57,Cash Withdrawal,Cash,-250,Belgium,ATM,0,0
T0006792,A002882,C01759,2026-03-30 22:58:22,Salary,Salary,4401.9,Belgium,Mobile App,0,0
T0006286,A003963,C02424,2024-09-09 03:24:10,Card Purchase,Retail,-43.55,Belgium,Online,0,0
T0008204,A001467,C00900,2024-01-19 19:23:39,Direct Debit,Subscriptions,-32.04,Belgium,Direct Debit,0,0
T0006348,A000511,C00318,2026-08-28 05:38:44,Direct Debit,Subscriptions,-27.32,Belgium,Direct Debit,0,0
T0009882,A000097,C00057,2026-05-21 04:21:03,Card Purchase,Entertainment,-30.09,Germany,Card Present,0,0
T0009085,A003373,C02063,2025-12-08 19:32:41,Transfer Out,Transfer,-356.51,Belgium,Bank Transfer,0,0
T0000307,A003668,C02244,2026-03-02 06:33:40,Transfer In,Transfer,47.27,France,Bank Transfer,0,0
T0002993,A001841,C01134,2024-11-06 02:42:58,Transfer In,Transfer,204.97,Netherlands,Bank Transfer,0,0
T0005198,A003950,C02416,2026-02-05 17:45:09,Salary,Salary,2090.31,Belgium,Bank Transfer,0,0
T0002803,A001005,C00614,2024-05-03 09:43:16,Card Purchase,Travel,-389.59,Germany,Card Present,0,0
T0004960,A000914,C00559,2024-07-26 01:13:25,Salary,Salary,1195.27,Germany,Mobile App,0,0
T0001939,A003518,C02152,2025-09-12 13:52:11,Direct Debit,Housing,-683.67,Belgium,Direct Debit,0,0
T0004068,A003305,C02026,2025-01-30 03:48:50,Transfer In,Transfer,161.43,Belgium,Mobile App,0,0
T0000948,A000002,C00002,2024-10-27 19:59:31,Transfer Out,Transfer,-145.58,Netherlands,Bank Transfer,0,0
T0006242,A001500,C00922,2025-03-12 17:00:15,Transfer In,Transfer,122.42,Netherlands,Bank Transfer,0,0
T0006747,A000264,C00164,2025-12-09 17:41:00,Cash Withdrawal,Cash,-200,Netherlands,ATM,0,0
T0005057,A001500,C00922,2025-06-15 13:29:54,Transfer Out,Transfer,-474.48,Netherlands,Mobile App,0,0
T0008757,A003458,C02113,2025-09-03 04:20:18,Transfer Out,Transfer,-685.47,France,Mobile App,0,0
T0009873,A003594,C02199,2025-09-12 06:36:33,Cash Withdrawal,Cash,-150,Belgium,ATM,0,0
T0004971,A003758,C02294,2024-04-07 08:48:49,Direct Debit,Insurance,-68.2,Belgium,Direct Debit,0,0
T0008844,A002516,C01542,2026-01-19 13:29:00,Transfer Out,Transfer,-72.05,Belgium,Mobile App,0,0
T0006287,A001588,C00977,2026-03-27 09:46:02,Transfer Out,Transfer,-697.85,Belgium,Mobile App,0,0
T0003145,A003063,C01878,2024-04-18 03:34:31,Transfer Out,Transfer,-116.9,Belgium,Mobile App,0,0
T0008355,A002289,C01407,2024-10-05 18:50:04,Transfer Out,Transfer,-104.14,Netherlands,Bank Transfer,0,0
T0006340,A003347,C02048,2025-04-04 04:07:30,Card Purchase,Groceries,-18.44,Belgium,Card Present,0,0
T0007210,A003057,C01874,2025-10-19 02:50:53,Direct Debit,Insurance,-117.82,Belgium,Direct Debit,0,0
T0007621,A000917,C00561,2024-12-13 22:34:10,Interest,Interest,0.62,France,Mobile App,0,0
T0007776,A003901,C02388,2025-01-23 08:58:48,Interest,Interest,0.56,Netherlands,Mobile App,0,0
T0009166,A002079,C01276,2024-12-17 22:22:56,Transfer Out,Transfer,-1388.1,France,Mobile App,0,0
T0002726,A003149,C01925,2025-12-01 04:01:57,Card Purchase,E-commerce,-77.05,Belgium,Card Present,0,0
T0009187,A003378,C02066,2025-07-06 19:01:59,Transfer Out,Transfer,-210.91,Belgium,Bank Transfer,0,0
T0007882,A001836,C01131,2024-07-16 02:51:24,Transfer In,Transfer,887.5,Belgium,Bank Transfer,0,0
T0001510,A002717,C01661,2026-04-09 22:53:22,Transfer In,Transfer,866.93,Netherlands,Mobile App,0,0
T0003043,A001179,C00719,2024-03-10 07:54:38,Transfer Out,Transfer,-313.91,Belgium,Bank Transfer,0,0
T0002139,A003911,C02394,2024-03-13 16:20:24,Transfer In,Transfer,81.88,Belgium,Mobile App,0,0
T0000932,A003155,C01929,2025-03-30 05:47:38,Card Purchase,Healthcare,-107.73,Belgium,Card Present,0,0
T0005691,A001443,C00885,2026-04-08 12:21:42,Transfer Out,Transfer,-52.69,Germany,Mobile App,0,0
T0009482,A001049,C00639,2026-07-08 11:52:07,Card Purchase,Travel,-432.18,Germany,Mobile App,0,0
T0007862,A003350,C02050,2024-08-05 14:44:29,Transfer In,Transfer,400.24,Germany,Bank Transfer,0,0
T0009458,A003749,C02290,2024-05-19 22:08:22,Card Purchase,E-commerce,-27.89,Belgium,Card Present,0,0
T0000851,A001836,C01131,2026-06-08 06:10:39,Transfer In,Transfer,218.45,Belgium,Bank Transfer,0,0
T0002532,A000783,C00480,2026-04-07 21:15:57,Transfer In,Transfer,181.55,Germany,Mobile App,0,0
T0007958,A003530,C02158,2026-07-12 02:23:08,Card Purchase,E-commerce,-174.67,Netherlands,Card Present,0,0
T0009628,A000699,C00427,2024-09-13 22:07:18,Interest,Interest,7.59,Belgium,Bank Transfer,0,0
T0006279,A001023,C00625,2026-01-01 05:04:32,Card Purchase,Healthcare,-48.28,Netherlands,Card Present,0,0
T0008752,A001844,C01135,2024-01-26 14:52:20,Card Purchase,Travel,-286.21,Netherlands,Online,0,1
T0003378,A002990,C01828,2024-06-20 21:42:10,Transfer In,Transfer,317.0,Belgium,Mobile App,0,0
T0009950,A001913,C01176,2025-09-01 14:34:47,Card Purchase,Entertainment,-53.02,Belgium,Card Present,0,0
T0003752,A003172,C01941,2026-01-04 20:36:45,Cash Withdrawal,Cash,-100,Belgium,ATM,0,0
T0004857,A003524,C02155,2024-05-10 07:35:08,Card Purchase,E-commerce,-102.45,France,Card Present,0,0
T0007071,A001035,C00631,2024-07-01 16:08:39,Card Purchase,Travel,-295.85,Belgium,Online,0,0
T0008710,A002932,C01791,2025-01-16 18:50:10,Direct Debit,Housing,-951.76,Germany,Direct Debit,0,0
T0005258,A002057,C01262,2024-11-18 11:04:20,Cash Withdrawal,Cash,-200,Germany,ATM,0,0
T0002578,A000074,C00044,2024-03-24 09:31:48,Card Purchase,E-commerce,-46.84,Spain,Card Present,1,0
T0001810,A000808,C00492,2024-06-05 09:15:49,Salary,Salary,3762.56,France,Mobile App,0,0
T0006110,A000489,C00304,2025-11-18 21:07:55,Salary,Salary,4622.68,Belgium,Mobile App,0,0
T0005696,A002929,C01789,2025-04-10 07:37:23,Transfer Out,Transfer,-570.12,Belgium,Mobile App,0,0
T0005009,A002830,C01728,2026-02-20 19:36:49,Transfer In,Transfer,286.85,Germany,Bank Transfer,0,0
T0001318,A002669,C01630,2026-03-25 05:10:02,Transfer In,Transfer,1135.63,Belgium,Mobile App,0,0
T0004272,A001119,C00682,2026-05-06 21:48:35,Transfer In,Transfer,237.28,Belgium,Mobile App,0,0
T0007252,A002236,C01373,2024-04-22 12:00:42,Transfer In,Transfer,483.74,Belgium,Mobile App,0,0
T0002000,A001141,C00697,2025-10-11 17:06:35,Card Purchase,Groceries,-12.94,Netherlands,Card Present,0,0
T0006345,A003352,C02051,2026-02-19 19:19:09,Card Purchase,Entertainment,-56.5,Belgium,Card Present,0,0
T0001630,A001027,C00627,2024-08-10 05:03:21,Transfer In,Transfer,839.82,Germany,Mobile App,0,0
T0008039,A002082,C01277,2025-08-30 14:38:48,Transfer In,Transfer,267.29,France,Bank Transfer,0,0
T0001163,A003516,C02151,2025-09-24 22:59:35,Direct Debit,Telecom,-66.56,Belgium,Direct Debit,0,0
T0009314,A003326,C02036,2026-08-08 07:43:42,Transfer In,Transfer,93.31,Germany,Bank Transfer,0,0
T0001418,A001661,C01021,2024-12-25 21:47:20,Direct Debit,Insurance,-136.68,Germany,Direct Debit,0,0
T0004049,A003473,C02123,2025-06-13 07:22:07,Transfer Out,Transfer,-207.74,France,Bank Transfer,0,0
T0001881,A001410,C00865,2024-12-08 15:52:56,Card Purchase,Retail,-159.43,Germany,Card Present,0,0
T0008799,A001533,C00941,2025-03-23 15:10:21,Interest,Interest,5.2,Belgium,Mobile App,0,0
T0002406,A002695,C01647,2025-01-15 06:37:18,Direct Debit,Insurance,-133.68,Germany,Direct Debit,0,0
T0004779,A000968,C00592,2025-03-05 19:10:35,Transfer In,Transfer,264.82,Netherlands,Bank Transfer,0,0
T0001044,A002947,C01802,2025-12-27 23:38:19,Transfer In,Transfer,1731.06,Germany,Bank Transfer,0,0
T0005029,A000826,C00504,2025-08-15 12:45:12,Transfer In,Transfer,306.34,France,Mobile App,0,0
T0004768,A003943,C02413,2024-08-13 17:37:15,Transfer In,Transfer,219.13,Belgium,Bank Transfer,0,0
T0000302,A000341,C00211,2026-06-07 19:47:01,Transfer Out,Transfer,-162.92,Netherlands,Mobile App,0,0
T0008254,A000980,C00599,2026-03-19 02:04:19,Interest,Interest,6.34,,Mobile App,0,0
T0007529,A003789,C02314,2024-12-19 13:46:27,Card Purchase,Dining,-32.42,Netherlands,Online,0,0
T0009150,A002421,C01486,2025-06-01 03:26:50,Direct Debit,Subscriptions,-25.6,Luxembourg,Direct Debit,0,0
T0006483,A003622,C02215,2025-04-13 02:49:20,Direct Debit,Utilities,-102.15,Belgium,Direct Debit,0,0
T0000053,A001289,C00791,2025-08-26 20:50:45,Card Purchase,Travel,-131.23,Belgium,Card Present,0,0
T0008074,A002606,C01595,2025-05-04 00:12:17,Card Purchase,Dining,-13.52,France,Card Present,0,0
T0008786,A002175,C01333,2025-09-28 07:47:04,Transfer In,Transfer,551.8,Germany,Bank Transfer,0,0
T0006155,A002764,C01690,2025-05-05 21:42:13,Direct Debit,Utilities,-200.93,Netherlands,Direct Debit,0,0
T0008446,A003124,C01910,2026-08-22 14:47:33,Direct Debit,Utilities,-162.73,Belgium,Direct Debit,0,0
T0000167,A001403,C00861,2026-01-07 21:52:21,Salary,Salary,2181.55,Belgium,Bank Transfer,0,0
T0004298,A002838,C01733,2024-02-09 04:13:27,Card Purchase,Groceries,-17.6,,Card Present,0,0
T0005837,A000870,C00532,2025-06-11 13:33:29,Card Purchase,Retail,-141.26,Belgium,Card Present,0,0
T0006064,A003359,C02055,2024-01-08 15:56:35,Direct Debit,Insurance,-95.23,Belgium,Direct Debit,0,0
T0004783,A003731,C02279,2024-09-22 07:47:55,Transfer Out,Transfer,-339.8,Germany,Mobile App,0,0
T0005943,A003862,C02360,2025-07-05 23:50:32,Transfer Out,Transfer,-259.05,Belgium,Mobile App,0,0
T0007321,A002821,C01722,2026-08-06 01:32:30,Card Purchase,Travel,-293.2,Germany,Card Present,0,0
T0004418,A003200,C01962,2025-07-06 11:01:09,Card Purchase,Healthcare,-48.51,Netherlands,Online,0,0
T0005092,A003191,C01955,2024-01-10 08:58:49,Card Purchase,Fuel,-79.68,France,Card Present,0,0
T0001279,A003285,C02013,2025-07-20 15:19:24,Transfer In,Transfer,344.23,Netherlands,Mobile App,0,0
T0003763,A002478,C01521,2025-07-24 07:42:08,Transfer Out,Transfer,-461.69,Belgium,Bank Transfer,0,0
T0004316,A003861,C02359,2026-05-17 21:09:53,Card Purchase,Retail,-56.75,Belgium,Online,0,0
T0006765,A000426,C00266,2025-03-09 21:27:27,Transfer In,Transfer,702.9,Netherlands,Mobile App,0,0
T0000786,A002465,C01513,2026-04-22 16:53:27,Transfer In,Transfer,767.45,Belgium,Bank Transfer,0,0
T0005794,A000083,C00049,2025-10-04 03:24:03,Card Purchase,Healthcare,-337.23,Belgium,Online,0,0
T0008169,A001389,C00851,2024-03-22 18:05:18,Transfer In,Transfer,186.36,Germany,Bank Transfer,0,0
T0008924,A000889,C00544,2025-08-02 11:55:21,Interest,Interest,13.79,Belgium,Mobile App,0,0
T0001585,A001162,C00708,2025-04-04 13:56:35,Card Purchase,Dining,-26.59,Netherlands,Card Present,0,0
T0003178,A001014,C00620,2024-01-06 15:42:47,Interest,Interest,9.68,Belgium,Mobile App,0,0
T0005451,A000013,C00007,2024-03-20 18:52:20,Salary,Salary,2059.52,Belgium,Mobile App,0,0
T0002055,A000919,C00562,2025-09-07 13:17:19,Card Purchase,Travel,-291.7,Belgium,Card Present,0,0
T0008104,A002413,C01482,2024-09-29 14:50:55,Direct Debit,Utilities,-126.02,Germany,Direct Debit,0,0
T0008136,A001958,C01201,2025-05-07 03:27:02,Cash Withdrawal,Cash,-40,France,ATM,0,0
T0008096,A000053,C00032,2025-10-16 02:45:29,Interest,Interest,12.34,Belgium,Bank Transfer,0,0
T0000918,A001464,C00898,2024-10-13 06:25:38,Direct Debit,Subscriptions,-17.0,Belgium,Direct Debit,0,0
T0000277,A003356,C02054,2026-03-27 20:44:43,Direct Debit,Subscriptions,-16.58,Belgium,Direct Debit,0,0
T0007083,A000699,C00427,2024-02-02 01:03:40,Transfer Out,Transfer,-54.05,Belgium,Mobile App,0,0
T0005317,A002416,C01484,2024-06-20 18:35:29,Salary,Salary,2089.56,France,Mobile App,0,0
T0000226,A002632,C01610,2026-03-30 02:39:18,Card Purchase,Dining,-57.43,Netherlands,Online,0,0
T0003787,A000819,C00499,2025-11-06 10:35:39,Card Purchase,Travel,-262.5,Belgium,Card Present,1,0
T0001692,A002563,C01572,2025-03-23 00:51:44,Salary,Salary,2463.84,Belgium,Mobile App,0,0
T0005293,A002942,C01799,2024-05-09 20:46:11,Direct Debit,Housing,-1149.13,Germany,Direct Debit,0,0
T0007111,A001887,C01158,2024-11-24 14:23:02,Card Purchase,E-commerce,-190.75,Belgium,Card Present,1,0
T0005382,A003402,C02079,2025-05-16 12:58:54,Transfer Out,Transfer,-353.46,Belgium,Bank Transfer,0,0
T0003411,A002174,C01333,2026-06-21 07:47:02,Card Purchase,Groceries,-29.34,Germany,Online,0,0
T0004090,A000637,C00391,2025-02-02 05:27:43,Transfer In,Transfer,226.07,Netherlands,Bank Transfer,0,0
T0001202,A003949,C02415,2024-04-19 12:56:14,Transfer In,Transfer,1472.82,Germany,Mobile App,0,0
T0001019,A002021,C01240,2025-12-03 05:27:40,Card Purchase,Healthcare,-82.64,Belgium,Card Present,0,0
T0004820,A000013,C00007,2024-12-21 19:48:16,Direct Debit,Utilities,-141.24,Belgium,Direct Debit,0,0
T0006446,A000083,C00049,2025-12-13 23:22:15,Cash Withdrawal,Cash,-20,Belgium,ATM,0,0
T0008207,A001673,C01028,2026-04-16 20:24:22,Card Purchase,Travel,-119.87,Belgium,Card Present,0,0
T0006520,A001553,C00954,2024-10-24 20:19:14,Salary,Salary,4649.7,Belgium,Bank Transfer,0,0
T0008166,A000100,C00059,2025-11-16 12:53:44,Card Purchase,Travel,-251.51,Germany,Card Present,0,0
T0005284,A000573,C00354,2024-06-19 05:09:52,Card Purchase,Retail,-92.47,Belgium,Online,0,0
T0002570,A000302,C00188,2026-04-18 02:26:42,Cash Withdrawal,Cash,-80,Netherlands,ATM,0,0
T0009692,A002414,C01483,2024-04-15 01:41:36,Transfer In,Transfer,566.96,France,Mobile App,0,0
T0008650,A001410,C00865,2024-09-11 01:04:47,Card Purchase,Fuel,-17.88,Germany,Online,0,0
T0007740,A000540,C00334,2026-02-18 02:14:26,Cash Withdrawal,Cash,-80,Netherlands,ATM,0,0
T0003430,A003677,C02248,2024-07-02 17:18:37,Transfer Out,Transfer,-877.01,France,Mobile App,0,0
T0006334,A001539,C00945,2024-11-23 13:24:23,Transfer In,Transfer,327.19,Belgium,Bank Transfer,0,0
T0008324,A000014,C00008,2024-01-02 14:20:47,Card Purchase,Groceries,-56.12,Belgium,Card Present,0,0
T0003318,A001583,C00974,2024-02-15 06:26:51,Direct Debit,Utilities,-171.58,Belgium,Direct Debit,0,0
T0004794,A003485,C02131,2025-04-06 00:35:55,Transfer Out,Transfer,-169.74,Luxembourg,Mobile App,0,0
T0007824,A003121,C01909,2024-07-18 18:16:41,Cash Withdrawal,Cash,-80,Netherlands,ATM,0,0
T0007994,A003927,C02402,2026-07-30 23:48:55,Transfer In,Transfer,212.68,Belgium,Mobile App,0,0
T0001128,A001283,C00787,2025-03-04 09:51:07,Transfer Out,Transfer,-70.57,France,Bank Transfer,0,0
T0000947,A000645,C00396,2025-12-17 00:13:35,Direct Debit,Subscriptions,-34.52,Belgium,Direct Debit,0,0
T0004817,A000046,C00026,2025-08-11 19:06:51,Card Purchase,Dining,-54.52,Belgium,Online,0,0
T0002397,A000872,C00534,2025-06-02 03:33:42,Transfer In,Transfer,123.56,Belgium,Bank Transfer,0,0
T0003223,A000100,C00059,2024-05-24 17:48:05,Card Purchase,Groceries,-133.6,Germany,Online,0,0
T0000820,A000258,C00162,2026-07-16 11:47:54,Card Purchase,Healthcare,-145.32,France,Card Present,0,0
T0001930,A001810,C01116,2024-10-11 03:37:28,Card Purchase,Travel,-125.84,France,Online,0,0
T0007061,A001086,C00662,2024-10-10 14:39:48,Card Purchase,E-commerce,-40.9,Netherlands,Card Present,0,0
T0001695,A002867,C01751,2025-11-03 02:12:42,Card Purchase,E-commerce,-42.28,United States,Online,1,0
T0009841,A003619,C02213,2025-11-13 17:07:45,Card Purchase,E-commerce,-37.85,Portugal,Card Present,1,0
T0005060,A000474,C00292,2025-07-23 21:43:42,Card Purchase,Travel,-804.3,Belgium,Mobile App,0,0
T0002086,A002681,C01636,2025-08-10 13:25:06,Transfer Out,Transfer,-361.65,Belgium,Mobile App,0,0
T0000978,A001947,C01194,2026-08-10 16:05:14,Transfer In,Transfer,242.92,Netherlands,Mobile App,0,0
T0009048,A000165,C00100,2024-04-18 10:20:55,Transfer In,Transfer,114.92,Belgium,Mobile App,0,0
T0005980,A003655,C02235,2025-06-04 17:49:45,Transfer In,Transfer,1047.72,Netherlands,Mobile App,0,0
T0003744,A000316,C00195,2024-02-18 01:48:47,Transfer In,Transfer,388.78,Belgium,Bank Transfer,0,0
T0007545,A000472,C00291,2025-05-23 20:34:40,Card Purchase,Healthcare,-40.59,Germany,Online,0,0
T0002315,A001599,C00984,2025-11-22 15:37:47,Salary,Salary,2654.53,Netherlands,Bank Transfer,0,0
T0004548,A003974,C02429,2025-02-02 17:32:24,Card Purchase,Retail,-127.04,Belgium,Card Present,0,0
T0007931,A003468,C02120,2024-01-03 19:44:57,Card Purchase,Healthcare,-65.05,Belgium,Card Present,0,0
T0007711,A003107,C01901,2024-12-02 07:29:54,Card Purchase,E-commerce,-27.47,Germany,Online,0,0
T0003880,A003678,C02249,2025-07-09 06:20:17,Direct Debit,Subscriptions,-15.3,France,Direct Debit,0,0
T0001313,A002183,C01337,2025-02-18 12:43:39,Card Purchase,Dining,-18.99,Luxembourg,Online,0,0
T0009789,A003311,C02029,2024-10-04 11:25:33,Card Purchase,Travel,-348.76,Luxembourg,Card Present,0,0
T0004698,A001304,C00802,2024-12-02 14:51:20,Direct Debit,Telecom,-62.31,Germany,Direct Debit,0,0
T0009030,A001776,C01097,2026-05-21 21:31:19,Card Purchase,Fuel,-137.74,Italy,Online,1,0
T0007493,A001790,C01104,2026-04-19 20:13:44,Direct Debit,Insurance,-87.77,Germany,Direct Debit,0,0
T0002272,A000394,C00245,2026-03-31 02:54:49,Card Purchase,Entertainment,-55.63,France,Card Present,0,0
T0004231,A003116,C01906,2025-08-03 11:02:41,Card Purchase,Groceries,-123.43,Netherlands,Online,0,0
T0003902,A003708,C02265,2024-06-07 13:28:47,Transfer Out,Transfer,-54.74,France,Mobile App,0,0
T0007067,A000750,C00459,2024-12-23 02:05:29,Transfer Out,Transfer,-84.18,France,Mobile App,0,0
T0008825,A000204,C00129,2025-10-07 20:00:14,Transfer In,Transfer,154.94,Belgium,Mobile App,0,0
T0009323,A000896,C00548,2024-11-30 05:20:39,Transfer In,Transfer,202.88,France,Bank Transfer,0,0
T0003172,A002571,C01578,2025-07-04 00:16:00,Card Purchase,Retail,-46.37,Belgium,Card Present,0,0
T0005963,A001767,C01092,2025-01-09 17:15:43,Card Purchase,Retail,-154.2,Netherlands,Online,0,0
T0001884,A002637,C01612,2026-04-10 15:00:39,Direct Debit,Subscriptions,-26.94,Germany,Direct Debit,0,0
T0006267,A001715,C01058,2026-01-05 06:46:06,Card Purchase,Retail,-48.72,Germany,Card Present,0,0
T0000856,A001747,C01079,2026-05-11 23:29:30,Card Purchase,Entertainment,-23.44,France,Online,0,0
T0008665,A002911,C01777,2026-07-20 11:58:03,Card Purchase,Travel,-222.31,Belgium,Card Present,0,0
T0007413,A002378,C01460,2025-04-15 22:09:12,Salary,Salary,5250.4,Belgium,Mobile App,0,0
T0002215,A003562,C02177,2026-08-24 05:42:30,Transfer In,Transfer,158.97,Belgium,Mobile App,0,0
T0001102,A001648,C01012,2025-12-08 01:13:34,Interest,Interest,6.77,Netherlands,Mobile App,0,0
T0006054,A000570,C00352,2024-10-01 11:20:02,Card Purchase,Healthcare,-105.13,Netherlands,Card Present,0,0
T0008467,A003323,C02035,2025-07-03 12:43:21,Direct Debit,Utilities,-134.14,Netherlands,Direct Debit,0,0
T0001182,A000458,C00284,2025-11-03 15:31:55,Transfer In,Transfer,1481.56,Belgium,Mobile App,0,0
T0003781,A003919,C02398,2024-11-02 14:46:03,Salary,Salary,3094.12,France,Mobile App,0,0
T0008456,A002911,C01777,2024-12-02 06:24:57,Transfer In,Transfer,1096.38,Belgium,Mobile App,0,0
T0007945,A003131,C01914,2026-05-02 08:51:48,Salary,Salary,3701.2,Germany,Mobile App,0,0
T0001454,A000632,C00389,2024-01-29 14:41:12,Salary,Salary,2848.14,Belgium,Mobile App,0,0
T0004235,A001275,C00782,2024-09-08 00:50:50,Card Purchase,Healthcare,-45.79,Netherlands,Mobile App,0,0
T0003210,A002053,C01259,2025-12-18 06:20:59,Transfer In,Transfer,1032.54,Belgium,Bank Transfer,0,0
T0007759,A001330,C00819,2025-06-21 00:24:56,Transfer Out,Transfer,-140.01,Luxembourg,Mobile App,0,0
T0009759,A000548,C00339,2025-12-09 18:11:43,Card Purchase,E-commerce,-56.78,Netherlands,Online,0,0
T0004572,A002667,C01629,2024-05-16 07:18:06,Transfer In,Transfer,438.76,Netherlands,Mobile App,0,0
T0005534,A003226,C01977,2025-01-22 22:29:05,Salary,Salary,3849.23,Belgium,Bank Transfer,0,0
T0006086,A003920,C02398,2025-03-21 13:22:21,Transfer Out,Transfer,-1085.21,France,Bank Transfer,0,0
T0000964,A002922,C01784,2025-11-30 18:38:29,Card Purchase,Healthcare,-40.08,Netherlands,Card Present,0,0
T0001277,A003740,C02286,2025-05-04 20:37:41,Direct Debit,Utilities,-189.48,France,Direct Debit,0,0
T0008597,A003948,C02415,2026-01-29 11:08:14,Transfer Out,Transfer,-1236.44,Germany,Mobile App,0,0
T0003435,A001049,C00639,2024-11-10 21:38:43,Card Purchase,E-commerce,-193.83,Germany,Card Present,0,0
T0006273,A002708,C01655,2025-04-06 09:45:21,Card Purchase,Travel,-628.02,Belgium,Card Present,0,0
T0004653,A000339,C00209,2025-01-09 07:24:02,Transfer Out,Transfer,-272.22,Belgium,Bank Transfer,0,0
T0005276,A000950,C00579,2026-08-03 10:08:58,Transfer In,Transfer,718.8,Netherlands,Mobile App,0,0
T0007977,A003812,C02328,2024-08-18 07:06:56,Card Purchase,Fuel,-61.07,Belgium,Online,0,0
T0007421,A003470,C02121,2025-05-28 02:34:40,Card Purchase,Retail,-175.81,France,Card Present,0,0
T0004635,A003553,C02170,2025-06-27 12:33:20,Card Purchase,Fuel,-194.47,Luxembourg,Mobile App,0,0
T0004451,A003232,C01980,2025-03-06 01:10:28,Card Purchase,Travel,-294.58,France,Mobile App,0,0
T0001504,A002892,C01763,2026-05-01 21:17:28,Card Purchase,Groceries,-47.04,Germany,Card Present,0,0
T0008172,A001646,C01011,2024-01-31 05:33:50,Card Purchase,Retail,-167.6,Belgium,Card Present,0,0
T0007380,A001262,C00771,2024-07-11 07:53:13,Card Purchase,Healthcare,-96.79,France,Card Present,0,0
T0003581,A000750,C00459,2024-05-19 07:34:18,Salary,Salary,4722.05,France,Mobile App,0,0
T0009350,A002070,C01271,2024-11-08 01:16:00,Salary,Salary,4624.04,Belgium,Mobile App,0,0
T0004549,A003368,C02061,2025-12-20 09:15:01,Salary,Salary,2997.07,Belgium,Bank Transfer,0,0
T0002643,A003722,C02274,2024-01-19 18:44:52,Direct Debit,Telecom,-73.12,Germany,Direct Debit,0,0
T0000537,A002649,C01620,2025-12-25 22:28:00,Salary,Salary,4126.84,Germany,Bank Transfer,0,0
T0004648,A000387,C00240,2026-01-03 12:19:15,Transfer Out,Transfer,-561.62,France,Bank Transfer,0,0
T0005656,A002511,C01540,2026-03-05 18:51:04,Transfer In,,130.27,France,Mobile App,0,0
T0003585,A003510,C02146,2026-07-13 13:52:17,Card Purchase,Retail,-55.98,Netherlands,Card Present,0,0
T0001886,A003393,C02074,2024-12-08 07:40:40,Interest,Interest,13.34,Belgium,Mobile App,0,0
T0008041,A001440,C00884,2026-07-17 06:06:10,Card Purchase,Entertainment,-134.44,Germany,Online,0,0
T0006299,A003857,C02357,2025-12-21 02:42:31,Card Purchase,Retail,-114.64,Portugal,Card Present,1,0
T0006705,A001636,C01005,2025-06-02 14:26:12,Transfer Out,Transfer,-819.58,Belgium,Mobile App,0,0
T0009308,A001299,C00798,2025-04-29 13:28:53,Direct Debit,Utilities,-132.07,Belgium,Direct Debit,0,0
T0001403,A001193,C00727,2024-09-01 00:40:23,Transfer Out,Transfer,-68.36,France,Bank Transfer,0,0
T0005175,A002800,C01711,2026-03-10 22:09:44,Transfer In,Transfer,144.22,Netherlands,Bank Transfer,0,0
T0004241,A003409,C02083,2025-03-08 19:35:30,Transfer Out,Transfer,-280.11,Belgium,Mobile App,0,0
T0009642,A002416,C01484,2026-03-20 16:27:44,Transfer Out,Transfer,-120.86,France,Mobile App,0,0
T0007930,A002862,C01747,2026-07-01 21:23:29,Card Purchase,E-commerce,-53.87,France,Card Present,0,0
T0000815,A003977,C02431,2024-04-20 16:09:22,Transfer In,Transfer,340.71,Luxembourg,Mobile App,0,0
T0007317,A002614,C01599,2025-11-08 13:12:08,Interest,Interest,0.2,Belgium,Bank Transfer,0,0
T0002660,A003558,C02174,2024-02-05 21:06:32,Direct Debit,Insurance,-197.35,Germany,Direct Debit,0,0
T0006913,A000494,C00308,2024-03-07 00:20:46,Cash Withdrawal,Cash,-200,Belgium,ATM,0,0
T0006501,A001673,C01028,2024-12-27 19:23:12,Card Purchase,Entertainment,-39.86,Belgium,Card Present,0,0
T0007558,A002319,C01427,2026-02-13 13:35:30,Transfer In,Transfer,184.12,Belgium,Mobile App,0,0
T0007513,A003139,C01919,2024-09-14 03:26:10,Transfer Out,Transfer,-270.22,Netherlands,Bank Transfer,0,0
T0001632,A002246,C01379,2025-01-04 20:16:20,Transfer Out,Transfer,-79.95,Belgium,Mobile App,0,0
T0006721,A001575,C00968,2024-12-18 05:04:07,Transfer In,Transfer,390.54,France,Bank Transfer,0,0
T0005483,A000226,C00143,2024-11-07 08:28:02,Transfer In,Transfer,148.93,Germany,Bank Transfer,0,0
T0001407,A002929,C01789,2024-09-27 09:06:37,Transfer Out,Transfer,-127.95,Belgium,Mobile App,0,0
T0006830,A000766,C00471,2024-12-01 08:41:48,Transfer In,Transfer,202.76,Belgium,Mobile App,0,0
T0002285,A001547,C00950,2025-05-03 04:21:23,Transfer In,Transfer,523.96,Belgium,Bank Transfer,0,0
T0005255,A003756,C02293,2024-02-26 11:36:30,Transfer In,Transfer,1124.32,Belgium,Bank Transfer,0,0
T0008052,A003107,C01901,2024-10-24 00:04:55,Direct Debit,Housing,-1235.28,Germany,Direct Debit,0,0
T0004992,A001142,C00698,2024-07-23 23:40:21,Direct Debit,Housing,-1008.26,Belgium,Direct Debit,0,0
T0001895,A003600,C02202,2024-06-10 03:15:44,Transfer In,Transfer,225.21,Netherlands,Bank Transfer,0,0
T0000657,A001054,C00642,2024-09-04 14:04:28,Transfer Out,Transfer,-29.27,Germany,Mobile App,0,0
T0000936,A002299,C01412,2024-12-15 04:03:13,Card Purchase,E-commerce,-40.75,Netherlands,Card Present,0,0
T0002339,A003211,C01967,2026-08-20 01:37:19,Card Purchase,Entertainment,-29.98,France,Mobile App,0,0
T0001742,A002181,C01336,2025-07-26 16:34:35,Transfer Out,Transfer,-249.22,Belgium,Bank Transfer,0,0
T0003877,A003587,C02194,2026-03-25 14:12:01,Transfer In,Transfer,896.29,Luxembourg,Bank Transfer,0,0
T0000435,A000357,C00222,2026-01-01 07:39:18,Transfer In,Transfer,154.32,Belgium,Mobile App,0,0
T0008480,A001471,C00902,2025-04-02 12:54:28,Card Purchase,E-commerce,-77.66,Belgium,Card Present,0,0
T0003657,A002383,C01464,2026-03-30 02:41:44,Card Purchase,Groceries,-137.8,Belgium,Card Present,0,0
T0005884,A002108,C01295,2025-10-18 10:47:50,Card Purchase,Groceries,-48.9,Belgium,Card Present,0,0
T0005760,A000088,C00051,2024-03-17 20:20:54,Direct Debit,Utilities,-152.49,Belgium,Direct Debit,0,0
T0005593,A001059,C00645,2025-11-18 18:03:16,Transfer In,Transfer,515.61,Netherlands,Mobile App,0,0
T0008588,A000753,C00461,2024-07-13 05:52:50,Cash Withdrawal,Cash,-100,Germany,ATM,0,0
T0002665,A000462,C00286,2026-06-13 06:21:32,Transfer Out,Transfer,-1860.15,France,Bank Transfer,0,0
T0001682,A002970,C01816,2025-03-10 10:44:22,Interest,Interest,12.89,Netherlands,Mobile App,0,0
T0001933,A001771,C01094,2024-11-15 05:47:46,Direct Debit,Telecom,-58.28,Netherlands,Direct Debit,0,0
T0000518,A000226,C00143,2024-12-30 11:01:58,Transfer In,Transfer,531.74,Germany,Bank Transfer,0,0
T0003007,A001745,C01078,2024-10-08 18:45:41,Direct Debit,Utilities,-150.37,Germany,Direct Debit,0,0
T0007760,A001619,C00996,2025-11-25 16:05:48,Card Purchase,Retail,-39.65,Netherlands,Mobile App,0,0
T0003809,A000488,C00303,2026-03-01 05:01:48,Direct Debit,Utilities,-112.13,Luxembourg,Direct Debit,0,0
T0007410,A001386,C00849,2025-04-05 07:11:47,Transfer In,Transfer,231.6,France,Mobile App,0,0
T0001060,A001652,C01016,2025-09-16 15:17:54,Transfer Out,Transfer,-94.37,Netherlands,Bank Transfer,0,0
T0000513,A003530,C02158,2026-01-16 19:32:35,Card Purchase,Healthcare,-66.55,Netherlands,Card Present,0,0
T0000159,A001871,C01149,2024-03-13 23:11:23,Card Purchase,Groceries,-102.31,Luxembourg,Card Present,0,0
T0001598,A003463,C02116,2026-07-11 18:01:32,Salary,Salary,8932.2,Belgium,Bank Transfer,0,0
T0002700,A001223,C00746,2024-05-20 21:58:26,Transfer In,Transfer,338.29,Germany,Mobile App,0,0
T0009754,A001937,C01188,2026-06-01 11:02:05,Transfer In,Transfer,577.08,Netherlands,Bank Transfer,0,0
T0000539,A002929,C01789,2025-04-28 06:10:37,Transfer Out,Transfer,-271.1,Belgium,Mobile App,0,0
T0001088,A004023,C02458,2026-05-07 07:12:05,Transfer In,Transfer,929.83,Netherlands,Bank Transfer,0,0
T0007263,A003115,C01905,2025-05-17 15:13:27,Cash Withdrawal,Cash,-100,Belgium,ATM,0,0
T0006400,A003180,C01948,2025-10-03 15:57:55,Direct Debit,Housing,-842.81,Belgium,Direct Debit,0,0
T0005801,A000378,C00236,2024-06-03 16:54:17,Transfer In,Transfer,164.79,Belgium,Mobile App,0,0
T0005930,A001910,C01174,2025-09-06 18:18:15,Transfer In,Transfer,254.43,Belgium,Mobile App,0,0
T0009491,A000296,C00185,2026-02-19 10:44:43,Card Purchase,Groceries,-72.64,Belgium,Card Present,0,0
T0008667,A003839,C02346,2025-07-17 15:54:05,Card Purchase,Entertainment,-39.55,Germany,Card Present,0,0
T0001639,A003892,C02381,2024-04-23 12:40:50,Transfer In,Transfer,1129.23,Netherlands,Bank Transfer,0,0
T0007147,A001416,C00869,2026-06-24 20:26:01,Cash Withdrawal,Cash,-80,Luxembourg,ATM,0,0
T0009279,A002015,C01236,2024-04-18 22:30:41,Transfer In,Transfer,254.43,France,Bank Transfer,0,0
T0005246,A002697,C01648,2025-07-30 06:43:48,Transfer In,Transfer,227.61,Belgium,Bank Transfer,0,0
T0008003,A003271,C02004,2024-10-12 23:50:58,Card Purchase,Healthcare,-39.47,Belgium,Online,0,0
T0005327,A003612,C02210,2024-04-18 12:15:07,Transfer Out,Transfer,-823.59,Belgium,Bank Transfer,0,0
T0003682,A000605,C00373,2026-03-27 05:13:11,Transfer Out,Transfer,-495.1,Belgium,Bank Transfer,0,0
T0008139,A002117,C01300,2024-11-10 10:10:12,Direct Debit,Utilities,-149.17,Belgium,Direct Debit,0,0
T0002792,A001615,C00994,2025-06-05 14:05:51,Interest,Interest,7.6,France,Mobile App,0,0
T0007106,A003391,C02073,2025-03-22 09:33:41,Transfer Out,Transfer,-317.56,Belgium,Mobile App,0,0
T0008144,A000996,C00607,2026-08-27 22:00:14,Card Purchase,Healthcare,-66.47,Netherlands,Online,0,0
T0009280,A000826,C00504,2024-02-01 19:53:19,Transfer In,Transfer,458.2,France,Bank Transfer,0,0
T0003720,A002875,C01755,2025-08-15 00:09:37,Transfer Out,Transfer,-134.63,France,Bank Transfer,0,0
T0007473,A004001,C02446,2024-06-22 01:54:26,Direct Debit,Telecom,-100.13,Belgium,Direct Debit,0,0
T0003396,A003599,C02202,2025-02-23 13:56:07,Card Purchase,Travel,-256.43,Netherlands,Card Present,0,0
T0000514,A001999,C01227,2026-04-24 08:28:56,Card Purchase,E-commerce,-202.23,Belgium,Card Present,0,0
T0002459,A002166,C01328,2025-11-21 10:15:19,Transfer In,Transfer,413.93,Belgium,Mobile App,0,0
T0005086,A004048,C02473,2026-02-08 06:16:19,Card Purchase,Travel,-134.44,France,Online,1,0
T0008543,A003138,C01918,2025-07-03 06:16:41,Card Purchase,E-commerce,-472.94,Netherlands,Online,0,0
T0007812,A000719,C00439,2024-04-29 04:36:02,Transfer In,Transfer,699.22,Belgium,Mobile App,0,0
T0002685,A000496,C00309,2024-05-04 12:36:30,Card Purchase,Fuel,-22.77,Germany,Card Present,0,0
T0004948,A003616,C02212,2024-04-26 22:40:17,Transfer Out,Transfer,-136.31,Netherlands,Bank Transfer,0,0
T0009383,A001849,C01138,2025-01-11 04:25:03,Transfer In,Transfer,165.7,Belgium,Mobile App,0,0
T0008977,A000843,C00514,2026-08-07 11:31:51,Card Purchase,Travel,-102.48,Belgium,Online,0,0
T0004389,A003147,C01925,2024-10-03 03:38:37,Transfer Out,,-433.81,Belgium,Mobile App,0,0
T0002540,A002774,C01697,2024-04-17 01:50:54,Transfer In,Transfer,58.38,Belgium,Bank Transfer,0,0
T0007093,A000888,C00543,2024-09-11 18:21:04,Card Purchase,E-commerce,-53.24,Germany,Online,0,0
T0002550,A001271,C00779,2024-04-27 20:38:09,Transfer Out,Transfer,-1405.64,Belgium,Bank Transfer,0,0
T0009776,A000647,C00397,2025-09-13 20:24:27,Direct Debit,Utilities,-166.38,Germany,Direct Debit,0,0
T0003596,A001555,C00954,2025-07-28 07:56:25,Card Purchase,Groceries,-51.5,Belgium,Card Present,0,0
T0000223,A003599,C02202,2026-02-28 15:21:27,Card Purchase,Retail,-251.83,Netherlands,Online,0,0
T0007648,A003381,C02068,2026-08-13 15:02:00,Transfer Out,Transfer,-206.93,Belgium,Bank Transfer,0,0
T0005204,A000056,C00033,2025-01-13 15:36:12,Transfer In,Transfer,328.32,Belgium,Bank Transfer,0,0
T0008334,A002141,C01313,2025-10-13 17:52:31,Transfer In,Transfer,315.57,Netherlands,Mobile App,0,0
T0007238,A003294,C02019,2026-02-22 19:08:28,Transfer In,Transfer,643.93,Belgium,Bank Transfer,0,0
T0000383,A000385,C00239,2026-04-29 23:43:12,Card Purchase,Retail,-72.76,Belgium,Card Present,0,0
T0005215,A001799,C01110,2024-01-22 12:23:58,Cash Withdrawal,Cash,-150,Belgium,ATM,0,0
T0007932,A002254,C01386,2024-02-03 15:44:12,Cash Withdrawal,Cash,-20,Belgium,ATM,0,0
T0004646,A000336,C00206,2026-08-29 08:05:08,Transfer In,Transfer,946.74,Germany,Bank Transfer,0,0
T0003575,A002303,C01414,2025-06-22 15:59:24,Transfer In,Transfer,1122.07,France,Mobile App,0,0
T0004136,A003213,C01968,2024-06-15 16:19:16,Direct Debit,Telecom,-76.02,Belgium,Direct Debit,0,0
T0003768,A000976,C00596,2024-10-26 03:36:47,Card Purchase,Entertainment,-73.99,Belgium,Card Present,0,0
T0003714,A000283,C00178,2024-11-05 18:29:08,Card Purchase,E-commerce,-93.66,Germany,Card Present,0,0
T0006518,A003257,C01996,2025-02-15 21:52:45,Direct Debit,Insurance,-100.68,Germany,Direct Debit,0,0
T0007179,A003191,C01955,2024-11-11 20:39:18,Card Purchase,E-commerce,-159.21,France,Card Present,0,0
T0006430,A002535,C01553,2024-11-21 07:22:04,Transfer In,Transfer,460.49,Germany,Mobile App,0,0
T0006372,A003607,C02206,2024-12-04 16:36:50,Card Purchase,Travel,-122.18,Portugal,Card Present,1,0
T0007982,A000795,C00486,2026-07-20 13:47:02,Transfer In,Transfer,922.78,Belgium,Bank Transfer,0,0
T0004079,A000054,C00032,2025-11-08 16:03:11,Card Purchase,E-commerce,-33.82,Belgium,Online,0,0
T0008321,A000992,C00606,2024-11-02 11:23:59,Transfer In,Transfer,435.75,Belgium,Mobile App,0,0
T0004274,A001568,C00963,2025-03-01 05:40:29,Cash Withdrawal,Cash,-20,Belgium,ATM,0,0
T0009954,A001354,C00830,2026-08-18 20:52:03,Transfer Out,Transfer,-152.36,Germany,Bank Transfer,0,0
T0004868,A004027,C02460,2025-03-15 12:45:02,Transfer Out,Transfer,-222.37,Luxembourg,Bank Transfer,0,0
T0002302,A002031,C01246,2024-07-29 09:59:19,Card Purchase,Entertainment,-26.1,Belgium,Online,0,0
T0003719,A002497,C01531,2024-12-12 07:08:25,Card Purchase,E-commerce,-585.94,Spain,Card Present,1,0
T0007532,A001098,C00669,2024-04-12 15:22:39,Direct Debit,Insurance,-92.46,Luxembourg,Direct Debit,0,0
T0002082,A003314,C02031,2025-12-11 07:02:14,Direct Debit,Housing,-816.88,Belgium,Direct Debit,0,0
T0002535,A003638,C02225,2026-03-12 08:24:17,Transfer In,Transfer,1230.97,Germany,Mobile App,0,0
T0008182,A001883,C01156,2025-04-28 14:24:19,Cash Withdrawal,Cash,-60,France,ATM,0,0
T0007535,A000108,C00063,2026-02-14 03:26:38,Transfer In,Transfer,1202.4,Netherlands,Mobile App,0,0
T0004855,A002156,C01323,2025-07-30 06:11:44,Transfer Out,Transfer,-821.21,Belgium,Bank Transfer,0,0
T0002114,A000979,C00598,2025-04-13 22:55:44,Card Purchase,Dining,-55.64,France,Card Present,0,0
T0003196,A003175,C01944,2026-08-03 02:49:43,Transfer Out,Transfer,-58.8,Germany,Mobile App,0,0
T0002983,A003017,C01847,2025-05-22 11:17:31,Card Purchase,Groceries,-25.13,France,Card Present,1,0
T0008401,A001075,C00654,2024-01-22 05:43:00,Card Purchase,Entertainment,-41.23,Belgium,Card Present,0,0
T0003933,A001557,C00956,2026-04-06 22:05:27,Direct Debit,Utilities,-165.2,Belgium,Direct Debit,0,0
T0006596,A003563,C02177,2024-06-30 14:35:41,Card Purchase,Fuel,-236.62,Belgium,Card Present,0,0
T0003789,A000021,C00013,2024-10-23 15:34:06,Card Purchase,Fuel,-63.16,Germany,Online,0,0
T0009944,A003291,C02017,2025-08-08 00:15:09,Transfer In,Transfer,235.05,Belgium,Mobile App,0,0
T0008457,A002454,C01507,2024-05-30 23:15:22,Card Purchase,Healthcare,-90.95,Belgium,Card Present,0,0
T0008360,A003534,C02160,2024-09-05 09:06:27,Transfer Out,Transfer,-327.62,Belgium,Mobile App,0,0
T0009648,A001974,C01210,2025-05-11 10:49:46,Direct Debit,Subscriptions,-21.94,Germany,Direct Debit,0,0
T0005051,A000951,C00579,2024-02-17 21:34:55,Card Purchase,Dining,-35.33,Netherlands,Card Present,0,0
T0004064,A002131,C01307,2024-04-06 17:05:00,Direct Debit,Utilities,-170.7,Belgium,Direct Debit,0,0
T0003547,A000557,C00344,2025-08-03 00:19:15,Direct Debit,Telecom,-53.77,Luxembourg,Direct Debit,0,0
T0009006,A004078,C02492,2025-07-10 15:36:44,Card Purchase,Groceries,-45.49,Netherlands,Online,0,0
T0005663,A000590,C00363,2024-09-12 11:42:52,Transfer In,Transfer,183.13,Luxembourg,Bank Transfer,0,0
T0001685,A000144,C00088,2024-10-11 10:44:03,Salary,Salary,3480.9,Netherlands,Bank Transfer,0,0
T0007250,A000563,C00347,2024-09-09 09:37:17,Transfer Out,Transfer,-550.11,Germany,Bank Transfer,0,0
T0005077,A002871,C01753,2025-04-25 04:50:49,Direct Debit,Subscriptions,-20.87,Netherlands,Direct Debit,0,0
T0006319,A000066,C00039,2025-01-31 04:05:04,Transfer Out,Transfer,-314.75,Germany,Bank Transfer,0,0
T0005323,A003316,C02032,2025-09-11 08:34:20,Direct Debit,Telecom,-68.08,France,Direct Debit,0,0
T0000068,A001128,C00687,2026-05-26 09:10:16,Direct Debit,Insurance,-118.05,Belgium,Direct Debit,0,0
T0001602,A001710,C01055,2025-10-12 12:17:54,Transfer Out,Transfer,-431.14,Netherlands,Bank Transfer,0,0
T0000424,A003040,C01863,2025-08-24 07:02:19,Card Purchase,Retail,-33.81,Germany,Card Present,0,0
T0000034,A004004,C02449,2026-05-26 06:09:33,Card Purchase,Dining,-52.88,Luxembourg,Online,0,0
T0001569,A001028,C00627,2026-06-15 23:31:55,Card Purchase,Dining,-30.4,Germany,Card Present,0,0
T0004204,A001659,C01019,2025-04-09 10:22:56,Card Purchase,Fuel,-45.03,Belgium,Card Present,0,0
T0007942,A003841,C02347,2025-08-26 17:52:49,Direct Debit,Housing,-1200.9,Belgium,Direct Debit,0,0
T0007805,A002015,C01236,2025-11-15 12:34:33,Transfer In,Transfer,431.97,France,Mobile App,0,0
T0007655,A001171,C00714,2024-04-12 02:29:38,Card Purchase,Retail,-55.2,Belgium,Card Present,0,0
T0003436,A002198,C01348,2025-06-14 21:49:35,Transfer In,Transfer,784.21,Netherlands,Bank Transfer,0,0
T0006978,A004080,C02494,2024-02-20 02:51:52,Direct Debit,Utilities,-176.19,Germany,Direct Debit,0,0
T0006958,A003701,C02261,2026-05-06 12:27:49,Transfer In,Transfer,535.77,Belgium,Bank Transfer,0,0
T0009004,A002738,C01673,2026-05-16 18:54:31,Cash Withdrawal,Cash,-150,France,ATM,0,0
T0007074,A003709,C02266,2024-02-14 00:13:14,Cash Withdrawal,Cash,-100,Belgium,ATM,0,0
T0007183,A003013,C01845,2024-02-25 13:40:09,Salary,Salary,1625.94,Netherlands,Bank Transfer,0,0
T0000885,A000286,C00179,2025-09-01 06:48:36,Card Purchase,Dining,-42.88,Belgium,Online,0,0
T0005811,A001103,C00672,2025-08-07 07:50:24,Card Purchase,Groceries,-73.09,Netherlands,Online,0,0
T0006449,A003522,C02154,2024-04-01 10:00:17,Transfer In,Transfer,247.48,Germany,Bank Transfer,0,0
T0005968,A003811,C02328,2025-11-23 11:51:07,Transfer Out,Transfer,-623.48,Belgium,Bank Transfer,0,0
T0002911,A003766,C02300,2026-05-12 05:44:44,Transfer In,Transfer,549.56,Germany,Bank Transfer,0,0
T0001225,A002260,C01389,2024-02-24 18:14:12,Interest,Interest,11.55,Belgium,Mobile App,0,0
T0007948,A001143,C00698,2024-05-15 06:37:17,Card Purchase,Groceries,-22.33,Belgium,Card Present,0,0
T0001571,A000501,C00312,2024-06-24 04:34:50,Cash Withdrawal,Cash,-100,Belgium,ATM,0,0
T0003801,A001821,C01123,2026-05-06 17:26:22,Transfer In,Transfer,1027.11,France,Mobile App,0,0
T0000351,A003831,C02341,2026-08-05 22:23:55,Transfer In,Transfer,273.76,Luxembourg,Bank Transfer,0,0
T0000195,A000744,C00456,2024-03-20 08:27:20,Transfer Out,Transfer,-228.72,Belgium,Bank Transfer,0,0
T0002992,A003184,C01951,2024-01-31 09:24:42,Card Purchase,E-commerce,-129.59,Belgium,Card Present,0,0
T0007452,A002946,C01801,2025-03-27 06:08:28,Transfer In,Transfer,520.7,Germany,Mobile App,0,0
T0007593,A000348,C00216,2025-02-11 08:53:34,Card Purchase,Travel,-104.34,Belgium,Card Present,0,0
T0002108,A001075,C00654,2025-10-02 12:07:49,Salary,Salary,4415.02,Belgium,Bank Transfer,0,0
T0002110,A000417,C00260,2025-05-06 04:44:12,Cash Withdrawal,Cash,-40,France,ATM,0,0
T0009176,A000282,C00177,2025-10-01 12:12:27,Card Purchase,Entertainment,-25.5,Germany,Card Present,0,0
T0009790,A002953,C01805,2025-01-07 01:39:13,Transfer In,Transfer,372.39,Germany,Mobile App,0,0
T0004824,A000968,C00592,2024-12-10 19:22:52,Transfer Out,Transfer,-87.78,Netherlands,Bank Transfer,0,0
T0000769,A004081,C02495,2024-01-31 17:17:12,Transfer In,Transfer,138.67,Netherlands,Bank Transfer,0,0
T0003110,A002519,C01543,2025-09-02 02:04:12,Transfer In,Transfer,549.08,Luxembourg,Bank Transfer,0,0
T0000570,A000371,C00232,2025-05-24 05:17:03,Card Purchase,Fuel,-39.75,Germany,Card Present,0,0
T0009327,A003295,C02019,2026-05-08 07:42:41,Transfer Out,Transfer,-363.5,Belgium,Bank Transfer,0,0
T0008014,A002357,C01447,2024-11-12 03:44:03,Card Purchase,Retail,-105.23,Belgium,Online,0,0
T0004501,A001284,C00788,2026-01-06 21:02:27,Transfer In,Transfer,1403.64,Belgium,Mobile App,0,0
T0000705,A001870,C01149,2024-03-29 14:18:38,Transfer In,Transfer,501.52,Luxembourg,Mobile App,0,0
T0005731,A004047,C02472,2024-05-22 11:36:00,Salary,Salary,5463.25,France,Bank Transfer,0,0
T0008282,A002575,C01580,2025-10-07 07:01:19,Transfer In,Transfer,161.86,Belgium,Mobile App,0,0
T0003667,A001867,C01148,2025-12-06 05:35:16,Card Purchase,Dining,-32.09,Germany,Online,0,0
T0005522,A001179,C00719,2024-08-10 02:06:12,Cash Withdrawal,Cash,-50,Belgium,ATM,0,0
T0006671,A000878,C00537,2024-08-20 12:23:47,Card Purchase,Retail,-110.16,Belgium,Mobile App,0,0
T0008966,A003711,C02267,2026-03-23 21:37:59,Transfer Out,Transfer,-192.82,Netherlands,Bank Transfer,0,0
T0004119,A000590,C00363,2025-09-29 14:39:40,Transfer In,Transfer,417.56,Luxembourg,Mobile App,0,0
T0006776,A001698,C01045,2024-11-22 01:29:34,Card Purchase,E-commerce,-81.93,Germany,Online,0,0
T0001959,A002687,C01640,2026-03-30 10:06:25,Cash Withdrawal,Cash,-80,France,ATM,0,0
T0009640,A000857,C00526,2025-08-14 13:36:43,Transfer Out,Transfer,-287.19,Netherlands,Mobile App,0,0
T0000775,A002760,C01687,2025-08-28 13:04:34,Cash Withdrawal,Cash,-150,Belgium,ATM,0,0
T0000298,A003970,C02427,2024-09-25 14:53:05,Salary,Salary,2818.28,Belgium,Bank Transfer,0,0
T0004995,A002880,C01758,2025-04-09 12:06:29,Card Purchase,E-commerce,-77.12,Germany,Online,0,0
T0001970,A002205,C01353,2024-05-06 05:58:38,Transfer Out,Transfer,-261.75,Belgium,Mobile App,0,0
T0005694,A004025,C02459,2024-11-30 05:48:14,Card Purchase,Retail,-71.29,France,Card Present,0,0
T0006143,A001247,C00763,2025-06-15 08:59:06,Cash Withdrawal,Cash,-100,Belgium,ATM,0,0
T0005692,A001637,C01006,2024-05-14 21:45:44,Transfer In,Transfer,573.04,France,Mobile App,0,0
T0009479,A001844,C01135,2026-06-14 12:15:07,Card Purchase,Fuel,-52.48,Netherlands,Mobile App,0,0
T0002427,A003898,C02386,2025-08-12 10:56:12,Salary,Salary,4527.2,Luxembourg,Bank Transfer,0,0
T0005995,A001644,C01009,2026-06-01 05:35:39,Transfer In,Transfer,29.71,Belgium,Bank Transfer,0,0
T0008449,A001513,C00930,2024-07-05 12:15:29,Direct Debit,Subscriptions,-11.89,Belgium,Direct Debit,0,0
T0007088,A002545,C01560,2025-07-09 17:04:10,Card Purchase,Travel,-283.27,Germany,Mobile App,0,0
T0003695,A004074,C02490,2025-07-29 07:31:20,Direct Debit,Housing,-1022.24,Belgium,Direct Debit,0,0
T0008828,A000327,C00201,2026-04-18 02:33:38,Card Purchase,Travel,-208.9,Belgium,Online,0,0
T0004044,A003044,C01866,2026-01-20 16:06:51,Transfer In,Transfer,88.17,Belgium,Bank Transfer,0,0
T0004828,A001820,C01122,2024-04-24 12:48:31,Transfer Out,Transfer,-297.93,Netherlands,Mobile App,0,0
T0006693,A001264,C00773,2024-03-30 15:34:21,Transfer In,Transfer,525.09,Germany,Mobile App,0,0
T0003295,A001261,C00771,2025-05-28 13:32:45,Cash Withdrawal,Cash,-200,France,ATM,0,0
T0000379,A001632,C01004,2026-06-03 22:01:24,Transfer Out,Transfer,-2271.98,Netherlands,Bank Transfer,0,0
T0002654,A000193,C00119,2025-01-22 04:59:08,Card Purchase,Dining,-63.05,Germany,Card Present,0,0
T0004034,A002037,C01250,2024-04-07 16:59:22,Transfer In,Transfer,643.79,Netherlands,Mobile App,0,0
T0001831,A003910,C02393,2026-08-31 17:45:01,Cash Withdrawal,Cash,-60,Belgium,ATM,0,0
T0002815,A003660,C02239,2024-05-28 23:16:02,Interest,Interest,15.32,Netherlands,Bank Transfer,0,0
T0006887,A001334,C00820,2024-12-24 20:05:36,Interest,Interest,1.71,Netherlands,Bank Transfer,0,0
T0006276,A002947,C01802,2024-07-24 02:33:42,Transfer In,Transfer,784.16,Germany,Bank Transfer,0,0
T0000268,A000810,C00493,2026-07-08 06:20:14,Transfer In,Transfer,279.91,France,Bank Transfer,0,0
T0009802,A000763,C00469,2024-08-22 14:32:05,Card Purchase,Retail,-127.33,Germany,Card Present,0,0
T0007402,A001681,C01033,2025-12-07 03:35:21,Direct Debit,Subscriptions,-31.02,Belgium,Direct Debit,0,0
T0002614,A000505,C00314,2025-12-28 05:41:11,Card Purchase,Entertainment,-25.2,Belgium,Card Present,0,0
T0005818,A001050,C00640,2024-03-28 16:43:56,Transfer Out,Transfer,-329.69,Belgium,Bank Transfer,0,0
T0002922,A003908,C02392,2024-03-12 09:59:59,Transfer Out,Transfer,-1237.25,Belgium,Bank Transfer,0,0
T0008766,A000837,C00510,2026-04-01 15:56:56,Card Purchase,Dining,-40.78,Belgium,Online,0,0
T0002439,A004072,C02488,2024-03-03 21:59:42,Transfer In,Transfer,2039.59,France,Mobile App,0,0
T0006852,A003052,C01871,2024-08-30 02:23:57,Card Purchase,Travel,-794.05,France,Card Present,0,0
T0001878,A000200,C00126,2026-06-05 20:54:34,Cash Withdrawal,Cash,-150,France,ATM,0,0
T0001573,A000333,C00205,2024-03-08 18:24:42,Direct Debit,Telecom,-57.39,Luxembourg,Direct Debit,0,0
T0000309,A002240,C01376,2025-08-19 23:37:02,Direct Debit,Insurance,-183.9,Germany,Direct Debit,0,0
T0002307,A002793,C01708,2024-05-23 17:20:25,Card Purchase,Dining,-17.8,Luxembourg,Card Present,0,0
T0000505,A000605,C00373,2024-05-07 06:12:28,Transfer In,Transfer,415.14,Belgium,Bank Transfer,0,0
T0002345,A003564,C02178,2025-01-12 14:01:25,Transfer In,Transfer,825.26,Belgium,Bank Transfer,0,0
T0003044,A001829,C01128,2025-09-27 18:23:46,Card Purchase,Retail,-115.92,Netherlands,Card Present,0,0
T0009848,A003023,C01851,2025-05-29 21:05:27,Direct Debit,Insurance,-131.64,Belgium,Direct Debit,0,0
T0005219,A001372,C00842,2025-05-23 09:05:49,Interest,Interest,1.51,Germany,Bank Transfer,0,0
T0005805,A002262,C01390,2024-06-03 09:46:35,Transfer In,Transfer,321.9,Belgium,Bank Transfer,0,0
T0005164,A003062,C01878,2026-05-23 15:21:04,Card Purchase,Entertainment,-17.14,Belgium,Card Present,0,0
T0004004,A003048,C01869,2026-06-13 09:11:14,Direct Debit,Telecom,-48.98,Belgium,Direct Debit,0,0
T0001269,A003337,C02042,2025-01-27 10:29:32,Transfer In,Transfer,123.16,Netherlands,Bank Transfer,0,0
T0000252,A002230,C01369,2024-05-08 08:10:16,Transfer Out,Transfer,-208.87,Germany,Mobile App,0,0
T0007608,A001540,C00945,2026-06-06 16:37:07,Card Purchase,Retail,-87.07,Belgium,Card Present,0,0
T0002393,A002905,C01773,2025-01-02 17:48:50,Transfer In,Transfer,476.31,France,Bank Transfer,0,0
T0007097,A000906,C00554,2025-07-03 17:20:36,Transfer Out,Transfer,-77.35,Netherlands,Mobile App,0,0
T0000253,A001140,C00696,2024-02-04 21:44:42,Direct Debit,Insurance,-143.24,Belgium,Direct Debit,0,0
T0005839,A000169,C00103,2026-07-03 21:33:47,Interest,Interest,15.19,France,Mobile App,0,0
T0006024,A000270,C00168,2024-07-21 15:10:59,Card Purchase,E-commerce,-179.78,Belgium,Online,0,0
T0007701,A000471,C00290,2025-03-05 22:02:20,Interest,Interest,7.94,Netherlands,Bank Transfer,0,0
T0008028,A004076,C02491,2024-11-11 17:12:26,Card Purchase,E-commerce,-79.33,Belgium,Card Present,0,0
T0005667,A003800,C02320,2026-03-05 18:28:16,Cash Withdrawal,Cash,-80,Netherlands,ATM,0,0
T0003578,A000632,C00389,2025-08-25 22:51:42,Transfer In,Transfer,610.99,Belgium,Mobile App,0,0
T0008407,A000155,C00094,2024-04-09 08:41:25,Transfer In,Transfer,166.27,Netherlands,Mobile App,0,0
T0004447,A002016,C01237,2025-01-06 19:03:10,Direct Debit,Telecom,-66.47,Germany,Direct Debit,0,0
T0005507,A003573,C02186,2025-07-24 15:31:15,Direct Debit,Housing,-717.65,Netherlands,Direct Debit,0,0
T0000531,A000505,C00314,2025-07-07 22:27:46,Card Purchase,Entertainment,-44.15,France,Card Present,1,0
T0006058,A002146,C01317,2025-11-16 00:13:18,Transfer In,Transfer,194.88,Netherlands,Mobile App,0,0
T0000291,A002052,C01259,2025-09-07 19:26:35,Transfer In,Transfer,395.44,Belgium,Mobile App,0,0
T0000154,A000743,C00455,2024-11-23 06:03:10,Cash Withdrawal,Cash,-40,Netherlands,ATM,0,0
T0005146,A000013,C00007,2025-10-04 06:54:08,Direct Debit,Housing,-1056.87,Belgium,Direct Debit,0,0
T0009562,A000190,C00118,2024-05-19 04:55:03,Transfer Out,Transfer,-255.44,Belgium,Bank Transfer,0,0
T0005989,A004039,C02466,2024-02-14 15:00:14,Transfer In,Transfer,706.05,France,Mobile App,0,0
T0001236,A000337,C00207,2024-02-28 06:55:02,Card Purchase,Entertainment,-18.38,Germany,Card Present,0,0
T0002420,A003570,C02184,2024-12-26 00:04:35,Transfer Out,Transfer,-416.62,Belgium,Bank Transfer,0,0
T0006802,A001915,C01176,2026-03-10 03:46:58,Card Purchase,Healthcare,-90.11,Belgium,Card Present,0,0
T0000172,A002006,C01232,2024-09-21 13:02:27,Transfer Out,Transfer,-52.97,Belgium,Bank Transfer,0,0
T0008315,A002363,C01452,2024-01-24 16:19:53,Card Purchase,Healthcare,-31.17,Germany,Online,0,0
T0005697,A000272,C00169,2024-08-07 08:21:56,Cash Withdrawal,Cash,-60,,ATM,0,0
T0003367,A002021,C01240,2025-01-31 23:45:16,Direct Debit,Housing,-857.16,Belgium,Direct Debit,0,0
T0007769,A000036,C00021,2026-02-06 16:57:06,Direct Debit,Housing,-802.96,Belgium,Direct Debit,0,0
T0003360,A002468,C01515,2024-12-29 05:21:34,Card Purchase,Groceries,-27.39,Germany,Mobile App,0,0
T0004040,A000007,C00004,2024-08-03 09:10:48,Transfer In,Transfer,176.13,Belgium,Mobile App,0,0
T0002845,A001487,C00914,2026-08-31 14:21:34,Direct Debit,Housing,-996.93,Germany,Direct Debit,0,0
T0000882,A002743,C01676,2024-02-09 23:36:26,Transfer In,Transfer,1154.79,Germany,Bank Transfer,0,0
T0000596,A003236,C01983,2024-07-06 00:21:45,Direct Debit,Telecom,-54.53,France,Direct Debit,0,0
T0003461,A001084,C00661,2025-06-05 18:48:22,Transfer In,Transfer,359.03,Belgium,Mobile App,0,0
T0007246,A002867,C01751,2024-07-23 14:47:06,Transfer Out,Transfer,-321.25,Belgium,Mobile App,0,0
T0009874,A003343,C02046,2025-06-04 02:29:30,Card Purchase,Fuel,-32.25,Italy,Card Present,1,0
T0000023,A000960,C00585,2025-09-08 17:35:35,Salary,Salary,3572.95,Belgium,Bank Transfer,0,0
T0000846,A003889,C02378,2026-08-17 12:23:12,Interest,Interest,14.29,Belgium,Mobile App,0,0
T0008538,A003360,C02055,2024-09-02 04:55:41,Card Purchase,Groceries,-48.62,Belgium,Card Present,0,0
T0006607,A001341,C00824,2025-03-05 14:23:49,Cash Withdrawal,Cash,-20,Germany,ATM,0,0
T0005538,A000435,C00271,2026-07-11 14:52:12,Card Purchase,Entertainment,-26.59,France,Card Present,0,0
T0003538,A003967,C02425,2024-01-30 06:02:13,Card Purchase,E-commerce,-87.32,Netherlands,Card Present,0,0
T0002038,A000153,C00093,2024-03-31 05:12:40,Card Purchase,Groceries,-95.68,Belgium,Mobile App,0,0
T0006115,A001126,C00686,2025-09-27 08:34:04,Transfer Out,Transfer,-573.3,Germany,Mobile App,0,0
T0004750,A003052,C01871,2024-09-01 00:25:55,Card Purchase,Groceries,-297.86,France,Card Present,0,0
T0004199,A001087,C00663,2025-05-03 05:45:28,Interest,Interest,6.16,Belgium,Mobile App,0,0
T0004624,A000491,C00306,2025-05-07 18:36:12,Transfer In,Transfer,93.45,Belgium,Mobile App,0,0
T0003989,A002156,C01323,2024-04-25 00:31:05,Transfer Out,Transfer,-762.16,Belgium,Mobile App,0,0
T0001334,A001646,C01011,2026-08-20 01:47:54,Card Purchase,Entertainment,-50.9,Belgium,Online,0,0
T0007865,A001199,C00730,2024-06-09 23:30:00,Transfer In,Transfer,547.33,Netherlands,Mobile App,0,0
T0009666,A000798,C00488,2025-11-16 02:36:00,Card Purchase,Dining,-105.36,Netherlands,Card Present,0,0
T0003061,A001258,C00769,2025-10-17 13:59:22,Transfer Out,Transfer,-269.67,Germany,Bank Transfer,0,0
T0002322,A001899,C01166,2025-12-02 06:34:00,Transfer In,Transfer,1285.63,France,Bank Transfer,0,0
T0006095,A001697,C01045,2024-01-02 13:40:34,Card Purchase,Groceries,-73.95,Germany,Online,0,0
T0002728,A000359,C00224,2024-10-11 16:59:48,Cash Withdrawal,Cash,-100,Netherlands,ATM,0,0
T0000439,A003197,C01959,2026-08-06 07:21:13,Salary,Salary,1965.32,Belgium,Mobile App,0,0
T0008230,A002960,C01809,2026-03-10 20:40:57,Transfer In,Transfer,394.18,Netherlands,Mobile App,0,0
T0005851,A001055,C00643,2024-05-23 12:22:04,Transfer In,Transfer,1501.99,Netherlands,Mobile App,0,0
T0005761,A003301,C02024,2024-02-02 11:29:27,Card Purchase,Fuel,-59.76,Belgium,Card Present,0,0
T0007499,A001529,C00939,2026-06-05 22:02:05,Transfer Out,Transfer,-141.0,France,Mobile App,0,0
T0009415,A000806,C00491,2026-08-13 03:00:31,Transfer In,Transfer,749.68,Germany,Mobile App,0,0
T0009661,A000721,C00440,2026-04-29 03:43:42,Transfer In,Transfer,1546.36,Belgium,Mobile App,0,0
T0006225,A001122,C00683,2025-05-04 23:28:10,Card Purchase,Groceries,-42.85,Belgium,Card Present,0,0
T0004369,A004013,C02453,2024-01-09 02:07:22,Direct Debit,Telecom,-58.93,France,Direct Debit,0,0
T0005658,A003679,C02250,2024-11-11 00:34:05,Direct Debit,Insurance,-123.47,Belgium,Direct Debit,0,0
T0001034,A000062,C00037,2025-11-02 07:16:07,Transfer In,Transfer,386.75,Netherlands,Mobile App,0,0
T0001160,A003868,C02364,2025-09-09 03:12:31,Card Purchase,Fuel,-10.74,Netherlands,Card Present,0,0
T0007966,A003124,C01910,2025-10-27 03:12:27,Direct Debit,Telecom,-35.97,Belgium,Direct Debit,0,0
T0008993,A002718,C01662,2024-01-20 02:51:35,Cash Withdrawal,Cash,-250,Belgium,ATM,0,0
T0000852,A003179,C01947,2026-07-07 15:06:36,Card Purchase,Groceries,-51.08,Germany,Card Present,1,0
T0008363,A003822,C02334,2026-05-12 05:46:15,Transfer In,Transfer,668.65,Belgium,Mobile App,0,0
T0001456,A002425,C01488,2025-11-12 04:02:09,Card Purchase,Retail,-176.13,Belgium,Card Present,0,0
T0003976,A003063,C01878,2024-09-05 11:39:13,Interest,Interest,9.78,Belgium,Bank Transfer,0,0
T0006452,A000041,C00023,2026-03-03 14:58:11,Card Purchase,Dining,-32.17,Netherlands,Online,0,0
T0003694,A002498,C01532,2025-02-14 01:18:41,Transfer In,Transfer,790.0,Belgium,Bank Transfer,0,0
T0002323,A003994,C02442,2024-05-14 14:27:42,Card Purchase,Dining,-67.38,Belgium,Card Present,0,0
T0009930,A001263,C00772,2024-03-01 21:48:55,Cash Withdrawal,Cash,-60,Netherlands,ATM,0,0
T0002941,A003668,C02244,2026-03-26 15:34:45,Transfer Out,Transfer,-260.68,France,Mobile App,0,0
T0005557,A004051,C02475,2026-02-24 09:54:21,Direct Debit,Housing,-710.89,Belgium,Direct Debit,0,0
T0006270,A001453,C00890,2024-06-05 18:14:54,Card Purchase,Dining,-61.66,Netherlands,Mobile App,0,0
T0006314,A003591,C02196,2024-01-25 23:31:47,Transfer In,Transfer,363.03,France,Mobile App,0,0
T0006211,A000072,C00044,2024-05-17 23:35:11,Card Purchase,Groceries,-91.57,Netherlands,Card Present,0,0
T0000238,A000628,C00386,2024-09-09 06:25:26,Card Purchase,Fuel,-23.41,France,Mobile App,0,0
T0007845,A003780,C02309,2025-10-10 06:01:05,Transfer Out,Transfer,-124.04,Germany,Bank Transfer,0,0
T0004215,A004069,C02487,2024-03-20 16:11:00,Direct Debit,Subscriptions,-19.83,France,Direct Debit,0,0
T0004415,A000699,C00427,2025-12-04 11:23:25,Transfer Out,Transfer,-216.4,Belgium,Mobile App,0,0
T0002403,A003613,C02210,2025-09-05 20:48:13,Direct Debit,Housing,-980.98,Belgium,Direct Debit,0,0
T0000609,A000465,C00287,2025-02-16 20:33:41,Transfer Out,Transfer,-38.58,Germany,Mobile App,0,0
T0006538,A003554,C02171,2026-03-25 14:08:37,Transfer Out,Transfer,-365.56,Belgium,Mobile App,0,0
T0009793,A002114,C01299,2026-04-01 08:28:59,Transfer Out,Transfer,-118.97,France,Bank Transfer,0,0
T0001949,A000777,C00476,2025-11-02 12:49:05,Card Purchase,Groceries,-95.38,Netherlands,Card Present,0,0
T0003405,A002806,C01715,2026-06-01 18:25:00,Direct Debit,Subscriptions,-16.52,Belgium,Direct Debit,0,0
T0008732,A003714,C02269,2024-03-06 20:19:14,Card Purchase,Healthcare,-70.91,France,Online,0,0
T0009304,A003393,C02074,2025-02-27 04:29:09,Interest,Interest,5.19,Belgium,Mobile App,0,0
T0001830,A003215,C01970,2025-05-25 21:22:39,Direct Debit,Subscriptions,-20.54,Germany,Direct Debit,0,0
T0004537,A000058,C00034,2024-06-21 12:18:57,Transfer Out,Transfer,-309.7,Belgium,Bank Transfer,0,0
T0000814,A002048,C01256,2025-09-03 02:45:31,Card Purchase,E-commerce,-158.85,Germany,Online,0,0
T0009881,A001718,C01061,2025-05-17 19:02:37,Transfer Out,Transfer,-41.24,Belgium,Bank Transfer,0,0
T0008954,A003311,C02029,2024-02-27 13:26:01,Card Purchase,E-commerce,-121.95,Luxembourg,Online,0,0
T0008611,A000688,C00422,2026-05-13 14:32:20,Cash Withdrawal,Cash,-20,Belgium,ATM,0,0
T0004371,A003448,C02109,2026-06-05 01:04:12,Transfer In,Transfer,188.16,Belgium,Bank Transfer,0,0
T0001827,A001673,C01028,2025-03-07 17:34:37,Direct Debit,Telecom,-53.32,Belgium,Direct Debit,0,0
T0005695,A003771,C02303,2026-03-09 13:27:38,Card Purchase,Healthcare,-53.91,Luxembourg,Online,0,0
T0008462,A000361,C00226,2024-03-13 01:17:54,Transfer Out,Transfer,-51.75,Belgium,Bank Transfer,0,0
T0007346,A003926,C02402,2024-02-20 06:09:14,Direct Debit,Telecom,-47.11,Belgium,Direct Debit,0,0
T0009687,A000958,C00584,2025-03-04 15:49:08,Transfer Out,Transfer,-775.25,Belgium,Mobile App,0,0
T0002850,A000764,C00469,2024-12-08 15:04:55,Card Purchase,Travel,-147.79,Germany,Card Present,0,0
T0002354,A001867,C01148,2025-09-25 01:45:35,Direct Debit,Housing,-815.37,Germany,Direct Debit,0,0
T0003684,A001128,C00687,2025-10-21 14:56:55,Card Purchase,Entertainment,-67.15,Belgium,Card Present,0,0
T0006066,A002084,C01279,2026-04-15 01:29:04,Card Purchase,Groceries,-31.5,Netherlands,Mobile App,0,0
T0000045,A002646,C01618,2025-06-09 00:49:56,Transfer In,Transfer,448.95,Netherlands,Mobile App,0,0
T0000103,A003350,C02050,2024-06-21 05:10:26,Transfer Out,Transfer,-148.53,Germany,Bank Transfer,0,0
